entry_time,direction,entry_price,sl_price,tp_price,sl_atr,tp_atr,result,resolved_by,bars_to_resolution,volume_delta,vol_favorable,micro_trend,atr_entry,mae_atr,mfe_atr,mae_pct,mfe_pct
2026-01-01 02:00:00,LONG,1.1607687731621876,1.1601216427331242,1.1615453296770635,1.5,1.8,WIN,TP,1,0.009640352607876296,True,0.37149774899130417,0.00043142028604218713,0.0,4.759640598178357,0.0,0.17690047801080902
2026-01-01 03:00:00,LONG,1.162381932808156,1.161126557920737,1.1638883826730588,1.5,1.8,WIN,TP,3,0.5042705669640171,True,0.9187397873732193,0.0008369165916126686,1.3397915779606717,2.242868396297894,0.09646517803225929,0.1614868332588931
2026-01-01 04:00:00,LONG,1.1624691733590347,1.1611139476810155,1.1640954441726576,1.5,1.8,WIN,TP,2,0.5381709866024964,True,0.46184457724086586,0.0009034837853461486,1.3376381196635452,1.9810573823424464,0.10396270107402342,0.15396995153125495
2026-01-01 05:00:00,LONG,1.1617049098925745,1.1602734215729475,1.1634226958761267,1.5,1.8,WIN,TP,1,0.5103538105253516,True,0.6042260550276445,0.0009543255464179445,0.0,2.676357872671165,0.0,0.21985933497372084
2026-01-01 06:00:00,LONG,1.163670105099982,1.161895804392606,1.1657992659488332,1.5,1.8,WIN,SL,7,0.14620256046575436,True,1.0,0.0011828671382506492,2.1149060979449033,0.8188593420766135,0.2149795644642769,0.08323680417215422
2026-01-01 07:00:00,LONG,1.163889810432728,1.1620943449216503,1.1660443690460212,1.5,1.8,WIN,SL,6,0.38848632135030425,True,1.0,0.0011969770073851083,2.273525923806937,0.6256565240814783,0.23381579872059408,0.06434427616198317
2026-01-01 08:00:00,LONG,1.163438001909807,1.1617208279685953,1.1654986106392609,1.5,1.8,WIN,SL,5,0.2969935159299893,True,0.5481616786384387,0.0011447826274743672,1.9825158760287624,1.0488497710836722,0.19507268370504846,0.10320317840710662
2026-01-01 09:00:00,LONG,1.1644127503105186,1.1626418068999929,1.1665378824031496,1.5,1.8,WIN,SL,4,0.3455809048230989,True,0.8484860843140974,0.001180628940350492,2.7479405454167316,0.0,0.2786209729682485,0.0
2026-01-01 10:00:00,LONG,1.164014609089104,1.1622993878887147,1.166072874529571,1.5,1.8,WIN,SL,3,0.2996423247903545,True,0.7608617851016857,0.0011434808002594393,2.489029035049014,0.2409190225301548,0.24451212988590218,0.02366690886260304
2026-01-01 13:00:00,SHORT,1.161654651130504,1.163437521605494,1.159515206560516,1.5,1.8,WIN,TP,2,-0.5122814864768358,True,-0.7827990634701077,0.0011885803166599626,0.0,1.8149542911913905,0.0,0.18570226048234298
2026-01-01 14:00:00,SHORT,1.1604170827471831,1.1623487681702576,1.1580990602394938,1.5,1.8,WIN,TP,2,-1.0,True,-1.0,0.0012877902820496484,0.0,2.2379325395952834,0.0,0.24835792399321188
2026-01-01 15:00:00,SHORT,1.1596845980615513,1.161693744848251,1.1572736219175117,1.5,1.8,WIN,TP,4,-0.3078067039970437,True,-1.0,0.0013394311911331114,0.011701985448749968,2.620538152837804,0.001351574758726734,0.3026711353528733
2026-01-01 16:00:00,SHORT,1.158442262892646,1.160596167955353,1.1558575768173978,1.5,1.8,WIN,TP,9,-0.9118037299133208,True,-1.0,0.0014359367084712923,0.876089569820099,2.06322789078432,0.10859489622488715,0.2557455611919052
2026-01-01 17:00:00,SHORT,1.1591675700694437,1.161236254096246,1.156685149237281,1.5,1.8,WIN,TP,2,-0.29394856002045866,True,-1.0,0.00137912268453482,0.0,2.1702221136092947,0.0,0.2582027503735613
2026-01-01 18:00:00,SHORT,1.158007824455928,1.160123015727849,1.1554695949296228,1.5,1.8,WIN,TP,8,-0.320325198658727,True,-1.0,0.001410127514614033,0.7972144536625886,2.6623550820193156,0.097078276365342,0.3241998953324705
2026-01-01 19:00:00,SHORT,1.1574050386571675,1.1595871644914526,1.1547864876560252,1.5,1.8,WIN,TP,7,-0.6631079129337153,True,-1.0,0.0014547505561901067,1.1871174941777634,2.166333150833047,0.14920963510939458,0.2722879416287847
2026-01-01 22:00:00,SHORT,1.1585242455615439,1.16062556357053,1.1560026639507606,1.5,1.8,WIN,TP,3,-0.27783876075948255,True,-0.3703006390181807,0.0014008786726574002,0.0,2.1733840300682563,0.0,0.2628039375853589
2026-01-01 23:00:00,SHORT,1.1568545902488399,1.1590399107052065,1.1542322057012,1.5,1.8,LOSS,TP,7,-0.41020007779159573,True,-0.5673443864681725,0.0014568803042443854,0.40592428469203334,2.0361083705209886,0.051119916052293775,0.2564165114027936
2026-01-02 01:00:00,SHORT,1.1568683245558473,1.1591942735550684,1.154077185756782,1.5,1.8,WIN,TP,5,-0.306105895294552,True,-0.7514200942337025,0.001550632666147427,0.0,1.9218610276866732,0.0,0.25760066431681067
2026-01-02 02:00:00,SHORT,1.1554734835446312,1.1579646114898812,1.1524841300103312,1.5,1.8,WIN,TP,12,-0.18659084948955734,True,-1.0,0.0016607519634999543,1.080188299754477,2.2898668176289925,0.15525452252385094,0.32912056119753014
2026-01-02 03:00:00,SHORT,1.1556944270044167,1.158055161916447,1.1528615451099804,1.5,1.8,WIN,TP,11,-1.0,True,-0.9859693263279957,0.0015738232746868189,0.9994650640138881,2.5567319647861844,0.136107031688178,0.34817545012708445
2026-01-02 04:00:00,SHORT,1.1547502466912705,1.1570353758902718,1.1520080916524686,1.5,1.8,WIN,SL,3,-0.30461607651651856,True,-0.6683232112447144,0.00152341946600097,1.6523103119689646,0.5658471904738158,0.2179832132827104,0.07465013557864487
2026-01-02 05:00:00,SHORT,1.154943700592892,1.1571827430753578,1.152256849613933,1.5,1.8,WIN,SL,2,-0.7584044700419011,True,-0.5703634879021786,0.0014926949883105373,1.5567197650580757,0.7070945736649719,0.20119662891907786,0.09138770364559322
2026-01-02 06:00:00,SHORT,1.1546528456295049,1.1567910004199162,1.1520870598810111,1.5,1.8,WIN,SL,1,-0.42881360378838784,True,-0.8421541030847178,0.0014254365269409375,1.8342189957095014,0.0,0.22643712911544536,0.0
2026-01-02 07:00:00,LONG,1.1564121286826248,1.1541286288656047,1.1591523284630487,1.5,1.8,WIN,SL,6,0.3682764526908854,True,0.30826078037424043,0.0015223332113466334,2.234712140484301,0.13936197448623563,0.2941837451267723,0.01834599939737093
2026-01-02 10:00:00,LONG,1.1554166475458614,1.1532664381865385,1.1579968987770488,1.5,1.8,WIN,SL,3,0.04901640194809828,True,0.41345568707738634,0.001433472906215221,1.6787867856178833,0.4633646205981476,0.20827944426859718,0.057487541895554634
2026-01-02 12:00:00,SHORT,1.1549776250243124,1.157183480961787,1.152330597899343,1.5,1.8,WIN,TP,2,-0.5176011901455246,True,-0.45048371941391485,0.0014705706249829667,0.0,2.2488156889780777,0.0,0.2863295549247007
2026-01-02 13:00:00,SHORT,1.1531817120610426,1.155353304168427,1.1505758015321812,1.5,1.8,LOSS,TP,8,-0.20643208136322289,True,-1.0,0.0014477280715896126,0.4154514934427518,1.919765970901829,0.05215663612683634,0.24101137382674223
2026-01-02 14:00:00,SHORT,1.152231548928821,1.1544489760181282,1.1495706364216525,1.5,1.8,WIN,TP,8,-0.5210283636096871,True,-1.0,0.001478284726204799,1.0496110080538408,1.8443945280982987,0.13466250972774454,0.23663127975606704
2026-01-02 15:00:00,SHORT,1.1528091242997578,1.1549393071158747,1.1502529049204175,1.5,1.8,WIN,TP,7,-0.4634128929871862,True,-1.0,0.0014201218774112195,0.6858908141752686,2.3266422998449343,0.08449348033373273,0.28661428516426257
2026-01-02 16:00:00,SHORT,1.152993413307907,1.1548943110126264,1.1507123360622435,1.5,1.8,WIN,TP,5,-0.20595659698557575,True,-0.7840170700356467,0.0012672651364796941,0.6231999286040446,2.044560573187473,0.06849644876207414,0.22471943932341423
2026-01-02 17:00:00,SHORT,1.1530762940095938,1.1550029553456946,1.1507643004062726,1.5,1.8,WIN,TP,4,-0.42027677342767095,True,-0.7975266370300963,0.0012844408907339369,0.5503397205657308,2.081747050251866,0.06130373545636625,0.23189107688706026
2026-01-02 19:00:00,LONG,1.1528255983975821,1.1507150027000235,1.1553583132346525,1.5,1.8,WIN,SL,2,0.1323941887622296,True,0.3026005205035394,0.0014070637983724574,1.7221574645723283,0.0,0.2101953172157895,0.0
2026-01-02 20:00:00,SHORT,1.1512191056198136,1.1534125506618624,1.1485869715693549,1.5,1.8,WIN,SL,27,-0.4249968306268831,True,-0.3362848455457327,0.0014622966946992802,2.157682509508681,1.7396770184923946,0.2740722410236803,0.22097652319764835
2026-01-02 21:00:00,SHORT,1.150838905913951,1.1528397220157323,1.1484379265918134,1.5,1.8,WIN,SL,22,-0.4135411531389689,True,-0.8918708397478295,0.0013338774011874793,1.9031015382162715,1.6221312739813414,0.22057858149797555,0.1880127824150003
2026-01-02 22:00:00,SHORT,1.1505273351777152,1.1525717109928,1.1480740841996135,1.5,1.8,LOSS,SL,9,-0.20091868375946104,True,-1.0,0.0013629172100564832,1.5641851734045096,1.358962597449797,0.18529371944204137,0.1609830079874893
2026-01-02 23:00:00,SHORT,1.1514554004170698,1.1534518341302882,1.1490596799612078,1.5,1.8,WIN,TP,3,-0.6944891868375718,True,-0.6839913983117446,0.0013309558088121984,0.804015300662666,1.8346074774846575,0.09293532640545665,0.21206044786138126
2026-01-03 00:00:00,SHORT,1.1518626166939638,1.1538038609688437,1.149533123564108,1.5,1.8,WIN,TP,1,-0.6781811029022293,True,-0.43693960493920314,0.0012941628499198998,0.0,1.9503717818282287,0.0,0.2191319231123894
2026-01-03 01:00:00,SHORT,1.1502540682167435,1.152312381788808,1.1477840919302662,1.5,1.8,WIN,SL,6,-0.2572483649922995,True,-0.5440466915364035,0.0013722090480429636,1.7527372064410316,1.1506166302921896,0.20909483565214673,0.13726415707126516
2026-01-03 04:00:00,SHORT,1.149340745015983,1.1513437996105924,1.1469370795024516,1.5,1.8,WIN,SL,3,-0.29143325399658654,True,-0.7751086203589935,0.0013353697297396408,2.4850383982625357,0.133866350284757,0.28872595604659657,0.015553357242068553
2026-01-03 05:00:00,SHORT,1.1498103294696775,1.1517948813167245,1.1474288672532214,1.5,1.8,WIN,SL,2,-0.979253562131458,True,-0.6722953869057925,0.0013230345646978922,2.153277530762312,0.0,0.24776787332392783,0.0
2026-01-03 06:00:00,LONG,1.150781209394326,1.1487335849762041,1.153238358696072,1.5,1.8,WIN,TP,13,0.404084935304302,True,0.3942602140134788,0.0013650829454144864,1.324304168874314,1.9018629324598144,0.15709198418551668,0.22560332341395256
2026-01-03 08:00:00,LONG,1.1511602580091504,1.1491035452140321,1.1536283133632925,1.5,1.8,WIN,SL,7,0.22046142334355925,True,0.45433161702593244,0.0013711418634122666,1.5948996297537927,1.0326930154792302,0.18996778555212826,0.12300360577299993
2026-01-03 09:00:00,LONG,1.1504986663930379,1.1483578322228607,1.1530676673972506,1.5,1.8,WIN,TP,10,0.0998332840349391,True,0.5952959693329363,0.001427222780118198,1.0686783138770157,2.0170247385390785,0.1325722557302403,0.2502170353599938
2026-01-03 10:00:00,LONG,1.1514271377537468,1.1493047300486676,1.153974026999842,1.5,1.8,WIN,SL,5,0.07922222771623846,True,0.48961866430305356,0.0014149384700528067,1.7341484784147234,0.8121122616291273,0.21310192494501567,0.09979692533757138
2026-01-03 11:00:00,LONG,1.1518226840643115,1.1496063239220446,1.1544823162350317,1.5,1.8,WIN,SL,4,0.7431022050562276,True,0.4698296463416623,0.0014775734281779393,1.9283371310830815,0.5099865468920615,0.24736964681085877,0.06542175118109228
2026-01-03 15:00:00,SHORT,1.1500926225792516,1.152205548913731,1.1475571109778764,1.5,1.8,WIN,SL,4,-0.1647771907718468,True,-0.7015625263366659,0.0014086175563196024,2.3319228515606545,0.6300904793221035,0.2856106894525234,0.07717261147649766
2026-01-03 16:00:00,SHORT,1.1500010026827356,1.1520897796276985,1.1474944703487802,1.5,1.8,WIN,SL,3,-0.256422286502621,True,-0.7632715902913132,0.001392517963308542,2.4246777809494247,0.0,0.2936003844632001,0.0
2026-01-03 19:00:00,LONG,1.1526953761019063,1.1504897116057269,1.1553421734973215,1.5,1.8,WIN,TP,6,0.44085016615723943,True,0.7877970600079168,0.0014704429974528985,0.5586213932196501,2.61911070342088,0.07126088409107986,0.3341084794165679
2026-01-03 20:00:00,LONG,1.1529998896092177,1.150857338113912,1.1555709514035846,1.5,1.8,WIN,TP,5,1.0,True,1.0,0.0014283676635371081,0.7882665310487735,2.4830718145108754,0.0976526045965405,0.307609698669601
2026-01-03 21:00:00,LONG,1.152279517663451,1.1502175425523673,1.1547538877967514,1.5,1.8,WIN,TP,3,0.7021479243674065,True,0.8279769050473502,0.0013746500740557627,0.1499197012776254,1.9551871872587157,0.017885168078106715,0.2332505412582604
2026-01-03 23:00:00,LONG,1.1538843177055045,1.151842896386401,1.1563340232884287,1.5,1.8,WIN,TP,2,0.4470350873051053,True,1.0,0.0013609475460690326,0.0,1.95621895751297,0.0,0.23072602244001336
2026-01-04 00:00:00,LONG,1.1544673875059477,1.1525037804728644,1.1568237159456476,1.5,1.8,WIN,SL,7,0.4542390508776357,True,0.6702315420608704,0.0013090713553888403,1.9520011158062258,1.5883332721310568,0.2213409208474345,0.1801039693160741
2026-01-04 01:00:00,LONG,1.1557995287496587,1.15379460105266,1.1582054419860572,1.5,1.8,WIN,SL,1,0.513349050713611,True,1.0,0.0013366184646658333,1.9869627402138346,0.0,0.2297812917475302,0.0
2026-01-04 02:00:00,LONG,1.1535383358963838,1.1513625676124444,1.156149257837111,1.5,1.8,WIN,SL,26,0.39393614967228785,True,0.37574824796127493,0.0014505121892929454,1.8888241970315778,1.0142576131403385,0.23750944688775924,0.12753741988123912
2026-01-04 03:00:00,LONG,1.1539912286650038,1.151768784401957,1.15665816178066,1.5,1.8,LOSS,SL,5,0.5154911948906746,True,0.552772366881025,0.001481629508697838,1.5416479664740945,0.6818257976159753,0.19793487700894025,0.0875408058957203
2026-01-04 06:00:00,SHORT,1.1541721569267374,1.1563135831580345,1.151602445449181,1.5,1.8,WIN,TP,17,-0.48024073322747596,True,-0.6623909871633252,0.001427617487531428,0.5865520756807122,1.8102092142785944,0.07255174157201538,0.22390821983402676
2026-01-04 07:00:00,SHORT,1.1519865842328632,1.15416230296945,1.1493757217489586,1.5,1.8,WIN,SL,7,-0.38795051309435036,True,-0.4183583226698464,0.0014504791577247028,1.5337273611331588,0.19269955415962398,0.19311332279422325,0.024263015805649133
2026-01-04 08:00:00,SHORT,1.1526196299436777,1.154831022264257,1.1499659591589826,1.5,1.8,WIN,SL,9,-0.5874081777593776,True,-0.815342919895431,0.0014742615470528639,1.6210820857580015,0.5251534460360086,0.20734498368434484,0.06716990685218681
2026-01-04 09:00:00,SHORT,1.1521131985341388,1.1542110604406584,1.1495957642463155,1.5,1.8,WIN,SL,5,-0.1131252527591694,True,-0.7113963491126886,0.0013985746043463682,1.5001168068975366,0.03389720387028029,0.18210235525028506,0.004114853345282693
2026-01-04 17:00:00,LONG,1.154013828843235,1.1518822216056697,1.1565717575283132,1.5,1.8,WIN,SL,6,0.3792346296682315,True,0.3599532971723076,0.0014210714917101289,1.70713314639277,0.5049492110983452,0.2102191660323448,0.06218027121673731
2026-01-04 18:00:00,LONG,1.1536063105197134,1.1515576504025757,1.1560647026602786,1.5,1.8,WIN,SL,10,0.4609808805361021,True,0.5896362205122679,0.0013657734114251704,2.0557854773476336,0.823772993941099,0.24338781081134006,0.09752783440201501
2026-01-04 19:00:00,LONG,1.1543480717725914,1.152309312425006,1.156794582989694,1.5,1.8,WIN,SL,4,0.6827138812906204,True,0.611377464053291,0.0013591728983902865,2.030794742536172,0.009145924828907769,0.23911342200365446,0.001076875637612289
2026-01-04 23:00:00,SHORT,1.1526144548715043,1.1546222182517811,1.150205138815172,1.5,1.8,WIN,TP,7,-0.33188098472672767,True,-0.6442283129206042,0.0013385089201845637,0.48619639023868944,2.3380178258303093,0.05646104840569356,0.27150949757725074
2026-01-05 00:00:00,SHORT,1.1526754521534675,1.154543518193864,1.1504337729049916,1.5,1.8,WIN,TP,6,-1.0,True,-0.9005425945146742,0.0012453773602643262,0.47357607593545803,2.561837961074232,0.051166260392809616,0.27678693004410343
2026-01-05 01:00:00,SHORT,1.1528588813210343,1.1547513665716744,1.1505878990202663,1.5,1.8,WIN,TP,5,-0.6308706262287511,True,-0.5313855303116557,0.001261656833760037,0.32207787798759197,2.6741694529561233,0.03524731104125665,0.2926536993919305
2026-01-05 02:00:00,SHORT,1.152713465687845,1.1545181254140695,1.1505478740163757,1.5,1.8,WIN,TP,4,-0.2518037780952,True,-0.40323554989973254,0.0012031064841496425,0.4586189138073075,2.6834437136685025,0.047866829474919693,0.28007554590669126
2026-01-05 03:00:00,SHORT,1.1524919257091972,1.1543198439711584,1.150298423794844,1.5,1.8,WIN,TP,3,-0.22288250579566932,True,-0.3420271505068536,0.0012186121746406986,0.0,2.4675024718212146,0.0,0.2609066914952143
2026-01-05 04:00:00,SHORT,1.1517824079430667,1.1535926255197644,1.1496101468510296,1.5,1.8,WIN,TP,2,-0.00746370585008671,True,-0.32232244422327355,0.0012068117177983823,0.052193290831225016,1.9037027508964612,0.00546869569557575,0.19946569518193463
2026-01-05 05:00:00,SHORT,1.1511082424765873,1.1529197440190826,1.1489344406255928,1.5,1.8,WIN,SL,7,-0.15836236359902686,True,-0.5949097049195625,0.0012076676949969484,1.527299374357365,1.3441158749481128,0.16023428961225217,0.14101587154089115
2026-01-05 06:00:00,SHORT,1.150203194580646,1.152149429207111,1.1478677130288877,1.5,1.8,WIN,SL,4,-0.9433992658357597,True,-0.8243830304116785,0.0012974897509767816,1.7313142501699121,0.53923298800294,0.19530136117684116,0.06082831960638802
2026-01-05 07:00:00,SHORT,1.149906540537647,1.1517690150534339,1.1476715711187027,1.5,1.8,WIN,SL,3,-0.344420979662741,True,-1.0,0.0012416496771912192,2.0480950343957787,0.32456435959866353,0.22114984554531292,0.0350459118299329
2026-01-05 08:00:00,SHORT,1.1497547531129049,1.1516236310154975,1.1475120996297938,1.5,1.8,WIN,SL,2,-0.44642383806387087,True,-1.0,0.0012459186017283702,2.1629053128496882,0.0,0.23438076300711058,0.0
2026-01-05 09:00:00,SHORT,1.1502605241593393,1.1521769747083144,1.1479607835005692,1.5,1.8,WIN,SL,1,-0.016464059075623788,True,-0.40695202713802503,0.0012776336993167397,1.7133493878509582,0.0,0.19030757560092154,0.0
2026-01-05 10:00:00,LONG,1.1523513865758868,1.150369640071957,1.1547294823806025,1.5,1.8,WIN,SL,4,0.5567307891315427,True,0.4733422256781319,0.0013211643359531955,1.764299733271862,0.6340419933918499,0.20227596483887414,0.07269255531987158
2026-01-05 11:00:00,LONG,1.152375918017204,1.150483747871993,1.1546465221914572,1.5,1.8,WIN,SL,3,0.2929500696575082,True,0.6716299229877994,0.0012614467634740295,1.8672697057470493,0.6446108162419691,0.20440042958382562,0.07056223712552841
2026-01-05 12:00:00,LONG,1.1526712579348253,1.150704278066727,1.1550316337765432,1.5,1.8,WIN,SL,2,0.8736764710940239,True,1.0,0.0013113199120655197,2.021475629309738,0.3948710802475747,0.22997027350350738,0.0449219416779059
2026-01-05 13:00:00,LONG,1.1530371377063513,1.151194075690927,1.1552488121248605,1.5,1.8,WIN,SL,1,0.23317986383208605,True,1.0,0.0012287080102829004,2.4551650927224706,0.0,0.26162912861557197,0.0
2026-01-05 15:00:00,SHORT,1.1514960169882413,1.1535410274924283,1.1490420043832168,1.5,1.8,WIN,SL,2,-0.1228925418342732,True,-0.5030483977498711,0.0013633403361246823,1.6031015254948413,0.5900012439985632,0.189802912069686,0.06985456158249098
2026-01-05 16:00:00,SHORT,1.1509022277619085,1.1529026307109451,1.1485017442230647,1.5,1.8,WIN,SL,1,-0.3835415950725648,True,-0.5458226629620218,0.0013336019660243892,2.0841017558098707,0.0,0.24149420618880774,0.0
2026-01-05 19:00:00,LONG,1.153647282584264,1.1516109813784179,1.1560908440312796,1.5,1.8,WIN,TP,5,0.6180485220511927,True,1.0,0.001357534137230784,1.1886208385134143,2.043161195283266,0.1398688653685603,0.24042539798204685
2026-01-05 20:00:00,LONG,1.1537572349904026,1.1518437455525437,1.1560534223158334,1.5,1.8,WIN,TP,4,0.5636508616592358,True,1.0,0.0012756596252392813,1.3511016077827824,2.088102979526459,0.1493854788835809,0.23087254264073215
2026-01-05 21:00:00,LONG,1.152729076825958,1.1507688996317305,1.1550812894590308,1.5,1.8,WIN,TP,2,0.05427034022523436,True,0.6300729076415771,0.0013067847961515864,0.0,2.2435356916310156,0.0,0.25433715435717236
2026-01-05 23:00:00,LONG,1.1541540393329397,1.1521090829445695,1.156607986998984,1.5,1.8,WIN,TP,6,0.22317665139849527,True,0.48988127196109693,0.0013633042589135114,0.28233914875507365,2.331903629124361,0.03335032853831835,0.2754479939955432
2026-01-06 00:00:00,LONG,1.1559446504974575,1.1538913507442483,1.1584086102013087,1.5,1.8,WIN,SL,3,0.6591440415673697,True,0.6781659351698216,0.0013688665021395524,1.5892896239869119,0.24849972924940686,0.1882032437744677,0.02942727015639315
2026-01-06 01:00:00,LONG,1.1543314253362864,1.1521358655591745,1.1569660970688207,1.5,1.8,LOSS,TP,4,0.07527529626310535,True,0.3443133967626151,0.0014637065180746398,0.3841618250372832,2.0507582008740726,0.04871219434563243,0.2600386751785716
2026-01-06 02:00:00,LONG,1.1560108291711,1.153727493645973,1.1587508318012525,1.5,1.8,WIN,SL,9,0.6204387497616107,True,1.0,0.0015222236834180336,1.7688068131706034,0.8686662316484891,0.2329147404553381,0.11438511451912299
2026-01-06 03:00:00,LONG,1.1541314418226567,1.151683267961396,1.1570692504561695,1.5,1.8,WIN,TP,2,0.6060653417116527,True,0.3562323197921559,0.0016321159075071462,0.0,1.9616815475650229,0.0,0.2774113539605033
2026-01-06 05:00:00,LONG,1.1572217149847033,1.154830113955255,1.1600916362200413,1.5,1.8,WIN,SL,1,0.5441196621127127,True,0.830949791664356,0.0015944006862988866,1.6096498452492947,0.0,0.22177485824315837,0.0
2026-01-06 06:00:00,LONG,1.1565288938684117,1.1539485013042856,1.1596253649453632,1.5,1.8,WIN,SL,4,0.4511264035368946,True,0.8001889198793835,0.0017202617094174144,1.509933082839137,0.0,0.22459275163481549,0.0
2026-01-06 08:00:00,LONG,1.1561285868669784,1.1536493833589467,1.1591036310766163,1.5,1.8,WIN,SL,3,0.12270425083397193,True,0.6235252881741081,0.0016528023386877771,1.7003105891712753,0.17930311585907927,0.2430765357937837,0.025633187570336356
2026-01-06 10:00:00,SHORT,1.1543913383200224,1.1570286629983324,1.1512265487060505,1.5,1.8,WIN,SL,27,-0.7556994834302456,True,-1.0,0.0017582164522066243,1.6818506372677637,1.2589069159825277,0.25615728067587223,0.19174007790966044
2026-01-06 11:00:00,SHORT,1.1541373960658052,1.1567903650270603,1.150953833312299,1.5,1.8,WIN,SL,26,-0.33404851889993964,True,-0.8171689955715379,0.001768645974170083,1.8155129752986645,1.1079032355129725,0.2782164173660006,0.1697794910674833
2026-01-06 14:00:00,SHORT,1.152922166676013,1.1553323919830218,1.1500298963076026,1.5,1.8,WIN,SL,1,-0.42683604145063786,True,-1.0,0.0016068168713391704,1.6298613695755102,0.0,0.22715225904003633,0.0
2026-01-06 20:00:00,SHORT,1.1537721958753047,1.1559551293341253,1.15115267572472,1.5,1.8,WIN,SL,17,-0.034186977567903176,True,-0.3657277812556712,0.001455288972547129,2.457381298682443,1.0955132876249623,0.30995719242506387,0.13818051886316765
2026-01-07 02:00:00,SHORT,1.1535993677053664,1.1559566176084868,1.150770667821622,1.5,1.8,WIN,SL,11,-0.011837618308001313,True,-0.48418357793642947,0.0015714999354135165,2.3856367988127505,0.9045245276750069,0.32498527480225364,0.12321957489008101
2026-01-07 06:00:00,SHORT,1.1539694589894793,1.1563021740815864,1.1511702008789508,1.5,1.8,WIN,SL,7,-0.21892566139800532,True,-0.43064638081390677,0.0015551433947380408,2.172749344256194,0.6035917616792646,0.29280989759471915,0.08134285825170734
2026-01-07 09:00:00,LONG,1.1536827003076724,1.1515754090113455,1.1562114498632647,1.5,1.8,WIN,TP,4,0.5522640406827103,True,0.31203263126650166,0.0014048608642180144,0.26775325133479183,2.6092943196825416,0.032604811008006176,0.31773861842348655
2026-01-07 10:00:00,LONG,1.1544343948171243,1.1522540361098434,1.1570508252658613,1.5,1.8,WIN,TP,3,0.2158357562883951,True,0.31152145667668973,0.0014535724715206064,0.7759162997489971,2.004716669164828,0.09769724278684004,0.25241806520829524
2026-01-07 12:00:00,LONG,1.155311958093576,1.1533301983459427,1.157690069790736,1.5,1.8,WIN,TP,6,0.6288295765288793,True,0.5251441606691125,0.0013211731650888878,0.7120870438392514,2.5268162623384667,0.08143171088442008,0.2889576114507239
2026-01-07 13:00:00,LONG,1.155952624038602,1.153809143481511,1.1585248007071112,1.5,1.8,WIN,TP,5,0.8842436960044593,True,0.9675627383761565,0.0014289870380606823,1.1066973992291196,1.8878379033772876,0.13680977971473238,0.2333742610022149
2026-01-07 14:00:00,LONG,1.1552344304646527,1.153094310961285,1.1578025738686941,1.5,1.8,WIN,TP,4,0.017219557885242875,True,0.4234075812818074,0.0014267463355785198,0.6050568647541203,2.394181350008534,0.07472618906080837,0.2956879900524768
2026-01-07 15:00:00,LONG,1.1561099530454915,1.154016088534852,1.1586225904582588,1.5,1.8,WIN,TP,3,0.21937424656114046,True,0.5635256978582036,0.0013959096737595925,1.2456287667670476,1.819864805546032,0.15039964329196756,0.21973402099898415
2026-01-07 16:00:00,LONG,1.154531022754138,1.152491196369889,1.156978814415237,1.5,1.8,WIN,TP,2,0.04870874710443815,True,0.46443873904658506,0.0013598842561661614,0.0,3.0291527824308906,0.0,0.3567939793010578
2026-01-07 18:00:00,LONG,1.1569679958038466,1.154773685832158,1.159601167769873,1.5,1.8,WIN,TP,5,0.25806737160073645,True,0.31640120558322854,0.001462873314459109,0.6257880667872201,2.4539852880009847,0.07912480437922027,0.3102825320070929
2026-01-07 19:00:00,LONG,1.1561752534329295,1.1540047620179883,1.158779843130859,1.5,1.8,WIN,TP,3,0.5502749407792149,True,0.45906296315048717,0.0014469942766274224,0.0,2.2324923038904076,0.0,0.27940431839830815
2026-01-07 20:00:00,LONG,1.1564809270400414,1.1542934886746918,1.1591058530784608,1.5,1.8,WIN,TP,2,0.622697354285404,True,0.5777514267364686,0.001458292243566417,0.0,2.0055856376768255,0.0,0.2528991106423199
2026-01-07 22:00:00,LONG,1.158884318682823,1.1565827542528504,1.1616461959987903,1.5,1.8,WIN,TP,13,0.9052310391661618,True,1.0,0.0015343762866484947,1.2792723553225807,3.6949262144072788,0.1693771444248147,0.4892125187047327
2026-01-07 23:00:00,LONG,1.1603278193810953,1.157947410284165,1.1631843102974118,1.5,1.8,WIN,SL,4,0.7852582873297151,True,1.0,0.0015869393979536398,2.146512884384075,0.0,0.2935709898139923,0.0
2026-01-08 00:00:00,LONG,1.159856550603586,1.1575867536938456,1.1625803068952747,1.5,1.8,WIN,SL,3,0.38923253504435074,True,1.0,0.0015131979398269918,1.9396782203328446,0.2634881921874461,0.253058629138881,0.03437578460709598
2026-01-08 01:00:00,LONG,1.159377803886856,1.1571122552333655,1.1620964622710448,1.5,1.8,WIN,SL,2,0.5919342334158937,True,0.97399280691401,0.0015103657689937236,1.6263413940065077,0.0,0.21186970821503504,0.0
2026-01-08 02:00:00,LONG,1.1592645843073257,1.157112160114952,1.161847493338174,1.5,1.8,WIN,SL,1,0.20037856507344906,True,0.4749588730965205,0.0014349494615823546,1.6329152025261897,0.0,0.20212390013403694,0.0
2026-01-08 04:00:00,SHORT,1.1582774579491655,1.1604500874769765,1.1556703025157924,1.5,1.8,WIN,SL,3,-0.5661015665008713,True,-0.9093653045788168,0.0014484196852073059,1.5131983129199311,0.36306375337552754,0.189224629126116,0.045400925638789724
2026-01-08 05:00:00,SHORT,1.1585927992752925,1.1607463772395883,1.1560085057181373,1.5,1.8,WIN,SL,4,-0.1979796136351385,True,-0.6833155719717415,0.0014357186428639273,2.082686295008513,0.037907597236627816,0.25808476825087145,0.004697478190167126
2026-01-08 07:00:00,LONG,1.1596186406110127,1.1574493243108943,1.1622218201711547,1.5,1.8,WIN,TP,4,0.05714229557342618,True,0.3736009332440355,0.0014462108667455359,0.18685086470610984,3.412424390931565,0.023302984406700446,0.4255782947325173
2026-01-08 08:00:00,LONG,1.1597442760118504,1.1578425972423272,1.162026290535278,1.5,1.8,WIN,TP,3,0.40339212389218765,True,0.69270250084314,0.0012677858463487266,0.0,3.7935822119536184,0.0,0.41469916556207675
2026-01-08 09:00:00,LONG,1.1613475984042043,1.159369243737744,1.1637216240039565,1.5,1.8,WIN,TP,2,1.0,True,1.0,0.0013189031109734906,0.3664788094784667,2.4309044510136038,0.04161975644425297,0.2760695804879309
2026-01-08 10:00:00,LONG,1.1614494268359548,1.1595458233299083,1.1637337510432104,1.5,1.8,LOSS,TP,1,0.2943390110522955,True,1.0,0.0012690690040309618,0.0,2.446123103874162,0.0,0.2672780182627069
2026-01-08 11:00:00,LONG,1.1639486442181204,1.161902133431008,1.1664044571626553,1.5,1.8,WIN,SL,11,0.42501692262152924,True,1.0,0.0013643405247415474,1.7274270844917547,0.6257292651751333,0.20248305512580544,0.07334583001028025
2026-01-08 12:00:00,LONG,1.1639035389839594,1.1618907788185948,1.166318851182397,1.5,1.8,WIN,SL,10,0.2995662801100908,True,1.0,0.0013418401102430755,1.7227786851061286,0.6698361610262024,0.19861556076762538,0.07722401367907387
2026-01-08 13:00:00,LONG,1.1636461878531383,1.161662349552369,1.1660267938140616,1.5,1.8,WIN,SL,9,0.3310350843417249,True,1.0,0.0013225588671795638,1.5533088627708493,0.8741872953018907,0.17654356035113533,0.09935701857196758
2026-01-08 14:00:00,LONG,1.162874598716259,1.1607887122327047,1.165377662496524,1.5,1.8,WIN,TP,26,0.5500756451147788,True,0.6106866781983428,0.001390590989036124,1.323904399030984,2.0070132120246185,0.15831539614590695,0.24000304853153553
2026-01-08 15:00:00,LONG,1.1633731323755068,1.1613022241774518,1.1658582222131726,1.5,1.8,WIN,SL,10,0.6644008509928833,True,0.8992722262041258,0.001380605465369952,1.6728635801042904,1.0352122112060624,0.19852311672304118,0.12285135326191182
2026-01-08 18:00:00,LONG,1.1639909393305192,1.161940696731002,1.16645123044994,1.5,1.8,WIN,SL,4,0.39627305030406046,True,0.31648012331153486,0.0013668283996781186,1.755226835989108,0.5538459543295748,0.2061093266487918,0.0650359340305429
2026-01-08 19:00:00,LONG,1.164061662899444,1.1619927169024948,1.166544398095783,1.5,1.8,WIN,SL,3,0.30235904795033564,True,0.7021186075163998,0.0013792973312995052,1.7906345500610314,0.0,0.2121723904281884,0.0
2026-01-08 22:00:00,SHORT,1.1617724170564094,1.1638484265457554,1.1592812056691943,1.5,1.8,WIN,SL,1,-0.32548715791937294,True,-0.7527730884399308,0.001384006326230623,1.5305114161009672,0.0,0.1823280920732238,0.0
2026-01-08 23:00:00,SHORT,1.1628134135928638,1.1649193762262628,1.160286258432785,1.5,1.8,WIN,SL,12,-0.295701777894452,True,-0.6047376340092592,0.0014039750889326883,1.6914294000456478,1.2677036923750975,0.20422233821804836,0.1530619085948896
2026-01-09 00:00:00,SHORT,1.1634738727888936,1.1655735900955353,1.1609542120209235,1.5,1.8,WIN,SL,16,-0.3864839404515139,True,-0.4933390688971986,0.0013998115377611261,1.5656824906505944,1.743294389597182,0.18837212129480663,0.2097411602740092
2026-01-09 01:00:00,SHORT,1.162095735215506,1.1641210960225468,1.1596653022470567,1.5,1.8,WIN,SL,9,-0.09956810454122408,True,-0.6459255785522378,0.0013502405380273,1.654006835738359,0.7866346750605614,0.1921792682058192,0.09139918465389876
2026-01-09 03:00:00,LONG,1.1629525500790334,1.160981981407641,1.1653172324847043,1.5,1.8,WIN,TP,13,0.09234879101208016,True,0.32679440770553836,0.0013137124475949755,1.4037613288304147,2.0651270601189182,0.15857385849591651,0.23328407720152192
2026-01-09 04:00:00,SHORT,1.1621365080252437,1.1640476653193614,1.1598431192723027,1.5,1.8,WIN,SL,6,-0.5389060266427907,True,-0.34253932495423467,0.0012741048627450877,1.7208428710699135,0.806916846021771,0.18866409022603126,0.08846608554568665
2026-01-09 07:00:00,SHORT,1.1615465648064704,1.163616295702847,1.1590628877308184,1.5,1.8,WIN,SL,3,-0.1072298102874058,True,-0.367701360542169,0.0013798205975843944,2.0165501904340632,0.0,0.2395493709102616,0.0
2026-01-09 08:00:00,SHORT,1.161964325055177,1.1640040712998752,1.1595166295615393,1.5,1.8,WIN,SL,2,-0.9858250529452091,True,-0.3775857088220195,0.0013598308297987044,1.738978987898927,0.0,0.20351031345173337,0.0
2026-01-09 10:00:00,LONG,1.1637284804693857,1.1616237629910582,1.166254141443379,1.5,1.8,WIN,TP,7,0.1968564360403436,True,0.5384350941660853,0.0014031449855517503,0.8929028297678379,3.144158566806728,0.10766017582283184,0.37910134544571694
2026-01-09 11:00:00,LONG,1.164679196996448,1.1625699711224278,1.1672102680452725,1.5,1.8,WIN,SL,2,0.27603507639270786,True,0.92316756381802,0.0014061505826802481,1.567107166457116,0.0,0.18920134067121888,0.0
2026-01-09 12:00:00,LONG,1.1634714152366037,1.1613421309228449,1.1660265564131143,1.5,1.8,WIN,TP,5,0.6426099642894632,True,0.8326787614403557,0.0014195228758392567,0.7015081703441713,3.2889752176879576,0.08558928757086703,0.40127978207586745
2026-01-09 13:00:00,LONG,1.1630243331465269,1.1610153092527886,1.1654351618190126,1.5,1.8,WIN,TP,3,0.38165755646281707,True,0.3343990924252678,0.0013393492624920972,0.19741194288408123,1.972002472555643,0.02273413655874168,0.22709757500123032
2026-01-09 14:00:00,LONG,1.1636848398730348,1.1616568858806704,1.166118384663872,1.5,1.8,WIN,TP,3,0.28994539652938855,True,0.31779596274334443,0.0013519693282428857,0.6841207468951789,3.295452663068765,0.07948116491040733,0.38286577005088535
2026-01-09 17:00:00,LONG,1.1678940504132722,1.1655701920669088,1.170682680428908,1.5,1.8,LOSS,TP,3,0.363903782969208,True,1.0,0.0015492388975755222,0.0,2.2742917963639067,0.0,0.3016901502424018
2026-01-09 18:00:00,LONG,1.1686275158239587,1.1662616401406667,1.1714665666439092,1.5,1.8,WIN,TP,3,0.5224376789557418,True,1.0,0.0015772504555280026,0.0,2.2125404957346553,0.0,0.29861786219462316
2026-01-09 19:00:00,LONG,1.1699840741542695,1.1675562437801772,1.1728974706031803,1.5,1.8,WIN,TP,4,0.31339939423162544,True,1.0,0.00161855358272819,0.06105707769231375,1.9236295137119144,0.008446623679150805,0.26611451472198167
2026-01-09 20:00:00,LONG,1.171047120308633,1.1687304231341689,1.1738271569179901,1.5,1.8,LOSS,TP,8,0.7181507665110627,True,1.0,0.0015444647829761118,0.752280219672226,1.9715679900083714,0.09921635825440327,0.260025175332689
2026-01-09 21:00:00,LONG,1.1715332089649353,1.1692610868448456,1.1742597555090428,1.5,1.8,WIN,SL,20,0.3433397455604914,True,1.0,0.001514748080059723,1.7151976098889536,1.6893427396902525,0.22176855650534794,0.2184256196859745
2026-01-09 22:00:00,LONG,1.1708274015003068,1.168460093638483,1.1736681709344956,1.5,1.8,LOSS,TP,6,0.8895110013340264,True,1.0,0.0015782052412159273,0.3025906360518251,2.0686385083994385,0.04078740616660622,0.2788400862461568
2026-01-09 23:00:00,LONG,1.171901463327174,1.169391850043141,1.1749129992680136,1.5,1.8,WIN,SL,18,0.2206521794749431,True,1.0,0.0016730755226886781,1.772990285563481,1.309369648627348,0.2531225313363158,0.18693331972214577
2026-01-10 00:00:00,LONG,1.1717972163891293,1.1693685532666742,1.1747116121360752,1.5,1.8,WIN,SL,17,0.9862523453967846,True,0.6933145010931988,0.001619108748303336,1.7677007265234537,1.4173978429302676,0.24424872073990686,0.19584627913577318
2026-01-10 04:00:00,LONG,1.1738759001714516,1.171309760006071,1.1769552683699085,1.5,1.8,WIN,SL,3,0.15574577807432002,True,0.5517483924538042,0.001710760110253792,1.8276198590565027,0.0,0.2663500589052779,0.0
2026-01-10 06:00:00,LONG,1.1720137572959746,1.169475789438735,1.175059318724662,1.5,1.8,WIN,SL,11,0.19019294674731144,True,0.48597289236868535,0.001691978571493058,1.8195505956230287,0.14276249925861328,0.26267956313452473,0.020609919299553678
2026-01-10 09:00:00,SHORT,1.1722191195074092,1.1743648929784405,1.1696441913421716,1.5,1.8,WIN,TP,8,-0.40078693993624814,True,-0.6403458122301301,0.0014305156473541913,0.02440809387201756,2.2956776705310094,0.0029786376646614983,0.2801526416286602
2026-01-10 14:00:00,SHORT,1.1710671531899137,1.1728319239138896,1.1689494283211426,1.5,1.8,WIN,TP,3,-0.3764539940844699,True,-0.48054305983602374,0.0011765138159839214,0.27386065316300967,1.8121644493377438,0.027513438595131518,0.18205928717864014
2026-01-10 15:00:00,SHORT,1.1707676230863797,1.1725411096495901,1.1686394392105273,1.5,1.8,WIN,SL,3,-0.31156359661482974,True,-0.4207598115107924,0.0011823243754735455,2.178788623200922,1.5499184876508925,0.22002956414390312,0.15652178722844134
2026-01-10 18:00:00,LONG,1.1724355977634797,1.1706136220227703,1.1746219686523311,1.5,1.8,WIN,SL,13,0.30919810007097104,True,0.6106059028001926,0.0012146504938063446,1.6931201403422047,1.4756868479961787,0.17540828839240027,0.152882065508871
2026-01-10 19:00:00,LONG,1.173595634481638,1.1718165526849909,1.1757305326376148,1.5,1.8,WIN,SL,1,0.3800115951332405,True,1.0,0.0011860545310981812,1.9345110279919495,0.0,0.19550478059017956,0.0
2026-01-10 21:00:00,LONG,1.1719860617108107,1.170076048757579,1.1742780772546886,1.5,1.8,WIN,TP,15,0.004694064112030966,True,0.32633590521195394,0.0012733419688210543,1.2620436624412399,3.0398360446812718,0.13711879470010244,0.33027276863492006
2026-01-10 22:00:00,LONG,1.171099808625928,1.1691318394944452,1.1734613715837077,1.5,1.8,WIN,TP,1,0.3165001193973054,True,0.32304925705255416,0.001311979420988596,0.0,2.1473738386472627,0.0,0.2405696136847716
2026-01-11 00:00:00,SHORT,1.172265213272444,1.1745319146170317,1.1695451716589391,1.5,1.8,WIN,SL,12,-0.8128998916285348,True,-0.7302421867788236,0.0015111342297250102,2.3767572607020204,1.2481781475148523,0.3063811168095761,0.16089914655397067
2026-01-11 03:00:00,LONG,1.1734356697534327,1.1711029793364236,1.1762348982538438,1.5,1.8,WIN,SL,2,0.649845454661432,True,0.7319149612251074,0.0015551269446727467,1.5194586718650958,0.0,0.20137031648531611,0.0
2026-01-11 11:00:00,LONG,1.1736584071046456,1.1714536250621237,1.1763041455556718,1.5,1.8,WIN,TP,2,0.4726409157155091,True,0.6827017733872324,0.0014698546950145624,0.0,1.9212801178593537,0.0,0.24061537706191452
2026-01-11 12:00:00,LONG,1.1756305526010615,1.1733140373378061,1.178410370916968,1.5,1.8,WIN,SL,10,0.11725814217034441,True,1.0,0.0015443435088369048,1.6401501349276966,1.7420908748315964,0.21545503464412727,0.2288462755920853
2026-01-11 13:00:00,LONG,1.1763472254958203,1.1742412945018739,1.178874342688556,1.5,1.8,WIN,SL,2,1.0,True,1.0,0.0014039539959642847,1.5068448058883552,0.0,0.17983982455803393,0.0
2026-01-11 14:00:00,LONG,1.1752601468300135,1.1731480738369975,1.1777946344216328,1.5,1.8,WIN,TP,5,0.08459948597015471,True,0.7314411425559078,0.0014080486620107033,0.730416603109096,2.1737831851829785,0.08750931642600143,0.26043531839772005
2026-01-11 15:00:00,LONG,1.1745223225839239,1.172394628130437,1.1770755559281083,1.5,1.8,WIN,TP,4,0.4998917823928172,True,1.0,0.0014184629689913012,0.0,2.6779809092860036,0.0,0.32341801245045504
2026-01-11 16:00:00,LONG,1.1764006858581848,1.1741593991441628,1.179090229915011,1.5,1.8,WIN,SL,6,0.5477335898480916,True,1.0,0.0014941911426812813,2.2106197642087086,1.2851458038903043,0.2807792031426121,0.16323124427848168
2026-01-11 19:00:00,LONG,1.1770191695882806,1.1746493930015909,1.1798629014923083,1.5,1.8,WIN,SL,3,0.4263041439799561,True,0.7380712293901757,0.0015798510577931882,2.4822417165643706,0.03439243666812148,0.333178278055094,0.0046163162719960816
2026-01-11 20:00:00,LONG,1.1762815241685247,1.1739496750792273,1.1790797430756816,1.5,1.8,WIN,SL,2,0.05702818928717118,True,0.5660003726356972,0.0015545660595316052,2.0481128880531942,0.5094542894141745,0.270677275502339,0.067329149606927
2026-01-11 22:00:00,SHORT,1.173560351909186,1.1760596894809732,1.1705611468230415,1.5,1.8,WIN,SL,20,-0.5048029538250867,True,-0.936207276306948,0.0016662250478580878,1.5050134864610178,1.6606157526822063,0.2136823355037501,0.2357747990962224
2026-01-11 23:00:00,SHORT,1.172503543651035,1.1751536838797072,1.1693233753766281,1.5,1.8,WIN,SL,19,-0.421012625578459,True,-1.0,0.001766760152448207,2.0175344240797233,0.9679589510019336,0.3040075610822613,0.14585468104519134
2026-01-12 00:00:00,SHORT,1.1726410868374817,1.175227953785839,1.1695368464994529,1.5,1.8,LOSS,SL,18,-0.03143896380318212,True,-1.0,0.0017245779655715562,1.9871274645875914,1.0713893643365602,0.29224255219063294,0.15756692401642097
2026-01-12 01:00:00,SHORT,1.171484438958572,1.1740812021184512,1.1683683231667166,1.5,1.8,WIN,SL,10,-0.6638549038181367,True,-1.0,0.0017311754399196141,1.836146861318729,0.39917768900698297,0.2713388453735048,0.058988970607845755
2026-01-12 02:00:00,SHORT,1.1728975988929284,1.1754769219124623,1.1698024112694878,1.5,1.8,WIN,SL,16,-0.6406533963027488,True,-1.0,0.0017195486796892645,1.843765298541017,1.2236969912997977,0.27030869427609017,0.1794024088475759
2026-01-12 03:00:00,SHORT,1.171757279295319,1.1744253311005697,1.1685556171290181,1.5,1.8,WIN,SL,8,-0.8313736770639286,True,-0.6632689724755234,0.0017787012035004482,1.6336931733866735,0.5419049282830501,0.24799095042967326,0.08225994966291617
2026-01-12 04:00:00,SHORT,1.1714551354160956,1.1740589291267163,1.1683305829633508,1.5,1.8,WIN,SL,7,-0.27613643015395034,True,-0.4351624896483239,0.0017358624737471137,1.8480703059107337,0.0,0.27384709801432777,0.0
2026-01-12 06:00:00,LONG,1.173102036143656,1.1705677602541316,1.1761431672110851,1.5,1.8,WIN,TP,14,0.23463925922488613,True,0.7593754449923884,0.0016895172596829314,0.8117291346116222,2.6568855343174262,0.11690631683004618,0.38264821208455413
2026-01-12 07:00:00,SHORT,1.1718661299349697,1.1743497167659065,1.1688858257378456,1.5,1.8,WIN,SL,4,-0.09078962303009473,True,-0.43143754630348413,0.0016557245539577936,1.689291475032342,0.0,0.23867925717401198,0.0
2026-01-12 08:00:00,LONG,1.1737392882781021,1.1712156429118552,1.1767676627175985,1.5,1.8,WIN,TP,12,0.23511706041571226,True,0.5767392361249392,0.0016824302441646375,0.9641739106616434,2.289308484642341,0.13820405980542536,0.32814798577930904
2026-01-12 10:00:00,LONG,1.1722974933060413,1.1698792611989883,1.1751993718345048,1.5,1.8,WIN,TP,8,0.25405228308557476,True,0.32091352346128676,0.0016121547380353002,0.024506376717455782,2.3388262197742553,0.003370140392069429,0.3216376212676855
2026-01-12 12:00:00,LONG,1.1734047454543948,1.1711148432959104,1.176152628044576,1.5,1.8,WIN,TP,8,0.32579177861224856,True,0.5779288643788824,0.0015266014389895594,0.7511850771276958,2.742133309702057,0.09772929793688082,0.35675197946053144
2026-01-12 18:00:00,LONG,1.1757509928843448,1.1736668032266067,1.1782520204736306,1.5,1.8,WIN,TP,16,0.7396191536483494,True,1.0,0.0013894597718254425,1.4971382744901414,2.421512521883,0.17692635752414226,0.2861655449572706
2026-01-12 19:00:00,LONG,1.1744815272197888,1.1723425859315435,1.1770482567656833,1.5,1.8,WIN,TP,1,0.43293017809038004,True,0.5388578005001472,0.001425960858830241,0.0,2.180538737682474,0.0,0.26474344798412774
2026-01-12 20:00:00,LONG,1.1765771703559247,1.1742957185469367,1.1793149125267102,1.5,1.8,WIN,SL,2,0.4467557595495757,True,1.0,0.0015209678726586043,1.578123997128377,0.0,0.2040049695998892,0.0
2026-01-13 00:00:00,LONG,1.1757105811481106,1.173385672822534,1.1785004711388023,1.5,1.8,WIN,TP,10,0.21990891036602303,True,0.6048084525059945,0.001549938883717683,1.31605296857724,2.1968646687506905,0.17349522082535257,0.2896125991344902
2026-01-13 01:00:00,SHORT,1.1752034452617117,1.1774082447540772,1.172557685870873,1.5,1.8,WIN,SL,9,-0.24348599705610363,True,-0.46695629447823506,0.0014698663282436883,2.6615630167102555,1.042724602353783,0.3328906049871122,0.1304170600257046
2026-01-13 08:00:00,LONG,1.1757493467942872,1.1735029166627886,1.1784450629520855,1.5,1.8,WIN,TP,2,0.36516655973544926,True,0.5828973488557451,0.0014976200876657725,0.0,2.2477264787709306,0.0,0.28630594908376905
2026-01-13 09:00:00,LONG,1.1772762218316102,1.1750137802366454,1.179991151745568,1.5,1.8,WIN,TP,8,0.8510153392316242,True,0.932896529699163,0.0015082943966432394,0.3395479192574369,1.8423888775401656,0.04350195939667216,0.23604187096451265
2026-01-13 10:00:00,LONG,1.1780321002500231,1.1759057298267264,1.1805837447579792,1.5,1.8,WIN,TP,8,0.7011461772973052,True,0.9200277609462949,0.0014175802821978342,0.894493707583794,1.8554152782140643,0.10763854755330524,0.2232706658100945
2026-01-13 11:00:00,LONG,1.1785729674099084,1.176561641674563,1.180986558292323,1.5,1.8,WIN,TP,9,0.10417903414957325,True,1.0,0.001340883823563613,1.3490235101044328,2.7520766002779165,0.15348084949558388,0.31310874223005514
2026-01-13 12:00:00,LONG,1.1783336378741112,1.1761974863619997,1.1808970196886448,1.5,1.8,WIN,TP,8,0.4530066986021289,True,0.9746120566398617,0.001424101008074219,1.102136897319747,2.759315882819039,0.13320117631034897,0.3334831837107934
2026-01-13 13:00:00,LONG,1.1771198115248442,1.1750445400438996,1.1796101373019778,1.5,1.8,WIN,TP,4,0.19905682806871686,True,0.40649786547531075,0.0013835143206298067,0.0,2.1216080552468712,0.0,0.24936077861056788
2026-01-13 14:00:00,LONG,1.1787633186621043,1.176615162027479,1.1813411066236548,1.5,1.8,WIN,TP,6,0.9349597401995915,True,0.5789948421821796,0.0014321044230835975,0.2851057876511489,2.4438607170759314,0.034638103602117935,0.2969097940964974
2026-01-13 15:00:00,LONG,1.178661870239393,1.17656228396421,1.1811813737696126,1.5,1.8,WIN,TP,5,0.15161406894413199,True,0.5011028466355459,0.001399724183455353,0.21922378741298398,2.572872718499315,0.02603400046938868,0.3055424338368188
2026-01-13 17:00:00,LONG,1.1789267926264804,1.176852278335136,1.1814162097760936,1.5,1.8,WIN,TP,3,0.4406317971452177,True,0.6182683366044492,0.0013830095275628887,0.0,2.4124127212832063,0.0,0.28300228638587394
2026-01-13 18:00:00,LONG,1.180628120936107,1.1784687660064623,1.1832193468516803,1.5,1.8,WIN,TP,6,0.6490957158871338,True,1.0,0.0014395699530963377,1.133727627514838,1.8751034056974876,0.13823829863306145,0.2286361364703423
2026-01-13 19:00:00,LONG,1.180306333467225,1.1781254160775345,1.1829234343348536,1.5,1.8,WIN,TP,5,0.38526404736614334,True,0.814791812970102,0.0014539449264603377,0.28710205141314604,2.0778847504407345,0.03536629086808929,0.2559615165156192
2026-01-13 20:00:00,LONG,1.1808016856199797,1.178614004921574,1.1834269024580666,1.5,1.8,WIN,TP,5,0.32954462509255833,True,0.7912458519676506,0.0014584537989371174,0.6258564545879735,2.5121081745687763,0.07730194959061978,0.3102801897354292
2026-01-13 21:00:00,LONG,1.1809892616207123,1.1787757691985496,1.1836454525273072,1.5,1.8,WIN,TP,4,0.6452206408297037,True,0.721098908022156,0.0014756616147750337,0.7456714422184788,2.3557011139970387,0.09317262741285966,0.29434795241386724
2026-01-13 22:00:00,LONG,1.1807421561965414,1.1785723075013936,1.1833459746307189,1.5,1.8,WIN,TP,3,0.03936590637830528,True,0.5908907053125028,0.0014465657967652281,0.0,2.5739051360850964,0.0,0.3153375285568513
2026-01-13 23:00:00,LONG,1.181736886163125,1.1795656013249771,1.1843424279689023,1.5,1.8,WIN,TP,2,0.15885575615014585,True,0.5222835180214134,0.0014475232254318618,0.0,1.8850082122733642,0.0,0.2308968433958858
2026-01-14 00:00:00,LONG,1.1826381737607965,1.1804935447791582,1.1852117285387622,1.5,1.8,WIN,TP,3,0.3433550413659837,True,1.0,0.001429752654425433,0.0,2.6292003926525855,0.0,0.31785767818211413
2026-01-14 01:00:00,LONG,1.1839332297750094,1.1816593460976936,1.1866618901877883,1.5,1.8,WIN,TP,3,0.8281683792861765,True,1.0,0.0015159224515438607,0.0,2.0725333766392233,0.0,0.2653696845571658
2026-01-14 02:00:00,LONG,1.1848876074382866,1.182684119337664,1.1875317931590337,1.5,1.8,WIN,TP,7,0.5856482609859031,True,1.0,0.0014689920670817314,0.21494549015413084,1.8291435766345467,0.02664836883340078,0.2267723442089931
2026-01-14 03:00:00,LONG,1.185488783504667,1.1832578805987262,1.188165866991796,1.5,1.8,WIN,TP,8,0.1805017708036189,True,1.0,0.0014872686039605818,0.456393084059829,2.360288219855157,0.05725731988625382,0.296112676436366
2026-01-14 04:00:00,LONG,1.186358333190533,1.1841532423160184,1.1890044422399506,1.5,1.8,WIN,TP,11,0.21064808202116936,True,1.0,0.0014700605830097865,1.0532414845671454,2.3930881150098786,0.13051105619065975,0.2965364183082965
2026-01-14 05:00:00,LONG,1.1853767023720896,1.1830905011490729,1.1881201438397098,1.5,1.8,WIN,TP,5,1.0,True,1.0,0.0015241341486778661,0.0,1.8295422414266618,0.0,0.23523895830135189
2026-01-14 06:00:00,LONG,1.1866177392639832,1.1842530821248938,1.1894553278308906,1.5,1.8,WIN,TP,9,0.824965324432112,True,1.0,0.0015764380927263083,0.5434718685327918,2.0670513172259026,0.07220099005191417,0.27461062887161836
2026-01-14 07:00:00,LONG,1.1868947131362473,1.1845880662529509,1.189662689396203,1.5,1.8,WIN,TP,8,0.5081040724778663,True,0.5112779760416448,0.001537764588864248,0.5208147015124905,1.9389213312767406,0.06747779701786188,0.25121053542755395
2026-01-14 08:00:00,LONG,1.1866086410986267,1.1844004268078432,1.1892584982475671,1.5,1.8,WIN,TP,7,0.27462539316168544,True,0.5419026217393654,0.001472142860522409,0.2390851699605329,2.2196735718243157,0.02966163516964739,0.2753794712320693
2026-01-14 09:00:00,LONG,1.187409619783158,1.1852662396475127,1.1899816759459325,1.5,1.8,LOSS,TP,8,0.7069555017155686,True,0.508827059358892,0.0014289200904302746,0.8068654211435573,2.630853703566423,0.09709759726858722,0.3165950190546264
2026-01-14 11:00:00,LONG,1.1886447220557628,1.1864555486427253,1.1912717301514077,1.5,1.8,WIN,SL,2,0.7258902536613472,True,1.0,0.0014594489420249879,1.6362672337387814,0.0,0.20090515179507,0.0
2026-01-14 12:00:00,LONG,1.1879569222447977,1.1857866532298096,1.1905612450627832,1.5,1.8,WIN,TP,5,0.19768626985172272,True,0.6613366436187834,0.001446846009991993,1.175141418259508,2.2199855604447802,0.14312376487290987,0.270378259533176
2026-01-14 14:00:00,LONG,1.1881676067707532,1.1859584498145708,1.1908185951181722,1.5,1.8,WIN,TP,3,0.40185660793949485,True,0.3682396569795575,0.0014727713041216481,0.0,2.037853885402665,0.0,0.2525984303318012
2026-01-14 15:00:00,LONG,1.1891619467716676,1.1869654963840994,1.1917976872367495,1.5,1.8,WIN,SL,20,0.45693274739554773,True,1.0,0.0014643002583788636,1.8942994535066349,1.752443738468373,0.233258656379568,0.21579094638876645
2026-01-14 16:00:00,LONG,1.1899005419682853,1.1877567212499036,1.1924731268303435,1.5,1.8,WIN,SL,19,0.08284174046604534,True,0.42650339660884545,0.0014292138122544865,2.457587763088983,1.278681053000192,0.29518587915123395,0.15358498949777724
2026-01-14 17:00:00,LONG,1.1907957193083316,1.1886610696299211,1.1933572989224241,1.5,1.8,WIN,SL,11,0.3514527055736224,True,1.0,0.00142309978560692,2.0919574246685504,0.6551411867243543,0.25000628691156473,0.07829481306090284
2026-01-14 19:00:00,LONG,1.1897542545399644,1.1877199329293668,1.1921954404726816,1.5,1.8,WIN,SL,16,0.5971939190457741,True,0.7364656665261546,0.0013562144070650786,2.4820050059768715,1.4553716878795648,0.28292657367424523,0.1658994740472757
2026-01-15 02:00:00,LONG,1.1902661764591254,1.18813668074407,1.1928215713171915,1.5,1.8,WIN,SL,2,0.46235873122713,True,0.3315840229471731,0.0014196638100367753,1.7240147252010052,0.057770585508826904,0.2056280655323161,0.006890459558844144
2026-01-15 04:00:00,SHORT,1.1892556529735647,1.191301187651036,1.1868010113605993,1.5,1.8,WIN,TP,7,-0.7283771812076145,True,-0.539931098743261,0.0013636897849808197,1.0525651854892806,2.1027725019984063,0.12069502363846066,0.24111967632392053
2026-01-15 12:00:00,SHORT,1.1871219999434615,1.189091449804873,1.1847586601097677,1.5,1.8,WIN,SL,3,-0.46880602279727324,True,-1.0,0.0013129665742743293,1.7062796381514578,0.6445495772220915,0.18871591389633574,0.07128770677281374
2026-01-15 13:00:00,SHORT,1.1867814937098815,1.1887966089106188,1.1843633554689967,1.5,1.8,LOSS,SL,2,-0.36397362634842445,True,-1.0,0.0013434101338249166,1.921077041074384,0.0,0.21746162865837623,0.0
2026-01-15 14:00:00,SHORT,1.1873245922645614,1.1893395931172877,1.18490659124129,1.5,1.8,WIN,SL,1,-0.48312687631315476,True,-1.0,0.0013433339018175117,1.5168945021046567,0.0,0.17162078705632822,0.0
2026-01-15 16:00:00,LONG,1.1897570926823693,1.1876292652213511,1.192310485635591,1.5,1.8,WIN,SL,5,0.7372459232996957,True,0.9770220760453047,0.0014185516406788018,1.5667466977290352,0.49658999491096084,0.1868037696317364,0.0592086028617344
2026-01-15 17:00:00,LONG,1.1895449727716456,1.187345713746118,1.1921840836022788,1.5,1.8,WIN,TP,11,0.1800858288089469,True,1.0,0.0014661726836850647,1.371183087939577,2.503265064343384,0.16900505940382585,0.3085397308528636
2026-01-15 18:00:00,LONG,1.190118770586669,1.1880340357854289,1.192620452348157,1.5,1.8,WIN,SL,3,0.31618939685160646,True,1.0,0.0013898232008266373,1.8593652785147323,0.0,0.21713706789259207,0.0
2026-01-15 19:00:00,LONG,1.1898486019269456,1.1877189056749813,1.192404237429303,1.5,1.8,WIN,SL,2,0.07615121795343022,True,0.7578805117103926,0.0014197975013095579,1.6298242115749726,0.0,0.1944802338230627,0.0
2026-01-15 23:00:00,SHORT,1.1889724236992671,1.1912528263264408,1.186235940546659,1.5,1.8,WIN,SL,2,-0.40622046043899107,True,-0.4071096965030781,0.0015202684181157317,1.5016909862424652,0.0,0.1920123069844158,0.0
2026-01-16 01:00:00,LONG,1.1909807426712262,1.1888235015561934,1.1935694320092656,1.5,1.8,WIN,TP,5,0.6741247753478559,True,0.8052974609002315,0.0014381607433551372,0.47361409718687414,2.0777760929259097,0.057190950085897065,0.2509004472755571
2026-01-16 02:00:00,LONG,1.1913066268027857,1.1891935838201293,1.193842278381973,1.5,1.8,WIN,TP,4,0.6778447045726615,True,0.876824781294677,0.0014086953217708395,0.03401058662430319,1.889898999182962,0.0040216811684259295,0.22347662800411486
2026-01-16 03:00:00,LONG,1.1914147093394802,1.1893714588424884,1.1938666099358703,1.5,1.8,LOSS,TP,3,0.3268075861218107,True,0.9089495874334531,0.0013621669979945342,0.0,1.8751073442788637,0.0,0.214384573402648
2026-01-16 04:00:00,LONG,1.1923087690575784,1.190165141202635,1.1948811224835103,1.5,1.8,WIN,TP,8,0.5917530933242533,True,1.0,0.001429085236628864,0.3252894004258057,1.924170110784611,0.03898874954579191,0.23062843866008845
2026-01-16 05:00:00,LONG,1.1925327585770815,1.1905059441919914,1.1949649358391898,1.5,1.8,WIN,TP,7,0.5332745292900153,True,1.0,0.0013512095900601398,0.36263726543614927,1.869298143798185,0.04108893003116924,0.21180244822754404
2026-01-16 06:00:00,LONG,1.1924227632962157,1.1903953543284393,1.1948556540575472,1.5,1.8,WIN,TP,6,0.034664395697298955,True,0.631085014857654,0.0013516059785175147,0.28114974034181894,1.9501311042872322,0.03186819990371576,0.2210465063717348
2026-01-16 07:00:00,LONG,1.1930317213829156,1.1910042558669054,1.1954646800021278,1.5,1.8,WIN,TP,6,0.06188626419208548,True,0.679668834109784,0.0013516436773400706,0.5804667809250189,2.1942527670664087,0.06576390554257738,0.24859757087207804
2026-01-16 08:00:00,LONG,1.1927311366849727,1.1907109069301243,1.1951554123907908,1.5,1.8,WIN,TP,5,0.40379718984207646,True,0.5604153529582718,0.0013468198365656253,0.3195794826147455,2.42529289245067,0.036086589282912404,0.2738616002021018
2026-01-16 12:00:00,LONG,1.1949768168642754,1.1930336397204346,1.1973086294368842,1.5,1.8,WIN,TP,2,0.8648645750166699,True,0.8300995765348226,0.0012954514292271252,0.0,3.1866170127535596,0.0,0.3454550335464741
2026-01-16 13:00:00,LONG,1.1957908302056186,1.193844114338598,1.1981268892460433,1.5,1.8,WIN,TP,1,0.26722868416518597,True,1.0,0.0012978105780137186,0.0,2.553603952974411,0.0,0.27714664960743773
2026-01-16 14:00:00,LONG,1.19820896941198,1.1960572902476787,1.2007909844091416,1.5,1.8,LOSS,TP,4,0.6890708596176146,True,1.0,0.001434452776200896,0.5162192283873243,2.407853048138569,0.0617999133867173,0.2882595254883782
2026-01-16 15:00:00,LONG,1.1977526875969042,1.1957254466701404,1.200185376709021,1.5,1.8,LOSS,TP,3,0.7247596449586056,True,1.0,0.0013514939511759844,0.21029342378147375,2.8932673366828277,0.023728628886065903,0.326464164526914
2026-01-16 16:00:00,LONG,1.1988547137317955,1.196737174646955,1.201395760633604,1.5,1.8,LOSS,TP,2,0.4063608762423666,True,1.0,0.001411692723227022,0.9819675360621094,1.9892481724714466,0.1156300600252862,0.23424082481431005
2026-01-16 17:00:00,LONG,1.199137661967354,1.1968579159939647,1.201873357135421,1.5,1.8,WIN,SL,5,0.5365589550707806,True,1.0,0.0015198306489260874,1.9212768348332505,1.6615396827248685,0.2435096078844344,0.21058957735254016
2026-01-16 18:00:00,LONG,1.2011167465106785,1.1987593458967876,1.2039456272473477,1.5,1.8,WIN,SL,3,0.41403243299117787,True,1.0,0.0015716004092606159,1.787237504427122,0.0,0.2338509725689363,0.0
2026-01-16 19:00:00,LONG,1.2005039375482998,1.1981570728923607,1.2033201751354266,1.5,1.8,LOSS,SL,3,1.0,True,0.9850250805613006,0.0015645764372926546,2.7395855500764807,0.14025194398257113,0.3570409780038433,0.01827856452414106
2026-01-16 20:00:00,LONG,1.2005730014268208,1.1982415032455112,1.2033707992443923,1.5,1.8,WIN,SL,2,0.509627197865187,True,0.9563427814657102,0.001554332120873081,2.8020748073273256,0.0,0.36277301529702827,0.0
2026-01-16 21:00:00,LONG,1.1997516212444481,1.1973314384807352,1.2026558405609036,1.5,1.8,WIN,SL,1,0.3217726912041236,True,0.3726423171814111,0.0016134551758085758,2.190314765933563,0.0,0.29455885978131247,0.0
2026-01-16 22:00:00,SHORT,1.197332410548845,1.200040266527255,1.1940829833747533,1.5,1.8,WIN,SL,6,-0.3509889736608136,True,-0.5435873691713003,0.0018052373189398896,2.0662798627374426,0.5780949523661612,0.31153633583490586,0.0871603050838486
2026-01-16 23:00:00,SHORT,1.1972796549568956,1.2000054605938044,1.1940086881926049,1.5,1.8,WIN,SL,5,-0.643890369875237,True,-1.0,0.0018172037579392722,2.0817044291317357,0.5452569562570156,0.31595635120628596,0.0827578574354419
2026-01-17 00:00:00,SHORT,1.1965850756951613,1.1993349097340633,1.1932852748484788,1.5,1.8,WIN,SL,3,-0.8906007985105031,True,-1.0,0.0018332226926013964,1.6919366639315572,0.0,0.25921238278537684,0.0
2026-01-17 01:00:00,SHORT,1.1969441324603018,1.1996137359123822,1.1937406083178053,1.5,1.8,WIN,SL,2,-0.17003941258240013,True,-1.0,0.0017797356347202728,1.541037819391708,0.03536751936797388,0.2291368366529847,0.005258794694240267
2026-01-17 02:00:00,SHORT,1.1971149383306867,1.1997778697560455,1.1939194206202561,1.5,1.8,WIN,SL,2,-0.18566082796154396,True,-0.8323841543610484,0.0017752876169058343,2.223638412251303,0.0,0.32975929138856164,0.0
2026-01-17 03:00:00,LONG,1.199305382975652,1.1964762642302746,1.2027003254701047,1.5,1.8,WIN,TP,12,0.2879087174763619,True,0.7564753016165947,0.0018860791635848845,0.39639984300563885,2.306639363844595,0.062339542117808816,0.36275201494199466
2026-01-17 04:00:00,LONG,1.2010167516768826,1.1983544480525175,1.2042115160261209,1.5,1.8,WIN,TP,28,0.2298890290808172,True,1.0,0.001774869082910088,1.3854600371651749,2.122062160273814,0.2047440372616463,0.31359949934292664
2026-01-17 05:00:00,LONG,1.2002668323193304,1.1974864859022292,1.2036032480198517,1.5,1.8,WIN,TP,10,0.5539725579260429,True,1.0,0.0018535642780674402,0.9220564122015028,1.8283990139834785,0.14239257321783844,0.2823584728926217
2026-01-17 06:00:00,LONG,1.1986799091556135,1.1959524420620464,1.201952869667894,1.5,1.8,WIN,TP,4,0.3505622800578981,True,0.9997426438939777,0.001818311395711425,0.06718742707711102,2.0168930507192475,0.010191850499012695,0.305948201020352
2026-01-17 07:00:00,LONG,1.2003791162539892,1.1976743146038047,1.2036248782342105,1.5,1.8,WIN,TP,8,0.43338722941036356,True,1.0,0.00180320110012295,1.0100785556055445,1.8171967416675243,0.15173329309180783,0.27297802163873913
2026-01-17 10:00:00,LONG,1.202338710944275,1.1995995247884965,1.2056257343312091,1.5,1.8,WIN,SL,2,0.49181578131533565,True,0.8414296414374217,0.0018261241038523318,1.7768702750635836,0.025439709575078354,0.2698728410868508,0.003863808627900583
2026-01-17 11:00:00,LONG,1.2015937883960925,1.1989504258473997,1.204765823454524,1.5,1.8,WIN,TP,21,0.8284168652719053,True,1.0,0.001762241699128578,1.4185699338326498,1.8098231375699256,0.20804560698227498,0.26542628897330034
2026-01-17 13:00:00,LONG,1.2022496158201796,1.1996393125725076,1.205381979717386,1.5,1.8,WIN,TP,21,0.3999312568388491,True,1.0,0.0017402021651146602,1.1926118665576282,2.152159213422616,0.1726251957177116,0.31151535201901603
2026-01-17 15:00:00,LONG,1.2026814643772543,1.1998970246684881,1.2060227920277737,1.5,1.8,WIN,TP,21,0.55591868784818,True,0.4512608066787825,0.0018562931391775037,1.3506672284047854,3.209667311863039,0.2084703542594246,0.49539995306560597
2026-01-17 17:00:00,LONG,1.201412892626812,1.1988696773980845,1.204464750901285,1.5,1.8,WIN,TP,15,0.2321923866858065,True,0.4471417085275319,0.0016954768191516725,0.7305688553011819,1.9877839273793962,0.1031004883133117,0.2805231732602121
2026-01-17 20:00:00,SHORT,1.201420833259939,1.2038577502919707,1.198496532821501,1.5,1.8,WIN,SL,12,-0.5118038610812109,True,-0.6953441649038481,0.0016246113546878169,2.0696032485093014,0.7673239439619125,0.2798603823194679,0.10376074374387402
2026-01-18 02:00:00,LONG,1.2032586831111425,1.2012250326025184,1.2056990637214913,1.5,1.8,WIN,SL,2,0.04069856097784655,True,0.3947244578629804,0.0013557670057493373,2.2750612975590685,0.0,0.2563416401295112,0.0
2026-01-18 03:00:00,LONG,1.2023919490487869,1.2004519706677441,1.2047199231060381,1.5,1.8,WIN,SL,1,0.47763519741932614,True,0.3722275873256291,0.0012933189206951587,1.7147502796450516,0.0,0.1844422679881297,0.0
2026-01-18 08:00:00,LONG,1.2043814743047758,1.2022886919492208,1.2068928131314418,1.5,1.8,WIN,TP,4,0.17062812729946378,True,0.6929380128567618,0.0013951882370366914,0.68154029993222,3.0519706011685455,0.078951480890287,0.3535485702310482
2026-01-18 09:00:00,LONG,1.204354978950856,1.2022708883252353,1.206855887701601,1.5,1.8,WIN,TP,3,0.42273021961841195,True,1.0,0.0013893937504138032,0.0,3.0837686114363354,0.0,0.35575631033503863
2026-01-18 10:00:00,LONG,1.205842890833348,1.2036922208200276,1.2084236948493325,1.5,1.8,WIN,TP,2,0.40211203267856277,True,1.0,0.0014337800088803127,0.24831924521976925,1.950548157066246,0.029525833947596634,0.23192548342903718
2026-01-18 11:00:00,LONG,1.2058310044640437,1.203776223677422,1.2082967414079897,1.5,1.8,WIN,TP,1,0.5071595054673482,True,1.0,0.001369853857747762,0.0,2.0502503295365773,0.0,0.23291351050577902
2026-01-18 12:00:00,LONG,1.2082903539197216,1.2061179334449483,1.2108972584894495,1.5,1.8,WIN,TP,3,0.11405267410637648,True,1.0,0.0014482803165155125,0.0,2.063533637972125,0.0,0.24733915491815936
2026-01-18 13:00:00,LONG,1.2099643313061728,1.2077074978996125,1.212672531394045,1.5,1.8,WIN,TP,4,0.4324985290629915,True,1.0,0.0015045556043734745,0.27608527535048083,2.512936356172147,0.03433040442317382,0.3124763582105913
2026-01-18 14:00:00,LONG,1.2097807769428253,1.2075343170166075,1.2124765288542867,1.5,1.8,WIN,TP,3,0.9354971904556216,True,1.0,0.0014976399508118846,0.0,2.6471027561137195,0.0,0.3276962997774195
2026-01-18 15:00:00,LONG,1.2108824982072588,1.2085975101486504,1.213624483877589,1.5,1.8,WIN,TP,2,0.17224155145656983,True,1.0,0.001523325372405642,0.0,1.8792344884966101,0.0,0.23641315992797823
2026-01-18 16:00:00,LONG,1.2114035480470453,1.2091152647354317,1.2141494880209815,1.5,1.8,WIN,TP,4,0.10120361542549028,True,1.0,0.0015255222077423486,0.0,2.2548793305390338,0.0,0.2839572741933976
2026-01-18 17:00:00,LONG,1.213325281654601,1.210916049147808,1.2162163606627525,1.5,1.8,WIN,SL,6,0.12539350170133162,True,1.0,0.0016061550045287007,2.1799303787430757,0.9451982421872873,0.2885710979802248,0.12512183747548516
2026-01-18 18:00:00,LONG,1.212399842050302,1.2100856899888746,1.2151768245240149,1.5,1.8,WIN,SL,5,1.0,True,1.0,0.001542768040951627,1.6696395146054723,1.583889752961565,0.21246014670269464,0.2015485656223376
2026-01-18 19:00:00,LONG,1.2131012709962916,1.210915611692941,1.2157240621603125,1.5,1.8,WIN,SL,4,0.6394555942611133,True,1.0,0.0014571062022338266,2.2491808929292243,1.1956201563066458,0.27015843667704864,0.1436108911038736
2026-01-18 20:00:00,LONG,1.2147680707732065,1.2125060546334012,1.2174824901409727,1.5,1.8,WIN,SL,1,0.4189203846975852,True,1.0,0.0015080107598701392,1.643071205542052,0.0,0.20397054522622596,0.0
2026-01-18 21:00:00,LONG,1.2125441522812455,1.2101232126414319,1.2154492798490217,1.5,1.8,WIN,SL,2,0.27457101584331367,True,0.5081497838817455,0.0016139597598756922,1.6854055358829652,0.0,0.22433630221787562,0.0
2026-01-18 22:00:00,SHORT,1.211808293758573,1.2140896508968637,1.2090706651926242,1.5,1.8,WIN,SL,6,-0.18982489039799957,True,-0.5162334203440897,0.0015209047588604324,1.8022867724403235,1.5072409142232148,0.22619968382406572,0.18916935054811088
2026-01-18 23:00:00,SHORT,1.210423868322816,1.212802016206571,1.2075700908623097,1.5,1.8,WIN,SL,3,-0.6655342778491388,True,-0.9467985702606493,0.0015854319225033775,1.820021934799108,0.5726795522071257,0.23838929077671725,0.07501045437018522
2026-01-19 00:00:00,SHORT,1.2101275104435851,1.2124353697619736,1.2073580792615188,1.5,1.8,LOSS,SL,2,-0.6551650246127309,True,-1.0,0.0015385728789257178,2.068071521278425,0.15666187629493522,0.2629374778159769,0.01991820795319734
2026-01-19 01:00:00,SHORT,1.2108880912209299,1.2132539496609152,1.2080490610929475,1.5,1.8,WIN,SL,1,-0.547304939660609,True,-1.0,0.0015772389599901476,1.5351497384949235,0.0,0.19996050787249076,0.0
2026-01-19 03:00:00,LONG,1.2128256492117253,1.2106368052316245,1.2154522619878463,1.5,1.8,WIN,SL,7,0.05532546367128567,True,0.34881169155528446,0.0014592293200672251,1.7373416443559007,1.2049866182420759,0.209030858480415,0.1449797672707803
2026-01-19 04:00:00,LONG,1.2140840352937816,1.211836018689669,1.2167816552187167,1.5,1.8,WIN,SL,3,0.6059274731991037,True,1.0,0.001498677736075054,1.8407026840745235,0.33360455656101407,0.22721821975762632,0.041180487267522804
2026-01-19 05:00:00,LONG,1.2132565315742145,1.2109601063983808,1.2160122417852148,1.5,1.8,WIN,SL,5,0.20085404611397017,True,1.0,0.0015309501172224374,1.9373996549857624,0.0,0.24447115277909628,0.0
2026-01-19 06:00:00,LONG,1.212348062268639,1.2099883549358106,1.215179711068033,1.5,1.8,WIN,SL,6,0.9850660045796743,True,0.4041623565906372,0.0015731382218855394,1.8897839230941762,0.27575612692999335,0.24521764112536695,0.03578200986117207
2026-01-19 09:00:00,SHORT,1.2125271981715247,1.2147537471945693,1.2098553393438711,1.5,1.8,WIN,TP,3,-1.0,True,-0.7625599393807057,0.001484366015363043,0.0,2.1234838246004295,0.0,0.25995517693650344
2026-01-19 10:00:00,SHORT,1.2108277081815837,1.213107248270444,1.2080922600749513,1.5,1.8,LOSS,TP,16,-0.7062509855413336,True,-1.0,0.0015196933925735495,0.7344487197606676,2.187635654395378,0.09217966016656483,0.2745671763933899
2026-01-19 12:00:00,SHORT,1.2099921951284636,1.2121242885993815,1.2074336829633623,1.5,1.8,WIN,TP,15,-0.2972977785938894,True,-0.8888774938578418,0.001421395647278548,1.3730518476408826,2.180035331562391,0.16129442219396417,0.2560919602351025
2026-01-19 13:00:00,SHORT,1.2107304799603686,1.2127534870803025,1.208302871416448,1.5,1.8,LOSS,TP,12,-0.4204286745558278,True,-0.7743482429024879,0.0013486714132891883,0.8996743579373732,1.923009128968918,0.10021760481813903,0.21421013864451616
2026-01-19 14:00:00,SHORT,1.211427527159235,1.2134978171434514,1.208943179178175,1.5,1.8,WIN,TP,3,-0.4873489371826176,True,-0.6138323976793839,0.0013801933228110297,0.37409099176160393,1.9544811951300334,0.04262061719563805,0.22267629177982304
2026-01-19 16:00:00,SHORT,1.210045080558299,1.2121342792341272,1.207538042147305,1.5,1.8,WIN,TP,10,-0.2857242380479117,True,-0.32989863343011905,0.0013927991172188697,0.7869086234816187,1.8250354948055203,0.09057560364705022,0.21006720054474573
2026-01-19 18:00:00,SHORT,1.2095402008989062,1.2116719041684694,1.2069821569754304,1.5,1.8,WIN,TP,9,-0.3816519070589977,True,-0.5239771603929257,0.0014211355130421108,1.1264832106566307,1.8623829165828985,0.13235486462707802,0.21881856425044213
2026-01-19 20:00:00,SHORT,1.209994327126108,1.2119348052738677,1.2076657533487964,1.5,1.8,WIN,TP,6,-0.38423637625378265,True,-0.3057288729579256,0.0012936520985064354,0.8864509010050309,1.9256756872604224,0.09477392105066962,0.20588149365824543
2026-01-19 22:00:00,LONG,1.2097674911148657,1.2077825408561278,1.2121494314253511,1.5,1.8,WIN,SL,4,0.3866465042115869,True,0.3152387206326521,0.0013233001724919527,1.711114703749307,0.6762955338765865,0.18716971643355068,0.07397636349193737
2026-01-20 00:00:00,SHORT,1.2093817243598237,1.2112666670111334,1.207119793178252,1.5,1.8,LOSS,TP,3,-0.4541300584749651,True,-0.4022369922142281,0.0012566284342064543,0.13764397775840886,1.980077718142406,0.014302129159431128,0.20574330771150856
2026-01-20 02:00:00,SHORT,1.20822754730357,1.2102310213764618,1.2058233784160999,1.5,1.8,WIN,SL,7,-0.7001235180411374,True,-0.8447886122918562,0.001335649381927825,1.5599667601736602,0.9987987299309895,0.17244836402744254,0.11041338275061202
2026-01-20 03:00:00,SHORT,1.2078571486099363,1.2099000368961323,1.2054056826665012,1.5,1.8,WIN,SL,1,-0.517245724763241,True,-1.0,0.0013619255241306297,1.7084703567141646,0.0,0.19263945150363132,0.0
2026-01-20 07:00:00,LONG,1.2092965791808268,1.2073089559587873,1.2116817270472742,1.5,1.8,LOSS,TP,4,0.4986051836227727,True,0.49277202252679286,0.0013250821480263544,0.8497496686269743,1.9581277065478149,0.0931109982095256,0.21456110206314521
2026-01-20 08:00:00,LONG,1.2095335255209816,1.2075392467194335,1.2119266600828391,1.5,1.8,WIN,SL,8,0.4471223270261408,True,0.9277979052406926,0.0013295192010320176,2.2776535190703666,1.7733732055297406,0.25035966535924414,0.19492917538866428
2026-01-20 11:00:00,LONG,1.2115970460756047,1.2094200309567096,1.2142094642182788,1.5,1.8,WIN,SL,4,0.3936639798568945,True,0.870887557538756,0.001451343412596768,2.28472741328976,0.0,0.2736820869279694,0.0
2026-01-20 13:00:00,LONG,1.2108221880121486,1.2088089299777496,1.2132380976534274,1.5,1.8,WIN,SL,2,0.24203783183689462,True,0.3872625507346919,0.0013421720229326148,1.8932491319920806,0.2565203259848338,0.20986285538531382,0.02843476178906492
2026-01-20 14:00:00,LONG,1.2106114377968984,1.2085043900247177,1.2131398951235153,1.5,1.8,WIN,SL,1,0.11212101063182017,True,0.36594876022725953,0.0014046985147871155,1.658943736054425,0.0,0.19249081326968193,0.0
2026-01-20 16:00:00,SHORT,1.2069799418729474,1.2091804405837006,1.2043393434200438,1.5,1.8,WIN,SL,2,-0.2864517894206998,True,-1.0,0.0014669991405020153,2.6887814646250874,0.0,0.3268024563425565,0.0
2026-01-20 17:00:00,SHORT,1.2083466781852032,1.2106332763509868,1.2056027603862631,1.5,1.8,WIN,SL,1,-0.6345033728800232,True,-0.9533541332360067,0.001524398777189002,1.690964217447247,0.0,0.21332485385885724,0.0
2026-01-20 20:00:00,LONG,1.2107818695544352,1.2085698613554199,1.2134362793932536,1.5,1.8,WIN,TP,2,0.32823182223401814,True,1.0,0.0014746721326768558,0.0,3.5752811019679394,0.0,0.43545146653860445
2026-01-20 21:00:00,LONG,1.2118880892425088,1.209581262100012,1.214656281813505,1.5,1.8,WIN,TP,1,0.49028816408463655,True,1.0,0.0015378847616644986,0.0,2.709011639451848,0.0,0.3437733035307584
2026-01-20 22:00:00,LONG,1.2152719210357201,1.2126719148174991,1.2183919284975853,1.5,1.8,WIN,SL,6,0.8950094193544607,True,1.0,0.0017333374788139424,1.6175360165496,1.0708024788353954,0.23070851488342925,0.15272812914087805
2026-01-20 23:00:00,LONG,1.2161020060977203,1.213454739332257,1.2192787262162763,1.5,1.8,WIN,SL,3,0.25126094494088647,True,1.0,0.0017648445103088304,1.5744112493549645,0.37929932717799186,0.22848338679323757,0.05504508108509128
2026-01-21 00:00:00,LONG,1.2163675092784973,1.213782957974796,1.219468970842939,1.5,1.8,WIN,SL,2,0.3656976902130813,True,1.0,0.001723034202467555,1.7667056328946562,0.0,0.25026106073609455,0.0
2026-01-21 01:00:00,LONG,1.2152252783339546,1.2126666727820412,1.2182956049962508,1.5,1.8,WIN,SL,3,0.40777029636520506,True,1.0,0.0017057370346089673,1.616364681724406,0.0,0.22687917608422084,0.0
2026-01-21 02:00:00,LONG,1.2135274601400545,1.2108742106000465,1.216711359588064,1.5,1.8,WIN,TP,11,1.0,True,0.9791730386694202,0.0017688330266719835,1.4192569492914375,1.9732413477234634,0.20687035503512116,0.287618910992354
2026-01-21 04:00:00,SHORT,1.2139100911813396,1.2166979505529392,1.21056465993542,1.5,1.8,WIN,SL,9,-0.12483680701836541,True,-0.928914617465436,0.0018585729143997412,1.6720912050774055,1.556602694524843,0.2560077098575371,0.23832569047268498
2026-01-21 05:00:00,SHORT,1.212566430067436,1.2152637971333682,1.2093295895883174,1.5,1.8,LOSS,SL,6,-0.2695622864364847,True,-1.0,0.001798244710621463,2.082605010565411,0.8616171555907698,0.30885181642004794,0.12777844200549435
2026-01-21 06:00:00,SHORT,1.212030171337177,1.2146256728225024,1.2089155695547866,1.5,1.8,WIN,SL,4,-0.24938184020441023,True,-1.0,0.0017303343235501867,1.5307776108888893,0.5855167689699716,0.21853887011087733,0.08359030874992134
2026-01-21 07:00:00,SHORT,1.2115140385002467,1.214082986098439,1.208431301382416,1.5,1.8,WIN,SL,3,-0.3579279388003135,True,-1.0,0.0017126317321281956,1.8479687252090464,0.0,0.26123427200987054,0.0
2026-01-21 08:00:00,SHORT,1.2127646065186724,1.215213751934148,1.2098256320201017,1.5,1.8,WIN,SL,3,-0.14826343405522358,True,-0.5156883881459025,0.0016327636103169927,2.1723028189230473,0.0,0.29246046382472213,0.0
2026-01-21 10:00:00,LONG,1.2139717076135303,1.2114784485048467,1.2169636185439507,1.5,1.8,WIN,TP,3,0.4635074222350002,True,0.7122961106642367,0.0016621727391223917,0.0,1.83259352068334,0.0,0.25091910897662373
2026-01-21 11:00:00,LONG,1.215911310349346,1.2133317990179742,1.219006723946992,1.5,1.8,WIN,TP,10,0.4674969222821126,True,1.0,0.0017196742209144894,0.7054843605238383,1.9482443476800573,0.09977728290911451,0.275541937329719
2026-01-21 12:00:00,LONG,1.2158280323524346,1.2135442033537633,1.2185686271508402,1.5,1.8,WIN,TP,9,0.6636370708548486,True,1.0,0.001522552665780909,0.7421255740669778,2.2551755711504384,0.0929346289995994,0.28241029868472156
2026-01-21 13:00:00,LONG,1.2152919867098373,1.2130141683731999,1.2180253687138023,1.5,1.8,WIN,TP,2,0.4787422500078659,True,1.0,0.001518545557758306,0.0,1.8998356876452986,0.0,0.2373904440656271
2026-01-21 14:00:00,LONG,1.216950553000382,1.2145001028210318,1.219891093215602,1.5,1.8,WIN,SL,31,0.7289492878183976,True,1.0,0.0016336334529000343,1.899373167115457,1.414701030766195,0.2549717026456311,0.18990935367207903
2026-01-21 15:00:00,LONG,1.2177897526504065,1.2153727836414188,1.2206901154611915,1.5,1.8,WIN,SL,4,0.781979771344754,True,1.0,0.0016113126726584445,1.9187123775368116,0.09874944066311271,0.2538735083279358,0.013065984896991038
2026-01-21 17:00:00,LONG,1.2170649702255951,1.2147068757270878,1.2198946836238038,1.5,1.8,LOSS,SL,2,0.05494198592139066,True,0.37021966274235624,0.0015720629990048402,1.5055777954182732,0.13224268777534331,0.19447303161322804,0.017081572588687005
2026-01-21 19:00:00,SHORT,1.2152507499879317,1.2176272553293437,1.2123989435782374,1.5,1.8,WIN,SL,2,-0.3311725243698453,True,-0.8057117815248872,0.0015843368942745867,2.531599154609399,0.0,0.33004760064553385,0.0
2026-01-21 20:00:00,SHORT,1.2167464964191943,1.2191827433397473,1.2138230001145307,1.5,1.8,WIN,SL,1,-0.41518326738059746,True,-0.6499415080487947,0.0016241646137020568,1.5485865716323344,0.0,0.2067118761633071,0.0
2026-01-21 21:00:00,LONG,1.2187298124638009,1.2162265631177955,1.2217337116790072,1.5,1.8,WIN,SL,5,0.6758771223909279,True,0.5382571624298926,0.001668832897336833,1.7254636419248799,0.0,0.23627144091778662,0.0
2026-01-21 23:00:00,LONG,1.217918001982081,1.2153736447154506,1.2209712307020375,1.5,1.8,LOSS,SL,4,0.16998081713556287,True,0.6312796201493537,0.00169623817775363,1.9985549285894062,0.033042722641799346,0.2783459284363963,0.004601978749860777
2026-01-22 00:00:00,LONG,1.217454750792844,1.2148926020184265,1.2205293293221446,1.5,1.8,LOSS,SL,3,0.7447806539579171,True,0.9264183840084838,0.001708099182944884,1.7134684040583619,0.0,0.2404010480938168,0.0
2026-01-22 01:00:00,LONG,1.2173828708331578,1.2150614233271724,1.2201686078403402,1.5,1.8,WIN,SL,2,0.0832807567843184,True,0.3574829882651025,0.0015476316706569523,1.844685706177059,0.0,0.23451077632905717,0.0
2026-01-22 02:00:00,SHORT,1.2166546580586313,1.2189896187336036,1.2138527052486643,1.5,1.8,WIN,TP,19,-0.47465083160815214,True,-0.6505031296801033,0.0015566404499816056,0.8283508596731599,1.8032324700434366,0.10598278208228734,0.2307133404699123
2026-01-22 03:00:00,SHORT,1.2155647660332831,1.2179347322821954,1.2127208065345885,1.5,1.8,WIN,SL,12,-0.09894531716914519,True,-0.4340658831234038,0.0015799774992748539,1.505930610647586,0.6178842041138046,0.1957391779342902,0.08031189838143368
2026-01-22 05:00:00,SHORT,1.2153954812474945,1.2176882918732326,1.2126441084966086,1.5,1.8,WIN,SL,10,-0.10065371958814362,True,-0.7134385841201806,0.0015285404171587746,1.6673561506593026,0.37915777980929116,0.20969481172211432,0.04768472483736935
2026-01-22 06:00:00,SHORT,1.215894169212049,1.2181236893071432,1.2132187450979361,1.5,1.8,WIN,TP,16,-0.03383530513563515,True,-0.40782918944015595,0.0014863467300627123,1.379175706492107,2.6286509465918315,0.1685947143619348,0.3213344415883645
2026-01-22 09:00:00,SHORT,1.215159043183001,1.217310275637638,1.2125775642374368,1.5,1.8,WIN,SL,2,-0.3872405756779427,True,-0.3216504491906212,0.0014341549697579772,1.5047538669864877,0.2392488494343961,0.17759405640831877,0.028236626995462668
2026-01-22 15:00:00,LONG,1.2178508433700495,1.2157503227774709,1.2203714680811437,1.5,1.8,WIN,SL,1,0.38506815975015424,True,0.8428671499330156,0.0014003470617190508,1.8918669221330575,0.0,0.21753651524692494,0.0
2026-01-22 21:00:00,SHORT,1.2146504471464048,1.217034400817262,1.211789702741376,1.5,1.8,WIN,TP,8,-0.8661214153439202,True,-0.46347661319022754,0.0015893024472381897,0.33672126106378475,1.8497723232396919,0.04405810128362792,0.242032404225013
2026-01-22 22:00:00,SHORT,1.213118429972348,1.2156984971193854,1.2100223493959033,1.5,1.8,WIN,SL,32,-0.44592908436220563,True,-1.0,0.0017200447646915798,1.7244158013170512,1.7345744383865724,0.24449981946729127,0.24594018259063694
2026-01-22 23:00:00,SHORT,1.2132416626098574,1.2158304585508304,1.21013510748069,1.5,1.8,WIN,TP,10,-0.5339926710847409,True,-1.0,0.0017258639606485865,1.1263555558936533,1.8001293207701452,0.16022664904298403,0.25607250517105434
2026-01-23 00:00:00,SHORT,1.2142872989773477,1.2169376347960885,1.2111068959948588,1.5,1.8,WIN,TP,6,-0.46778109331281487,True,-1.0,0.0017668905458271742,0.508407323489525,2.1567175763260384,0.07397755819891,0.31382061715041143
2026-01-23 01:00:00,SHORT,1.2132772683490796,1.2159039170322887,1.2101252899292287,1.5,1.8,WIN,SL,29,-0.5950299426848605,True,-1.0,0.001751099122139396,1.6031268355874866,1.794520948995134,0.2313761303955848,0.2589996648269866
2026-01-23 05:00:00,SHORT,1.2120276441247546,1.2148224027968064,1.2086739337182923,1.5,1.8,WIN,SL,19,-0.4800211317447192,True,-0.897648750151309,0.001863172448034562,1.600993029019821,1.0158801114292089,0.24611040149329255,0.15616474123311005
2026-01-23 06:00:00,SHORT,1.2108755468118146,1.213552636779309,1.2076630388508214,1.5,1.8,WIN,SL,9,-0.544262380848728,True,-0.7955368342134503,0.0017847266449962929,1.8947371515095952,0.4150005398629272,0.279267996489576,0.06116751825828395
2026-01-23 07:00:00,SHORT,1.2112293562000702,1.2140189315392569,1.2078818657930461,1.5,1.8,WIN,SL,8,-0.6828321887017639,True,-1.0,0.0018597168927911062,1.628085706509777,0.5885153346078287,0.24997565290250848,0.09036041801945932
2026-01-23 08:00:00,SHORT,1.211256229395953,1.2139372853797377,1.2080389622154115,1.5,1.8,WIN,SL,7,-1.0,True,-0.7100840224701648,0.001787370655856435,1.6789496267002724,0.6273713298612253,0.24775148499518704,0.09257703515620233
2026-01-23 09:00:00,SHORT,1.2104132351927512,1.2130345207379212,1.2072676925385473,1.5,1.8,WIN,SL,3,-0.31270558868045994,True,-0.8377032221223668,0.0017475236967799482,1.714008485881353,0.018146947526426066,0.24745850082204401,0.002619949939790755
2026-01-23 12:00:00,LONG,1.212141504774079,1.2098527723540673,1.2148879836780928,1.5,1.8,LOSS,TP,12,0.173906326676065,True,0.39961451411198157,0.001525821613341091,1.0595569320150082,1.880341336598618,0.1333750936723513,0.23669393717984996
2026-01-23 14:00:00,LONG,1.2123642924410423,1.2100939092477432,1.2150887522730012,1.5,1.8,WIN,TP,12,0.07336321725870754,True,0.658662022971961,0.0015135887955327768,1.215311939297068,1.9874183161000565,0.15172688158717829,0.24812130430111215
2026-01-23 15:00:00,LONG,1.2131133553262945,1.2108384515015218,1.2158432399160217,1.5,1.8,WIN,SL,2,0.26730567038003367,True,0.8343444771822661,0.0015166025498484226,1.706805398624836,0.0,0.21338034143999932,0.0
2026-01-23 17:00:00,SHORT,1.211269946118618,1.2134223163790663,1.2086871018060803,1.5,1.8,WIN,SL,7,-0.08245506501482147,True,-0.5829160748885803,0.00143491350696542,2.6068638208113533,0.0,0.3088183702805567,0.0
2026-01-23 20:00:00,SHORT,1.2123194320820707,1.2142610487941907,1.2099894920275267,1.5,1.8,WIN,SL,4,-0.6240502434088164,True,-0.6212291642783835,0.0012944111414133447,2.0790443296946743,0.39977790673902114,0.22198259572785953,0.042684870247865686
2026-01-23 22:00:00,LONG,1.2121107215941742,1.2103784730027736,1.214189419903855,1.5,1.8,WIN,TP,2,0.8460701621934658,True,0.48524565683357873,0.0011548323942671055,0.24864333597891805,2.5110558433770525,0.023689368792105432,0.23923958266218714
2026-01-24 00:00:00,LONG,1.2132962715158284,1.2114138802983405,1.215555140976814,1.5,1.8,LOSS,TP,6,0.6368696076370064,True,0.7422347669943253,0.0012549274783253247,0.0,2.221826261583927,0.0,0.2298062635800432
2026-01-24 01:00:00,LONG,1.2136862904339798,1.2117755883524925,1.2159791329317646,1.5,1.8,WIN,TP,5,0.7486998283604578,True,0.6958233230485524,0.0012738013876582022,0.003396858817932413,1.8827204404165956,0.00035651086364451917,0.19759734689905645
2026-01-24 02:00:00,LONG,1.2149257293730538,1.212993023237736,1.2172449767354352,1.5,1.8,WIN,TP,8,0.39199554205235415,True,1.0,0.0012884707568785617,0.9653039123395123,2.3902327364100975,0.10237381861949346,0.2534924488419136
2026-01-24 03:00:00,LONG,1.2139811114408479,1.212118035038694,1.2162168031234324,1.5,1.8,WIN,TP,6,0.22696766086848957,True,0.8743700683684034,0.0012420509347692407,0.24084996997293193,2.580965223058698,0.024641893314877976,0.2640642624251537
2026-01-24 04:00:00,LONG,1.2142200789316495,1.212397615882069,1.216407034591146,1.5,1.8,WIN,TP,5,0.5429995244579965,True,0.7410250392160415,0.0012149753663869278,0.44290233039532123,2.4417966480486673,0.04431778311713876,0.24433155311643495
2026-01-24 09:00:00,LONG,1.2171292517259926,1.215098843124588,1.2195657420476782,1.5,1.8,WIN,TP,3,0.14233254531316936,True,1.0,0.001353605734269744,0.0,2.742131951283639,0.0,0.30496067103129904
2026-01-24 10:00:00,LONG,1.2180019805363809,1.2159423245378775,1.220473567734585,1.5,1.8,LOSS,TP,2,0.5199920006505273,True,1.0,0.0013731039990022723,0.14328144689352457,2.0676050212194252,0.01615271000016685,0.23308966392183716
2026-01-24 11:00:00,LONG,1.2178214178360103,1.2156802751418376,1.2203907890690175,1.5,1.8,WIN,TP,1,0.5724670382616143,True,1.0,0.0014274284627817815,0.0,2.115412086907351,0.0,0.24795092113996425
2026-01-24 12:00:00,LONG,1.219901771768067,1.2175403919827648,1.2227354275104296,1.5,1.8,WIN,SL,2,0.8801505911264746,True,1.0,0.0015742531902014673,1.7110778391290693,0.0,0.2208103807430245,0.0
2026-01-24 13:00:00,LONG,1.2186019207692473,1.2161753160802626,1.2215138463960291,1.5,1.8,WIN,SL,3,0.44097068137168904,True,1.0,0.0016177364593231713,2.846099643511798,0.0,0.3778296326062962,0.0
2026-01-24 15:00:00,SHORT,1.2166315786601716,1.2188612990245753,1.213955914222887,1.5,1.8,WIN,TP,3,-0.7325392571675557,True,-0.6423621166351573,0.0014864802429358503,0.0,1.833086785977442,0.0,0.22396651038295523
2026-01-24 16:00:00,SHORT,1.2146722155742735,1.217003481754615,1.2118746961578637,1.5,1.8,WIN,SL,3,-0.335776162380761,True,-1.0,0.0015541774535609803,1.7675137336477327,0.4925333354246552,0.22615401574785765,0.06301981680566231
2026-01-24 18:00:00,SHORT,1.2143344059119225,1.2168855788259831,1.2112729984150499,1.5,1.8,WIN,SL,1,-0.5667772952011816,True,-1.0,0.0017007819427070795,1.8137772859556758,0.0,0.25403543216986113,0.0
2026-01-24 21:00:00,LONG,1.2173064832928382,1.2145759083217857,1.2205831732581012,1.5,1.8,WIN,TP,10,0.10722111325422712,True,0.9832131785059585,0.0018203833140350012,1.1551897814256713,2.5881579848933245,0.1727492814268661,0.3870380774644134
2026-01-24 22:00:00,LONG,1.2178614748190204,1.2152723056953263,1.2209684777674534,1.5,1.8,WIN,SL,4,0.6302707817601592,True,1.0,0.001726112749129435,1.5398065567696821,0.0,0.21824154748209096,0.0
2026-01-24 23:00:00,LONG,1.216351823642332,1.213794928493762,1.2194200978206164,1.5,1.8,WIN,TP,8,0.2884507890140358,True,0.5599886079657563,0.0017045967657134873,0.6736071399644503,3.3240115048093144,0.09439937769868059,0.4658273330265088
2026-01-25 02:00:00,SHORT,1.216458012789329,1.2189059643647957,1.213520470898769,1.5,1.8,WIN,SL,3,-0.04947162000610862,True,-0.34852186581448674,0.0016319677169777589,1.5057967174633424,0.0,0.2020136827901218,0.0
2026-01-25 04:00:00,LONG,1.2178558865257811,1.2154213442381319,1.2207773372709603,1.5,1.8,WIN,TP,3,0.27693874505085636,True,0.8070636085570978,0.0016230281917661532,0.06322969204704044,2.5643648076835026,0.008426577716169401,0.34175114008903773
2026-01-25 05:00:00,LONG,1.2187820435593175,1.2163281334911316,1.2217267356411408,1.5,1.8,WIN,TP,2,0.3939669009489099,True,0.5447573356019646,0.001635940045457307,0.29616182139226616,1.9779938465913554,0.03975304576495446,0.2655010680873595
2026-01-25 06:00:00,LONG,1.218630979189061,1.216350994029468,1.2213669613805727,1.5,1.8,WIN,TP,1,0.380205995300054,True,0.489574419150487,0.0015199901063953952,0.0,2.22826694681285,0.0,0.27793021607059837
2026-01-25 07:00:00,LONG,1.220531426200941,1.218061733965586,1.2234950568833671,1.5,1.8,WIN,TP,10,0.6203964121180137,True,1.0,0.0016464614902366806,0.5484708763992124,1.8138615751889295,0.07398713028786814,0.24468466506137676
2026-01-25 08:00:00,LONG,1.2213065222954411,1.2188434194431186,1.2242622457182282,1.5,1.8,LOSS,TP,10,0.8203979133510468,True,1.0,0.0016420685682150113,1.0219623610675173,1.8035180479725212,0.13740467608849963,0.2424862427835103
2026-01-25 09:00:00,LONG,1.2216187779903516,1.2193409121890098,1.2243522169519618,1.5,1.8,WIN,TP,10,0.8885813701500036,True,1.0,0.00151857720089456,1.3106926435782937,1.9615112480379202,0.16293036762193067,0.2438327172302312
2026-01-25 10:00:00,LONG,1.2219781995536263,1.2196887210529141,1.2247255737544809,1.5,1.8,WIN,SL,1,1.0,True,1.0,0.0015263190004747612,1.5395271424007957,0.0,0.19229553604567612,0.0
2026-01-25 11:00:00,LONG,1.2211941888260889,1.2187358990646786,1.2241441365397812,1.5,1.8,WIN,TP,7,0.2306901547310023,True,0.9634856189312376,0.0016388598409401434,0.3783049489513346,1.8755928306676228,0.050769058200419125,0.251707205640344
2026-01-25 12:00:00,LONG,1.2222225442228987,1.219651455793313,1.2253078503384014,1.5,1.8,WIN,TP,15,0.019355854560956343,True,0.38276461738224304,0.0017140589530571118,0.9616613141194095,2.687181209514117,0.13486448871903892,0.37685338340596913
2026-01-25 16:00:00,LONG,1.2220948858093357,1.2197309017635973,1.2249316666642216,1.5,1.8,WIN,TP,10,0.3535294094334852,True,0.42192106996299245,0.0015759893638255093,0.18137629585991363,2.0337672564157083,0.023389927938041375,0.26227059795648305
2026-01-25 18:00:00,LONG,1.223948408837039,1.2215702691280574,1.2268021764878168,1.5,1.8,WIN,TP,9,0.8769222879728065,True,0.9882878042782951,0.0015854264726543768,1.349397261701286,1.816623127083433,0.1747925096664257,0.23531403576486212
2026-01-25 19:00:00,LONG,1.223692471343916,1.2212166204813788,1.2266634923789606,1.5,1.8,WIN,TP,8,0.31859773684730675,True,0.7527641219491739,0.0016505672416914363,1.1410820475120123,1.89998917367557,0.15391388701092892,0.25627843294591085
2026-01-25 20:00:00,LONG,1.2236233887998302,1.2211715617457186,1.2265655812647642,1.5,1.8,WIN,TP,7,0.5573997232540338,True,0.8369076683852852,0.0016345513694077743,1.1099988275542694,1.9608698103408142,0.14827684075240086,0.26193863757921865
2026-01-25 23:00:00,SHORT,1.223144081372039,1.2253400072912992,1.2205089702689265,1.5,1.8,WIN,SL,4,-0.4127274286659302,True,-0.33584935820705,0.0014639506128402147,2.516785627328009,0.18772945620834444,0.3012277880935597,0.022468869910737294
2026-01-26 02:00:00,LONG,1.2240621918122911,1.2219488759350587,1.2265981708649702,1.5,1.8,WIN,TP,1,0.08139925746528237,True,0.662490142861086,0.0014088772514883369,0.0,1.963506344033643,0.0,0.2259966396941249
2026-01-26 04:00:00,LONG,1.2264921610089952,1.2242028684361645,1.229239312096392,1.5,1.8,WIN,TP,8,0.4904716030129436,True,1.0,0.00152619504855378,0.7206598520857512,1.9473185725065585,0.08967586853877223,0.24231609934395074
2026-01-26 05:00:00,LONG,1.2279291820894442,1.2255285340763529,1.2308099597051538,1.5,1.8,WIN,SL,3,0.9365720906449249,True,1.0,0.0016004320087275195,1.5851273684602767,0.14918535713696962,0.20659893220202472,0.019444201202969778
2026-01-26 07:00:00,LONG,1.2268530502368058,1.2244775465316224,1.229703654683026,1.5,1.8,WIN,TP,7,0.4135009180539464,True,1.0,0.0015836691367889471,0.9223875693613901,2.3485266742624242,0.11906533757025375,0.30315686220424665
2026-01-26 12:00:00,LONG,1.228857360354553,1.2265354518975644,1.2316436505029393,1.5,1.8,WIN,TP,5,0.02178469661203325,True,0.647876261628198,0.0015479389713257369,1.132544013502135,2.0554344814216887,0.14266171744585596,0.25891427593202115
2026-01-26 13:00:00,LONG,1.2273395731047332,1.2249747892521778,1.2301773137277994,1.5,1.8,WIN,TP,1,0.335756127855497,True,0.9129631803322062,0.0015765225683701534,0.0,2.0505677545547067,0.0,0.26339624451689875
2026-01-26 14:00:00,LONG,1.230191759979854,1.2276191170321455,1.2332789315171042,1.5,1.8,WIN,TP,4,0.16305563296034897,True,1.0,0.0017150952984723103,0.419490440280407,2.2052920782914507,0.05848405958196206,0.30745499996665865
2026-01-26 15:00:00,LONG,1.2305489666390301,1.2279826302375527,1.233628570320803,1.5,1.8,WIN,TP,3,0.13810978905445626,True,1.0,0.0017108909343182147,0.0,2.0019273861104563,0.0,0.27833751511852306
2026-01-26 16:00:00,LONG,1.2308769025784985,1.2284937406614849,1.233736696878915,1.5,1.8,WIN,TP,2,0.48223047453739876,True,1.0,0.0015887746113424678,0.0,1.949391345053284,0.0,0.2516208948354917
2026-01-26 17:00:00,LONG,1.231600396750369,1.2293891128163992,1.234253937471133,1.5,1.8,LOSS,TP,5,1.0,True,1.0,0.0014741892893133102,0.15823789007952346,2.3677091902534837,0.018940607954842356,0.2834077950681149
2026-01-26 18:00:00,LONG,1.2327279994560536,1.2303980356002395,1.2355239560830305,1.5,1.8,WIN,TP,5,0.7273229952343568,True,1.0,0.0015533092372093263,0.8761135746854175,2.6489727529567975,0.11039542453840864,0.3337860296918078
2026-01-26 19:00:00,LONG,1.2322077942924714,1.2299955695832387,1.2348624639435506,1.5,1.8,WIN,TP,3,0.8031598301115065,True,1.0,0.0014748164728218191,0.5700167853513723,1.95485610549342,0.06822470598831525,0.23397465912260693
2026-01-26 20:00:00,LONG,1.2320600024887358,1.229878068297456,1.234678323518272,1.5,1.8,WIN,TP,2,0.5958650493746063,True,0.7133726356979055,0.0014546227941866535,0.4763285326303282,2.08359569382953,0.05623738614076885,0.24599822930631174
2026-01-26 21:00:00,LONG,1.2329789650718164,1.2307360929324953,1.2356704116390016,1.5,1.8,WIN,TP,2,0.22143561003520706,True,0.8613793876779444,0.0014952480928807077,0.0,2.5839914118045266,0.0,0.3133636777246885
2026-01-26 22:00:00,LONG,1.2350353883887233,1.2327227526978368,1.237810551217787,1.5,1.8,WIN,TP,2,0.5932496687348481,True,1.0,0.0015417571272576813,0.0,2.4458023520033834,0.0,0.3053218752690477
2026-01-26 23:00:00,LONG,1.2368280479161116,1.2345192249243522,1.2395986355062227,1.5,1.8,WIN,TP,9,0.8293082782827002,True,1.0,0.0015392153278395795,0.38072250514687694,2.2435760459868264,0.047380386995824565,0.2792099229132994
2026-01-27 00:00:00,LONG,1.2385564157847602,1.2362052739071736,1.241377786037864,1.5,1.8,WIN,SL,11,0.7485012403345374,True,1.0,0.0015674279183910558,1.6407103706415906,1.1005155326560103,0.2076365039300949,0.13927333050994473
2026-01-27 01:00:00,LONG,1.2378072308168597,1.2353751385770402,1.240725741504643,1.5,1.8,WIN,SL,14,0.5583653022105155,True,1.0,0.001621394826546298,1.6271168377852265,1.5259477197658533,0.21313486925022446,0.19988279893757874
2026-01-27 02:00:00,LONG,1.2374960464479567,1.2350200319357207,1.2404672638626397,1.5,1.8,WIN,SL,14,0.6560139482581682,True,1.0,0.0016506763414905995,1.6121300992224357,1.6873980908917756,0.2150394760314316,0.22507935401542287
2026-01-27 03:00:00,LONG,1.2369715351322317,1.234555259865478,1.239871065452336,1.5,1.8,WIN,TP,5,1.0,True,0.9457716795476623,0.0016108501778357035,0.3914098911131422,2.0547282848387316,0.050971479520655096,0.2675776547018682
2026-01-27 04:00:00,LONG,1.2377131075158165,1.235454042396975,1.2404239856584263,1.5,1.8,WIN,SL,11,0.4609805200715643,True,0.4182951098493211,0.0015060434125609026,1.689244480411196,1.7053207218538982,0.20554646359319065,0.2075026129929586
2026-01-27 07:00:00,LONG,1.2389821315991414,1.23635176198856,1.242138575131839,1.5,1.8,WIN,SL,4,0.06488688433481349,True,0.762264606624495,0.0017535797403875739,1.7093098114010514,0.7409203734525643,0.24192528518953382,0.10486535059628882
2026-01-27 08:00:00,LONG,1.2388936129691477,1.2363394892406232,1.241958561443377,1.5,1.8,WIN,SL,3,1.0,True,0.7490716656211196,0.0017027491523496283,1.7083505349633525,0.0,0.2347975964097026,0.0
2026-01-27 09:00:00,LONG,1.2383128890729,1.2357726182692064,1.2413612140373322,1.5,1.8,WIN,SL,6,0.7567117129930245,True,0.5511015907199228,0.0016935138691290502,1.8564105888477302,0.49355750501432727,0.2538822866784017,0.06749881127218788
2026-01-27 10:00:00,SHORT,1.2380547515239875,1.2406819225140064,1.2349021463359646,1.5,1.8,LOSS,TP,6,-0.13144509713860777,True,-0.3128180160404841,0.0017514473266793593,0.6246171450335288,1.8383710667032545,0.08836313802119208,0.26007008868215736
2026-01-27 12:00:00,SHORT,1.2372980694873659,1.2400256121286937,1.2340250183177726,1.5,1.8,WIN,TP,10,-0.1037107782920611,True,-0.5868615835571086,0.0018183617608852184,0.321364676526054,2.313650650571466,0.04722849356229365,0.3400194322447636
2026-01-27 13:00:00,SHORT,1.2374503986422438,1.2400991975689089,1.234271839930246,1.5,1.8,WIN,TP,9,-0.3752835435567501,True,-0.49205923654400957,0.001765865951109962,0.24465508491441038,2.4686941968523466,0.034912759710635996,0.3522874961863133
2026-01-27 14:00:00,SHORT,1.2365880519312382,1.2391661533724028,1.2334943302018408,1.5,1.8,WIN,TP,8,-0.15103929737151933,True,-0.8459501190549172,0.0017187342941096886,0.7530976717331208,2.034657903146216,0.10467307954337654,0.2827971942197908
2026-01-27 15:00:00,SHORT,1.2356328348516101,1.2382044021372887,1.232546954108796,1.5,1.8,WIN,SL,15,-0.36109614418604613,True,-0.9613783714500831,0.001714378190452329,2.155347130872399,1.4826479066558682,0.2990435354095614,0.20570991346275397
2026-01-27 23:00:00,SHORT,1.2336607744294854,1.2360905098563317,1.2307450919172698,1.5,1.8,WIN,SL,3,-0.32678951053584104,True,-1.0,0.0016198236178976025,1.6901412981673012,0.1654410322514486,0.22191925439321764,0.021722769902786848
2026-01-28 00:00:00,SHORT,1.233423264990017,1.2358944607227262,1.2304578301107658,1.5,1.8,WIN,SL,2,-0.3478749911508708,True,-1.0,0.0016474638218061546,1.8059517862808732,0.0,0.24121810543666208,0.0
2026-01-28 01:00:00,SHORT,1.2339621980730326,1.2363601035896958,1.2310847114530368,1.5,1.8,WIN,SL,1,-0.593783960135315,True,-0.6396437795363425,0.0015986036777755025,1.5240219841095657,0.0,0.19743774587364432,0.0
2026-01-28 04:00:00,LONG,1.2375656820221042,1.2352724004967022,1.2403176198525865,1.5,1.8,WIN,TP,4,0.40355419628968797,True,1.0,0.0015288543502679655,0.912320750473503,2.3233950079743693,0.11270557744637245,0.28702578109054616
2026-01-28 06:00:00,LONG,1.2392731969987623,1.236764301906123,1.2422838711099293,1.5,1.8,WIN,TP,13,0.8242898512591083,True,1.0,0.001672596728426155,0.5368871251950031,1.9101503859072138,0.07246147591265807,0.2578052437515563
2026-01-28 07:00:00,LONG,1.2402155013854208,1.2377431742319054,1.2431822939696393,1.5,1.8,WIN,SL,13,0.6165196605651357,True,1.0,0.0016482181023435652,1.6362417005125758,1.3666922456493393,0.21745278845342683,0.18163028095484018
2026-01-28 09:00:00,LONG,1.2399042013613195,1.237584512979863,1.2426878274190674,1.5,1.8,LOSS,SL,11,0.4430408923509554,True,1.0,0.0015464589209709706,1.542610110196219,1.6579211312663371,0.1924006035203178,0.2067826627975079
2026-01-28 10:00:00,LONG,1.24076267026766,1.2384617498017323,1.2435237748267733,1.5,1.8,WIN,SL,7,1.0,True,1.0,0.0015339469772851816,1.556422062422516,0.21345340445367733,0.19241946709421526,0.02638910827985473
2026-01-28 11:00:00,LONG,1.2402659389446251,1.237892366119199,1.2431142263351367,1.5,1.8,WIN,SL,9,0.18813919743918137,True,0.4516780853798089,0.0015823818836175102,1.7361932528688064,1.391680076223506,0.22151061829016458,0.17755622171494892
2026-01-28 15:00:00,SHORT,1.2392133848368923,1.2413797028058913,1.2366138032740934,1.5,1.8,WIN,SL,4,-0.012994396018269488,True,-0.3473367727501399,0.001444211979332691,2.2536327732472086,0.5803742797179712,0.2626443103314903,0.06763835006314102
2026-01-28 16:00:00,SHORT,1.2394156316393559,1.241411773698892,1.2370202611679122,1.5,1.8,WIN,SL,3,-0.4206351596801338,True,-0.5809467459654208,0.0013307613730242204,2.2937821216886225,0.781830845724399,0.24628353618868734,0.08394522895864462
2026-01-28 17:00:00,SHORT,1.239514590118798,1.241515665279732,1.2371132999256775,1.5,1.8,WIN,SL,2,-0.25612014120759286,True,-0.3016437974555225,0.0013340501072892006,2.2139484492348944,0.11363523112250168,0.23828022596744888,0.012230198295308265
2026-01-28 19:00:00,LONG,1.2414223310339554,1.239243565934738,1.244036849153016,1.5,1.8,WIN,SL,1,0.18250331383145546,True,0.44915059734175716,0.0014525100661448218,2.6875633636673246,0.0,0.31445485887767965,0.0
2026-01-28 20:00:00,SHORT,1.238734588836606,1.2410059456356044,1.2360089606778075,1.5,1.8,WIN,SL,1,-0.5770127920006153,True,-0.41772778477940187,0.0015142378659990558,1.5940810163407868,0.0,0.1948615836004456,0.0
2026-01-28 21:00:00,LONG,1.2398148547980798,1.2374451400232562,1.2426585125278684,1.5,1.8,WIN,SL,5,0.25625816792624734,True,0.3228533396388677,0.0015798098498824853,1.784044032073298,1.6430321741231142,0.22732832435311343,0.20936016392352957
2026-01-29 00:00:00,SHORT,1.2391625134320388,1.2417544376104275,1.2360522044179723,1.5,1.8,LOSS,SL,8,-0.0545067730374878,True,-0.7155101646740498,0.001727949452259181,1.719265516785643,1.6296781157251836,0.2397428808421408,0.22725037086756156
2026-01-29 02:00:00,SHORT,1.237613142515447,1.2403902472802144,1.2342806167977263,1.5,1.8,WIN,SL,5,-0.19634829499992598,True,-0.8041056977206815,0.0018514031765115568,2.008072250756696,0.6841462232019201,0.3003968862321011,0.10234462186301567
2026-01-29 04:00:00,SHORT,1.236902359632885,1.2396749891046979,1.2335752042667094,1.5,1.8,WIN,SL,2,-0.5178962030913492,True,-1.0,0.001848419647875299,1.7293420841394502,0.0,0.2584318690417666,0.0
2026-01-29 05:00:00,SHORT,1.238557570384239,1.2414253650923293,1.2351162167345309,1.5,1.8,WIN,SL,3,-0.18353456521665618,True,-0.37994528644829895,0.0019118631387267898,1.8702944177263676,0.0,0.288702523105827,0.0
2026-01-29 07:00:00,LONG,1.2413254288883964,1.2383539565870663,1.2448911956499926,1.5,1.8,WIN,TP,15,0.36697575578235586,True,1.0,0.001980981534220137,0.8858020569409918,1.9530233107957027,0.14136160244019974,0.31167516789310884
2026-01-29 08:00:00,LONG,1.2417507453679049,1.2387672730140005,1.2453309121925902,1.5,1.8,WIN,TP,16,0.1968227517818641,True,1.0,0.0019889815692695845,1.0960755147084682,1.8492459863636217,0.17556454106551841,0.2962040649174926
2026-01-29 09:00:00,LONG,1.241102211078892,1.2383212263946204,1.2444393927000181,1.5,1.8,WIN,TP,10,0.5252194433587557,True,1.0,0.00185398978951447,0.8260777469929378,1.9842463207571452,0.12340157761371279,0.2964117206243182
2026-01-29 10:00:00,LONG,1.240696073227058,1.2382492187275398,1.2436322986264798,1.5,1.8,WIN,TP,9,0.5713614815860165,True,0.9296937992143393,0.001631236333012114,0.6899073013889216,2.5041805333360863,0.09070729574478066,0.329243427020334
2026-01-29 11:00:00,LONG,1.2416638581404351,1.2392452653926949,1.2445661694377235,1.5,1.8,WIN,TP,8,0.4966943524477154,True,0.7469265013796932,0.00161239516516016,1.298184722356913,1.9332266831206535,0.16857918156270654,0.25104422075155547
2026-01-29 18:00:00,LONG,1.2423243254262062,1.2403204145798432,1.2447290184418418,1.5,1.8,WIN,TP,1,0.6780105523775921,True,0.47977199799329306,0.0013359405642419584,0.0,1.8388977301885014,0.0,0.1977469184955767
2026-01-29 19:00:00,LONG,1.2440852422545412,1.2420835523466531,1.2464872701440068,1.5,1.8,WIN,SL,17,0.29028361235380074,True,1.0,0.001334459938591984,1.548264568066905,1.6819069853674513,0.1660735912824196,0.18040865819961743
2026-01-29 20:00:00,LONG,1.2432642352095042,1.2413124863776899,1.2456063338076815,1.5,1.8,WIN,TP,6,0.10450133541084389,True,0.7644029567940636,0.0013011658878762575,0.16808618504895517,1.9134739835103027,0.017591434227342818,0.20025888336301667
2026-01-29 21:00:00,LONG,1.243727462698576,1.241895774005113,1.2459254891307312,1.5,1.8,WIN,TP,8,0.23756690065988967,True,0.7256567383159631,0.0012211257956418356,0.5584481973228707,2.130998344039079,0.05482997841030306,0.2092272725674158
2026-01-29 22:00:00,LONG,1.2447445599029523,1.2428422661181238,1.2470273124447466,1.5,1.8,WIN,SL,10,0.3100778815137796,True,0.787189034947837,0.001268195856552404,1.672518157992174,1.249901453162714,0.17040288154701447,0.12734499069619296
2026-01-29 23:00:00,LONG,1.2441062427637963,1.242163095598738,1.2464380193618665,1.5,1.8,WIN,SL,13,0.8956101453897984,True,0.8081128292379326,0.0012954314433723127,1.611121576799643,1.7163679286397566,0.1677587876293689,0.17871761323344507
2026-01-30 00:00:00,LONG,1.2453602243394257,1.2433275583886245,1.247799423480387,1.5,1.8,LOSS,SL,1,0.1341988314931471,True,0.46528592484099673,0.0013551106338674274,1.708124106091909,0.0,0.18586567122442188,0.0
2026-01-30 01:00:00,LONG,1.2445398372138856,1.2424895295859082,1.2470002063674583,1.5,1.8,WIN,SL,8,0.987332831171015,True,0.3946355231010439,0.0013668717519848789,1.722333376079686,1.3094443794506525,0.1891629957410097,0.14381560794978915
2026-01-30 02:00:00,LONG,1.2451693001236335,1.2432131755348896,1.2475166496301262,1.5,1.8,LOSS,SL,6,0.27994961101582144,True,0.5216808992397334,0.0013040830591625832,1.952192232518002,0.8898049975925197,0.2044557971677211,0.09319051017427055
2026-01-30 05:00:00,LONG,1.2461234972007051,1.2440556656300172,1.2486048950855306,1.5,1.8,WIN,SL,2,0.31367410038957144,True,0.41072574887228586,0.0013785543804586092,1.6459923423641316,0.0,0.18209190010979567,0.0
2026-01-30 06:00:00,LONG,1.2453078231966173,1.2432209710483053,1.2478120457745916,1.5,1.8,WIN,SL,2,0.7913005894130596,True,0.6358922988836266,0.001391234765541324,1.9294686692183316,0.0,0.21555665528132428,0.0
2026-01-30 08:00:00,SHORT,1.2430470823414521,1.2453491429888548,1.2402846095645688,1.5,1.8,WIN,SL,5,-0.25552829290311607,True,-0.8918640363178855,0.0015347070982685126,1.777554941110369,0.6697936879925548,0.2194628203901766,0.0826949471134558
2026-01-30 10:00:00,SHORT,1.242599576283488,1.2448448323154588,1.2399052690451233,1.5,1.8,WIN,SL,1,-0.6495178135860868,True,-1.0,0.001496837354647118,1.566068807082625,0.0,0.18864888859853654,0.0
2026-01-30 11:00:00,SHORT,1.2442619623773268,1.2466791171481004,1.2413613766523985,1.5,1.8,WIN,SL,8,-0.4858472352305082,True,-0.37474626488397716,0.0016114365138490325,1.7065282412602987,1.3918123015936597,0.22101149139263657,0.18025281098580614
2026-01-30 12:00:00,SHORT,1.2425964613542138,1.2450967533955735,1.239596110904582,1.5,1.8,WIN,SL,1,-0.5290112620625923,True,-0.6522840790380122,0.001666861360906467,1.906965538630105,0.0,0.25580687469997615,0.0
2026-01-30 13:00:00,LONG,1.2443661420467926,1.2416586520484691,1.2476151300447809,1.5,1.8,WIN,TP,8,0.8694534527131761,True,0.6875429913762195,0.0018049933322157319,0.3432241828841439,2.0355494677894495,0.04978577772471863,0.2952630333313164
2026-01-30 14:00:00,LONG,1.2452874709771142,1.2425036115470407,1.2486281022932026,1.5,1.8,WIN,TP,27,0.6976789302547601,True,0.5249018478578626,0.0018559062867157567,0.7793165146498608,2.0495026131528515,0.11614494264085223,0.3054463224789525
2026-01-30 15:00:00,LONG,1.2456669705823074,1.2429696741027165,1.2489037263578162,1.5,1.8,WIN,TP,26,0.34242143015588444,True,1.0,0.001798197653060504,1.0153711528683538,1.9042318142111443,0.1465751334178584,0.274887691498871
2026-01-30 17:00:00,LONG,1.244703318307363,1.2419506959466693,1.2480064651401956,1.5,1.8,WIN,TP,4,0.43824648908638336,True,1.0,0.0018350815737958762,0.0,1.8184352149982577,0.0,0.2680941640553113
2026-01-30 19:00:00,LONG,1.24627399364256,1.2434990457736166,1.249603931085292,1.5,1.8,WIN,TP,23,0.2228632278326417,True,0.7420880385589558,0.001849965245962212,1.3150847507194343,2.163290813224158,0.19521077200810097,0.32111821652292527
2026-01-30 20:00:00,LONG,1.247050351278629,1.2442637838677932,1.250394232171632,1.5,1.8,WIN,SL,17,0.09820156544087127,True,0.8290485595292935,0.0018577116072238267,1.727511798879696,0.7120644986447925,0.2573447589429279,0.10607514627361583
2026-01-30 21:00:00,LONG,1.247604875534487,1.2448501059384278,1.2509105990497582,1.5,1.8,LOSS,SL,4,0.017138576906292946,True,1.0,0.0018365130640395039,1.502346660564716,0.3368353165334766,0.22115008709477865,0.04958320309373554
2026-01-30 22:00:00,LONG,1.247659195277805,1.2450225451088284,1.250823175480577,1.5,1.8,WIN,SL,3,0.965408118784473,True,0.8008936165704053,0.001757766779317763,1.60055306839581,0.3210225170739554,0.22549419126709774,0.04522731191829387
2026-01-30 23:00:00,LONG,1.2474094181314912,1.2448586394326262,1.2504703525701293,1.5,1.8,LOSS,SL,2,0.19128835110729325,True,0.7927776245806375,0.0017005191325766913,1.5075524977851067,0.47871255703309,0.20551567340957172,0.06526003815642739
2026-01-31 00:00:00,LONG,1.247792327140926,1.245253557463207,1.2508388507541885,1.5,1.8,WIN,SL,1,0.6561041474683642,True,0.4646076129812282,0.0016925131184792727,1.7409205536495558,0.0,0.23613952507894287,0.0
2026-01-31 02:00:00,SHORT,1.2451938931261959,1.2476803595693164,1.242210133394451,1.5,1.8,WIN,SL,5,-0.7936819814255334,True,-0.9088814401196003,0.0016576442954137547,1.9179438227210683,0.0,0.25532317932235643,0.0
2026-01-31 03:00:00,SHORT,1.246140988839977,1.2484122183978266,1.2434155133705578,1.5,1.8,WIN,SL,14,-0.07346129125615583,True,-0.4523636164697134,0.0015141530385662952,1.9483941493267836,1.5189060967843506,0.2367442326308702,0.18455827248599005
2026-01-31 04:00:00,SHORT,1.2466743732322594,1.248778135043679,1.2441498590585558,1.5,1.8,WIN,TP,9,-0.2966215912253146,True,-0.3586090682908717,0.0014025078742797253,1.2112506188006709,2.02012461105096,0.13626561731510312,0.2272638898222862
2026-01-31 05:00:00,SHORT,1.2462809632094587,1.2483378027958623,1.2438127557057743,1.5,1.8,WIN,SL,2,-0.34318164050740013,True,-0.5621026176168519,0.001371226390935771,1.5257863816105761,0.5954432284278957,0.16787535195971615,0.06551391646243919
2026-01-31 07:00:00,LONG,1.2468015029403894,1.2446742686255918,1.2493541841181466,1.5,1.8,WIN,SL,6,0.18246187953392412,True,0.8522514605170617,0.0014181562098650893,2.0874783479859844,0.8995184792666123,0.23743718428103142,0.10231441927619636
2026-01-31 11:00:00,SHORT,1.246019646861269,1.2482037094870866,1.2433987717102877,1.5,1.8,WIN,SL,6,-0.4331042373888036,True,-0.32525371943055403,0.0014560417505451134,2.1094923267729686,1.4961894480149671,0.2465056556670793,0.17483787743817125
2026-01-31 12:00:00,SHORT,1.2463630382778632,1.2485724239586848,1.2437117754608773,1.5,1.8,WIN,SL,5,-0.10412116915063273,True,-0.3006196980606466,0.0014729237872144196,1.8521783050304044,1.7121766526688222,0.21888626346070794,0.2023411832810496
2026-01-31 16:00:00,LONG,1.2477907980898597,1.2453505029082235,1.2507191523078234,1.5,1.8,WIN,TP,3,0.3106697582472627,True,0.5882121043342937,0.0016268634544242305,0.1193544230773892,3.160381866314987,0.015561370489807784,0.412049020413006
2026-01-31 17:00:00,LONG,1.2482118426280793,1.2457367515774842,1.2511819518887934,1.5,1.8,WIN,TP,2,0.2080999431453543,True,0.8256065418265446,0.0016500607003967652,0.0,2.860782770584304,0.0,0.3781782114944937
2026-01-31 18:00:00,LONG,1.250243034500231,1.2476293282720103,1.253379481974096,1.5,1.8,WIN,SL,10,0.2019936444699872,True,1.0,0.0017424708188138302,1.5743644604124192,1.5433677975693116,0.2194200691182267,0.21510004661105747
2026-01-31 19:00:00,LONG,1.251136329818926,1.2483490052498674,1.2544811193017964,1.5,1.8,WIN,SL,2,0.20322128920367766,True,1.0,0.0018582163793723985,1.6098902924313976,0.0,0.23910459948210439,0.0
2026-01-31 20:00:00,LONG,1.2502136408735272,1.2474087683808195,1.2535794878647764,1.5,1.8,WIN,SL,9,0.610454959102182,True,1.0,0.00186991499513846,2.178252977506646,0.03306991299115137,0.3257961497683515,0.004946188728741738
2026-01-31 21:00:00,LONG,1.2488770984085242,1.2460742454849534,1.2522405219168093,1.5,1.8,WIN,SL,9,0.5369022691593464,True,0.6190811211590465,0.0018685686157139075,1.7024479253041565,0.7483698374430486,0.25472008151678094,0.1119710172422083
2026-01-31 23:00:00,SHORT,1.2485006108221317,1.251146991399892,1.2453249541288194,1.5,1.8,WIN,TP,8,-0.47565951822932173,True,-0.724193324205366,0.0017642537185068744,1.006016288341812,2.6129713930266294,0.14215996069211242,0.3692384654472609
2026-02-01 00:00:00,SHORT,1.2498293072507791,1.2524257240305061,1.2467136071151066,1.5,1.8,WIN,TP,5,-0.13734523716257774,True,-0.9306755988835433,0.0017309445198180182,0.014863499011301712,2.131099085419828,0.002058512471237075,0.29514544599780923
2026-02-01 01:00:00,SHORT,1.248769750156682,1.2514559332903146,1.2455463303963228,1.5,1.8,WIN,TP,6,-0.14187800240082907,True,-0.46817429650791403,0.001790788755755081,0.6060374138313955,2.7245445982221734,0.08690833407199225,0.39071124444176675
2026-02-01 05:00:00,SHORT,1.2469214665726067,1.2493879335755405,1.2439617061690862,1.5,1.8,WIN,TP,2,-0.9443500441983016,True,-0.9760413470542378,0.0016443113352892264,0.0,1.8432034018917878,0.0,0.24306264092998917
2026-02-01 06:00:00,SHORT,1.2463354454526938,1.2487101250311903,1.243485829958498,1.5,1.8,WIN,TP,2,-0.31187794788076717,True,-1.0,0.0015831197189976054,0.0,1.9295659588103569,0.0,0.24509725127729617
2026-02-01 07:00:00,SHORT,1.2454085139811584,1.2478850058567676,1.242436723730427,1.5,1.8,WIN,SL,4,-0.4714900004209902,True,-1.0,0.0016509945837395814,1.579164314222788,1.2888003800376993,0.20934429950878733,0.17085176655504597
2026-02-01 08:00:00,SHORT,1.2436255606129987,1.246108870911227,1.2406455882551248,1.5,1.8,WIN,SL,3,-0.8215959159155326,True,-1.0,0.0016555401988187976,2.6517900929911913,0.17021257340480836,0.3530118097293205,0.022659051610129013
2026-02-01 09:00:00,SHORT,1.2451983939543125,1.2475815871863478,1.2423385620758702,1.5,1.8,WIN,SL,2,-0.4086912324597015,True,-1.0,0.0015887954880235502,1.7732375108688203,1.1673164437526566,0.22625404675601135,0.14894229770408499
2026-02-01 10:00:00,SHORT,1.2446040943461467,1.2469763125178661,1.2417574325400835,1.5,1.8,WIN,SL,1,-0.8809035139789461,True,-0.9077116082340837,0.0015814787811462283,2.157228668067005,0.0,0.2741121759221434,0.0
2026-02-01 12:00:00,LONG,1.2482253608656833,1.2457395999594805,1.2512082739531267,1.5,1.8,WIN,TP,6,0.2869336007405179,True,1.0,0.0016571739374685748,0.6511060822848072,2.355709518394411,0.08644240566794238,0.31274964766157654
2026-02-01 13:00:00,LONG,1.2486057318617796,1.2461008363383117,1.251611606489941,1.5,1.8,WIN,TP,5,0.6620408965534595,True,1.0,0.0016699303489785386,0.8739089190627928,2.109937952914474,0.1168797314433231,0.2821907133791354
2026-02-01 14:00:00,LONG,1.2480957038434428,1.2456246119933392,1.2510610140635672,1.5,1.8,WIN,TP,4,0.919832503761171,True,1.0,0.0016473945667357143,0.0,2.448397925921641,0.0,0.3231705251407748
2026-02-01 15:00:00,LONG,1.24859034058865,1.2461433184020578,1.2515267672125607,1.5,1.8,WIN,TP,3,0.32419746549681955,True,1.0,0.0016313481243948522,0.19754028128468837,2.1692737694940574,0.025809663657519508,0.283426883912516
2026-02-01 16:00:00,LONG,1.2487542695128402,1.2463637307673,1.2516229160074888,1.5,1.8,WIN,TP,2,0.580367820764996,True,0.3672604565650259,0.0015936924970269312,0.07890228702506126,2.1176681055278266,0.010069713946136186,0.27026228084806003
2026-02-01 18:00:00,LONG,1.2514339846248053,1.248914140143283,1.254457798002632,1.5,1.8,WIN,TP,5,0.570841448277567,True,1.0,0.001679896321014824,0.22750421496296291,2.4088423953493145,0.03053964479366686,0.32335748649698615
2026-02-01 19:00:00,LONG,1.2521030649109866,1.2496096348980954,1.2550951809264559,1.5,1.8,WIN,TP,4,0.48085863268176676,True,1.0,0.0016622866752607252,0.2732669101652818,2.031854818989513,0.03627879815067066,0.2697481769929756
2026-02-01 20:00:00,LONG,1.253429101856564,1.2508438105573512,1.2565314514156194,1.5,1.8,WIN,TP,5,0.44080587398418036,True,1.0,0.0017235275328085933,1.0329309252366623,1.9740700957779032,0.14203315420855522,0.27144448431329476
2026-02-01 21:00:00,LONG,1.2527248096418924,1.2502778729303667,1.255661133695723,1.5,1.8,WIN,TP,4,0.6317900110216774,True,1.0,0.001631291141017074,0.6595957321219653,2.5174270080805514,0.08589218208034209,0.3278179169783396
2026-02-01 22:00:00,LONG,1.2516898011699351,1.249348196398262,1.254499726895943,1.5,1.8,WIN,TP,1,0.7220963558546134,True,1.0,0.0015610698477821483,0.0,2.4283275588902513,0.0,0.30285370458230215
2026-02-01 23:00:00,LONG,1.2550349014155178,1.2524751600509274,1.2581065910530262,1.5,1.8,WIN,TP,3,0.23461660890924402,True,1.0,0.001706494243060289,0.7224649638601423,1.8698696324319517,0.09823490169473055,0.2542496435293899
2026-02-02 00:00:00,LONG,1.2543573265254633,1.2518642006748681,1.2573490775461773,1.5,1.8,WIN,TP,2,0.4432098591291481,True,1.0,0.00166208390039673,0.0,2.327497818942524,0.0,0.30840467634438
2026-02-02 01:00:00,LONG,1.256729037819395,1.2543363553836313,1.2596002567423112,1.5,1.8,WIN,TP,5,1.0,True,1.0,0.0015951216238424232,0.7163270485581621,2.495010299757522,0.0909208533035069,0.31668281396269726
2026-02-02 02:00:00,LONG,1.2573964644089088,1.2549364756080843,1.2603484509698983,1.5,1.8,WIN,TP,4,0.5531565962955569,True,1.0,0.0016399925338830914,1.1036973138691655,2.0197764458694847,0.14395263591449223,0.26343467514806634
2026-02-02 03:00:00,LONG,1.2571212392049431,1.2545608732033662,1.2601936784068355,1.5,1.8,WIN,TP,3,0.5860081563287446,True,1.0,0.0017069106677179344,0.14250596260119217,2.101834362603831,0.0193493626701611,0.2853856400973372
2026-02-02 04:00:00,LONG,1.2577336287143879,1.2551946210470366,1.2607804379152092,1.5,1.8,WIN,TP,13,0.850180561690228,True,1.0,0.0016926717782341147,1.068082994939664,2.159368893150461,0.1437437865276869,0.2906102453480984
2026-02-02 05:00:00,LONG,1.259041633139146,1.25648615974827,1.2621082012081974,1.5,1.8,WIN,SL,4,0.3496266502146015,True,1.0,0.0017036489272507544,1.828967410634668,0.9786344677199155,0.2474833464669058,0.13242211514044402
2026-02-02 06:00:00,LONG,1.2600504909583397,1.2573847630086685,1.263249364497945,1.5,1.8,LOSS,SL,1,0.48981181342962443,True,1.0,0.0017771519664474228,1.682407574278934,0.0,0.23728366049219682,0.0
2026-02-02 07:00:00,LONG,1.2581183563023755,1.2551815753133244,1.2616424934892367,1.5,1.8,WIN,TP,11,0.45830333101867593,True,0.4264997240782041,0.0019578539927006533,1.1199208615700698,2.513413899553519,0.17427943240395247,0.39113151905777377
2026-02-02 08:00:00,LONG,1.2570335848074294,1.2542762647415553,1.2603423688864783,1.5,1.8,WIN,TP,8,0.5503468319275149,True,0.3573523250880245,0.0018382133772493839,0.6026884849709169,1.9048083148793153,0.08813368622584758,0.27854817626399503
2026-02-02 10:00:00,SHORT,1.2576750337777158,1.2603332736559156,1.2544851459238762,1.5,1.8,WIN,SL,6,-0.44399438535607905,True,-0.4459874961749341,0.001772159918799865,1.6138471053771788,0.47891825520025094,0.22740334970552495,0.06748323004378365
2026-02-02 11:00:00,SHORT,1.2583906798336522,1.261063044501731,1.2551838422319577,1.5,1.8,WIN,SL,6,-0.5230793166177994,True,-0.4471394494260338,0.001781576445385886,1.68280831997572,0.8780795212214071,0.23824490382942545,0.12431479486089089
2026-02-02 15:00:00,LONG,1.2591870375022636,1.2568272364716524,1.262018798738997,1.5,1.8,WIN,TP,3,0.33865079569240863,True,0.5738553867554765,0.0015732006870741641,0.004907829473734988,2.4486489678735133,0.0006131734579668301,0.30592883534628423
2026-02-02 16:00:00,LONG,1.260170085172142,1.2578281408630583,1.2629804183430426,1.5,1.8,WIN,TP,2,0.540971495144309,True,0.5484288886761193,0.0015612962060558924,0.0,1.8376836872175786,0.0,0.2276810569100023
2026-02-02 17:00:00,LONG,1.261244293094418,1.2589657140383272,1.2639785879617271,1.5,1.8,WIN,TP,7,0.7484468637131461,True,0.9250889530021512,0.0015190527040606083,0.239155564550523,1.8110617396479494,0.02880408728195665,0.21812572297815555
2026-02-02 18:00:00,LONG,1.262313851558072,1.2599779577084353,1.2651169241776363,1.5,1.8,LOSS,TP,14,0.7037258055247546,True,1.0,0.001557262566424538,1.3025653999361557,1.9661908985359673,0.16069191787261833,0.24256055504385224
2026-02-02 19:00:00,LONG,1.262618056621849,1.2603277450736414,1.265366430479698,1.5,1.8,WIN,SL,7,0.39926283466699264,True,1.0,0.0015268743654716882,1.5277232064189534,0.9020615818489628,0.18474639968782997,0.10908561763223149
2026-02-02 20:00:00,LONG,1.2622289872248171,1.2600030647079348,1.2649000942450759,1.5,1.8,WIN,TP,12,0.5312832616269869,True,1.0,0.0014839483445881724,1.3097302284634604,2.120518432778008,0.15397935113648828,0.24930023393838924
2026-02-02 21:00:00,LONG,1.2611263250898326,1.2590907292097913,1.2635690401458821,1.5,1.8,WIN,TP,3,0.18721736637108385,True,0.6509590759340489,0.0013570639200274823,0.18077402163276346,2.1141717756082907,0.019452603403439073,0.22750030511131236
2026-02-03 01:00:00,SHORT,1.2617633003516096,1.2639177133590187,1.2591780047427183,1.5,1.8,WIN,SL,6,-0.6842170399198859,True,-0.4668669013650043,0.001436275338272841,1.922906663891897,1.028970624083161,0.21888601597294918,0.11712855578903138
2026-02-03 06:00:00,LONG,1.2632082776073406,1.2609984322555905,1.2658600920294407,1.5,1.8,WIN,TP,10,0.113964490940167,True,0.6482956770769918,0.001473230234500078,0.3252218406968483,2.323402539715443,0.03792934681697027,0.2709693190822366
2026-02-03 07:00:00,LONG,1.2637789306196978,1.261510664122736,1.2665008504160518,1.5,1.8,WIN,TP,9,0.5631536175331658,True,1.0,0.0015121776646411314,0.6942171449416005,1.8861896473935125,0.08306671646099216,0.2256924678010884
2026-02-03 08:00:00,LONG,1.2643670498467685,1.262114911870036,1.2670696154188472,1.5,1.8,WIN,TP,14,0.7364059955151683,True,1.0,0.0015014253178215395,1.090896009692171,2.1550005998139974,0.12954299056281304,0.25590452241486883
2026-02-03 09:00:00,LONG,1.2643556546198034,1.262168199564027,1.266980600686735,1.5,1.8,WIN,TP,13,0.6585816714956011,True,0.8649019845726683,0.0014583033705175235,1.1153397118735067,2.226537874827919,0.12864289056280404,0.2568080963281533
2026-02-03 10:00:00,LONG,1.2645679428363976,1.262374840541798,1.2671996655899171,1.5,1.8,WIN,TP,12,0.49079164196544933,True,0.6198655109727172,0.0014620681963997603,1.2576649175594687,2.0756073337241823,0.1454087056459028,0.23997757400409125
2026-02-03 11:00:00,LONG,1.2642079694820871,1.2620186237852502,1.2668351843182912,1.5,1.8,WIN,TP,11,0.19668581806315413,True,0.41398905914149575,0.0014595637978912185,1.0131921095313157,2.325799550569367,0.11697588997060157,0.26852012541523645
2026-02-03 16:00:00,LONG,1.265166509466176,1.2630037926747957,1.267761769615832,1.5,1.8,WIN,TP,9,0.12179056715598793,True,0.48300213620533766,0.0014418111942534459,1.4356921857729184,2.465321591514738,0.16361459534863956,0.2809533955795642
2026-02-03 20:00:00,LONG,1.26597744630496,1.2635875792493585,1.268845286771682,1.5,1.8,WIN,TP,7,0.9623784022088642,True,0.8688239949576643,0.0015932447037343897,0.12158739563679517,2.6738532737147573,0.01530188983260268,0.33650698749357383
2026-02-03 21:00:00,LONG,1.2664526079934755,1.2641789608791447,1.2691809845306723,1.5,1.8,WIN,TP,6,0.25704584890419574,True,0.4250665314361339,0.0015157647428871396,0.44128230702912824,2.4970503477895223,0.05281525407527103,0.29886162770750335
2026-02-03 22:00:00,LONG,1.2674729424596773,1.265243421999552,1.2701483670118277,1.5,1.8,WIN,TP,5,0.5320219332084836,True,1.0,0.0014863469734168427,1.1364874144919999,1.8600007008028763,0.1332742161405356,0.21811956055065948
2026-02-03 23:00:00,LONG,1.2661833559525633,1.2638733691967112,1.2689553400595857,1.5,1.8,WIN,TP,4,0.6429435074834056,True,0.6867245578772425,0.0015399911705680225,0.25950026817039,2.6326078985311736,0.0315616312490374,0.3201900341088934
2026-02-04 00:00:00,LONG,1.266765794604704,1.264387168819653,1.269620145546765,1.5,1.8,WIN,TP,3,0.5986591989061045,True,0.9826231484387826,0.0015857505233672273,0.0,2.189344550738618,0.0,0.2740644152179935
2026-02-04 01:00:00,LONG,1.2678791314289042,1.265417277852047,1.2708333557211329,1.5,1.8,WIN,TP,4,0.13880670569928547,True,0.7495036939525278,0.0016412357179048018,0.6349555697288924,1.9540290262208975,0.08219330490495474,0.2529438455258862
2026-02-04 02:00:00,LONG,1.2680792353002754,1.2655619327888685,1.271099998313964,1.5,1.8,WIN,TP,4,0.3577183736156807,True,0.7012422399171673,0.0016782016742713196,0.0,3.0839639413385007,0.0,0.40813801737878874
2026-02-04 03:00:00,LONG,1.2698601415137758,1.2672279113505396,1.273018817709659,1.5,1.8,WIN,TP,3,0.017215846088036835,True,0.7155631669831825,0.0017548201088240908,0.7817836063488779,1.9344474223748374,0.10803469991070237,0.26732134707367444
2026-02-04 04:00:00,LONG,1.2686927362983205,1.2660327615444342,1.271884706002984,1.5,1.8,WIN,TP,2,0.5550836511860852,True,1.0,0.0017733165025908746,0.0,2.572587829096708,0.0,0.3595837133120397
2026-02-04 05:00:00,LONG,1.2705845177046695,1.267827100470253,1.2738934183859694,1.5,1.8,WIN,TP,2,0.24867501427881772,True,1.0,0.001838278156277684,0.0,1.8572467957673366,0.0,0.2687059513084187
2026-02-04 06:00:00,LONG,1.2726389111248508,1.2698873390514005,1.2759407976129913,1.5,1.8,WIN,TP,4,0.7784883836101231,True,1.0,0.0018343813823002192,0.19454705430908786,2.185006752813907,0.028042007146434775,0.31494681425538107
2026-02-04 07:00:00,LONG,1.2730428076400004,1.2703251936976543,1.2763039443708157,1.5,1.8,WIN,TP,3,0.34692781346860146,True,1.0,0.0018117426282307106,0.419910641666851,1.9893770429921758,0.05975997075588368,0.2831200310611797
2026-02-04 08:00:00,LONG,1.2723135053389913,1.2697775504472562,1.2753566512090735,1.5,1.8,WIN,TP,2,0.2525888272596365,True,1.0,0.001690636594490123,0.0,2.5632601988770536,0.0,0.3406032770411379
2026-02-04 09:00:00,LONG,1.2742271474573608,1.2716022225527557,1.2773770573428869,1.5,1.8,WIN,SL,8,0.46615040350655645,True,1.0,0.0017499499364033483,1.713820946753881,1.3828392028321395,0.23536626595683474,0.18991114573888293
2026-02-04 10:00:00,LONG,1.2759869907066652,1.2733074556326547,1.2792024327954779,1.5,1.8,WIN,SL,5,0.6096175457389139,True,1.0,0.0017863567160070679,1.8511092632012052,0.30178465415448014,0.2591516597321289,0.04224925862591789
2026-02-04 11:00:00,LONG,1.2758315488621108,1.2731819908100788,1.2790110185245493,1.5,1.8,WIN,SL,4,0.13780040094804752,True,1.0,0.0017663720346880224,1.7840520331746235,0.39319966272779006,0.24699966250548872,0.054437977247903495
2026-02-04 12:00:00,LONG,1.2753255681616493,1.27262850039273,1.2785620494843526,1.5,1.8,WIN,SL,4,0.34362002080292403,True,1.0,0.0017980451792795854,1.7683609804986553,0.3524565411886686,0.24931617585265178,0.04969184344852057
2026-02-04 13:00:00,LONG,1.2752028342265262,1.2725210858421092,1.2784209322878268,1.5,1.8,LOSS,SL,3,0.5315486917080209,True,1.0,0.001787832256278099,1.7098130936805038,0.0,0.23971551184190934,0.0
2026-02-04 15:00:00,SHORT,1.2735184778786606,1.2761398879016927,1.2703727858510219,1.5,1.8,WIN,SL,12,-1.0,True,-1.0,0.0017476066820214678,2.351241864325512,1.3106102772673824,0.32265303287852126,0.17985065139327455
2026-02-04 16:00:00,SHORT,1.2724139374129229,1.2750044193520267,1.2693053590859984,1.5,1.8,WIN,SL,9,-0.3154510388950286,True,-1.0,0.0017269879594024834,1.8795324471318482,0.6866815752155427,0.25510015334338637,0.09320008037258151
2026-02-04 17:00:00,SHORT,1.271903427445434,1.2744343200048993,1.2688663563740754,1.5,1.8,WIN,SL,4,-0.6150696693218323,True,-1.0,0.0016872617063103152,1.759407650789464,0.0,0.2333967415221711,0.0
2026-02-04 18:00:00,SHORT,1.2726230847653544,1.275106851696247,1.2696425644482832,1.5,1.8,WIN,SL,7,-0.6483831040687005,True,-1.0,0.0016558446205951244,1.8339779682830677,0.15365820411199232,0.23862387767635174,0.019992888211364055
2026-02-04 19:00:00,SHORT,1.2724630806737236,1.2747752824749814,1.2696884385122142,1.5,1.8,WIN,SL,2,-0.5472347936580237,True,-0.6857934112345924,0.0015414678675051974,1.562749362122966,0.0,0.18931220585208297,0.0
2026-02-04 20:00:00,LONG,1.2740781518360154,1.2718751334131793,1.2767217739434187,1.5,1.8,WIN,TP,7,0.06838462358051596,True,0.3551065973415856,0.0014686789485573528,0.9294595035069285,2.4167106359599897,0.10714237618548318,0.27858354141574854
2026-02-04 21:00:00,LONG,1.2732374262983244,1.2709487802066926,1.2759838016082825,1.5,1.8,WIN,TP,6,0.36463516624383707,True,0.35678001194047754,0.0015257640610879056,0.0,2.87731090634671,0.0,0.3447980308153039
2026-02-04 22:00:00,LONG,1.274456785457931,1.2721129455071782,1.2772693933988344,1.5,1.8,WIN,TP,5,0.3389640586534175,True,1.0,0.0015625599671685389,0.40632860023403217,2.029194706440024,0.049818307806583986,0.2487913635089796
2026-02-04 23:00:00,LONG,1.2743998107059948,1.2723001439992871,1.276919410754044,1.5,1.8,WIN,TP,4,0.9975776047440867,True,1.0,0.0013997778044717738,0.4128784228889163,2.305875372147105,0.045349822516455675,0.2532731987790796
2026-02-05 00:00:00,LONG,1.2743145826417834,1.2724028947825794,1.2766086080728283,1.5,1.8,LOSS,TP,3,0.6367479992903569,True,0.899175928005271,0.0012744585728027438,0.38660337700130876,2.5994891483489444,0.038664706094186825,0.2599782875554129
2026-02-05 01:00:00,LONG,1.2752246494081954,1.2732116173362928,1.2776402878944784,1.5,1.8,WIN,TP,5,0.32441440112845854,True,0.5300455271651948,0.0013420213812682816,1.0452715389527039,1.9676991798193344,0.11000232430864076,0.20707679799375728
2026-02-05 02:00:00,LONG,1.2743438675094623,1.2723892142845084,1.276689451379407,1.5,1.8,WIN,TP,1,0.188477931748029,True,0.47658953418603206,0.0013031021499692041,0.4005786160240632,2.51987640602065,0.040961852533007076,0.25767427819617134
2026-02-05 04:00:00,LONG,1.2753884797137853,1.2731270185509265,1.278102233109216,1.5,1.8,WIN,TP,3,0.5920408813517173,True,0.3824699506484456,0.0015076407752392226,0.0,3.411598739377966,0.0,0.4032861712374268
2026-02-05 06:00:00,LONG,1.2770391330007327,1.2748211467459245,1.2797007165065024,1.5,1.8,WIN,TP,1,0.013312127352229086,True,0.44776311794391216,0.001478657503205432,0.0,2.3621508521898282,0.0,0.2735086177888952
2026-02-05 07:00:00,LONG,1.2797284885041376,1.277307930886509,1.2826331576452918,1.5,1.8,LOSS,SL,3,0.6903890619176082,True,1.0,0.0016137050784190382,1.6499671482324498,0.0,0.20805666125628913,0.0
2026-02-05 08:00:00,LONG,1.278764905583046,1.2762569741245087,1.2817744233332906,1.5,1.8,WIN,TP,12,0.7810042833332067,True,1.0,0.0016719543056914635,1.2441199760396793,1.8731471674171456,0.1626656894988752,0.24490947930174314
2026-02-05 09:00:00,LONG,1.2782876638645866,1.2757309920606652,1.2813556700292923,1.5,1.8,WIN,TP,11,0.4098978355072195,True,1.0,0.0017044478692809703,0.9404042571000846,2.1174353614808257,0.12539196595476107,0.28233536880932414
2026-02-05 10:00:00,LONG,1.2777514212351253,1.2751614088855312,1.2808594360546384,1.5,1.8,WIN,TP,10,0.15729683066059671,True,0.7600605771486952,0.0017266748997294412,0.6177349326053477,2.400741923292565,0.08347690991293655,0.32442153855484995
2026-02-05 11:00:00,LONG,1.2778333881483672,1.2753395838730972,1.2808259532786914,1.5,1.8,WIN,TP,9,0.22464696936079015,True,0.40212636314165373,0.001662536183513403,0.69086876270586,2.4440574266772233,0.08988607800599006,0.3179862057230698
2026-02-05 12:00:00,SHORT,1.2770787429479216,1.2795313925401826,1.2741355634372085,1.5,1.8,WIN,SL,2,-0.010352606052760782,True,-0.9067212705531121,0.0016350997281739785,2.022501436632158,0.0,0.25894969809262414,0.0
2026-02-05 15:00:00,LONG,1.2795030520820432,1.2767902289633795,1.2827584398244396,1.5,1.8,WIN,TP,8,0.3896365192619969,True,0.7135231019775414,0.0018085487457757557,0.7138608477749201,2.3881974164332878,0.10090262299889893,0.337566325858078
2026-02-05 16:00:00,LONG,1.2791566971722514,1.2764267399461209,1.2824326458436082,1.5,1.8,WIN,TP,7,0.5324878880062622,True,0.5953269332746123,0.001819971484087032,0.2651385807621185,2.5635161829403423,0.03772365476294595,0.3647345444276556
2026-02-05 17:00:00,LONG,1.279307597248817,1.2767866326878998,1.2823327547219179,1.5,1.8,WIN,TP,6,0.46958680659507257,True,1.0,0.0016806430406115513,0.3769061707794067,2.686249349974211,0.04951465419623846,0.3528960732422975
2026-02-05 18:00:00,LONG,1.2796223102641224,1.2771243456738774,1.2826198677724165,1.5,1.8,WIN,TP,5,0.540803919922026,True,0.326707752353706,0.0016653097268300523,0.5693581998071822,2.522001278447273,0.07409668779482619,0.3282150698989596
2026-02-05 20:00:00,LONG,1.2804667812507413,1.2780372476272677,1.2833822215989097,1.5,1.8,WIN,TP,3,0.14160607823552646,True,0.320267510688866,0.0016196890823158006,1.1067733643330893,2.0716582645970796,0.1399980664127201,0.2620483656889279
2026-02-05 23:00:00,LONG,1.282791261969506,1.2802932697218714,1.2857888526666676,1.5,1.8,WIN,TP,6,0.8630680174736489,True,1.0,0.001665328165089765,0.96242531211259,2.3516474804826735,0.12494269539969034,0.30529244310546877
2026-02-06 00:00:00,LONG,1.2824173048198095,1.2800314054684638,1.2852803840414244,1.5,1.8,WIN,TP,5,0.3769642999115149,True,0.9516390090252164,0.0015905995675637996,0.7725368813232419,2.6972356970257163,0.09581879663831357,0.3345417998636224
2026-02-06 01:00:00,LONG,1.282656774684287,1.2802132318407031,1.2855890260965874,1.5,1.8,WIN,TP,4,0.2301972272146372,True,0.7003684979950837,0.0016290285623891756,0.22632966414543593,2.486605921070152,0.02874482828811438,0.3158095095101629
2026-02-06 02:00:00,LONG,1.2827204259560656,1.2803490042805412,1.285566131966695,1.5,1.8,WIN,TP,3,0.3350439180417749,True,1.0,0.0015809477836829114,0.15621805098752217,2.521968681193557,0.019253812170014224,0.3108316291197214
2026-02-06 03:00:00,LONG,1.2829325674471797,1.280701415172051,1.2856099501773341,1.5,1.8,WIN,TP,2,0.6121365189626677,True,0.9502545004312778,0.0014874348500857812,0.0,2.537898924258046,0.0,0.29424456138393673
2026-02-06 05:00:00,LONG,1.2864380515617833,1.2841210874877131,1.2892184084506673,1.5,1.8,WIN,SL,3,0.2047481654862368,True,1.0,0.0015446427160467069,1.5020595143548727,0.5354571907251968,0.1803542179975294,0.06429303365244753
2026-02-06 06:00:00,LONG,1.2866411093779353,1.2842869379028807,1.2894661151480007,1.5,1.8,WIN,SL,2,0.48424246949019406,True,1.0,0.0015694476500363516,1.6077013489494263,0.0,0.19610776351525616,0.0
2026-02-06 07:00:00,LONG,1.285673397216995,1.2833708538328024,1.2884364492780258,1.5,1.8,WIN,SL,2,0.31204600052453957,True,1.0,0.0015350289227949693,1.5079223742192958,0.0,0.1800382945440695,0.0
2026-02-06 08:00:00,LONG,1.2845473800676663,1.2822347603981443,1.2873225236710928,1.5,1.8,WIN,TP,7,0.34031819231096866,True,0.4794962405980882,0.0015417464463480166,0.7710005177851228,2.2532397164360316,0.09253744368425532,0.2704395633427292
2026-02-06 10:00:00,SHORT,1.2843205438223373,1.286670073033487,1.2815011087689576,1.5,1.8,WIN,SL,5,-0.01246810296187667,True,-0.9819579645491054,0.0015663528074331928,2.3626609237410583,0.0,0.28814929331430533,0.0
2026-02-06 13:00:00,LONG,1.286225729299862,1.2842716412184265,1.2885706349975845,1.5,1.8,WIN,TP,3,0.14714299766809424,True,0.6572630476289734,0.0013027253876236441,1.0523492395514296,3.1540392646793936,0.10658487385074501,0.31944991692058955
2026-02-06 14:00:00,LONG,1.285657508886368,1.2836546967517168,1.2880608834479492,1.5,1.8,WIN,TP,2,1.0,True,0.9607463526530836,0.0013352080897673765,0.0,3.5028752993614143,0.0,0.36378797656655393
2026-02-06 15:00:00,LONG,1.2871849328333282,1.2851216067091453,1.2896609241823478,1.5,1.8,WIN,TP,1,0.3682966957177016,True,1.0,0.0013755507494552946,0.0,2.289732669943767,0.0,0.24469238334389787
2026-02-06 16:00:00,LONG,1.2899628666305596,1.2876197541702024,1.2927746015829882,1.5,1.8,WIN,TP,5,0.2858569168129651,True,1.0,0.0015620749735714462,0.9978438586972274,2.8678471737194835,0.12083347199553993,0.3472807174516756
2026-02-06 17:00:00,LONG,1.2896178632722248,1.2872027943526319,1.2925159459757365,1.5,1.8,LOSS,TP,4,0.7120227790866044,True,1.0,0.001610045946395387,0.7538316304484424,2.9966819687546487,0.09411342657650051,0.374125994516494
2026-02-06 18:00:00,LONG,1.289354092887595,1.2868582988628967,1.2923490457172329,1.5,1.8,WIN,TP,3,0.5585684398820994,True,1.0,0.0016638626831321699,0.0,3.058284852858333,0.0,0.39466009136893915
2026-02-06 19:00:00,LONG,1.2908198768235901,1.2884179001184701,1.293702248869734,1.5,1.8,WIN,TP,2,0.2544847072276467,True,1.0,0.0016013178034132952,0.5449858490759405,2.2623754618490635,0.06760784819033908,0.2806574464889023
2026-02-06 20:00:00,LONG,1.2918814235297382,1.2894204761682784,1.29483456036349,1.5,1.8,WIN,TP,2,1.0,True,1.0,0.0016406315743065583,0.0,2.0515863247921406,0.0,0.2605422789247232
2026-02-06 21:00:00,LONG,1.2940210213322385,1.2914327834810462,1.2971269067536695,1.5,1.8,LOSS,TP,4,0.7926798494578513,True,1.0,0.0017254919007949462,0.24180431057274887,1.958313657298455,0.03224301403087178,0.2611282428322349
2026-02-06 22:00:00,LONG,1.2941933138766457,1.2916403465372845,1.297256874683879,1.5,1.8,WIN,TP,3,0.5012015903803817,True,1.0,0.0017019782262407096,0.3463757143238637,1.8841379760541541,0.04555145800528977,0.24778074311571185
2026-02-06 23:00:00,LONG,1.2939829030698855,1.2914941318074404,1.2969694285848195,1.5,1.8,WIN,TP,2,1.0,True,1.0,0.001659180841630002,0.0,2.0595540470926252,0.0,0.2640817439805898
2026-02-07 00:00:00,LONG,1.2954292176769342,1.2928773359322636,1.298491475770539,1.5,1.8,WIN,TP,4,0.7432340432864758,True,1.0,0.0017012544964471069,0.0,2.4692271680988775,0.0,0.324277371944007
2026-02-07 01:00:00,LONG,1.2965332892038939,1.293973735032705,1.2996047542093208,1.5,1.8,WIN,TP,3,0.496429709062132,True,1.0,0.0017063694474593407,0.0,1.8147959107734069,0.0,0.2388455677385155
2026-02-07 02:00:00,LONG,1.297371798557496,1.2947704727155362,1.3004933895678477,1.5,1.8,WIN,TP,3,1.0,True,1.0,0.0017342172279731624,0.0,2.3902762094599295,0.0,0.31951196924958364
2026-02-07 03:00:00,LONG,1.2981827769131966,1.2955449664453007,1.3013481494746717,1.5,1.8,WIN,TP,2,0.6976954200422619,True,1.0,0.001758540311930615,0.04590183284927655,1.8960496974326402,0.006217939791875017,0.25684209386041573
2026-02-07 04:00:00,LONG,1.2992962862087667,1.2966416518760142,1.3024818474080697,1.5,1.8,WIN,TP,2,0.6845735786961109,True,1.0,0.0017697562218350457,0.0,1.9974180783885203,0.0,0.2720659721231514
2026-02-07 05:00:00,LONG,1.3008471836127062,1.2982078733845352,1.3040143558865114,1.5,1.8,WIN,TP,4,0.3840957118518493,True,1.0,0.001759540152113992,0.0,1.8976731403032836,0.0,0.2566813479719219
2026-02-07 06:00:00,LONG,1.302178865692244,1.2996644409450335,1.3051961753888963,1.5,1.8,WIN,TP,4,0.5148240457098942,True,1.0,0.0016762831648069148,0.2034050322717932,1.854271032287519,0.026184147217975007,0.23869864550138667
2026-02-07 07:00:00,LONG,1.3032059605708406,1.3006157049411915,1.3063142673264194,1.5,1.8,WIN,TP,8,0.3767921012407355,True,1.0,0.0017268370864326834,0.7874813372159213,2.0896339815425744,0.1043466665378358,0.27689080357007434
2026-02-07 08:00:00,LONG,1.302637174568984,1.3000163581164366,1.305782154312041,1.5,1.8,WIN,TP,7,0.9319207238124358,True,1.0,0.0017472109683649428,0.0,2.390806567659901,0.0,0.320675898078564
2026-02-07 09:00:00,LONG,1.3032089737404289,1.3006396503099162,1.306292161857044,1.5,1.8,WIN,TP,6,0.01717575697476109,True,1.0,0.0017128822870083724,0.0,2.104899043066466,0.0,0.27665895182268363
2026-02-07 10:00:00,LONG,1.304631482885801,1.3020740028920421,1.3077004588783117,1.5,1.8,WIN,TP,10,0.9097611299194543,True,1.0,0.001704986662505895,0.7667289107421846,2.182266363181924,0.10020167255825198,0.28519433204465405
2026-02-07 11:00:00,LONG,1.3040346738921078,1.3015679602479193,1.306994730265134,1.5,1.8,WIN,TP,5,0.12359904000104688,True,0.7736035972208598,0.0016444757627922682,0.34851217133545465,1.9163691726954397,0.0439497377081769,0.2416670906191457
2026-02-07 12:00:00,LONG,1.304407103206195,1.301971845896945,1.3073294119772951,1.5,1.8,WIN,TP,8,0.30883062822827645,True,0.6524139783546602,0.0016235048728334542,0.5824122543200201,2.429998695341835,0.07248880587681078,0.30244505056507487
2026-02-07 13:00:00,LONG,1.3042800847503921,1.3018066818830338,1.307248168191222,1.5,1.8,WIN,TP,7,0.1884001931740414,True,0.5539302190426209,0.0016489352449055028,0.3725191817375727,2.4695531199605387,0.047095713210096014,0.31221309182594686
2026-02-07 14:00:00,LONG,1.3041630176197643,1.3017465773196608,1.3070627459798885,1.5,1.8,WIN,TP,2,0.09514816769645865,True,0.5023878272900414,0.0016109602000689957,0.0,1.8765695945026948,0.0,0.23180222783198492
2026-02-07 15:00:00,LONG,1.3063033045737797,1.3038139490168243,1.3092905312421264,1.5,1.8,WIN,TP,6,0.47360423358451975,True,0.5333379782877437,0.0016595703713036456,0.7504269014122769,1.9179518540865954,0.09533668383540993,0.24366286600396736
2026-02-07 16:00:00,LONG,1.3064647242929608,1.3039937030065867,1.3094299498366098,1.5,1.8,WIN,TP,5,0.482731943735107,True,0.9685774154674994,0.0016473475242494587,0.8539825081747761,1.8341948538300088,0.10768036399569861,0.2312773008917775
2026-02-07 17:00:00,LONG,1.3061636843399305,1.3036625136583726,1.3091650891578,1.5,1.8,WIN,TP,4,0.2140901020623376,True,0.828799460214007,0.0016674471210386121,0.6631490759808812,1.9926246910958847,0.08465753801159576,0.2543782486310175
2026-02-07 18:00:00,LONG,1.3051743597268657,1.3027184224873194,1.3081214844143212,1.5,1.8,WIN,TP,2,0.2509510655929288,True,0.40950481307918135,0.001637291493030871,0.0,1.9409239073935747,0.0,0.24348150716512465
2026-02-07 19:00:00,LONG,1.3064793071226837,1.3041101107211823,1.3093223428044853,1.5,1.8,WIN,TP,2,0.15077027179539607,True,0.7191925795906978,0.001579464267667609,0.0,1.9037933198485497,0.0,0.23015852645591953
2026-02-07 20:00:00,LONG,1.3070362844222536,1.3046789953273432,1.309865031336146,1.5,1.8,WIN,TP,2,0.06134144159502375,True,0.44534818259090064,0.0015715260632735667,0.0,1.9675280603650558,0.0,0.2365673902046669
2026-02-07 21:00:00,LONG,1.309407883279138,1.3069931775018266,1.3123055302119118,1.5,1.8,WIN,TP,4,0.05082107328835839,True,1.0,0.001609803851540906,0.0,1.9511894792957043,0.0,0.2398818869938572
2026-02-07 22:00:00,LONG,1.3094390203324726,1.307156970811861,1.3121774797572066,1.5,1.8,LOSS,TP,3,0.3649073019545711,True,1.0,0.0015213663470743694,0.0,2.0441462317752483,0.0,0.23749829027793368
2026-02-07 23:00:00,LONG,1.3099576693971224,1.3077689936499837,1.312584080293689,1.5,1.8,WIN,TP,4,0.6482613579183603,True,1.0,0.0014591171647592477,0.2246513073278012,1.9809242652668608,0.025023142828612056,0.2206483968958491
2026-02-08 00:00:00,LONG,1.3098166129374702,1.3076854478244535,1.3123740110730902,1.5,1.8,WIN,TP,1,0.5111374753874112,True,1.0,0.0014207767420110842,0.0,1.923104876179653,0.0,0.2086019259136237
2026-02-08 01:00:00,LONG,1.3122520565077838,1.3100117964078815,1.3149403686276664,1.5,1.8,LOSS,TP,7,1.0,True,1.0,0.0014935067332681382,0.324685110221,2.270857780105686,0.03695322067907117,0.25845197712304463
2026-02-08 02:00:00,LONG,1.3118836552301016,1.3096913723775179,1.314514394653202,1.5,1.8,WIN,TP,6,1.0,True,1.0,0.0014615219017225037,0.06790448778204429,2.572621496901926,0.007564992194471598,0.2866064111382507
2026-02-08 03:00:00,LONG,1.3125794610611443,1.3103745236162971,1.315225385994961,1.5,1.8,WIN,TP,5,0.36073448110378303,True,1.0,0.00146995829656479,0.0,2.084505960939395,0.0,0.23344391120096053
2026-02-08 04:00:00,LONG,1.3133685177964878,1.3111211110022991,1.3160654059495143,1.5,1.8,WIN,TP,12,0.25000467268871346,True,1.0,0.0014982711961258094,0.5217433548010942,1.870831050310234,0.05951970293760749,0.21342161301386983
2026-02-08 05:00:00,LONG,1.3135655541414009,1.311496382213183,1.316048560455262,1.5,1.8,WIN,TP,11,0.8389449639076831,True,1.0,0.0013794479521451425,0.5930693478670513,1.8891440786381635,0.06228149747197105,0.19838948443558319
2026-02-08 06:00:00,LONG,1.3130955316704405,1.3110633249054118,1.3155341797884748,1.5,1.8,WIN,TP,2,0.3779129176823981,True,0.5547008901452689,0.0013548045100191094,0.0,1.8807630203338601,0.0,0.1940503307466122
2026-02-08 07:00:00,LONG,1.3136873451802324,1.3116812809583074,1.3160946222465424,1.5,1.8,WIN,TP,9,0.680722732209174,True,0.6799208982093642,0.0013373761479499788,0.7027935541302929,1.8575065029841284,0.07154665375100311,0.18910016153136724
2026-02-08 08:00:00,LONG,1.3155737753305374,1.313476587534162,1.3180904006861878,1.5,1.8,WIN,SL,1,0.6196492193613528,True,1.0,0.001398125197583533,1.5886517499937411,0.0,0.1688338642424949,0.0
2026-02-08 09:00:00,LONG,1.3137061475151974,1.3115221799331633,1.3163269086136382,1.5,1.8,WIN,TP,10,0.09822431333332333,True,0.31306333467211145,0.0014559783880226781,0.6584587237546948,3.0227007690653442,0.07297687332933332,0.3350054349325299
2026-02-08 12:00:00,LONG,1.315268234368916,1.313055903136189,1.3179230318481883,1.5,1.8,WIN,SL,2,0.24305953527174604,True,0.6127874079724078,0.001474887488484614,1.7091395408746328,0.0,0.19165585080216302,0.0
2026-02-08 14:00:00,SHORT,1.3131299435388983,1.3154515190426925,1.3103440529343453,1.5,1.8,WIN,SL,2,-0.5486052340409665,True,-0.31580812438121547,0.0015477170025294093,1.9652084509740753,0.0,0.23162875449248788,0.0
2026-02-08 18:00:00,LONG,1.315240844778692,1.3130241421451994,1.3179008879388834,1.5,1.8,WIN,TP,1,0.22405856233568594,True,0.6467427630455012,0.0014778017556617959,0.0,1.9395630833043844,0.0,0.21792888664481214
2026-02-08 19:00:00,LONG,1.3180852448193412,1.315667283463922,1.320986798445844,1.5,1.8,WIN,SL,1,0.0450932889046457,True,1.0,0.0016119742369460344,2.4127449203758657,0.0,0.295070646398244,0.0
2026-02-08 21:00:00,SHORT,1.313992625389179,1.316981091353855,1.3104064662315675,1.5,1.8,WIN,SL,11,-0.69353934499528,True,-0.7285698879274588,0.0019923106431174137,1.7745855336897138,0.8497235092982354,0.26906738877967895,0.12883734341968206
2026-02-08 22:00:00,SHORT,1.3146508562680888,1.3175859246416095,1.311128774219864,1.5,1.8,WIN,SL,23,-0.2408949805717123,True,-0.5092005570796282,0.0019567122490137734,1.93725651173701,1.2015788583000886,0.28833918358810984,0.1788417098716219
2026-02-08 23:00:00,SHORT,1.31385667477221,1.3166748523125604,1.3104748617237894,1.5,1.8,WIN,SL,9,-0.42398071484044003,True,-0.48665095241304906,0.001878785026900341,1.9541758159092888,0.8287071442557461,0.27944267691890146,0.11850322825988423
2026-02-09 00:00:00,SHORT,1.3134862337181923,1.3161989811926602,1.3102309367488307,1.5,1.8,WIN,SL,8,-0.8122846703513534,True,-1.0,0.0018084983163119445,2.2349577439040753,0.6560810754388571,0.3077243760246408,0.09033376139287885
2026-02-09 01:00:00,SHORT,1.3140370308771372,1.316762407555019,1.310766578863679,1.5,1.8,WIN,SL,7,-0.000631921911266653,True,-0.8126324935759646,0.001816917785254549,1.9214519150324978,0.9561900342104969,0.2656789782859916,0.1322123074477227
2026-02-09 04:00:00,SHORT,1.3125720167152313,1.3153723305338163,1.309211640132929,1.5,1.8,WIN,SL,3,-0.5297420395115043,True,-0.5260858739936859,0.0018668758790567619,1.6079706670210323,0.0,0.22870224370657521,0.0
2026-02-09 08:00:00,LONG,1.3172389493714245,1.3140881341873982,1.321019927592256,1.5,1.8,WIN,SL,2,0.08856027302057595,True,1.0,0.002100543456017575,1.7381787132536013,0.0,0.2771797723758613,0.0
2026-02-09 09:00:00,LONG,1.3163497719337733,1.3133804811236593,1.3199129209059102,1.5,1.8,WIN,SL,3,0.5862365781520105,True,1.0,0.0019795272067426595,1.5531072366704102,0.0,0.23355631577020278,0.0
2026-02-09 11:00:00,SHORT,1.314174715810039,1.3167264474325546,1.3111126378630202,1.5,1.8,WIN,SL,8,-0.4192113526262748,True,-0.36996258310491864,0.0017011544150103974,1.830247998227104,0.6726104647487525,0.2369193704072172,0.08706713406704511
2026-02-09 12:00:00,SHORT,1.3137830103739978,1.3162854405908886,1.3107800941137289,1.5,1.8,WIN,SL,7,-0.05352506240545438,True,-0.34743507823554776,0.0016682868112605695,2.101101486344883,0.4510668193077466,0.2668050866171045,0.05727801468784024
2026-02-09 14:00:00,SHORT,1.3140929329002327,1.3168943589588749,1.310731221629862,1.5,1.8,WIN,SL,5,-0.6162267805541751,True,-0.6858433671157909,0.0018676173724280684,1.7109057881594343,0.5688699235550398,0.24315764072348817,0.08084902713375147
2026-02-09 17:00:00,LONG,1.3154116088576175,1.312598856060358,1.318786912214329,1.5,1.8,WIN,TP,5,0.12481877535635788,True,0.5344836235907937,0.0018751685315063454,0.20750067727430324,1.9907474410543755,0.029579998965414637,0.2837885062367587
2026-02-09 18:00:00,LONG,1.315156140800322,1.3124768418337938,1.318371299560156,1.5,1.8,WIN,TP,3,0.5174133438383024,True,0.3920010818265125,0.0017861993110188498,0.0,1.8393070658448618,0.0,0.24980828601575197
2026-02-09 19:00:00,LONG,1.3166377603362196,1.3139679382340221,1.3198415468588565,1.5,1.8,LOSS,TP,4,0.23855117126176145,True,0.983216029039457,0.0017798814014649159,0.14983086136412604,1.9842006931080176,0.020254710258300345,0.26823185669040117
2026-02-09 20:00:00,LONG,1.3165076146905426,1.3138943546939306,1.3196435266864768,1.5,1.8,WIN,TP,3,0.1431279546754306,True,0.9787238454277143,0.0017421733310746257,0.0,2.1018503100693726,0.0,0.2781440468139283
2026-02-09 21:00:00,LONG,1.3178821688937958,1.3152640866061711,1.3210238676389454,1.5,1.8,WIN,TP,4,0.6380527385657258,True,1.0,0.001745388191749789,0.0,2.647935239144369,0.0,0.3506895387165059
2026-02-09 22:00:00,LONG,1.3186636456382832,1.3162078953590677,1.3216105459733418,1.5,1.8,WIN,TP,3,0.9784351389460241,True,1.0,0.0016371668528103614,0.0,2.3456363948740386,0.0,0.2912189296440769
2026-02-09 23:00:00,LONG,1.319208363649642,1.316716860402373,1.3221981675463645,1.5,1.8,LOSS,TP,2,0.7249984115873455,True,1.0,0.0016610021648459292,0.2548237260095945,1.984031214902337,0.032084602570671195,0.24980740221791842
2026-02-10 00:00:00,LONG,1.319042948444176,1.3166662549343606,1.3218949806559543,1.5,1.8,WIN,TP,1,0.07789478577904002,True,1.0,0.0015844623398769211,0.0,2.1842711318777686,0.0,0.26237927677963935
2026-02-10 01:00:00,LONG,1.3211272194976589,1.3184283081015096,1.324365913173038,1.5,1.8,WIN,TP,4,0.3154000868093247,True,1.0,0.0017992742640995849,0.0,2.240566012062929,0.0,0.3051479602436738
2026-02-10 02:00:00,LONG,1.3216390253962855,1.318876429089813,1.3249541409640526,1.5,1.8,WIN,TP,3,0.7938794724730427,True,1.0,0.0018417308709817012,0.0,1.9110212677373255,0.0,0.26630470168199616
2026-02-10 03:00:00,LONG,1.3228583121106228,1.3202653924588295,1.3259698156927746,1.5,1.8,WIN,TP,4,0.97433306537258,True,1.0,0.001728613101195526,0.25591013146212704,2.3481845476071204,0.03344043741678583,0.3068433358174431
2026-02-10 04:00:00,LONG,1.322901904230057,1.3204131941981798,1.3258883562683095,1.5,1.8,WIN,TP,3,0.5686133975823264,True,1.0,0.0016591400212514643,0.0,2.4202360271892864,0.0,0.3035380356430481
2026-02-10 05:00:00,LONG,1.324418826766426,1.3218025326514753,1.327558379704367,1.5,1.8,WIN,SL,12,0.32624823976766204,True,1.0,0.001744196076633897,2.813360851419471,1.432515501374845,0.3705061314464874,0.1886554212850898
2026-02-10 06:00:00,LONG,1.3240967462025743,1.3216667942915181,1.3270126884958418,1.5,1.8,WIN,SL,11,0.9837948048720009,True,0.9799783061228304,0.0016199679407041018,2.8302858841494642,1.7411878409402453,0.3462717062404168,0.21302586001789436
2026-02-10 07:00:00,LONG,1.3256139317978934,1.3231249986981677,1.3286006515175643,1.5,1.8,WIN,SL,8,0.4776219244534496,True,1.0,0.0016592887331504658,2.162062128285762,0.5357570895506489,0.2706282156351718,0.06706143327802717
2026-02-10 08:00:00,LONG,1.326230123478334,1.3237300617036112,1.3292301976080014,1.5,1.8,WIN,SL,2,0.3182574277536918,True,1.0,0.0016667078498151838,1.564418658634083,0.06050942102425269,0.1966045569756931,0.007604376135296058
2026-02-10 09:00:00,LONG,1.3248066490332646,1.3222934178410626,1.3278225264639072,1.5,1.8,WIN,SL,6,0.14970842348267127,True,0.7643763698703623,0.0016754874614680773,1.6593395230609596,0.9675537406428069,0.20985723216560104,0.12236684967776412
2026-02-10 13:00:00,SHORT,1.3249709504539284,1.3277351684393857,1.3216538888713798,1.5,1.8,WIN,TP,4,-0.44988514064970053,True,-0.5059942916692345,0.001842811990304846,0.0,2.9624165001230045,0.0,0.4120223650815365
2026-02-10 15:00:00,SHORT,1.3226883903065416,1.3252199572247172,1.3196505100047309,1.5,1.8,WIN,TP,2,-0.32020320695751947,True,-0.9603877179569296,0.0016877112787837703,0.30744362201858316,1.8822037508725826,0.03922889716682583,0.24016363359631318
2026-02-10 16:00:00,SHORT,1.3225041874143835,1.3250016369478865,1.3195072479741798,1.5,1.8,WIN,TP,2,-0.28805429862873366,True,-0.8605733980489562,0.0016649663556687383,0.0,2.766891982330269,0.0,0.34833780521755164
2026-02-10 17:00:00,SHORT,1.319649046084528,1.3223278551278927,1.3164344752324906,1.5,1.8,WIN,SL,10,-0.7153751090348086,True,-1.0,0.0017858726955764118,1.5578642770694735,0.9808317999557578,0.21082478588432615,0.13273534624158356
2026-02-10 18:00:00,SHORT,1.318640874957236,1.3213932355030562,1.3153380423022516,1.5,1.8,WIN,SL,3,-0.6542381534437838,True,-1.0,0.0018349070305468476,1.5630533941469473,0.28179666342335985,0.21750104342346874,0.03921239578721049
2026-02-10 19:00:00,SHORT,1.3193518869979486,1.3220133870287152,1.3161580869610288,1.5,1.8,WIN,SL,8,-0.5127272103749723,True,-1.0,0.0017743333538443912,1.7354722863885084,0.6921375382770518,0.23339538092588516,0.09308227256998886
2026-02-10 20:00:00,SHORT,1.3194504554859587,1.3223723865138206,1.3159441382525245,1.5,1.8,WIN,SL,7,-1.0,True,-1.0,0.0019479540185745364,1.530189032173763,0.3469011289090877,0.225907525516276,0.051214310116526524
2026-02-10 21:00:00,SHORT,1.3208690942489603,1.3237093619181346,1.317460773045951,1.5,1.8,WIN,SL,20,-0.4548509254468158,True,-0.6176097648541901,0.0018935117794495829,1.7873665677183215,1.6881857067988388,0.256225212998368,0.2420072916869625
2026-02-10 23:00:00,LONG,1.3201351398965209,1.317410016640312,1.3234052878039715,1.5,1.8,WIN,TP,18,0.7384030478743777,True,0.691094751868413,0.0018167488374725466,1.3555231843212023,2.2668813198955124,0.1865449297467882,0.31196457681834167
2026-02-11 01:00:00,SHORT,1.3190608659763479,1.3216604170405308,1.3159414046993283,1.5,1.8,WIN,SL,1,-0.0035151532708013744,True,-0.49431317321028667,0.0017330340427886043,1.5188086529842568,0.0,0.19954705411985274,0.0
2026-02-11 03:00:00,LONG,1.3217153128117978,1.3191514871054733,1.3247919036593874,1.5,1.8,LOSS,SL,6,0.7410391203295823,True,0.7818601353755236,0.0017092171375497425,1.6371774861419086,0.7529790269922614,0.21171668281358647,0.09737381754416904
2026-02-11 04:00:00,LONG,1.321865870659317,1.3193427947675256,1.3248935617294666,1.5,1.8,LOSS,SL,5,0.08248074946260742,True,0.7051696791922735,0.0016820505945276082,1.7531278034307174,0.6756317635919297,0.22308236633514852,0.08597292924014352
2026-02-11 05:00:00,LONG,1.3220803593124983,1.3197038401227306,1.3249321823402196,1.5,1.8,WIN,SL,3,0.3979417303606016,True,0.7177196792763472,0.0015843461265118628,1.6326792885531014,0.5819171335243126,0.19565596663128618,0.06973540979986748
2026-02-11 06:00:00,LONG,1.3221429562327354,1.3197375963965576,1.3250293880361488,1.5,1.8,LOSS,SL,2,0.6219029357537657,True,1.0,0.0016035732241185421,1.6521391022530727,0.0,0.20038120797777906,0.0
2026-02-11 08:00:00,SHORT,1.3198203623961897,1.3220407251024602,1.317155927148665,1.5,1.8,WIN,SL,8,-0.3971538274171546,True,-0.7302397996419301,0.0014802418041803664,2.2183451242426275,1.4510248682922342,0.24879803968488207,0.16273939470458923
2026-02-11 09:00:00,SHORT,1.319281809007128,1.3214480286610373,1.316682345422437,1.5,1.8,LOSS,SL,4,-0.8387942372337845,True,-0.9326787032435953,0.0014441464359394862,1.6479551407066901,1.1143705650894926,0.1803927354103965,0.12198411809384441
2026-02-11 10:00:00,SHORT,1.3180696198649131,1.3201071986817186,1.3156245252847465,1.5,1.8,WIN,SL,2,-0.7668622754868478,True,-1.0,0.0013583858778703098,2.4002764640089387,0.0,0.24736945625287904,0.0
2026-02-11 11:00:00,SHORT,1.3183908665817978,1.3202688919180472,1.3161372361782988,1.5,1.8,WIN,SL,1,-0.20107041703351886,True,-1.0,0.0012520168908328427,2.347616039632113,0.0,0.22294260445160233,0.0
2026-02-11 13:00:00,LONG,1.321512211677952,1.3193777743610464,1.324073536458239,1.5,1.8,WIN,TP,4,0.2029085380214544,True,0.46779443206100413,0.0014229582112704595,1.1778822139687242,1.9264671298601952,0.1268302444324804,0.20743525462368106
2026-02-11 15:00:00,LONG,1.3212988108152157,1.319150208856043,1.3238771331662231,1.5,1.8,LOSS,TP,2,0.7575720084574777,True,1.0,0.0014324013061151688,0.006160390385660052,2.0627481078797563,0.000667839186894784,0.22361959760567512
2026-02-11 16:00:00,LONG,1.322618494804173,1.32055754472131,1.3250916349036086,1.5,1.8,WIN,TP,2,0.10415508795797307,True,1.0,0.0013739667219086402,0.0,1.8193983911504163,0.0,0.18900331827772535
2026-02-11 17:00:00,LONG,1.3242326720890134,1.3221582498657827,1.3267219787568902,1.5,1.8,WIN,TP,6,0.7747888425806322,True,1.0,0.0013829481488205145,0.6968260000054802,2.131061970415907,0.07277227386614468,0.2225551648985725
2026-02-11 18:00:00,LONG,1.3246348883653165,1.3224700083901535,1.327232744335512,1.5,1.8,WIN,TP,6,0.18118647180696934,True,1.0,0.0014432533167753059,0.9463969264332096,2.8586148920684553,0.1031144895138826,0.311459818897905
2026-02-11 19:00:00,LONG,1.323959555765281,1.321731320566134,1.3266334380042575,1.5,1.8,WIN,TP,4,0.8043524090983325,True,1.0,0.0014854901327646663,0.0,2.1678128044833183,0.0,0.24322982652438171
2026-02-11 20:00:00,LONG,1.3249264696260583,1.3227404760949255,1.3275496618634175,1.5,1.8,WIN,TP,4,0.5030578745918978,True,1.0,0.0014573290207551429,0.053355765823752205,2.6309255555979765,0.005868771418048226,0.2893839206564728
2026-02-11 21:00:00,LONG,1.3250536097822025,1.3229339792156931,1.3275971664620136,1.5,1.8,WIN,TP,3,0.27310754249831937,True,0.881469522864893,0.001413087044339559,0.0,2.623323186157718,0.0,0.2797610587306243
2026-02-11 22:00:00,LONG,1.3260434034601067,1.3238811945958089,1.3286380540972642,1.5,1.8,WIN,TP,2,0.9143104788187049,True,0.8683799043685355,0.0014414725761985642,0.03631423550773282,1.8850100754164854,0.003947531013949032,0.2049096072180413
2026-02-11 23:00:00,LONG,1.3267527187245438,1.3245599289949308,1.3293840664000796,1.5,1.8,WIN,TP,3,0.47934350215453014,True,1.0,0.0014618598197420538,0.22074102166276438,2.335253093771075,0.024321972405515146,0.2573058730939765
2026-02-12 00:00:00,LONG,1.3282050115683564,1.3259695188974672,1.3308876027734233,1.5,1.8,WIN,TP,4,0.39145631202320624,True,1.0,0.0014903284472594766,1.1910027465516866,3.0009364016257627,0.13363789915641325,0.336723687142118
2026-02-12 01:00:00,LONG,1.3277499607273244,1.3253852887036683,1.3305875671557117,1.5,1.8,WIN,TP,3,0.7727353782794029,True,1.0,0.0015764480157706945,0.0,3.125654432938826,0.0,0.3711114196600769
2026-02-12 02:00:00,LONG,1.3293607278210404,1.3270520576835498,1.3321311319860292,1.5,1.8,WIN,TP,2,0.05586286654400119,True,1.0,0.0015391134249937036,0.0,2.1549189170959657,0.0,0.2494932011803636
2026-02-12 04:00:00,LONG,1.3319094945000574,1.3294326829950427,1.3348816683060751,1.5,1.8,WIN,TP,11,0.8473939920910629,True,1.0,0.001651207670009829,0.6599579571125624,2.536799960046538,0.08181694365631945,0.31449460857561984
2026-02-12 05:00:00,LONG,1.3310891443242767,1.3286754712336846,1.3339855520329873,1.5,1.8,WIN,TP,1,0.24910937640439046,True,1.0,0.0016091153937280683,0.0,1.9809039123728138,0.0,0.23946577826786933
2026-02-12 06:00:00,LONG,1.3336065253102996,1.331045697927813,1.3366795181692837,1.5,1.8,WIN,TP,10,0.7593867276159497,True,1.0,0.0017072182549911416,1.4569170779738276,2.637701268761175,0.1865074431115684,0.3376656961238697
2026-02-12 07:00:00,LONG,1.3336595124755315,1.331183615489817,1.336630588858389,1.5,1.8,WIN,SL,3,0.5138487115334062,True,1.0,0.0016505979904763515,1.53899532861064,0.4293600462835841,0.1904730984928824,0.0531395624563147
2026-02-12 08:00:00,LONG,1.3330024980213602,1.3305049223152534,1.3359995888686882,1.5,1.8,WIN,TP,7,0.15080316076175654,True,1.0,0.0016650504707378389,1.1310456804059292,1.8592709857226213,0.14127866567251657,0.23224112742488268
2026-02-12 10:00:00,LONG,1.3320099166575303,1.3295058886521285,1.3350147502640126,1.5,1.8,WIN,TP,5,0.10442374792029857,True,0.45494960997924366,0.0016693520036012988,0.42167831371000913,2.4490708879952625,0.052847169459024845,0.3069317534884128
2026-02-12 15:00:00,LONG,1.3359681648682558,1.3332010918631791,1.3392886524743477,1.5,1.8,WIN,TP,5,0.2193797766664422,True,1.0,0.0018447153367177535,0.0,2.4004840967532286,0.0,0.3314607297745321
2026-02-12 16:00:00,LONG,1.3376731978204048,1.3349355975079689,1.3409583181953282,1.5,1.8,WIN,TP,18,0.4895833616885435,True,1.0,0.0018250668749573626,0.9412639546516837,2.4682172440152685,0.12842222353152039,0.3367535164486127
2026-02-12 17:00:00,LONG,1.3387280349195385,1.3359086274778573,1.342111323849556,1.5,1.8,WIN,TP,17,0.4454832516462881,True,1.0,0.0018796049611207494,1.4751539928403654,1.8353986632702446,0.20711501447913439,0.25769419502180574
2026-02-12 18:00:00,LONG,1.3384392449431572,1.3358875067567044,1.3415013307669006,1.5,1.8,WIN,TP,16,0.21753299564609874,True,1.0,0.0017011587909685172,1.460132234665998,2.197686911619762,0.18558308091780878,0.2793264187092172
2026-02-12 19:00:00,LONG,1.3381567088558088,1.335691212881673,1.3411153040247719,1.5,1.8,WIN,TP,15,0.04313008575835381,True,1.0,0.0016436639827572344,1.3393130972775604,2.446455321179067,0.164508437992472,0.30049922182022315
2026-02-12 20:00:00,LONG,1.339499583072831,1.3371356410777258,1.342336313466957,1.5,1.8,WIN,SL,3,1.0,True,1.0,0.0015759613300700495,2.248947895501145,0.0,0.264595447541809,0.0
2026-02-12 21:00:00,LONG,1.3384778449272894,1.3359920313035876,1.3414608212757315,1.5,1.8,WIN,SL,2,0.14403929714519068,True,0.31719810987733055,0.0016572090824678984,1.5221475659270465,0.0,0.18846160066607132,0.0
2026-02-12 23:00:00,SHORT,1.3367454826635388,1.3392847257610245,1.3336983909465558,1.5,1.8,WIN,SL,4,-0.024933546793876604,True,-0.7488291638238272,0.0016928287316572302,1.8715916068033809,0.3966590545234376,0.23701475613834166,0.05023213864402328
2026-02-13 00:00:00,SHORT,1.3365645057593178,1.339093257483117,1.333530003690759,1.5,1.8,WIN,SL,3,-0.4094889432003108,True,-0.6262787055063765,0.0016858344825327412,1.9867080575516447,0.12653553158495623,0.2505873031727302,0.015960169635833743
2026-02-13 01:00:00,SHORT,1.3382209090418051,1.3407908906620523,1.3351369310975085,1.5,1.8,WIN,SL,9,-0.25204480182136746,True,-0.6126683860466202,0.001713321080164722,2.3095205893749338,1.296306134110238,0.2956873774811804,0.1659657692471853
2026-02-13 02:00:00,SHORT,1.337214288753225,1.3399282870611318,1.333957490783737,1.5,1.8,WIN,SL,6,-0.14141480137797158,True,-0.37397907193623203,0.0018093322052710986,1.8291653594549468,0.6711693595018041,0.24749719035038537,0.09081329354250525
2026-02-13 03:00:00,LONG,1.3389737293446986,1.3363267153908147,1.3421501460893592,1.5,1.8,WIN,SL,2,0.7715869852062105,True,0.43665355705295694,0.001764675969255891,1.6851869581843664,0.0,0.22209613703674252,0.0
2026-02-13 04:00:00,LONG,1.3380501209859827,1.3354222843472034,1.341203524952518,1.5,1.8,WIN,TP,6,0.5647718949383295,True,0.6316435748906114,0.0017518910925195927,1.170278551474854,2.356161512720713,0.15322300248250612,0.30848906942523624
2026-02-13 06:00:00,SHORT,1.3370293667190096,1.339462079113447,1.3341101118456846,1.5,1.8,WIN,SL,2,-0.08627868765507722,True,-0.38352867724298934,0.00162180826295834,2.154687399032736,0.0,0.2613622344301065,0.0
2026-02-13 09:00:00,LONG,1.339366456673102,1.336594547668786,1.3426927474782815,1.5,1.8,WIN,TP,5,0.4886916087244313,True,0.6808936105656517,0.0018479393362107466,0.0,2.3971889385513268,0.0,0.33074292056572496
2026-02-13 10:00:00,LONG,1.3409214983487334,1.3380883318260304,1.3443212981759771,1.5,1.8,WIN,TP,7,0.903646686861536,True,1.0,0.001888777681802099,0.30204814815409353,2.71156263701007,0.04254550335464421,0.3819417466197643
2026-02-13 11:00:00,LONG,1.341405055961439,1.3386984939771462,1.3446529303425903,1.5,1.8,WIN,TP,6,0.24275820451245617,True,1.0,0.0018043746561950957,0.5841688200117976,2.5704092899795277,0.07857875658692783,0.3457554717179191
2026-02-13 12:00:00,LONG,1.3409785764988464,1.3382497040169425,1.3442532234771312,1.5,1.8,WIN,TP,5,0.2842044297246472,True,1.0,0.0018192483212692448,0.04551384232114278,2.783820538554459,0.006174668461403517,0.37766903440790367
2026-02-13 13:00:00,LONG,1.3423103516228645,1.3396242606850672,1.3455336607482211,1.5,1.8,WIN,TP,4,0.7453546533917947,True,0.7944258035751857,0.0017907272918647862,0.7899450193682068,2.084452353197194,0.10538368444712289,0.2780791873465882
2026-02-13 14:00:00,LONG,1.3433081773795994,1.340628570878397,1.3465237051810424,1.5,1.8,LOSS,TP,11,0.39372910612805223,True,1.0,0.0017864043341350008,1.350423202571508,1.8169026365473073,0.17958662819250448,0.24162160249488498
2026-02-13 16:00:00,LONG,1.3428789048198766,1.3401570993819083,1.3461450713454386,1.5,1.8,WIN,TP,9,0.6539744937440737,True,0.7785851616677021,0.0018145369586455296,0.0,2.0253074961313784,0.0,0.27366542814559736
2026-02-13 17:00:00,LONG,1.3452262433461302,1.342454653490568,1.348552151172805,1.5,1.8,WIN,SL,16,0.673056271017752,True,1.0,0.0018477265703748763,2.024903588166155,1.215405218238363,0.2781292872339052,0.1669411763723275
2026-02-13 18:00:00,LONG,1.3444221709686404,1.3416292222729294,1.3477737094034934,1.5,1.8,WIN,SL,15,0.42646758587034544,True,0.7962988272430441,0.0018619657971406126,1.5775777349525595,1.6379510824982078,0.21848760368894135,0.22684904778115592
2026-02-13 19:00:00,LONG,1.3439452267139993,1.3412337426929397,1.3471990075392708,1.5,1.8,WIN,TP,7,0.6781629334156057,True,0.6815762897619891,0.0018076560140396966,0.42040324991730227,1.9510089974257245,0.056545791296341755,0.26241792280963894
2026-02-13 20:00:00,LONG,1.345243812380342,1.3423952448893328,1.3486620933695532,1.5,1.8,WIN,SL,13,0.8586905729583667,True,1.0,0.0018990449940061715,1.979435562810957,1.173309473094112,0.27943166598644353,0.16563298494989995
2026-02-13 21:00:00,LONG,1.3455016778012285,1.3427277037434215,1.348830446670597,1.5,1.8,WIN,SL,12,0.47515312735316606,True,1.0,0.0018493160385380275,2.1721017574562054,1.0654220367712537,0.29854311471128586,0.14643623957665589
2026-02-14 03:00:00,LONG,1.3464727981268991,1.3437530389965273,1.3497365090833453,1.5,1.8,WIN,SL,2,0.15076539983682552,True,0.49635979650850354,0.001813172753581219,1.6510685220896952,0.46527243737147606,0.2223344179483755,0.06265401778690646
2026-02-14 04:00:00,LONG,1.3467574596010852,1.3440316165278172,1.3500284712890067,1.5,1.8,WIN,SL,1,0.13663454050998097,True,1.0,0.0018172287155119315,1.804029346856953,0.0,0.2434242267873344,0.0
2026-02-14 07:00:00,SHORT,1.3440505616770957,1.346751626039211,1.3408092844425574,1.5,1.8,WIN,TP,3,-1.0,True,-1.0,0.0018007095747434626,0.21027959631240944,2.3590246146301923,0.028172487944238215,0.3160534530278069
2026-02-14 08:00:00,SHORT,1.3438427461828886,1.346448948586749,1.3407153032982562,1.5,1.8,WIN,TP,2,-0.46107927769075624,True,-1.0,0.0017374682692402293,0.0,2.3252814384804017,0.0,0.30063805663934
2026-02-14 09:00:00,SHORT,1.3422204819331154,1.3449411244147305,1.3389557109551773,1.5,1.8,WIN,SL,18,-0.46289706725587576,True,-1.0,0.0018137616544100668,1.8368566793966514,1.3330519259578235,0.24821705931191945,0.18013720541334072
2026-02-14 10:00:00,SHORT,1.3409353639427077,1.343686706083802,1.3376337533733946,1.5,1.8,WIN,SL,6,-0.5247167862656433,True,-1.0,0.0018342280940628303,1.6833148508578,0.0,0.23025594473981512,0.0
2026-02-14 11:00:00,SHORT,1.3425177753081252,1.3454076902060106,1.3390498774306627,1.5,1.8,WIN,SL,16,-0.4607663954060679,True,-1.0,0.0019266099319236332,1.5749564997296472,1.1898626176432827,0.22601762826048258,0.17075387595892838
2026-02-14 12:00:00,SHORT,1.342439136387927,1.3452727297598268,1.339038824341647,1.5,1.8,LOSS,SL,15,-1.0,True,-0.7295262508029051,0.0018890622479332978,1.6478894532622428,1.1718842081566188,0.23188878143862354,0.16490596531135102
2026-02-14 13:00:00,SHORT,1.3425621284729488,1.3452411565889046,1.3393472947338017,1.5,1.8,WIN,SL,14,-0.4504471246839244,True,-0.4151615398892336,0.0017860187439706474,1.6740998267778637,1.3083593380463119,0.22270654046409916,0.17405185592845543
2026-02-14 15:00:00,LONG,1.3425576972262234,1.3398262609270144,1.3458354207852743,1.5,1.8,WIN,TP,13,0.06507457488946888,True,0.8482718010847463,0.001820957532805978,1.2808223216938226,2.052612059857568,0.17372237034528037,0.2784028872687042
2026-02-14 16:00:00,LONG,1.3428954094875483,1.3401646883575098,1.3461722748435943,1.5,1.8,WIN,TP,12,0.6828580460071304,True,0.36574960387574124,0.0018204807533589282,1.4666649517018109,1.8676424481433906,0.19882675131178978,0.2531848055314034
2026-02-14 20:00:00,SHORT,1.340931702498843,1.3434386961893643,1.3379233100702173,1.5,1.8,LOSS,SL,3,-0.06917406238840512,True,-0.8157979057489614,0.0016713291270142872,1.9682336257513768,0.42261474181076525,0.24531944329133737,0.052674444654988994
2026-02-14 21:00:00,SHORT,1.3404001428366055,1.3427766871535556,1.3375482896562654,1.5,1.8,WIN,SL,2,-0.6638362489248133,True,-1.0,0.0015843628779667052,2.4117744128343657,0.0,0.2850735185418815,0.0
2026-02-15 01:00:00,LONG,1.343427729029298,1.3412104270992165,1.3460884913453959,1.5,1.8,WIN,TP,3,0.7467517634506324,True,0.7290326713367205,0.001478201286721064,0.9878596405416217,1.9399845034721717,0.10869623725896663,0.2134605031060029
2026-02-15 02:00:00,LONG,1.3427863997152527,1.3405570910958806,1.3454615700584993,1.5,1.8,WIN,TP,1,0.6190499002148414,True,0.7751890358374595,0.0014862057462481212,0.0,1.860914906688561,0.0,0.20596741433974997
2026-02-15 03:00:00,LONG,1.344791664911104,1.3423356468383891,1.347738886598362,1.5,1.8,WIN,TP,5,0.15712904085128715,True,1.0,0.0016373453818099293,0.0,2.157377454137516,0.0,0.2626705759353756
2026-02-15 04:00:00,LONG,1.3458557992657731,1.3433932574227525,1.3488108494773978,1.5,1.8,WIN,TP,9,0.32855434649316956,True,0.8224511631413377,0.0016416945620137482,0.1393450935054529,2.04095797771753,0.016997518038410923,0.24895903522096277
2026-02-15 05:00:00,LONG,1.3459673044423188,1.3436415719251669,1.3487581834629012,1.5,1.8,WIN,TP,8,1.0,True,1.0,0.0015504883447679768,0.2194581210139941,2.0890995070694887,0.02528049958374454,0.24065402079836176
2026-02-15 06:00:00,LONG,1.347244945674471,1.344975006464409,1.3499688727265455,1.5,1.8,WIN,TP,14,0.5958685367503807,True,1.0,0.0015132928067080728,1.0691311580794585,1.9410308575271515,0.12009015110011362,0.21802627975892802
2026-02-15 07:00:00,LONG,1.3475027903230976,1.3452588442190754,1.3501955256479243,1.5,1.8,WIN,TP,17,0.047646210772604114,True,1.0,0.0014959640693481388,1.2538757968919785,2.4663438231805754,0.13920217108611,0.2738073545103528
2026-02-15 08:00:00,LONG,1.346369754736177,1.3440257480567852,1.3491825627514473,1.5,1.8,WIN,TP,5,0.06424687537243384,True,0.9907170921709418,0.001562671119594564,0.27776591695165215,1.8152726490840443,0.032239046881523487,0.21069057240292832
2026-02-15 09:00:00,LONG,1.3477146338468478,1.3452237506200109,1.350703693719052,1.5,1.8,WIN,TP,15,0.6330008680700511,True,0.731914551000368,0.0016605888178912018,0.80522807671407,2.0942681179818523,0.09921631081698083,0.25804559296504004
2026-02-15 10:00:00,LONG,1.3473616190391282,1.3449862966842199,1.3502120058650182,1.5,1.8,WIN,TP,14,0.46436944109958,True,0.5072764918935219,0.001583548236605527,0.6214764473695262,2.4190819941915804,0.07304185590693309,0.28431365210166437
2026-02-15 13:00:00,LONG,1.3483057100221187,1.3459860737137455,1.3510892735921667,1.5,1.8,WIN,TP,11,0.6724301819114644,True,0.38522508179137926,0.0015464242055821848,1.2468951975492961,1.866656013722308,0.14301125486465377,0.21409403087585926
2026-02-15 14:00:00,LONG,1.3489319799262738,1.3466241665931467,1.3517013559260265,1.5,1.8,WIN,SL,3,0.8369232486326114,True,0.7991311934688621,0.0015385422220847791,1.5682577567060878,0.5963106869496629,0.1788697139448165,0.06801300458475147
2026-02-15 15:00:00,LONG,1.349319766198983,1.3470310005042283,1.3520662850326888,1.5,1.8,WIN,SL,2,0.8782954105847878,True,0.7940239990761014,0.0015258437965032076,1.8354546205396514,0.0,0.20755769808389302,0.0
2026-02-15 16:00:00,LONG,1.3488630858908257,1.3466449756537706,1.351524818175292,1.5,1.8,WIN,SL,1,0.5890457316082298,True,0.8447981981787768,0.0014787401580367446,1.5850903389735067,0.0,0.17377128656524848,0.0
2026-02-15 17:00:00,SHORT,1.3472704811814857,1.3494434022375505,1.344662975914208,1.5,1.8,WIN,SL,3,-0.2404241377435126,True,-0.3742523840090925,0.0014486140373765213,2.0100678663537854,0.0,0.21612679621140807,0.0
2026-02-15 21:00:00,SHORT,1.3465186152284263,1.349141924341896,1.3433706442922626,1.5,1.8,WIN,SL,1,-0.6077896173557091,True,-1.0,0.0017488727423131361,1.7267269292612937,0.0,0.22426913566960602,0.0
2026-02-15 22:00:00,LONG,1.348854693686021,1.3461967960810084,1.3520441708120363,1.5,1.8,WIN,TP,10,0.7877992788152492,True,0.8105267086519379,0.0017719317366751458,0.4493168860284835,2.0780668411300063,0.059024804814390534,0.27298660144542203
2026-02-16 02:00:00,LONG,1.3502283876578463,1.3473644652775,1.3536650945142616,1.5,1.8,WIN,TP,9,0.3949481225949576,True,1.0,0.0019092815868974838,1.136476063506714,1.9897961434469065,0.1607026516282188,0.28136581730093996
2026-02-16 06:00:00,LONG,1.3501312760587372,1.3472038109336921,1.353644234208791,1.5,1.8,WIN,TP,5,0.09551966166282508,True,0.4496900092204505,0.001951643416696672,0.23168027240387865,1.9963650655336058,0.033489875127953886,0.28857880759903076
2026-02-16 08:00:00,LONG,1.3517402045014155,1.348910786493221,1.3551355061112489,1.5,1.8,WIN,TP,4,0.10004132936252091,True,1.0,0.0018862786721296962,0.0203727153981285,2.491717172169278,0.002842899724435754,0.34770534627812094
2026-02-16 09:00:00,LONG,1.352214221807428,1.3495000002656097,1.35547128765761,1.5,1.8,WIN,TP,3,0.5038956244578784,True,1.0,0.0018094810278788595,0.28320049597980723,2.335507025339569,0.037896800395752904,0.31252856127936685
2026-02-16 10:00:00,LONG,1.3525357884141764,1.3498364793940394,1.355774959238341,1.5,1.8,WIN,TP,2,0.3580301759310825,True,0.8426438486296274,0.0017995393467580753,0.4634589028643735,2.169715851512428,0.06166288082385114,0.28867916690465234
2026-02-16 11:00:00,LONG,1.3531992851545398,1.3506397800554022,1.356270691273505,1.5,1.8,WIN,TP,1,0.5113475683735113,True,1.0,0.00170633673275844,0.0,1.8993861196896384,0.0,0.23950591322901985
2026-02-16 13:00:00,LONG,1.3556975269388787,1.3530037416574867,1.3589300692765491,1.5,1.8,WIN,TP,3,0.3432053335579974,True,1.0,0.0017958568542613604,0.03233280538753239,1.9174007008680323,0.004283041682889824,0.2539930273970793
2026-02-16 14:00:00,LONG,1.356366275750633,1.3537898570197882,1.3594579782276466,1.5,1.8,WIN,TP,3,0.5059307573111683,True,1.0,0.001717612487229839,0.0,2.4397733143371223,0.0,0.3089567460969524
2026-02-16 15:00:00,LONG,1.3575364839148294,1.3550634312254055,1.3605041471421382,1.5,1.8,WIN,TP,2,0.6623478908893689,True,1.0,0.0016487017929492761,0.0,1.8319728646113367,0.0,0.22248955975083967
2026-02-16 16:00:00,LONG,1.3586250797987303,1.3562092221460178,1.3615241089819852,1.5,1.8,WIN,TP,4,1.0,True,1.0,0.0016105717684749316,0.0,2.2380951392053765,0.0,0.26531328620101335
2026-02-16 17:00:00,LONG,1.3598673096603284,1.3574769596961216,1.3627357296173768,1.5,1.8,WIN,TP,11,0.7417845166217062,True,1.0,0.001593566642804586,0.5888836467212819,2.6578747696203973,0.06900859585649997,0.31146425416145523
2026-02-16 18:00:00,LONG,1.3608276707086318,1.3583647395332277,1.3637831881191165,1.5,1.8,WIN,TP,10,0.6383465601900246,True,1.0,0.0016419541169360174,1.1564186627545525,1.9946595897742043,0.13953172948215517,0.2406726138666904
2026-02-16 19:00:00,LONG,1.3595396044772186,1.357096705931583,1.3624710827319813,1.5,1.8,WIN,TP,9,0.8814424376841132,True,1.0,0.0016285990304237194,0.37499724695242476,2.801920958740613,0.04492110055397189,0.3356434591314125
2026-02-16 20:00:00,LONG,1.3616276964035992,1.3589881874880025,1.3647951071023152,1.5,1.8,WIN,SL,3,0.40885326603702976,True,1.0,0.0017596726103978094,1.5337012483070698,0.0,0.19820484603149022,0.0
2026-02-16 21:00:00,LONG,1.3603935530917175,1.3576766865833723,1.3636537929017316,1.5,1.8,WIN,TP,7,0.7994842837690949,True,0.6666116693572767,0.0018112443388967733,0.8086533306651249,2.0479054441043663,0.10766507706306958,0.27266059397297354
2026-02-16 23:00:00,SHORT,1.3593865811237265,1.3622543713463093,1.355945232856627,1.5,1.8,WIN,SL,5,-0.3143413655634075,True,-0.3611560567413377,0.0019118601483885905,2.466827458167392,0.08209521316005737,0.3469380362959244,0.011545984681151918
2026-02-17 01:00:00,SHORT,1.3604780535343446,1.3632696401987145,1.3571281495371006,1.5,1.8,WIN,SL,3,-0.0981968341904676,True,-0.4645548573249423,0.0018610577762466932,1.9476862813539788,0.5109068482579733,0.26643257421067407,0.06988919522943171
2026-02-17 04:00:00,LONG,1.3630361194743623,1.3602721814492358,1.3663528451045142,1.5,1.8,WIN,TP,4,0.33142104214680923,True,1.0,0.0018426253500843609,0.017199470578593026,1.829845844318171,0.0023251167040509043,0.2473683779405233
2026-02-17 05:00:00,LONG,1.3638555776570476,1.3610545061580006,1.367216863455904,1.5,1.8,WIN,TP,8,0.269739006993978,True,1.0,0.0018673809993646762,0.45579898449806255,2.118274612144574,0.06240766083485016,0.29003259780267077
2026-02-17 06:00:00,LONG,1.3633303874659044,1.3606029769188719,1.3666032801223433,1.5,1.8,WIN,TP,7,0.39327696358011827,True,1.0,0.0018182736980216615,0.0,2.4643242423699965,0.0,0.3286669170212847
2026-02-17 07:00:00,LONG,1.3639450462466463,1.3613478544326503,1.3670616764234413,1.5,1.8,WIN,TP,6,0.32861151739110017,True,1.0,0.0017314612093306378,0.3322691998021115,2.2328869695274793,0.04217994208020695,0.2834540279460455
2026-02-17 08:00:00,LONG,1.3654303180842955,1.3627116253322014,1.3686927493868084,1.5,1.8,WIN,SL,15,0.8814165670876082,True,1.0,0.0018124618347294316,2.3056524934570395,1.627916276227077,0.3060505609984301,0.2160883702169472
2026-02-17 09:00:00,LONG,1.3640775338630313,1.3613298202352735,1.3673747902163407,1.5,1.8,WIN,TP,4,0.31166375097975146,True,0.6407120486896539,0.0018318090851719188,0.0,2.0382416412249595,0.0,0.2737138808816791
2026-02-17 11:00:00,LONG,1.365943078569105,1.363444809507661,1.3689410014428376,1.5,1.8,WIN,SL,12,0.5639012947615065,True,1.0,0.001665512707629237,2.816950967625683,1.4636787968174987,0.3434746079070741,0.1784683179141484
2026-02-17 12:00:00,LONG,1.3653553941218357,1.3628523782383768,1.3683590131819863,1.5,1.8,WIN,TP,4,0.31772264838310826,True,0.5601374709000446,0.0016686772556392393,0.0,1.8130888241160916,0.0,0.22158773432041987
2026-02-17 13:00:00,LONG,1.3677820785966144,1.3652218720573066,1.3708543264437836,1.5,1.8,WIN,SL,6,0.18135405195313317,True,0.6438726766076728,0.0017068043595385005,2.473328340338434,0.3508167793990424,0.30863744012431693,0.043777120481934065
2026-02-17 14:00:00,LONG,1.3667590148579962,1.3641667915370164,1.369869682843172,1.5,1.8,WIN,SL,5,0.5802776065952812,True,1.0,0.0017281488806531703,1.8507802719131068,0.9384835793098507,0.23401520095873785,0.11866315345022294
2026-02-17 15:00:00,LONG,1.3678309789990455,1.3653149761018666,1.3708501824756603,1.5,1.8,WIN,SL,4,0.44480949895440963,True,0.9160846577861576,0.0016773352647859255,2.545935857871497,0.32782665313878945,0.31220143876371803,0.04020052290735688
2026-02-17 16:00:00,LONG,1.367646276638792,1.3651120470728064,1.3706873521179748,1.5,1.8,WIN,SL,3,0.4498676242034547,True,0.5194760279809696,0.0016894863773238011,2.418300431939113,0.07567149664498644,0.29873847542499193,0.009347882191264402
2026-02-17 17:00:00,LONG,1.367626142551293,1.365173685116589,1.3705690914729378,1.5,1.8,WIN,SL,2,0.5025582627788671,True,0.6601291623478018,0.0016349716231360675,2.4866190281273366,0.0,0.29727068107619936,0.0
2026-02-17 18:00:00,SHORT,1.3659611154518583,1.3682891132923647,1.3631675180432505,1.5,1.8,WIN,TP,5,-0.12056319754232186,True,-0.4600681089240868,0.0015519985603375769,0.347903866762917,3.0346062402777014,0.039528672832923925,0.34479052608642197
2026-02-17 19:00:00,SHORT,1.364782680352968,1.3671580998646005,1.3619321769390087,1.5,1.8,WIN,TP,4,-0.8896567711310195,True,-1.0,0.0015836130077550978,1.0851018467436337,2.2298815429774175,0.12590879295140814,0.25874225017998975
2026-02-17 21:00:00,SHORT,1.3658939908419585,1.3684313857928074,1.3628491169009398,1.5,1.8,WIN,TP,2,-0.8109351370841205,True,-0.6882788521688544,0.0016915966338992363,0.0,2.744495829068429,0.0,0.3398931349965812
2026-02-17 22:00:00,SHORT,1.364542360297009,1.3669908089199274,1.361604221949507,1.5,1.8,WIN,TP,1,-0.538612753044527,True,-1.0,0.0016322990819455413,0.0,2.0161436085173134,0.0,0.24117604971507564
2026-02-17 23:00:00,SHORT,1.3621356520971617,1.364715925680054,1.3590393237976908,1.5,1.8,WIN,TP,2,-0.8283300054046407,True,-1.0,0.0017201823885949169,0.0,1.9522305901271026,0.0,0.24653878447734529
2026-02-18 00:00:00,SHORT,1.3612262397002166,1.3637694405933538,1.358174398628452,1.5,1.8,WIN,SL,3,-0.38109855150196237,True,-1.0,0.0016954672620914022,1.6443083846751496,1.4443099772078078,0.20480585472794632,0.17989517181266748
2026-02-18 01:00:00,SHORT,1.3594285700673445,1.3620753982433793,1.3562523762561027,1.5,1.8,WIN,SL,1,-0.4584782825578075,True,-1.0,0.0017645521173565676,2.0078072044786683,0.0,0.26061541826585966,0.0
2026-02-18 02:00:00,SHORT,1.361736576160374,1.364594581318659,1.3583069699704318,1.5,1.8,WIN,SL,3,-0.5506298253860626,True,-1.0,0.0019053367721901168,1.9056608780011715,0.0,0.2666393640110403,0.0
2026-02-18 05:00:00,LONG,1.3649783945959528,1.3619323033848212,1.3686337040493108,1.5,1.8,WIN,SL,6,0.4018653970725408,True,1.0,0.002030727474087771,1.7096491971112517,0.9054999105714574,0.2543506629387797,0.134714479984556
2026-02-18 06:00:00,LONG,1.3663708514970978,1.3633159556704655,1.3700367264890565,1.5,1.8,WIN,SL,2,0.7412403925748762,True,1.0,0.002036597217754827,2.056359391457665,0.21917276580028958,0.30650359752317835,0.032668045029460885
2026-02-18 07:00:00,LONG,1.3664422327644767,1.3633275345617772,1.3701798706077162,1.5,1.8,WIN,SL,1,0.9694040773515361,True,1.0,0.0020764654684663564,2.0512535110307013,0.0,0.3117114635800178,0.0
2026-02-18 09:00:00,LONG,1.3653960676258738,1.3620048568328875,1.3694655205774575,1.5,1.8,WIN,SL,2,0.4591344243597488,True,1.0,0.0022608071953242248,1.7204052754216124,0.0,0.28486273820239844,0.0
2026-02-18 10:00:00,SHORT,1.3636083406424733,1.3671259010847585,1.359387268111731,1.5,1.8,WIN,SL,3,-0.6405726513792185,True,-0.3269647619007271,0.002345040294856874,1.8505951734212083,0.8962650436139487,0.31825269190533767,0.15413352789820103
2026-02-18 11:00:00,SHORT,1.363267408966137,1.3668508353943472,1.3589672972522848,1.5,1.8,WIN,SL,2,-0.4026056285240419,True,-1.0,0.0023889509521401214,1.9592917649831045,0.0,0.34334070459634614,0.0
2026-02-18 12:00:00,SHORT,1.3643996342404805,1.367957437284422,1.3601302705877507,1.5,1.8,WIN,SL,2,-0.2535854347878904,True,-0.9083370708121747,0.0023718686959610497,1.6484690380284612,0.0,0.2865694192110571,0.0
2026-02-18 13:00:00,LONG,1.366426563376374,1.362841173479731,1.3707290312523455,1.5,1.8,WIN,TP,5,0.26911492991494357,True,1.0,0.0023902599310953337,0.0,2.345474827292875,0.0,0.41028875238037116
2026-02-18 14:00:00,LONG,1.3675064843567946,1.3638304607026082,1.3719177127418183,1.5,1.8,WIN,TP,4,0.4641486029460937,True,0.9147700456573624,0.0024506824361242613,0.0,1.8469849262920792,0.0,0.3309946658702125
2026-02-18 15:00:00,LONG,1.368902277571663,1.3652955680210859,1.3732303290323555,1.5,1.8,WIN,SL,13,0.47513365737019236,True,1.0,0.0024044730337180625,1.6490763044606476,1.3019818729016568,0.28965979307544,0.22869275295057598
2026-02-18 16:00:00,LONG,1.3692462704145998,1.3658488889399216,1.3733231281842135,1.5,1.8,WIN,SL,12,0.9163131907415729,True,1.0,0.002264920983118812,1.9025618905353894,1.2303243608118661,0.31470981084001887,0.2035125105727893
2026-02-18 17:00:00,LONG,1.3702236214141765,1.3669117326616913,1.3741978879171586,1.5,1.8,WIN,SL,9,1.0,True,1.0,0.0022079258349900766,1.5337147502533497,0.8194280951816594,0.24713691748320404,0.1320395031141721
2026-02-18 18:00:00,LONG,1.3714307211435766,1.3680900311975612,1.375439549078795,1.5,1.8,WIN,SL,6,0.8525643410902105,True,1.0,0.0022271266306768283,1.5308070956140125,0.22822961766482044,0.24859449307276332,0.03706321081874745
2026-02-18 19:00:00,LONG,1.3715980281039586,1.368454399970103,1.375370381864585,1.5,1.8,WIN,SL,5,0.4743332950471669,True,1.0,0.0020957520892369574,1.7065988996605295,0.16270497869460945,0.2607621282743608,0.02486073120853434
2026-02-18 20:00:00,LONG,1.3712545464475252,1.3681718602601773,1.3749537698723426,1.5,1.8,WIN,SL,4,0.844314874084345,True,1.0,0.0020551241248985158,1.5732025690561713,0.3330557736972061,0.23577872987882814,0.04991567446285671
2026-02-18 21:00:00,LONG,1.3715114041753582,1.3684903300022615,1.3751366931830742,1.5,1.8,WIN,SL,3,0.6784713103051923,True,0.9676696971122226,0.0020140494487311178,1.73281956063761,0.0,0.2544626512202486,0.0
2026-02-19 00:00:00,SHORT,1.3688359336070715,1.3713241617913259,1.365850059785966,1.5,1.8,WIN,TP,4,-0.7214055319647502,True,-1.0,0.001658818789503009,0.6618177943690802,2.350356509523004,0.0802021458944258,0.2848270887916823
2026-02-19 01:00:00,SHORT,1.3689886207498765,1.3714394086976713,1.3660476752125228,1.5,1.8,WIN,TP,3,-0.31882730731713727,True,-1.0,0.0016338586318631768,0.0,2.4797143423677674,0.0,0.2959486018673587
2026-02-19 02:00:00,SHORT,1.3675201093259206,1.370052095649031,1.3644817257381883,1.5,1.8,WIN,SL,4,-0.24813180633382304,True,-1.0,0.0016879908820735454,1.5230647274792162,1.5302163573914855,0.18799865210464847,0.18888140958671765
2026-02-19 03:00:00,SHORT,1.3665286954923515,1.3688134244719765,1.3637870207168015,1.5,1.8,WIN,SL,3,-0.58624965185712,True,-1.0,0.0015231526530833214,2.338789351908137,1.0449231218457538,0.26068484460755614,0.11646864281426829
2026-02-19 04:00:00,SHORT,1.365597673797155,1.3679041428143037,1.3628299109765765,1.5,1.8,WIN,SL,1,-0.33225854363619756,True,-1.0,0.0015376460114324855,1.849143968880554,0.0,0.2082113131027467,0.0
2026-02-19 09:00:00,LONG,1.367298312467684,1.3647373108201142,1.3703715144447681,1.5,1.8,WIN,SL,6,0.43292212640194394,True,0.3873321858878617,0.0017073344317133049,1.728807058001763,5.48497592102369e-05,0.21587475015516425,6.849045421683336e-06
2026-02-19 10:00:00,SHORT,1.366929206087558,1.36952721611191,1.3638115940583355,1.5,1.8,WIN,TP,6,-0.4133336702729312,True,-0.689280139029579,0.0017320066829013944,0.21316316539270252,2.2143074743253717,0.027009447553271976,0.2805701514350693
2026-02-19 11:00:00,SHORT,1.3665687383741856,1.3691808087432447,1.3634342539313147,1.5,1.8,WIN,TP,5,-0.5935393350178564,True,-1.0,0.0017413802460393305,0.4190168930884312,1.9953870718705624,0.05339414841649737,0.2542665826156364
2026-02-19 14:00:00,SHORT,1.3660934693539282,1.3686751348474646,1.3629954707616843,1.5,1.8,LOSS,TP,4,-0.8335908071556003,True,-0.6187637251086102,0.0017211103290243493,0.0,2.6187126549754707,0.0,0.3299256969112528
2026-02-19 15:00:00,SHORT,1.364628516537713,1.3672013850054339,1.361541074376448,1.5,1.8,WIN,SL,12,-0.6620771849290294,True,-0.7785327798315688,0.0017152456451472137,2.154271844521976,1.7735888685196415,0.27077738410118124,0.22292811165402726
2026-02-19 17:00:00,SHORT,1.364273558235237,1.3668048132473847,1.36123605222066,1.5,1.8,WIN,SL,7,-0.4174434749677101,True,-1.0,0.0016875033414317667,1.5755895710291141,1.5924011612646274,0.19488852875489243,0.1969679954810458
2026-02-19 18:00:00,SHORT,1.3626537079715841,1.3652493828721581,1.3595388980908956,1.5,1.8,WIN,SL,5,-0.6221108140888105,True,-1.0,0.001730449933715929,1.8118627230857833,0.5285636603615658,0.23009057332206215,0.0671229194685752
2026-02-19 19:00:00,SHORT,1.3635550244614028,1.3660144622777732,1.360603699081758,1.5,1.8,WIN,SL,5,-0.26154444935351384,True,-1.0,0.0016396252109137169,2.0598283175877823,1.107551548224821,0.24768684644794212,0.1331790362895868
2026-02-19 20:00:00,SHORT,1.3626591343747725,1.3651016164583407,1.3597281558744905,1.5,1.8,WIN,SL,3,-0.5327119312777786,True,-0.594407662434342,0.0016283213890455142,1.9221704922223581,0.0,0.22969143543839407,0.0
2026-02-19 23:00:00,LONG,1.365691677486711,1.363330336623153,1.3685252865229804,1.5,1.8,WIN,SL,9,0.28076484978655136,True,1.0,0.0015742272423719314,1.7773541185199706,1.6718961404936739,0.20487488639201393,0.19271878815467425
2026-02-20 00:00:00,LONG,1.3661668926855677,1.363694361242233,1.3691339304175694,1.5,1.8,WIN,SL,8,0.5304169334389699,True,1.0,0.0016483542955565106,1.985722657074613,1.308413644893465,0.23958818568195012,0.15786718763805377
2026-02-20 01:00:00,LONG,1.3649513593260918,1.3624083817594463,1.3680029324060663,1.5,1.8,WIN,TP,2,0.5423967751743578,True,0.8871530764456341,0.0016953183777636469,0.14290363973729586,1.9891618327462752,0.017749142857044077,0.24706100978321618
2026-02-20 02:00:00,LONG,1.3653690306914026,1.3626826497661308,1.3685926878017285,1.5,1.8,WIN,SL,9,0.38854586582888234,True,0.6918220299182983,0.0017909206168477607,1.686834244075326,1.6497611442378892,0.22125785461748212,0.21639506826911306
2026-02-20 08:00:00,SHORT,1.363559949139792,1.3661850472730097,1.3604098313799307,1.5,1.8,WIN,SL,1,-0.820707375756319,True,-1.0,0.001750065422145175,1.5979849792953862,0.0,0.20509389844842996,0.0
2026-02-20 10:00:00,SHORT,1.3643203107354318,1.367112313761086,1.3609699071046466,1.5,1.8,WIN,SL,16,-1.0,True,-0.9769728461164255,0.0018613353504362631,1.7154067460568212,1.3255527022163784,0.23403208115338078,0.18084448967645073
2026-02-20 11:00:00,SHORT,1.3632328952571184,1.3660078075522213,1.359903000502995,1.5,1.8,WIN,SL,8,-0.23780031315658473,True,-0.9734649369997819,0.0018499415300685504,1.6914274891918228,0.7459060747380253,0.22953098977012,0.10122134156159944
2026-02-20 12:00:00,SHORT,1.3627175983454292,1.3655090541251598,1.3593678514097522,1.5,1.8,WIN,SL,3,-0.38196602859672535,True,-0.9991655061675887,0.0018609705198204501,1.5653099110939754,0.4645886134630589,0.2137637029466362,0.06344569957478827
2026-02-20 14:00:00,SHORT,1.3633558768267386,1.3661891295677984,1.3599559735374669,1.5,1.8,WIN,SL,5,-0.8875545995213509,True,-0.8867314016024541,0.0018888351607065448,1.591489003524724,0.36751950760116014,0.22048978104910055,0.05091728286075723
2026-02-20 17:00:00,LONG,1.3641338943283754,1.361468071430536,1.3673328818057826,1.5,1.8,WIN,TP,9,0.72465347335263,True,0.6952718255992436,0.001777215265226181,0.8283753232628331,1.9014936963411309,0.10792205046442384,0.24772961348729092
2026-02-20 19:00:00,LONG,1.3655121171065006,1.362637359335379,1.3689618264318464,1.5,1.8,LOSS,TP,10,0.8425590530851336,True,1.0,0.0019165051807476757,0.929332789897697,1.9829607985747193,0.13043246443332118,0.2783098440562279
2026-02-20 21:00:00,LONG,1.364622199867857,1.3618169386114434,1.3679885133755532,1.5,1.8,WIN,TP,8,0.17547024718938853,True,0.3550428130376478,0.00187017417094231,0.2838823859396061,2.5079331942480896,0.038905237348559794,0.34370479117119757
2026-02-20 22:00:00,LONG,1.3653926278969595,1.3626915272065503,1.3686339487254504,1.5,1.8,WIN,TP,7,0.035847726241066497,True,0.5144085302663741,0.0018007337936060766,0.7226706909666338,2.17680362702549,0.09530866860447687,0.2870854707386696
2026-02-20 23:00:00,LONG,1.3653396239643654,1.3627505414489427,1.3684465229828724,1.5,1.8,LOSS,TP,6,0.32558299361600296,True,1.0,0.001726055010281716,0.723229326320496,2.3016924502161507,0.09143026250520236,0.2909787217840881
2026-02-21 01:00:00,LONG,1.3646607783675402,1.3621950306351485,1.36761967564641,1.5,1.8,WIN,TP,4,0.30433693838059805,True,0.5016087882333615,0.0016438318215944278,0.06619750639826869,2.829786673758681,0.007973964611032976,0.3408681084989417
2026-02-21 02:00:00,LONG,1.366518413518288,1.3638632397338162,1.369704622059654,1.5,1.8,LOSS,TP,9,0.5890866837741906,True,0.3802523623418362,0.0017701158563145278,0.5210214566827914,2.9241699015999676,0.06749037062587371,0.37878154133709546
2026-02-21 05:00:00,LONG,1.3689765051318268,1.366464371471121,1.3719910655246736,1.5,1.8,WIN,SL,2,0.6752270541305407,True,1.0,0.0016747557738038266,1.700464650553072,0.07348626379060037,0.20802862437648822,0.008990040670327484
2026-02-21 06:00:00,LONG,1.3684732238454798,1.3660455570296102,1.3713864240245233,1.5,1.8,WIN,TP,5,1.0,True,1.0,0.001618444543913054,1.4486636036643807,1.9903735313658344,0.171328285015884,0.2353943888749207
2026-02-21 07:00:00,LONG,1.3666912431478009,1.3641279782055888,1.3697671610784554,1.5,1.8,WIN,TP,4,0.06682494440386408,True,0.5201198850993862,0.0017088432948080268,0.1343480789668944,2.9278810380497426,0.01679822089034113,0.366087798173284
2026-02-21 08:00:00,LONG,1.3668609217300434,1.3643540714630884,1.3698691420503895,1.5,1.8,WIN,TP,3,0.546920211989077,True,0.5455190819097426,0.0016712335113033352,0.0,2.8922417274021894,0.0,0.3536286114249617
2026-02-21 09:00:00,LONG,1.3695803602608971,1.367082424496845,1.37257788317776,1.5,1.8,WIN,TP,5,0.5571526946862879,True,1.0,0.0016652905093682082,0.6200714770642662,2.1191612009674277,0.07539529448920727,0.2576715567913177
2026-02-21 11:00:00,LONG,1.3706184280831497,1.367961449342431,1.373806802572012,1.5,1.8,WIN,TP,4,0.010894135867371535,True,0.9049125774386931,0.0017713191604791234,0.0,2.14033188642834,0.0,0.27660585926289244
2026-02-21 12:00:00,LONG,1.3719731810973876,1.3692352158819983,1.3752587393558549,1.5,1.8,WIN,SL,11,0.3644048759184362,True,1.0,0.0018253101435928842,1.7050944335114038,1.5766830040304687,0.22685036472671424,0.2097661616231716
2026-02-21 13:00:00,LONG,1.3718180935870499,1.369165437720889,1.375001280626443,1.5,1.8,WIN,SL,10,0.6042465752422757,True,1.0,0.0017684372441072302,1.6722327381355715,1.7150865833275653,0.21557075743196585,0.22109512952218704
2026-02-21 14:00:00,LONG,1.3724898122637557,1.3697788095969232,1.3757430154639545,1.5,1.8,WIN,SL,7,0.7635118909065539,True,1.0,0.0018073351112215688,1.6361997408726139,1.3065116145081146,0.21545961319546905,0.17204530722341824
2026-02-21 15:00:00,LONG,1.3742723010050426,1.3715663122665935,1.3775194874911814,1.5,1.8,WIN,SL,5,0.028726083805629632,True,1.0,0.0018039924922993286,2.0172885337529727,0.32085253974344535,0.26480729961816574,0.04211796835380033
2026-02-21 16:00:00,LONG,1.373747223083511,1.3712100252767407,1.3767918604516354,1.5,1.8,WIN,SL,4,0.6958092560471411,True,1.0,0.0016914652045135442,1.8410638539005133,0.16847539657286542,0.22668620513535462,0.02074401071253694
2026-02-21 17:00:00,LONG,1.3739745851471075,1.3714164875059427,1.377044302316505,1.5,1.8,WIN,SL,3,0.21165734945936823,True,0.49434285223685953,0.001705398427443169,1.9593412647661723,0.0,0.24319645704356171,0.0
2026-02-21 18:00:00,LONG,1.3728480260379894,1.3702889766625515,1.375918885288515,1.5,1.8,WIN,SL,3,0.24109312982297504,True,0.480197990726421,0.0017060329169586521,1.9433241773521939,0.42244121319162925,0.24149614174356496,0.05249660570695419
2026-02-21 21:00:00,SHORT,1.3697782726848988,1.3722151146682595,1.3668540623048662,1.5,1.8,WIN,TP,7,-0.4089074598781706,True,-1.0,0.0016245613222404254,0.6766477891039671,2.7498114666219786,0.08025063974793181,0.32612850132095206
2026-02-21 22:00:00,SHORT,1.3699142914604945,1.372393156125697,1.3669396538622514,1.5,1.8,WIN,TP,6,-0.9070210948127122,True,-1.0,0.001652576443468374,0.07850159577816673,2.785502689401634,0.009469927335334747,0.33602511897407206
2026-02-21 23:00:00,SHORT,1.3689698364921945,1.3712629150663762,1.3662181422031765,1.5,1.8,WIN,TP,5,-0.5561277538787672,True,-1.0,0.0015287190494544126,0.702669896499963,2.3933770961569167,0.07846665628587636,0.2672667477318683
2026-02-22 00:00:00,SHORT,1.3696651378430398,1.3720607962809013,1.366790347717606,1.5,1.8,WIN,TP,4,-0.2443597930560556,True,-1.0,0.0015971056252410212,0.2372313386318437,2.726245804569851,0.027662491724732372,0.31789540304173325
2026-02-22 01:00:00,SHORT,1.36746999663315,1.3698004228896876,1.364673485125305,1.5,1.8,WIN,SL,2,-0.234486980925036,True,-1.0,0.0015536175043583242,1.6567943577368667,0.07126458293206249,0.18823262825799567,0.008096550838895659
2026-02-22 02:00:00,SHORT,1.3683377703639599,1.3706016027307018,1.3656211715238695,1.5,1.8,WIN,TP,2,-0.19118947032823505,True,-0.7818735651106545,0.0015092215778279097,1.1305503509616812,2.005494140591633,0.12469516090595417,0.22119794518156585
2026-02-22 03:00:00,SHORT,1.3687938852170525,1.3711382243287722,1.3659806782829889,1.5,1.8,WIN,TP,1,-0.36336766494265194,True,-0.42071663668186254,0.0015628927411464996,0.0,2.2284637919080765,0.0,0.25444662793249206
2026-02-22 04:00:00,SHORT,1.3663615142540728,1.3689131542843531,1.3632995462177364,1.5,1.8,WIN,SL,4,-0.8986435656727312,True,-0.9765919527750859,0.0017010933535202475,2.126593436824564,0.10286913876331241,0.26475672238155346,0.012807006521122174
2026-02-22 05:00:00,SHORT,1.3672734843951484,1.3697617576756924,1.3642875564584955,1.5,1.8,WIN,SL,3,-0.28034779512772945,True,-0.9144002437498162,0.0016588488536960014,1.63098875097531,0.6552496611649693,0.1978802230004005,0.07949837115352601
2026-02-22 09:00:00,LONG,1.3693461463642043,1.3664863694448037,1.372777878667485,1.5,1.8,WIN,SL,9,0.35969211898069087,True,1.0,0.0019065179462670612,1.5640753196875046,0.5777829751085886,0.21776361471604957,0.08044376610084088
2026-02-22 10:00:00,LONG,1.3684166088129717,1.365561800165909,1.371842379189447,1.5,1.8,WIN,SL,10,0.2803861179792071,True,0.6282502099489056,0.0019032057647084505,1.7777935010146024,1.0671947300642157,0.2472570719911987,0.14842637463210545
2026-02-22 12:00:00,LONG,1.3689252475942788,1.3660986113132096,1.3723172111315618,1.5,1.8,LOSS,SL,7,0.23865727179337312,True,0.8462033475794117,0.0018844241873794251,1.5014768516662969,0.5415539148046886,0.20668910161768458,0.07454879640954887
2026-02-22 17:00:00,SHORT,1.3678206255285452,1.3705628358759567,1.3645299731116514,1.5,1.8,WIN,SL,11,-0.5938184099936157,True,-0.7184415770105158,0.0018281402316076794,2.139086921456446,1.5247865054172527,0.2858964682236206,0.20379306344270268
2026-02-22 18:00:00,SHORT,1.3673338546713831,1.3698589471916187,1.3643037436471004,1.5,1.8,WIN,SL,10,-0.08167215946447459,True,-0.8044420231976158,0.0016833950134903678,2.6121746125794827,1.3667337015768324,0.3215982477256266,0.16826561341572435
2026-02-22 19:00:00,SHORT,1.3665087663200581,1.369024175555055,1.363490275238062,1.5,1.8,WIN,SL,9,-0.8441208436779308,True,-1.0,0.001676939489997872,3.11425075243118,0.879974713148741,0.3821717209009299,0.10798791658340881
2026-02-22 20:00:00,SHORT,1.3657882362917735,1.3682971941020914,1.3627774869193918,1.5,1.8,WIN,SL,2,-0.9033806599096311,True,-1.0,0.0016726385402119983,1.681515719533654,0.0,0.2059300207549489,0.0
2026-02-22 21:00:00,SHORT,1.3671748146766662,1.3696652998187857,1.364186232506123,1.5,1.8,WIN,SL,7,-0.5374677534317324,True,-0.8944180400378997,0.001660323428079599,2.7442615305196343,0.43398101427033847,0.3332684059848554,0.05270349026325488
2026-02-23 00:00:00,LONG,1.3671622877724352,1.3650182867147733,1.3697350890416293,1.5,1.8,WIN,TP,4,0.8223800647479197,True,0.4781619400069752,0.001429334038441191,0.495350927118416,3.1965156452253245,0.05178770270626453,0.33418773008832847
2026-02-23 01:00:00,LONG,1.3672962187693356,1.3650713215176609,1.3699660954713453,1.5,1.8,WIN,TP,3,0.19781515892030502,True,0.6666188996541753,0.0014832648344498425,0.0,2.989997144289429,0.0,0.32435967849174197
2026-02-23 02:00:00,LONG,1.3685851264457367,1.366441837333472,1.3711570733804543,1.5,1.8,WIN,TP,2,1.0,True,0.6557209541850307,0.0014288594081764813,0.07061819014661548,2.201791110326146,0.00737283077461444,0.22987608750354144
2026-02-23 05:00:00,LONG,1.3714386533394982,1.3693300550297993,1.3739689713111367,1.5,1.8,WIN,SL,9,0.8873869156784973,True,1.0,0.0014057322064658611,2.4172180199435265,1.592465378414578,0.2477661842482058,0.16322858223867337
2026-02-23 06:00:00,LONG,1.3717703347605987,1.3696166568515302,1.374354748251481,1.5,1.8,WIN,SL,8,0.2820030103219253,True,1.0,0.0014357852727123754,2.59763260751311,1.3281223071861818,0.27188535480581494,0.13901003693533678
2026-02-23 07:00:00,LONG,1.3709520794569472,1.368896063964151,1.3734192980483027,1.5,1.8,WIN,TP,4,0.5416597394596459,True,1.0,0.001370676995197519,0.15233315525952956,1.988180849476894,0.015230258930917371,0.1987781917038056
2026-02-23 08:00:00,LONG,1.3721073736677187,1.3700108592218252,1.374623191002791,1.5,1.8,WIN,SL,6,0.09330995449613516,True,1.0,0.001397676297262364,2.9096018562167805,1.123192505284372,0.2963821656343342,0.11441229542425517
2026-02-23 11:00:00,LONG,1.372896546231197,1.370776174236353,1.3754409926250102,1.5,1.8,WIN,SL,2,0.2637452185496404,True,0.5718348757258593,0.001413581329896155,1.7841289866130974,0.0,0.18370003424701692,0.0
2026-02-23 12:00:00,LONG,1.3719162087776937,1.3697784793455856,1.3744814840962234,1.5,1.8,WIN,SL,2,0.03462883042370926,True,0.3536171845405065,0.0014251529547387573,2.7193689252745274,0.0,0.2824893119626188,0.0
2026-02-23 13:00:00,SHORT,1.3704079012614263,1.3726352869247436,1.3677350384654456,1.5,1.8,LOSS,TP,3,-0.08761279147848086,True,-0.31338622118862386,0.0014849237755448458,0.0,1.9458044814502842,0.0,0.2108402421211701
2026-02-23 14:00:00,SHORT,1.3684424447235986,1.3707780589737406,1.3656397076234281,1.5,1.8,WIN,TP,3,-0.31229258866735654,True,-1.0,0.001557076166761373,0.7837952849322563,2.124090516553399,0.08918379888709613,0.24168869740350554
2026-02-23 15:00:00,SHORT,1.3687013900468041,1.3709992255111574,1.3659439874895802,1.5,1.8,LOSS,TP,2,-0.4276760002402339,True,-1.0,0.001531890309568811,0.0,2.3280492214736737,0.0,0.26056202386502886
2026-02-23 16:00:00,SHORT,1.3676627938983552,1.3699230262863076,1.3649505150328123,1.5,1.8,LOSS,SL,5,-0.3646860373513553,True,-1.0,0.0015068215919682754,2.002258829343313,1.6775177018959464,0.22059873604983465,0.18482040349440645
2026-02-23 17:00:00,SHORT,1.3661818024289794,1.3686607053287658,1.3632071189492356,1.5,1.8,WIN,SL,2,-0.5327098026198572,True,-1.0,0.0016526019331909764,2.1233333146498277,0.5571908891037938,0.25684903241723017,0.0674006006266649
2026-02-23 18:00:00,SHORT,1.3661866636084123,1.3684853950942788,1.3634281858253727,1.5,1.8,WIN,SL,1,-0.6305956104696911,True,-1.0,0.0015324876572442778,2.286585177114778,0.0,0.25649229746620555,0.0
2026-02-23 21:00:00,LONG,1.3701144005611896,1.3675401345781373,1.3732035197408523,1.5,1.8,WIN,TP,18,0.30744641604218725,True,0.658878701352861,0.0017161773220348525,1.0588992761301839,1.8064955148393156,0.13263556118156306,0.22627793953957864
2026-02-23 22:00:00,LONG,1.3689946175747727,1.366483842759073,1.3720075473536124,1.5,1.8,WIN,TP,14,0.6193234896340585,True,1.0,0.0016738498771331173,0.4166896608383046,1.8107501608203387,0.05094804089386723,0.22139779771941662
2026-02-23 23:00:00,LONG,1.3690394382533202,1.3664920078432403,1.372096354745416,1.5,1.8,WIN,TP,16,0.19003532059324468,True,1.0,0.0016982869400532033,0.43708551166334647,2.4584944065244465,0.05422025073955412,0.30497506690685666
2026-02-24 00:00:00,LONG,1.3701607950578154,1.367665743125067,1.3731548573771135,1.5,1.8,WIN,TP,15,0.7970635088566167,True,0.7363603612565739,0.0016633679551656716,1.120409597198188,1.8359570585781433,0.13601713224913176,0.22288421543766665
2026-02-24 01:00:00,LONG,1.3699264629223562,1.3675024286528783,1.3728353040457297,1.5,1.8,LOSS,TP,14,0.22827767200531685,True,0.6061692923443914,0.0016160228463185813,1.0082291156291845,2.034751105932123,0.11893494499731307,0.24002779439298103
2026-02-24 02:00:00,LONG,1.3702486230693667,1.3677548459264461,1.3732411556408712,1.5,1.8,WIN,TP,14,0.21035115549475641,True,0.34619334140747027,0.0016625180952803647,1.1738106416590435,2.347542801958698,0.14241805460234533,0.2848265870874683
2026-02-24 03:00:00,LONG,1.3705260318257615,1.3681262128797236,1.3734058145610069,1.5,1.8,WIN,TP,13,0.21363467218277138,True,0.45398101312388955,0.0015998792973585768,1.3931614667841252,2.2660607192632067,0.16263027019022686,0.26452789273013966
2026-02-24 10:00:00,SHORT,1.3693548205323163,1.3714444210074008,1.3668472999622148,1.5,1.8,WIN,SL,2,-0.04197322495621969,True,-0.636075693027015,0.0013930669833897172,1.9171518731753427,0.6460247893741297,0.19503498557270332,0.06572115503113735
2026-02-24 11:00:00,SHORT,1.3690233418060906,1.3711543014009335,1.366466190292279,1.5,1.8,WIN,SL,1,-0.8316742312704295,True,-0.5618584828593912,0.0014206397298953202,2.1132730837473965,0.0,0.21929499747822306,0.0
2026-02-24 14:00:00,LONG,1.3709382516452808,1.3686554794538885,1.3736775782749515,1.5,1.8,WIN,TP,2,0.4881699516224952,True,0.6392818093163567,0.0015218481275947843,0.0,2.111382702074016,0.0,0.234379907915703
2026-02-24 15:00:00,LONG,1.3714896155193697,1.369084743295628,1.3743754621878597,1.5,1.8,WIN,SL,14,0.030675573300954828,True,0.9968036128107604,0.0016032481491611611,2.1203427496593217,1.7825683125744187,0.24786447892215807,0.20837921888355038
2026-02-24 16:00:00,LONG,1.3730546333627107,1.3706044489149476,1.3759948547000265,1.5,1.8,WIN,SL,5,0.7047958152692677,True,1.0,0.0016334562985087034,1.7432777853181909,0.7915005168657204,0.20738927711160338,0.09416096585908199
2026-02-24 17:00:00,LONG,1.3734809666275856,1.3709828544819536,1.3764787012023438,1.5,1.8,WIN,SL,4,0.8021590568005785,True,1.0,0.0016654080970879756,1.9658252827506233,0.520321860562315,0.23836525025838626,0.06309139046899669
2026-02-24 18:00:00,LONG,1.3738379054369307,1.371251407833708,1.3769417025607982,1.5,1.8,WIN,SL,2,0.32833805156573825,True,1.0,0.0017243317354819526,1.6502309243140596,0.0,0.2071238202416217,0.0
2026-02-24 19:00:00,LONG,1.3721253823469552,1.3694474324096362,1.375338922271738,1.5,1.8,WIN,SL,4,0.4286859018364464,True,0.5926914900812588,0.0017852999582127177,1.537018557875048,0.03577542176475405,0.19998457884752094,0.004654812147881952
2026-02-24 21:00:00,SHORT,1.370966744366815,1.3735308269915838,1.3678898452170924,1.5,1.8,WIN,TP,9,-0.2343869028449473,True,-1.0,0.001709388416512549,0.2724076092843323,2.189042360380463,0.03396511358089695,0.2729405121943983
2026-02-24 22:00:00,SHORT,1.3701043729042797,1.3726367523529668,1.367065517565855,1.5,1.8,WIN,TP,9,-0.5940520055683229,True,-1.0,0.001688252965791448,0.7866249320007902,1.9057315128176033,0.09692851878143816,0.23482567767421597
2026-02-24 23:00:00,SHORT,1.3696222423979665,1.3721267534498978,1.3666168291356489,1.5,1.8,WIN,TP,9,-0.6740352388538038,True,-1.0,0.0016696740346208636,1.0841351923760665,3.088006090827538,0.13216435340300522,0.3764515082332947
2026-02-25 00:00:00,SHORT,1.3700331182447099,1.3725136284451513,1.36705650600418,1.5,1.8,WIN,TP,7,-0.5117889628009158,True,-1.0,0.0016536734669610237,0.8461625356770743,1.9024930143726408,0.10213450429420241,0.2296369465124703
2026-02-25 01:00:00,SHORT,1.3706766448313172,1.3730783968162892,1.3677945424493507,1.5,1.8,WIN,TP,5,-0.5589356727076408,True,-0.3128800731252671,0.0016011679899813652,0.4719991606796079,2.1558163416894685,0.0551369974988715,0.2518335839169935
2026-02-25 04:00:00,LONG,1.3710069902748168,1.368894278147649,1.3735422448274182,1.5,1.8,WIN,SL,1,0.46212421259062253,True,0.4022728635614345,0.001408474751445248,2.0708999869772162,0.0,0.21274948742901964,0.0
2026-02-25 05:00:00,SHORT,1.3689481577980622,1.371129483653115,1.366330566771999,1.5,1.8,WIN,TP,3,-0.1862142009250198,True,-0.5218024450329593,0.0014542172367018205,0.0,3.0819872544397198,0.0,0.3273958157707456
2026-02-25 06:00:00,SHORT,1.3676216859311254,1.3697024579091395,1.3651247595575087,1.5,1.8,WIN,TP,2,-0.9297804911259193,True,-1.0,0.0013871813186759896,0.05928039536609125,2.274689746237699,0.006012821956649624,0.23072222049597366
2026-02-25 07:00:00,SHORT,1.3675997153137052,1.36964886371112,1.3651407372368074,1.5,1.8,WIN,TP,1,-0.09431865853107119,True,-1.0,0.001366098931609819,0.0,2.2937112619303788,0.0,0.22911941771103259
2026-02-25 08:00:00,SHORT,1.3657507172156989,1.3679628729471103,1.3630961303380051,1.5,1.8,WIN,SL,2,-0.0691524480877283,True,-1.0,0.0014747704876075637,2.3372497149262537,0.0,0.252381848187457,0.0
2026-02-25 09:00:00,SHORT,1.3664739403280481,1.368662923428289,1.3638471606077591,1.5,1.8,WIN,SL,1,-0.46622982341876534,True,-1.0,0.0014593220668271956,1.8664034837182117,0.0,0.19932204405883266,0.0
2026-02-25 11:00:00,LONG,1.3696561499607882,1.36730029046063,1.3724831813609781,1.5,1.8,WIN,SL,15,0.2475896221004694,True,0.814150006077866,0.001570573000105562,1.6747801817306345,1.71504683346601,0.19204561193065323,0.1966629544674677
2026-02-25 12:00:00,LONG,1.3694316786696028,1.3669995092493765,1.3723502819738742,1.5,1.8,WIN,SL,16,0.32966485830817077,True,0.7814431552471927,0.0016214462801508178,2.5713707428749566,1.799675744713692,0.3044576513648158,0.21308675614825626
2026-02-25 13:00:00,LONG,1.3712143449988274,1.3687091291781768,1.3742206039836082,1.5,1.8,WIN,SL,4,0.583600536859298,True,1.0,0.001670143880433834,1.9907803229691596,0.5246993424071233,0.24247774141378872,0.06390856389339065
2026-02-25 14:00:00,LONG,1.37050038380125,1.3679773492861933,1.3735280252193178,1.5,1.8,WIN,SL,3,0.40865441554707804,True,1.0,0.0016820230100377412,1.5522548505795735,0.9454594758074838,0.19050913133463052,0.11603678569980116
2026-02-25 15:00:00,LONG,1.3702323601914792,1.3675728426118656,1.3734237812870156,1.5,1.8,WIN,SL,11,0.2185105798482091,True,0.9520536800371237,0.0017730117197424075,1.8085468525244024,1.1942369000103927,0.23401686154754914,0.15452824509059024
2026-02-25 18:00:00,SHORT,1.3700903043679282,1.3728578264409552,1.366769277880296,1.5,1.8,WIN,TP,10,-0.7033077704454995,True,-0.7751923274294299,0.001845014715351288,1.224625378116863,2.616762448601624,0.16491262190637965,0.3523829932126976
2026-02-25 19:00:00,SHORT,1.3692878866069964,1.3719481031223326,1.366095626788593,1.5,1.8,WIN,SL,5,-0.29586042501636034,True,-0.766507123804195,0.0017734776768907493,1.7264776682828717,0.5673250183183954,0.22361036231301018,0.07347894225679982
2026-02-25 20:00:00,SHORT,1.369219289632918,1.37174832812018,1.3661844434482036,1.5,1.8,WIN,SL,4,-0.22226029306492656,True,-0.5416430833973022,0.0016860256581746613,1.8567134866841501,0.5560658444937121,0.22863149841160063,0.06847269013441307
2026-02-25 23:00:00,LONG,1.3708904202267462,1.3684252603405527,1.3738486120901785,1.5,1.8,WIN,SL,3,0.433900894925075,True,0.7868682659937606,0.0016434399241290118,2.3515522190713547,0.8879764712869913,0.2819069083477017,0.10645168739007349
2026-02-26 00:00:00,LONG,1.3719072715463643,1.3695775774963985,1.374702904406323,1.5,1.8,WIN,SL,1,0.43501350737534966,True,1.0,0.0015531293666438048,1.668218787395184,0.0,0.18885821530561187,0.0
2026-02-26 01:00:00,LONG,1.370038492641554,1.3675733766674978,1.3729966318104216,1.5,1.8,WIN,SL,1,0.1703584368075306,True,0.3908059224603141,0.0016434106493708864,1.8332041455720047,0.0,0.21989945767838434,0.0
2026-02-26 02:00:00,SHORT,1.3672470281301141,1.3698603048722522,1.3641110960395486,1.5,1.8,WIN,TP,5,-0.25237065268123715,True,-0.7710913828753702,0.0017421844947586504,0.9717097852066585,3.143150335562145,0.12381798507235038,0.40050902775052144
2026-02-26 03:00:00,SHORT,1.3687471926528467,1.3713306357063906,1.365647060988594,1.5,1.8,WIN,TP,1,-0.29521258447663695,True,-0.5471151202352114,0.0017222953690293,0.0,2.023377390331866,0.0,0.2546016918151971
2026-02-26 04:00:00,SHORT,1.3672101167070705,1.3700205025675274,1.363837653674522,1.5,1.8,WIN,TP,3,-0.5241631019116625,True,-1.0,0.0018735905736379749,0.12073967067789676,2.903001559037065,0.01654586270844048,0.39782007826040117
2026-02-26 05:00:00,SHORT,1.3665388692914915,1.369252541240454,1.3632824629527367,1.5,1.8,WIN,TP,2,-0.18021047950238628,True,-1.0,0.0018091146326415825,0.49607919157385194,2.6354266637750263,0.06567424788221135,0.3488952307050835
2026-02-26 06:00:00,SHORT,1.3646831366288166,1.3676487208858685,1.3611244355203542,1.5,1.8,WIN,TP,5,-0.9255212982461796,True,-1.0,0.001977056171367913,0.6514163399343071,2.1463315757962365,0.09437258074269848,0.31094530106177637
2026-02-26 07:00:00,SHORT,1.3632758075977771,1.366337057738059,1.359602307429439,1.5,1.8,WIN,TP,7,-0.8754659418784884,True,-1.0,0.0020408334268545553,1.32064463986681,2.4802915660231313,0.19770142703446858,0.3713013836286676
2026-02-26 08:00:00,SHORT,1.364143324520052,1.3672018782986244,1.360473059985765,1.5,1.8,WIN,TP,3,-0.2669109920024189,True,-1.0,0.002039035852381616,0.8963544224231144,1.8163515735338291,0.13398143515488647,0.27149683705473426
2026-02-26 10:00:00,SHORT,1.3639613642809718,1.3671813900177692,1.360097333396815,1.5,1.8,WIN,TP,2,-0.2370513649543845,True,-1.0,0.002146683824531616,0.0,1.851756387808366,0.0,0.29144047542555235
2026-02-26 12:00:00,SHORT,1.3602024487717643,1.3636088031280575,1.3561148235442124,1.5,1.8,LOSS,TP,13,-0.6303114841147184,True,-1.0,0.002270902904195547,0.41061373063002965,2.06221962256617,0.06855331823820039,0.3442943757529114
2026-02-26 13:00:00,SHORT,1.3607584934641677,1.3641060077546898,1.3567414763155412,1.5,1.8,WIN,TP,12,-0.6911243535013454,True,-1.0,0.0022316761936813645,0.0,2.3476278669870205,0.0,0.3850165365523662
2026-02-26 14:00:00,SHORT,1.358663155446153,1.3621269424314688,1.354506611063774,1.5,1.8,WIN,TP,15,-0.3630400480261846,True,-1.0,0.002309191323543918,0.8236417623015256,2.036691471243551,0.13998660400786025,0.3461571954225192
2026-02-26 15:00:00,SHORT,1.359120874823754,1.3624894629217643,1.3550785691061416,1.5,1.8,WIN,TP,11,-0.2139053120518909,True,-1.0,0.0022457253986735465,0.643100458527643,1.8160342010926616,0.1062618535530487,0.30007000891531993
2026-02-26 16:00:00,SHORT,1.359383032493349,1.3626076012711958,1.3555135499599327,1.5,1.8,LOSS,TP,10,-0.7843681874020648,True,-0.7818058340347167,0.00214971251856463,0.5498732290066781,2.0190940706558664,0.08695631295699545,0.3192971882168737
2026-02-26 18:00:00,SHORT,1.359307572838622,1.3621653149319597,1.3558782823266164,1.5,1.8,WIN,TP,7,-0.20787504669686266,True,-0.39953979280729324,0.0019051613955585506,0.6600642977953723,1.9884008807146354,0.09251247060443626,0.2786878166889965
2026-02-26 23:00:00,SHORT,1.3588631545561003,1.3614035012950536,1.3558147384693564,1.5,1.8,WIN,TP,2,-0.02669910668696787,True,-0.5324690664896082,0.0016935644926354687,0.0,1.974419237561486,0.0,0.24607380832272602
2026-02-27 01:00:00,SHORT,1.3571406186153596,1.359484739502049,1.3543276735513323,1.5,1.8,WIN,TP,4,-0.7619770030557614,True,-1.0,0.0015627472577928975,0.7388924059643678,2.035244936426958,0.08508345158830423,0.23435842975381063
2026-02-27 02:00:00,SHORT,1.3562310452246207,1.358655305843657,1.3533219324817771,1.5,1.8,WIN,SL,10,-0.3730690844482486,True,-1.0,0.0016161737460241537,1.9795078926697132,1.4051707362441155,0.2358911261797969,0.16744934873711317
2026-02-27 03:00:00,SHORT,1.3576869681497343,1.360182213788358,1.354692673383386,1.5,1.8,WIN,TP,2,-0.5151964861354271,True,-0.45913723084434915,0.0016634970924157397,0.0,2.2404144826610803,0.0,0.2745053215611179
2026-02-27 04:00:00,SHORT,1.3567934155308963,1.3591313585430584,1.3539878839163018,1.5,1.8,WIN,TP,1,-0.422148988368467,True,-0.6572459733163288,0.00155862867477479,0.0,1.8178610497360224,0.0,0.20882842785363182
2026-02-27 05:00:00,SHORT,1.3548156687762718,1.3572747832582592,1.3518647313978869,1.5,1.8,WIN,SL,6,-0.8108745964454676,True,-1.0,0.001639409654658332,1.9241370595740623,0.05811116567705658,0.23283232878468602,0.007031805746715834
2026-02-27 08:00:00,SHORT,1.3553358100397743,1.3579606210038482,1.3521860368828857,1.5,1.8,LOSS,SL,3,-0.6372471813485965,True,-1.0,0.0017498739760492305,1.5054270449787932,0.0574608039480335,0.19436567597013296,0.00741876402340317
2026-02-27 10:00:00,LONG,1.3558622737514396,1.3533402467966709,1.3588887060971622,1.5,1.8,WIN,TP,2,0.5015080123104086,True,0.3203375416715695,0.0016813513031791777,0.0,2.122102711441022,0.0,0.2631535834011652
2026-02-27 11:00:00,LONG,1.357601563738206,1.3549594228619815,1.3607721327896753,1.5,1.8,WIN,TP,6,0.20362483528956232,True,0.4790047010058403,0.00176142725081631,0.7243622548648438,2.3540944191789124,0.09398275968896325,0.3054332119004495
2026-02-27 12:00:00,LONG,1.3584055988816688,1.3556564412770993,1.361704588007152,1.5,1.8,WIN,TP,5,0.2800730287529075,True,0.8769028853655697,0.0018327717363796822,1.1348639426059062,1.8237573458417018,0.1531167539619147,0.24606280482245463
2026-02-27 13:00:00,LONG,1.3576400652525562,1.3548748831872761,1.3609582837308922,1.5,1.8,WIN,TP,4,0.15370106692806396,True,0.9568416002773136,0.0018434547101866855,0.0,2.2284597087660782,0.0,0.3025886353627808
2026-02-27 15:00:00,LONG,1.3587271224542279,1.355937278681443,1.36207493498157,1.5,1.8,WIN,TP,4,0.4333858958806636,True,1.0,0.0018598958485233233,0.0,2.5542996199563803,0.0,0.34964572212707956
2026-02-27 16:00:00,LONG,1.3598592293222904,1.3571075038909062,1.3631612998399516,1.5,1.8,WIN,TP,3,0.07159173185816226,True,0.9701146858283073,0.0018344836209228507,0.005011806079671139,1.972557481411944,0.0006761049942632883,0.2661028666020413
2026-02-27 17:00:00,LONG,1.3601261478572033,1.3573922275242778,1.363406852256714,1.5,1.8,WIN,TP,2,0.6130718703701596,True,0.7989218651237475,0.0018226135552837444,0.0,1.838955847963257,0.0,0.24642610256016
2026-02-27 18:00:00,LONG,1.3618000546233586,1.3589842194246275,1.3651790568618358,1.5,1.8,WIN,TP,26,0.5088473583795586,True,1.0,0.001877223465820659,1.2557253845859244,1.912515792501252,0.17310009281967137,0.26363778678426575
2026-02-27 19:00:00,LONG,1.3633968877447238,1.3607048637533818,1.3666273165343341,1.5,1.8,WIN,SL,10,0.9675082337414407,True,1.0,0.0017946826608946642,2.203236464080715,0.8613763377721051,0.2900190190750148,0.11338570535111779
2026-02-27 20:00:00,LONG,1.3633077184944786,1.3607563735382955,1.3663693324418982,1.5,1.8,WIN,SL,9,0.5669222819711395,True,1.0,0.0017008966374553655,2.272296237514782,0.9612967608636405,0.2834973335263945,0.11993377620977085
2026-02-27 21:00:00,LONG,1.362121731207431,1.3595497548137856,1.3652081028798053,1.5,1.8,WIN,SL,8,0.2557480820997571,True,0.947490842555304,0.0017146509290968867,1.5623901618591975,1.6452641568760724,0.19667506077221106,0.20710731284616432
2026-02-28 01:00:00,LONG,1.363232192580964,1.3606904259781611,1.3662823125043275,1.5,1.8,LOSS,SL,4,0.06482445437088298,True,0.37453562235562293,0.0016945110685352744,2.2362882052180146,0.5132567458448786,0.27797283080605883,0.06379832001971221
2026-02-28 02:00:00,LONG,1.3632650164484954,1.3608324309512752,1.3661841190451596,1.5,1.8,WIN,SL,3,0.7765329732909839,True,0.5486129986490198,0.0016217236648134697,2.3568990615597767,0.5160530042579498,0.2803738772425658,0.06138904462489899
2026-02-28 03:00:00,LONG,1.3634354404310893,1.36113603898987,1.3661947221605526,1.5,1.8,WIN,SL,1,0.3949724673721807,True,0.42335492531512553,0.0015329342941462329,1.5539701615569341,0.0,0.17471558110425867,0.0
2026-02-28 05:00:00,SHORT,1.3607135643175052,1.363128418797577,1.3578157389414194,1.5,1.8,LOSS,SL,6,-0.2167032670639673,True,-1.0,0.0016099029867144208,1.8236645288648619,0.3999963440293445,0.21576348239442017,0.04732482469598075
2026-02-28 06:00:00,SHORT,1.3621912043842388,1.3646629112467195,1.3592251561492619,1.5,1.8,WIN,SL,14,-0.10277702362890595,True,-0.7497839386011285,0.0016478045749871281,1.9414133278400216,1.2875285139184838,0.2348473366484459,0.15574872079872928
2026-02-28 08:00:00,SHORT,1.3601354445928968,1.3625127067662048,1.357282729984927,1.5,1.8,WIN,SL,3,-0.6806538051406607,True,-1.0,0.0015848414488720383,2.217283437970477,0.0,0.2583597619165712,0.0
2026-02-28 09:00:00,SHORT,1.3604566413491674,1.3627233647982775,1.3577365732102353,1.5,1.8,WIN,SL,2,-0.4076648109425257,True,-0.5893191298265924,0.001511148966073374,2.1128598250766037,0.0,0.23468928322156068,0.0
2026-02-28 12:00:00,LONG,1.3637291416672337,1.3612039493784842,1.366759372413733,1.5,1.8,WIN,SL,2,0.41522963307361044,True,0.9097989036493374,0.0016834615258329696,1.8069475291449817,0.0,0.22305944425266172,0.0
2026-02-28 17:00:00,SHORT,1.3623192319627047,1.3650057578283907,1.3590954009238814,1.5,1.8,WIN,SL,3,-0.15513882440647114,True,-0.73951681966497,0.0017910172437906999,1.7146915786193273,0.0,0.22542749988675087,0.0
2026-02-28 20:00:00,LONG,1.3642437706734076,1.3617834115740208,1.3671962015926717,1.5,1.8,WIN,TP,1,0.27170625465579357,True,0.6205940624093107,0.0016402393995911732,0.0,1.9596041140944753,0.0,0.23560451179133013
2026-02-28 21:00:00,LONG,1.36646917271371,1.3638345749562575,1.3696306900226527,1.5,1.8,LOSS,TP,8,0.8125089672562937,True,1.0,0.001756398504968258,0.8277936787726363,2.6608198473143485,0.10640090598831593,0.3420099110272377
2026-02-28 22:00:00,LONG,1.365607779157032,1.3629534254899953,1.368793003557476,1.5,1.8,WIN,TP,4,0.14429486262682722,True,1.0,0.0017695691113577907,0.0,2.052812186926478,0.0,0.26600559053978684
2026-02-28 23:00:00,LONG,1.3663113456053908,1.3636040769626852,1.3695600679766378,1.5,1.8,WIN,TP,6,0.7241116780230911,True,1.0,0.0018048457618038258,0.34444927574639367,2.676842094974013,0.0455004503539287,0.3536007459552533
2026-03-01 01:00:00,LONG,1.366532254302631,1.3638934598240553,1.3696988076769219,1.5,1.8,WIN,TP,4,0.5060573714696992,True,1.0,0.0017591963190504792,0.0,2.6207299111335844,0.0,0.33737794321177295
2026-03-01 02:00:00,LONG,1.3681820768262594,1.365474539321629,1.371431121831816,1.5,1.8,WIN,SL,7,0.5554882402208567,True,0.7842654103537359,0.0018050250030869908,1.6654783816334582,1.6401744486642333,0.21972441913014473,0.2163861038240535
2026-03-01 03:00:00,LONG,1.3690233715621023,1.3662347432772943,1.3723697255038718,1.5,1.8,WIN,SL,6,0.4063662427191823,True,1.0,0.001859085523205287,2.0695792682837895,1.1399481771912061,0.28104157582072736,0.15480094770056974
2026-03-01 04:00:00,LONG,1.3693059758120254,1.36668939599991,1.372445871586564,1.5,1.8,WIN,SL,5,1.0,True,1.0,0.0017443865414102763,2.367668523386003,1.0528955938931122,0.30162207568443844,0.13413049646614966
2026-03-01 05:00:00,LONG,1.3705294351451531,1.3678635598533926,1.3737284854952658,1.5,1.8,WIN,SL,3,0.3520428688734193,True,1.0,0.001777250194506998,1.8806797985237071,0.31614890022778736,0.2438793689518709,0.040996981167609886
2026-03-01 06:00:00,LONG,1.3697605244163835,1.3670952852171365,1.3729588114554798,1.5,1.8,WIN,SL,3,0.3264751286965394,True,1.0,0.0017768261328312868,2.580262427684999,0.0,0.33470651470459084,0.0
2026-03-01 08:00:00,SHORT,1.3672090055413337,1.3699141389696092,1.363962845427403,1.5,1.8,WIN,SL,16,-0.46654963205778427,True,-0.48011538261324327,0.0018034222855169662,2.206914790633893,1.3610004767371469,0.2911039423771443,0.17952329017721516
2026-03-01 09:00:00,SHORT,1.3652217080943805,1.368064280880223,1.3618106207513694,1.5,1.8,WIN,SL,12,-0.9324012781445934,True,-1.0,0.0018950485238950726,2.0111408439655905,0.24651671843923792,0.2791641434578336,0.03421870166757115
2026-03-01 10:00:00,SHORT,1.366405267310907,1.3691924159820121,1.363060688905581,1.5,1.8,WIN,SL,13,-0.829300932476665,True,-1.0,0.0018580991140699935,1.680898322523931,0.8883919848089054,0.22857608636638804,0.12080752317128701
2026-03-01 11:00:00,SHORT,1.3660005258945571,1.368640710520946,1.3628323043428905,1.5,1.8,WIN,SL,10,-0.2726039721356314,True,-1.0,0.0017601230842592447,1.722829337700348,0.7078930756110985,0.22199052123641144,0.09121365035744852
2026-03-01 12:00:00,SHORT,1.3658306909861366,1.3684620472702116,1.3626730634452466,1.5,1.8,WIN,SL,9,-0.5914818676626065,True,-1.0,0.0017542375227167031,1.8254236125258567,0.6134540056373391,0.23445267536299907,0.07879044176206808
2026-03-01 16:00:00,LONG,1.3666237851150054,1.3642142656498564,1.369515208473184,1.5,1.8,WIN,TP,7,0.3903621112825851,True,0.4742190348880478,0.001606346310099292,1.1636582673776525,1.8083011499840203,0.13677781583915033,0.21254992862433558
2026-03-01 17:00:00,LONG,1.3665854025394615,1.3641866910600466,1.3694638563147592,1.5,1.8,WIN,TP,6,0.017737315235666323,True,0.3091651147793454,0.0015991409862765435,1.1448994204930716,1.8404508924643785,0.13397300930278785,0.2153645465479092
2026-03-01 23:00:00,LONG,1.368969035288249,1.366641451429522,1.3717621359187215,1.5,1.8,WIN,TP,12,0.3888665195009977,True,1.0,0.0015517225724846723,1.1816792165606378,2.7608929917696967,0.1339430086807665,0.31294644839367836
2026-03-02 00:00:00,LONG,1.3695817893160098,1.3672192302017323,1.372416860253143,1.5,1.8,WIN,SL,6,0.2999245009421754,True,1.0,0.0015750394095183878,1.5532261140576342,1.1941560467358674,0.17862331119017302,0.1373297198747798
2026-03-02 01:00:00,LONG,1.3705378370096601,1.368171175676468,1.3733778306094906,1.5,1.8,WIN,SL,5,0.6654107450960624,True,1.0,0.001577774222128062,2.1564809384419212,0.21949171005824153,0.24825582653069167,0.025268062854528785
2026-03-02 02:00:00,LONG,1.3706902314255245,1.3684184273042672,1.373416396371033,1.5,1.8,WIN,SL,2,0.40140419361419966,True,1.0,0.0015145360808381644,1.534188280438885,0.0,0.16951922850629889,0.0
2026-03-02 03:00:00,LONG,1.36948502061663,1.3670986229106046,1.3723486978638606,1.5,1.8,WIN,TP,8,0.6217044208568466,True,0.4496204994630033,0.0015909318040170056,1.4768852041435208,2.3685205347259304,0.1715698680001716,0.2751512130790728
2026-03-02 05:00:00,SHORT,1.369057451194291,1.371533940530488,1.3660856639908545,1.5,1.8,WIN,SL,6,-0.5211651658599501,True,-0.3005002559983574,0.0016509928907980326,2.5413338197197164,1.1641807972207605,0.306468078884618,0.14039251735844732
2026-03-02 06:00:00,SHORT,1.368052444352634,1.3706267946780883,1.364963223962089,1.5,1.8,WIN,SL,5,-0.6406415975632437,True,-1.0,0.0017162335503028464,3.030316538352884,0.0,0.38015581439348994,0.0
2026-03-02 07:00:00,SHORT,1.3689888552323415,1.3714965357173905,1.3659796386502825,1.5,1.8,WIN,SL,4,-0.5531091473886829,True,-0.8910495346821138,0.001671786990032739,2.5507556027624525,0.0,0.3114941378195263,0.0
2026-03-02 10:00:00,LONG,1.36992841741843,1.3674833896914391,1.3728624506908194,1.5,1.8,WIN,TP,1,0.39232750776550585,True,0.5205971074907851,0.0016300184846606797,0.0,2.0397056086483,0.0,0.24269573527266128
2026-03-02 11:00:00,LONG,1.3715975330250063,1.3691102607052406,1.3745822598087252,1.5,1.8,WIN,TP,2,0.26285471837329444,True,1.0,0.0016581815465104924,0.27109701511198175,2.0282285254740717,0.032774050473927806,0.2452010179421908
2026-03-02 12:00:00,LONG,1.3714396820543102,1.3690081659436424,1.3743575013871117,1.5,1.8,WIN,TP,1,0.41159699606160316,True,1.0,0.0016210107404452945,0.0,2.1721152092898257,0.0,0.25673911363488977
2026-03-02 13:00:00,LONG,1.3744442491708544,1.3717584526859645,1.377667204952722,1.5,1.8,WIN,SL,10,0.2644897169862436,True,1.0,0.0017905309899265262,1.5185679888634618,1.5093354552507663,0.19782854386496324,0.1966257931852582
2026-03-02 14:00:00,LONG,1.3761046429524355,1.3735050655036316,1.379224135891,1.5,1.8,WIN,SL,1,0.24600752309715856,True,1.0,0.0017330516325358663,2.3137072902561435,0.0,0.2913858489704363,0.0
2026-03-02 15:00:00,LONG,1.373453912519116,1.370626235281541,1.376847125204206,1.5,1.8,WIN,TP,4,0.8824500671852037,True,1.0,0.001885118158383357,0.21694204058372074,1.9589480596413058,0.029776126908475288,0.26887313253827666
2026-03-02 16:00:00,LONG,1.3746040024172759,1.3716015314961896,1.3782069675225794,1.5,1.8,WIN,SL,18,0.21877144414515434,True,0.86662063116587,0.0020016472807242247,1.6170818876652666,1.2703330326409321,0.2354734568982437,0.18498117682826284
2026-03-02 17:00:00,LONG,1.3745547718495443,1.3716800897856283,1.3780043903262436,1.5,1.8,WIN,SL,17,0.3605380994315314,True,0.9296390681517219,0.0019164547092773234,1.6632780206029754,1.3524917732644115,0.23190032588755544,0.18856936669345997
2026-03-02 18:00:00,LONG,1.3753444631213083,1.372575652612821,1.3786670357314932,1.5,1.8,WIN,SL,5,0.4799596202909187,True,0.3331565646121797,0.0018458736723248683,1.9607284339593585,0.9763929045574679,0.2631527658613276,0.13104338619847786
2026-03-02 19:00:00,LONG,1.3760935909315382,1.3733216570965596,1.3794199115335124,1.5,1.8,WIN,SL,4,0.41567972161428335,True,0.38135860546564887,0.0018479558899857165,2.36390101556372,0.10236661239318613,0.31744823417839196,0.013746810940512874
2026-03-02 20:00:00,LONG,1.3761505344893603,1.373529905108587,1.3792952897462885,1.5,1.8,WIN,SL,2,0.9923621649984604,True,1.0,0.0017470862538489268,1.5554618029213054,0.0,0.19747301375566856,0.0
2026-03-03 00:00:00,SHORT,1.373440566949517,1.376378152310598,1.36991546451622,1.5,1.8,WIN,SL,6,-0.32537577663341954,True,-1.0,0.0019583902407206105,1.5523145829966576,0.47793908954065867,0.22134468742400848,0.06814938127932285
2026-03-03 01:00:00,SHORT,1.3728442769826135,1.375542979448866,1.3696058340231105,1.5,1.8,WIN,SL,2,-0.5464086016404999,True,-1.0,0.0017991349775016788,1.6490466689227437,0.0,0.21611027494774726,0.0
2026-03-03 03:00:00,LONG,1.3749684318889617,1.3723934074726636,1.3780584611885194,1.5,1.8,WIN,SL,7,0.21440325654186262,True,0.3212375654132964,0.001716682944198768,2.097799740487433,0.8808690011947147,0.2619156157564936,0.10997872790045914
2026-03-03 06:00:00,LONG,1.3754986990970974,1.3732110077006712,1.3782439287728088,1.5,1.8,WIN,SL,3,0.940096625396251,True,0.9041606194445533,0.0015251275976174547,1.6064400271200552,0.0,0.17811910842855547,0.0
2026-03-03 08:00:00,SHORT,1.373639713375395,1.3759807147457828,1.3708305117309296,1.5,1.8,WIN,TP,7,-0.13295174469699275,True,-0.37600139701557145,0.0015606675802585393,0.8739888238453108,1.8660234350217213,0.09929867414301423,0.21200917902154487
2026-03-03 10:00:00,SHORT,1.3727890842345862,1.375306857061925,1.3697677568417799,1.5,1.8,WIN,SL,11,-0.39802704768287256,True,-0.38608293743519406,0.0016785152182257543,1.7666970643477815,1.228236191037618,0.21601482285648588,0.15017697634023305
2026-03-03 11:00:00,SHORT,1.374005692138116,1.376401320642134,1.3711309379332948,1.5,1.8,WIN,TP,4,-0.12176514581488734,True,-0.6368214864582372,0.0015970856693452282,0.6249052754770484,2.0526269220774624,0.07263632646307142,0.23858860705742918
2026-03-03 12:00:00,SHORT,1.3736710317912777,1.3761409603444454,1.3707071175274763,1.5,1.8,WIN,TP,11,-0.4451738796107614,True,-0.41496854907953273,0.0016466190354451785,1.2653080688137213,2.2161364289962866,0.15167243856734583,0.2656482043135387
2026-03-03 14:00:00,SHORT,1.3721113619898422,1.3743822805936001,1.3693862596653328,1.5,1.8,WIN,SL,7,-0.22731513833918837,True,-0.5755337244291916,0.0015139457358385813,2.40639414412605,0.9140954399674591,0.26551417429874297,0.10085849675359454
2026-03-03 17:00:00,SHORT,1.3721861053382602,1.37459866121345,1.3692910382880323,1.5,1.8,WIN,SL,4,-0.4243497367522608,True,-0.5009868187847185,0.0016083705834598933,2.2186471460776307,0.0,0.2600526846137136,0.0
2026-03-03 19:00:00,LONG,1.3731308458290443,1.3707367895837623,1.3760037133233827,1.5,1.8,WIN,SL,4,0.6028981204366861,True,0.31330767773658497,0.0015960374968546473,1.9479156805665871,1.6438625779249885,0.2264129799675681,0.19107183572592135
2026-03-03 20:00:00,LONG,1.3732185147183786,1.370969701612268,1.3759170904457116,1.5,1.8,WIN,SL,3,0.23174726976000926,True,0.6134857703361243,0.0014992087374071808,2.1322016584282584,1.6915572604626188,0.23278271607671208,0.18467544658980933
2026-03-03 21:00:00,LONG,1.3743083556725115,1.3719514868442981,1.3771365982663677,1.5,1.8,WIN,SL,1,0.35226795661497645,True,0.7084854620718306,0.0015712458854756203,1.6978896722773753,0.0,0.19411962028360794,0.0
2026-03-03 23:00:00,SHORT,1.370214421122157,1.372807962134695,1.3671021719071115,1.5,1.8,WIN,SL,7,-0.5916323641530914,True,-1.0,0.0017290273416919705,1.8512982655510526,1.220227251068195,0.23360908113514317,0.1539763592946778
2026-03-04 00:00:00,SHORT,1.3685742519122823,1.3711257931943857,1.3655124023737581,1.5,1.8,LOSS,SL,1,-0.8610426965750204,True,-1.0,0.0017010275214022843,1.7020423027731353,0.0,0.21155014392259583,0.0
2026-03-04 01:00:00,SHORT,1.3704359249469846,1.373157596560049,1.3671699190113074,1.5,1.8,WIN,SL,5,-0.26673926830124284,True,-1.0,0.0018144477420429794,1.6420651997297668,0.9222534956556073,0.21740830342376563,0.12210572871900569
2026-03-04 02:00:00,SHORT,1.3690421017821397,1.3717392953620118,1.3658054694862931,1.5,1.8,WIN,SL,1,-1.0,True,-1.0,0.00179812905324807,1.9333758709064734,0.0,0.25393370443467495,0.0
2026-03-04 05:00:00,LONG,1.3717458368385314,1.368912742551891,1.3751455499824996,1.5,1.8,WIN,TP,2,0.8899391991283818,True,1.0,0.001888729524426837,0.0,1.952759690735325,0.0,0.26887159289673657
2026-03-04 06:00:00,LONG,1.3733000498576236,1.3705148408179817,1.3766423007051938,1.5,1.8,WIN,TP,2,0.336426629209428,True,1.0,0.0018568060264279515,0.0,2.395434200686633,0.0,0.32388090717740037
2026-03-04 07:00:00,LONG,1.3749413661851972,1.3720826135379192,1.3783718693619311,1.5,1.8,WIN,TP,2,0.6283555013307733,True,1.0,0.0019058350981854583,0.0,2.1775988395823123,0.0,0.30184154759693904
2026-03-04 08:00:00,LONG,1.3769431324239647,1.3739573547134754,1.380526065676552,1.5,1.8,WIN,TP,4,0.47570476566493075,True,1.0,0.0019905184736595605,0.0,2.2709859007615405,0.0,0.32829528558150994
2026-03-04 09:00:00,LONG,1.378083626606082,1.3749587682639464,1.3818334566166448,1.5,1.8,WIN,SL,16,0.7835356701417002,True,1.0,0.002083238894757097,1.500116337482392,1.6224472456208499,0.22677148473204925,0.2452641582494481
2026-03-04 10:00:00,LONG,1.3792237330922263,1.376068488873326,1.3830100261549068,1.5,1.8,WIN,SL,15,0.6126757246872112,True,1.0,0.0021034961459335732,2.0276753039426962,1.064817125980768,0.30924693976121864,0.16239850481711768
2026-03-04 11:00:00,LONG,1.3796842155088733,1.3766742042142965,1.3832962290623654,1.5,1.8,WIN,SL,14,0.7490628164119166,True,1.0,0.002006674196384498,2.3549859823829813,0.8867190833387728,0.3425196541769622,0.12896837435523933
2026-03-04 12:00:00,LONG,1.380740686907182,1.3778258662402032,1.3842384717075569,1.5,1.8,WIN,SL,3,0.334809525453623,True,1.0,0.0019432137779859446,1.5384781226160031,0.0,0.2165208799411831,0.0
2026-03-04 13:00:00,LONG,1.3799572662950488,1.3770331887457663,1.3834661593541877,1.5,1.8,WIN,SL,12,0.19579253175249928,True,1.0,0.0019493850328549905,2.5642652968098503,0.6692486712525737,0.36223878173353524,0.09454085100044797
2026-03-04 16:00:00,SHORT,1.37894620076333,1.3815409203695803,1.3758325372358298,1.5,1.8,WIN,TP,9,-0.3010941127753345,True,-0.620382548660652,0.0017298130708334985,1.338693130351288,2.3052634561434635,0.16793177815311408,0.28918277275388626
2026-03-04 17:00:00,SHORT,1.377739435198216,1.380140622344323,1.3748580106228874,1.5,1.8,WIN,SL,4,-0.404817517920773,True,-1.0,0.001600791430738118,2.2004455872221227,0.0,0.25566913088496324,0.0
2026-03-04 21:00:00,LONG,1.3810661900960932,1.3787317474140188,1.3838675213145823,1.5,1.8,WIN,SL,3,0.150251601243722,True,0.9875165451419782,0.001556295121382889,2.2201626094610156,0.0,0.25018556406340464,0.0
2026-03-04 22:00:00,LONG,1.3796527478511773,1.3773992683961191,1.3823569231972472,1.5,1.8,WIN,SL,3,0.8478186749721945,True,0.6712086870917208,0.0015023196367055039,3.1246492632508325,0.1965629776278855,0.34024662751626505,0.02140396716489786
2026-03-05 00:00:00,SHORT,1.3778235228676965,1.3799393909568536,1.3752844811607081,1.5,1.8,WIN,TP,1,-0.38616483844105254,True,-0.5008279682674744,0.0014105787261047117,0.0,2.031079095053372,0.0,0.2079364240026408
2026-03-05 01:00:00,SHORT,1.375390864296136,1.3776872152600963,1.372635243139384,1.5,1.8,WIN,SL,4,-0.30642655390336493,True,-1.0,0.0015309006426400856,1.71133137886946,0.5420897276361054,0.1904824567103794,0.060338157970200076
2026-03-05 02:00:00,SHORT,1.3756114104718624,1.3777876915266811,1.37299987320608,1.5,1.8,WIN,SL,3,-0.00837162591499041,True,-1.0,0.0014508540365458153,1.653737778934265,0.7240092122801511,0.1744193246501256,0.07636107698268467
2026-03-05 03:00:00,SHORT,1.3758605475900552,1.3780109556240845,1.37328005794922,1.5,1.8,WIN,SL,4,-0.5568984575372585,True,-1.0,0.0014336053560195675,2.3262561324508533,0.42696001649684484,0.2423889002992597,0.044487951015690856
2026-03-05 04:00:00,SHORT,1.3767808279382816,1.3789861762796125,1.3741344099286845,1.5,1.8,WIN,SL,3,-0.42401455100619034,True,-0.8644348985749168,0.0014702322275538884,1.6423615653874384,1.042265627132947,0.1753839720694243,0.11130112241446875
2026-03-05 07:00:00,LONG,1.3779842424472857,1.3755284735879059,1.3809311650785414,1.5,1.8,WIN,TP,2,0.15495380620973614,True,1.0,0.0016371792395865376,0.0,1.8762160096273361,0.0,0.22291270141714098
2026-03-05 08:00:00,LONG,1.379721427654558,1.3772121937123436,1.382732508385215,1.5,1.8,LOSS,SL,4,0.27491451403440414,True,1.0,0.0016728226281428496,1.835780629803975,0.7977634150914444,0.2225764793015372,0.09672363318572808
2026-03-05 09:00:00,LONG,1.3788256971553603,1.37613169449824,1.3820585003439048,1.5,1.8,WIN,TP,6,0.7291671662415442,True,1.0,0.0017960017714135437,1.2111373792982167,2.2276444602819447,0.15775778498561455,0.2901638260006363
2026-03-05 10:00:00,LONG,1.3789945333318914,1.3763277119999187,1.3821947189302586,1.5,1.8,WIN,TP,5,0.2754551061183643,True,0.8110563023538842,0.0017778808879817612,1.3184466243049429,2.155384675159509,0.1699818961219676,0.2778848739128824
2026-03-05 11:00:00,LONG,1.377897753978662,1.3752861360170272,1.381031695532624,1.5,1.8,WIN,TP,3,0.6946789884189583,True,0.8390086236060745,0.0017410786410899184,0.7163729842586363,1.948597744999011,0.09051917664754905,0.24622014979685464
2026-03-05 14:00:00,LONG,1.3807428451563297,1.3778993635863257,1.3841550230403346,1.5,1.8,WIN,SL,5,0.5281449016531266,True,0.3552706378794726,0.0018956543800027204,1.5049404268804896,1.0992011084707982,0.20661681658297207,0.15091190970760335
2026-03-05 15:00:00,LONG,1.38234018449303,1.3795804127337483,1.3856519106041683,1.5,1.8,WIN,SL,2,0.10540217448443351,True,1.0,0.0018398478395211645,1.5966706329775366,0.0,0.21251143875181347,0.0
2026-03-05 16:00:00,LONG,1.3817241932446778,1.3788615283205476,1.385159391153634,1.5,1.8,WIN,SL,3,0.3194637473418156,True,1.0,0.0019084432827534137,2.0090693995765014,0.0,0.2774935127395749,0.0
2026-03-05 17:00:00,LONG,1.379831685916587,1.3768993800268912,1.3833504529842218,1.5,1.8,WIN,SL,4,0.440090275418557,True,1.0,0.0019548705931305183,1.6882870694567265,0.3182929655042292,0.23918734281356174,0.04509401868469184
2026-03-05 18:00:00,LONG,1.3797554278890005,1.3768684579104076,1.383219791863312,1.5,1.8,LOSS,SL,3,0.6019339678638183,True,0.600370763332112,0.001924646652395255,1.675177473872726,0.0,0.23367363897164958,0.0
2026-03-05 19:00:00,SHORT,1.3781939907998204,1.38114905166902,1.3746479177567812,1.5,1.8,WIN,TP,7,-0.657945446807073,True,-1.0,0.001970040579466259,0.6782778427136285,2.5266678480062836,0.09695549996725866,0.361171085103654
2026-03-05 20:00:00,SHORT,1.378067076784161,1.380854900260075,1.3747216886130642,1.5,1.8,WIN,TP,3,-0.7780151487410252,True,-1.0,0.0018585489839426015,0.7872533371998118,1.8062963032406243,0.10617399650621631,0.24360861787085142
2026-03-05 21:00:00,SHORT,1.3774493396780227,1.38026469005376,1.3740709192271379,1.5,1.8,WIN,TP,5,-0.4511980785318812,True,-1.0,0.0018769002504915866,0.44231113922803605,2.2553074243017006,0.060268923444137125,0.30730618888654393
2026-03-05 22:00:00,SHORT,1.3776315798306644,1.3804039889888131,1.374304688840886,1.5,1.8,WIN,TP,4,-0.5641897169679857,True,-1.0,0.0018482727720991069,0.0,2.388839617668903,0.0,0.32049404840093637
2026-03-05 23:00:00,SHORT,1.37586907716948,1.3786914294673118,1.3724822544120816,1.5,1.8,WIN,TP,4,-0.6402171797117483,True,-1.0,0.0018815681985546253,0.40958163282379195,3.302839528030081,0.05601228981893854,0.45167944566756646
2026-03-06 00:00:00,SHORT,1.3763428211562059,1.379209668932484,1.3729026038246723,1.5,1.8,WIN,TP,3,-0.397709244809722,True,-0.9253097035121512,0.0019112318508520212,0.0,3.4994507885659774,0.0,0.4859444685429463
2026-03-06 01:00:00,SHORT,1.375158544845463,1.378083993634295,1.3716480062988645,1.5,1.8,WIN,TP,2,-0.8610788646179397,True,-1.0,0.0019502991925546911,0.0,2.8221236607517945,0.0,0.4002437040793895
2026-03-06 02:00:00,SHORT,1.3738703521415692,1.376804020887795,1.370349949646098,1.5,1.8,WIN,TP,1,-1.0,True,-1.0,0.001955779164150589,0.0,2.1555566549819334,0.0,0.3068552128218131
2026-03-06 04:00:00,SHORT,1.3699742366532737,1.3729550027017383,1.366397317395116,1.5,1.8,WIN,SL,1,-0.4687441719915268,True,-1.0,0.0019871773656431335,1.622583003738825,0.0,0.23535918651900115,0.0
2026-03-06 05:00:00,SHORT,1.3723469854566879,1.3754499645219165,1.3686234105784134,1.5,1.8,WIN,TP,21,-0.44774573541131907,True,-1.0,0.002068652710152457,0.9156526317475954,3.031303561691185,0.13802393405575591,0.45693358856328203
2026-03-06 06:00:00,SHORT,1.373748283255078,1.3768412292175065,1.3700367481001636,1.5,1.8,WIN,TP,4,-0.532643796750486,True,-0.5960939650947253,0.0020619639749523966,0.14679198480680675,1.8160267060369184,0.022033132865229094,0.27258135213292906
2026-03-06 08:00:00,LONG,1.3722591744616361,1.3692566929556236,1.3758621522688512,1.5,1.8,WIN,SL,13,0.22022372958424705,True,0.760538615256002,0.002001654337341769,1.613112524955206,0.9901701089443461,0.2352976567610618,0.1444317757286768
2026-03-06 11:00:00,SHORT,1.371012476284556,1.374019139616031,1.3674044802867857,1.5,1.8,WIN,SL,2,-0.5309856165872985,True,-0.893123386419927,0.0020044422209834884,1.5583498260077644,0.0,0.22783324297509333,0.0
2026-03-06 12:00:00,SHORT,1.3726701081260932,1.375793328358583,1.3689222438471056,1.5,1.8,WIN,TP,14,-0.21989010788744587,True,-0.3377300531741841,0.002082146821659858,0.7545311466388834,3.166845358357642,0.11445172583835442,0.4803657454589905
2026-03-06 13:00:00,LONG,1.373076487426394,1.3700580861733793,1.3766985689300117,1.5,1.8,WIN,SL,4,0.18690265716005885,True,0.49321231196686705,0.0020122675020098108,1.552075188947294,0.5787825561727872,0.22745932160329121,0.08482159145406684
2026-03-06 15:00:00,LONG,1.3727238275403346,1.3697675159818472,1.3762714014105193,1.5,1.8,WIN,SL,4,0.07460692573090913,True,0.594126487283839,0.001970874372324873,1.6932779409782333,0.0702100093631518,0.2431106703434104,0.010080331189593152
2026-03-06 17:00:00,SHORT,1.3709524416789711,1.373598858604449,1.3677767413683977,1.5,1.8,WIN,TP,9,-0.8276048878297366,True,-0.6679241234379244,0.0017642779503186062,0.8344026914686435,2.7638335272454895,0.10737923690786533,0.3556775860509641
2026-03-06 18:00:00,SHORT,1.370320456439134,1.3729820416162961,1.3671265542265396,1.5,1.8,WIN,TP,8,-1.0,True,-1.0,0.001774390118108014,1.185817869818433,2.391912165944028,0.15354828136692722,0.30972210118370475
2026-03-06 19:00:00,SHORT,1.370596758907427,1.373063954591817,1.367636124086159,1.5,1.8,WIN,TP,7,-0.4705833530241085,True,-1.0,0.0016447971229267397,1.1112623048223271,2.7483558403134354,0.133358044947205,0.32981894561971337
2026-03-06 20:00:00,SHORT,1.3714175765499044,1.3738961618289716,1.3684432742150239,1.5,1.8,WIN,TP,6,-0.27102640630973046,True,-0.6108937371784553,0.0016523901860447784,0.6094101791549191,3.2324722492990032,0.07342646153366808,0.38947330942344816
2026-03-06 21:00:00,SHORT,1.3695820111014607,1.372193689506587,1.3664479970153094,1.5,1.8,WIN,SL,1,-0.024797367586647467,True,-0.5772350832056932,0.0017411189367507898,1.6325988924453891,0.0,0.2075486407322893,0.0
2026-03-06 22:00:00,LONG,1.3717661241242383,1.3690070395686227,1.3750770255909768,1.5,1.8,WIN,SL,3,0.1610487676592529,True,0.475436721540969,0.0018393897037436752,1.5459172132510999,0.31135086467249373,0.20729074401874162,0.041748776606937654
2026-03-07 01:00:00,SHORT,1.3697478781726709,1.3724056995116396,1.3665584925659084,1.5,1.8,WIN,TP,1,-0.5061809053198165,True,-0.47824416506551354,0.0017718808926458257,0.0,2.0721522871030515,0.0,0.2680498435280219
2026-03-07 02:00:00,SHORT,1.3669227180042405,1.3697094104655252,1.363578687050699,1.5,1.8,WIN,SL,2,-0.37324407678274424,True,-1.0,0.0018577949741897764,1.6120428592793858,0.0,0.2190939606681165,0.0
2026-03-07 03:00:00,SHORT,1.3686505484561584,1.3714499314736406,1.3652912888351798,1.5,1.8,WIN,TP,6,-0.06756532897732337,True,-1.0,0.001866255344988077,0.6789074569203292,2.016268491051668,0.09257400814685844,0.2749329880151475
2026-03-07 04:00:00,SHORT,1.3691258741944352,1.3719725639971967,1.3657098464311215,1.5,1.8,WIN,TP,5,-0.4837743761685458,True,-1.0,0.0018977932018409297,0.004813699440823755,2.2332241376572592,0.0006672436951698021,0.3095549990337218
2026-03-07 05:00:00,SHORT,1.3683091846839885,1.3710921046768536,1.3649696806925506,1.5,1.8,WIN,TP,4,-0.8640769671008335,True,-1.0,0.0018552799952433116,0.44512144724164077,1.8442003821302655,0.06035367779190138,0.2500537242959859
2026-03-07 06:00:00,SHORT,1.3682882665392846,1.3710873978677287,1.3649293089451517,1.5,1.8,WIN,TP,3,-0.656610067994767,True,-0.785267774486492,0.0018660875522960346,0.38278620817123243,1.8223099593040604,0.05220483108180093,0.24852876507399085
2026-03-07 07:00:00,LONG,1.368554238834159,1.3658381505988428,1.3718135447165383,1.5,1.8,WIN,SL,2,0.019574263953736515,True,0.5483720823460636,0.0018107254902107739,2.024913354442231,0.0,0.2679150100386386,0.0
2026-03-07 08:00:00,SHORT,1.3669546716116063,1.3697951458664457,1.363546102505799,1.5,1.8,WIN,TP,5,-0.4025517101708789,True,-0.5615102594028714,0.0018936495032262832,0.2231682576580568,1.8556838798658564,0.03091561622535855,0.2570688648446596
2026-03-07 09:00:00,SHORT,1.365810364369132,1.3687665035358663,1.3622629973690508,1.5,1.8,WIN,TP,7,-0.16373137250153902,True,-1.0,0.001970759444489497,0.7400012028618924,2.4972793114734966,0.10677648943946047,0.36033822242137403
2026-03-07 11:00:00,SHORT,1.3651300728094315,1.36809413312581,1.3615732004297774,1.5,1.8,WIN,TP,5,-0.5516767684324659,True,-1.0,0.0019760402109190167,0.8666933648493914,2.146335487242796,0.1254547807268312,0.31068433062834533
2026-03-07 12:00:00,SHORT,1.3652378138467713,1.3681430466513982,1.361751534481219,1.5,1.8,LOSS,TP,4,-0.44507896696592075,True,-1.0,0.0019368218697512882,0.0,2.2454239773802644,0.0,0.31855155359344084
2026-03-07 13:00:00,SHORT,1.363742089738281,1.3666832089572833,1.3602127466754783,1.5,1.8,WIN,TP,10,-0.7392673678620397,True,-1.0,0.001960746146001518,0.6155870932401878,2.3935929026972094,0.08850720599454516,0.3441433753768521
2026-03-07 14:00:00,SHORT,1.3638915209925682,1.3668715591703728,1.3603154751792026,1.5,1.8,WIN,TP,9,-0.9161335547494617,True,-0.8063220428866995,0.0019866921185363834,0.3394051630779411,2.437548963004344,0.04943894379420925,0.35506191209569454
2026-03-07 16:00:00,SHORT,1.361789433997391,1.3645214770753569,1.3585109823038322,1.5,1.8,LOSS,SL,1,-1.0,True,-1.0,0.0018213620519771853,1.5243430347309055,0.0,0.20387737548416981,0.0
2026-03-07 17:00:00,SHORT,1.363227703682218,1.3660363166854683,1.3598573680783177,1.5,1.8,WIN,TP,6,-1.0,True,-0.9529315481907945,0.0018724086688335045,0.04071713208322888,2.231800179391662,0.005592544141873503,0.30654027875971396
2026-03-07 19:00:00,SHORT,1.360834794154968,1.3637088770462689,1.3573858946854072,1.5,1.8,WIN,TP,12,-0.49501537859886596,True,-1.0,0.0019160552608671808,1.385907352032859,3.594265523178242,0.19513574199769215,0.5060725515117119
2026-03-07 20:00:00,SHORT,1.36108477534803,1.363855794358461,1.3577595525355126,1.5,1.8,WIN,TP,11,-0.8377744721264129,True,-1.0,0.001847346006954052,1.3021349930224735,3.8632679156128242,0.17673358217236124,0.5243459251739976
2026-03-07 22:00:00,SHORT,1.360806104790309,1.3635655604102013,1.3574947580464385,1.5,1.8,WIN,TP,9,-0.20831258972059424,True,-0.8804571630687752,0.001839637079928085,1.4590728067413405,3.7279755201761025,0.19724811846061835,0.5039749583602096
2026-03-07 23:00:00,SHORT,1.361005456715378,1.3637593048813499,1.3577008389162115,1.5,1.8,WIN,TP,8,-0.6605847488671749,True,-0.5215581106457031,0.0018358987773146676,1.3534583405309937,3.844151982808061,0.18257182587085174,0.5185485399949412
2026-03-08 05:00:00,SHORT,1.359765697485637,1.3624208437040815,1.3565795220235035,1.5,1.8,WIN,TP,2,-0.9407401804633023,True,-0.4459894620019338,0.0017700974789630144,0.0,3.2866634546681746,0.0,0.42784684935541695
2026-03-08 06:00:00,SHORT,1.3589348674325665,1.3613913502919364,1.3559870880013227,1.5,1.8,WIN,TP,1,-0.6023744957986287,True,-1.0,0.001637655239579927,0.0,3.045137048208511,0.0,0.36697010002100644
2026-03-08 07:00:00,SHORT,1.355032912212738,1.3577262347954562,1.3518009251134764,1.5,1.8,WIN,SL,2,-0.42150920042975326,True,-1.0,0.0017955483884787135,1.5462955951422575,0.0,0.2048989761758285,0.0
2026-03-08 08:00:00,SHORT,1.3564789043669412,1.3592605773972328,1.3531408967305913,1.5,1.8,WIN,TP,2,-1.0,True,-1.0,0.0018544486868610369,0.7174404011244309,2.112369012928714,0.09808161450082932,0.28878296076559806
2026-03-08 09:00:00,SHORT,1.356957312795993,1.3596773071621846,1.3536933195565632,1.5,1.8,WIN,TP,1,-0.6588834170757405,True,-1.0,0.00181332957746099,0.0,2.4240978727089963,0.0,0.32393711502878675
2026-03-08 10:00:00,SHORT,1.353809920170272,1.3569598348224974,1.3500300225876016,1.5,1.8,WIN,TP,17,-0.18665040675745598,True,-1.0,0.002099943101483537,1.328570987660681,2.0461723285922657,0.20607940884480452,0.317389125449266
2026-03-08 11:00:00,SHORT,1.3528285525148,1.3559969342115805,1.3490264944786634,1.5,1.8,WIN,SL,2,-0.7112945446231669,True,-1.0,0.002112254464520299,1.7854340938498885,0.20668704257475304,0.278770811632461,0.03227131979329237
2026-03-08 12:00:00,SHORT,1.3525199504736352,1.3555877474188824,1.3488385941393384,1.5,1.8,WIN,SL,1,-0.9338554129683931,True,-0.9771149644053311,0.002045197963498208,1.9948646780518133,0.0,0.3016512381630564,0.0
2026-03-08 14:00:00,SHORT,1.3547768500670279,1.358099511005736,1.3507896569405782,1.5,1.8,WIN,TP,7,-0.19105252223946595,True,-0.648806060597191,0.00221510729247208,0.21128898079932262,2.0086782745009857,0.034546483589855924,0.3284258875443016
2026-03-08 16:00:00,LONG,1.3530447404117916,1.3498266310325775,1.3569064716668484,1.5,1.8,WIN,SL,11,0.19840732304138095,True,0.4558497423475752,0.0021454062528093614,1.6461524258022209,1.025510862822756,0.26101618090755374,0.16260640551725322
2026-03-08 17:00:00,LONG,1.35512736550331,1.3517881336911568,1.359134443677894,1.5,1.8,WIN,SL,4,0.7055990665016603,True,0.7942286503403558,0.0022261545414355194,2.156163573111293,0.0,0.354206803917415,0.0
2026-03-08 18:00:00,SHORT,1.3537416281806138,1.3571187690508777,1.349689059136297,1.5,1.8,WIN,TP,9,-0.1211045139551554,True,-0.41892602291584835,0.0022514272468425744,0.0,1.8781657200541633,0.0,0.3123604525553882
2026-03-08 19:00:00,SHORT,1.3531003512799271,1.3563525204839872,1.349197748235055,1.5,1.8,LOSS,SL,46,-0.20005291362246908,True,-0.7874731150060634,0.0021681128027066787,2.3153101283472077,1.6545617788200704,0.3709890051212858,0.265115338425243
2026-03-08 20:00:00,SHORT,1.3521998393177064,1.355478006182232,1.3482660390802756,1.5,1.8,WIN,SL,24,-0.5466118475485192,True,-0.6776838582127873,0.0021854445763504404,1.8226925845659432,1.2293904143727699,0.29458616304108937,0.19869582403321978
2026-03-08 21:00:00,SHORT,1.3508270405486453,1.3537715155384409,1.3472936705608907,1.5,1.8,WIN,SL,10,-1.0,True,-1.0,0.001962983326530316,1.8589465340965066,0.6693718823224309,0.27013680817794916,0.09727121273153302
2026-03-08 22:00:00,SHORT,1.3508795559434055,1.3537258385764888,1.3474640167837055,1.5,1.8,WIN,SL,9,-0.31342588993746356,True,-1.0,0.0018975217553888202,1.8954015395969188,0.7201399589367469,0.26623881017067474,0.10115492776504326
2026-03-09 02:00:00,LONG,1.352193583042706,1.3495437706701303,1.355373357889797,1.5,1.8,WIN,SL,1,0.06547381823794003,True,0.33207531238203053,0.0017665415817171848,1.5173763052338072,0.0,0.19823406736454316,0.0
2026-03-09 03:00:00,SHORT,1.350960393633189,1.3534602719159043,1.3479605396939307,1.5,1.8,WIN,SL,4,-0.2391012340930671,True,-0.4237829713950507,0.0016665855218101727,2.109539487046766,0.5859067576191166,0.26023915899888206,0.07227922624383687
2026-03-09 05:00:00,SHORT,1.3503478132283695,1.3526921980434985,1.3475345514502148,1.5,1.8,WIN,SL,2,-0.5559185312219994,True,-0.9369250302201404,0.0015629232100859663,2.641401922357735,0.23282226037141704,0.30572185411614533,0.026947376890195784
2026-03-09 06:00:00,SHORT,1.3501598069584042,1.3525395693720301,1.347304092062053,1.5,1.8,WIN,SL,1,-0.5577440179453947,True,-0.9051464003587529,0.0015865082757506707,2.720637961716009,0.0,0.319689167114783,0.0
2026-03-09 08:00:00,LONG,1.3535939887794912,1.3510517174180847,1.3566447144131788,1.5,1.8,WIN,SL,4,0.7070219479942976,True,1.0,0.0016948475742709318,1.897263878884421,0.6045368083882773,0.23755816807213645,0.07569461387592467
2026-03-09 09:00:00,LONG,1.3530137908284818,1.3503344749055401,1.3562289699360117,1.5,1.8,WIN,TP,13,0.1639776853453938,True,0.7538601899633718,0.0017862106152943971,1.4753999944375984,1.8550389846953224,0.19477814267185195,0.24489701056326987
2026-03-09 10:00:00,LONG,1.3521568458220128,1.3494608199991487,1.3553920768094496,1.5,1.8,WIN,TP,9,0.34258530655470815,True,0.5968356065018007,0.001797350548576025,0.9894731591506578,1.8188295072508456,0.13152543145388815,0.24176738243973533
2026-03-09 11:00:00,LONG,1.3534501593547759,1.3507445258630049,1.356696919544901,1.5,1.8,WIN,SL,1,0.4054882737701846,True,1.0,0.0018037556611806757,1.7029710421826783,0.0,0.22695654043353466,0.0
2026-03-09 13:00:00,SHORT,1.3518033175718929,1.3547235903251067,1.3482989902680362,1.5,1.8,WIN,SL,6,-0.5186455768966542,True,-0.9666534598763223,0.0019468485021425666,1.8607521123275383,0.5204091687524129,0.267982954003279,0.07494861105288052
2026-03-09 17:00:00,LONG,1.3535470760104762,1.3506407101552629,1.3570347150367321,1.5,1.8,WIN,TP,24,0.40971778528960234,True,0.4290065091142521,0.0019375772368088423,1.0227172376993445,2.360230453826355,0.14640005320678853,0.33786255993667075
2026-03-09 18:00:00,LONG,1.3532399178251708,1.3502462097948855,1.3568323674615133,1.5,1.8,WIN,TP,23,0.8176581742263023,True,0.8723828003700905,0.0019958053535235687,0.8389773337348341,2.4452720189602766,0.12373529867814886,0.36063723231764766
2026-03-09 19:00:00,LONG,1.3544871480273528,1.3514096697940232,1.3581801219073484,1.5,1.8,WIN,TP,23,0.7562442412240146,True,1.0,0.002051652155553093,1.4240550711420465,2.3150614120289275,0.21570272265705484,0.35066414200712814
2026-03-09 20:00:00,LONG,1.3554035892245861,1.3522309941916948,1.3592107032640557,1.5,1.8,WIN,SL,8,0.648384230580746,True,1.0,0.0021150633552608883,1.8146533738677544,0.4367206910591459,0.28317077541191765,0.06814884787724715
2026-03-09 21:00:00,LONG,1.355923281453335,1.3531301679905654,1.3592750176086588,1.5,1.8,WIN,SL,3,0.8898813849881191,True,0.9066770088001717,0.0018620756418464676,1.5726329728887527,0.21696202469727432,0.21596808554256866,0.02979517402794814
2026-03-09 23:00:00,LONG,1.3544810975855635,1.3516467668374075,1.3578822944833506,1.5,1.8,WIN,SL,5,0.02424442716844652,True,0.4591661750864349,0.0018895538321040326,1.5430178092883287,0.32899697890126256,0.21525698806301347,0.045896358638128555
2026-03-10 00:00:00,SHORT,1.3545017854106747,1.3573851579623684,1.3510417383486422,1.5,1.8,WIN,SL,17,-0.4486774796953117,True,-0.40481404327696746,0.0019222483677958646,1.8823891133836708,1.5275357174700825,0.26714024593636015,0.21678103870246923
2026-03-10 02:00:00,SHORT,1.3544276115307456,1.3570510985886821,1.3512794270612218,1.5,1.8,WIN,SL,15,-0.048003644723606465,True,-0.5075475042977896,0.0017489913719576406,2.1112701525533466,1.6364455569178422,0.27263127606459553,0.211316510041685
2026-03-10 03:00:00,SHORT,1.353552593115476,1.3561316368872272,1.3504577405893745,1.5,1.8,WIN,SL,14,-0.7879733306551415,True,-0.9068845899982341,0.001719362514500841,2.656572803835531,1.155725292193485,0.3374535809830575,0.1468070582971786
2026-03-10 04:00:00,SHORT,1.3522652122950902,1.3549074525228115,1.3490945240218246,1.5,1.8,WIN,SL,2,-0.32694442674339885,True,-0.9555683715734611,0.0017614934851475361,1.565640656789027,0.18510238173000268,0.2039441517788717,0.02411188548948194
2026-03-10 05:00:00,SHORT,1.3524788970527069,1.355080830782563,1.3493565765768794,1.5,1.8,WIN,SL,4,-0.41485486510951247,True,-0.4774731791764823,0.0017346224865708107,1.5873978103882684,0.18761696492103716,0.20359178564879682,0.02406282322950842
2026-03-10 07:00:00,SHORT,1.3534740760268198,1.356057423141097,1.3503740594896874,1.5,1.8,WIN,SL,10,-0.11248426481243076,True,-0.34521792768517534,0.0017222314095180252,2.697737806276328,0.8633463872884624,0.3432743091949166,0.10985672291906094
2026-03-10 09:00:00,LONG,1.3544609937479197,1.3519422827696348,1.3574834469218617,1.5,1.8,WIN,TP,8,0.23977579210190783,True,0.906959815556292,0.0016791406521899763,1.473253585609786,2.1792165288482415,0.18264091753109862,0.27015994409614075
2026-03-10 10:00:00,LONG,1.3546948294867691,1.352321140478149,1.3575432562971133,1.5,1.8,WIN,SL,2,0.31631471147753515,True,0.6806854590511318,0.0015824593390800937,1.6133028441324044,0.121056054152318,0.18845470558332375,0.014140917886140948
2026-03-10 14:00:00,SHORT,1.3534510974743263,1.3559594314482413,1.3504410967056284,1.5,1.8,LOSS,SL,3,-0.2149315390693638,True,-0.5767341309186707,0.001672222649276578,2.792156498494205,0.07278208956216509,0.34497791208118334,0.008992409024208394
2026-03-10 17:00:00,LONG,1.3580129932369651,1.355377450810344,1.3611756441489105,1.5,1.8,WIN,SL,14,0.2739050867280977,True,1.0,0.001757028284414121,1.6686736204735575,1.5724132671975366,0.21589681124031448,0.2034424264725723
2026-03-10 18:00:00,LONG,1.3586238362614504,1.3560469658529295,1.3617160807516755,1.5,1.8,WIN,SL,13,0.6523829235635077,True,1.0,0.0017179136056805846,2.0622397781811364,1.2526424807702896,0.26076016617386405,0.1583905348437187
2026-03-10 19:00:00,LONG,1.3582099316861576,1.3556172679197631,1.361321128205831,1.5,1.8,WIN,SL,12,0.5339300234744053,True,1.0,0.0017284425109296761,1.8102107406148475,1.4844787256948253,0.23036535993635923,0.1889130742017383
2026-03-10 20:00:00,LONG,1.3584219896990006,1.3560446058463114,1.3612748503222276,1.5,1.8,WIN,SL,11,0.48267425082460164,True,1.0,0.0015849225684594823,2.107928347509476,1.4851060676777461,0.24594001245544836,0.17327296974485268
2026-03-10 21:00:00,LONG,1.3583136986414883,1.3559606949598533,1.3611373030594502,1.5,1.8,WIN,SL,10,0.12757315174768702,True,1.0,0.001568669121089994,2.060735504823841,1.569527408699236,0.2379871568978538,0.18125924690248754
2026-03-11 00:00:00,SHORT,1.357919073855953,1.3603993397774086,1.3549427547502062,1.5,1.8,WIN,SL,4,-0.1488847968422355,True,-0.35880666040981124,0.0016535106143037279,1.7276538424091803,0.33697590511437375,0.21037291700707308,0.041032874977520895
2026-03-11 04:00:00,LONG,1.3594157968447569,1.3569767682441236,1.362342631165517,1.5,1.8,WIN,SL,2,0.4029266022995338,True,0.9358708564560788,0.0016260190670888605,1.8185264965434076,0.0,0.21751687484058022,0.0
2026-03-11 05:00:00,LONG,1.3591953123190457,1.3568263005260814,1.3620381264706027,1.5,1.8,WIN,SL,1,0.5578326758509504,True,0.8062047907633546,0.001579341195309463,1.7326681782263469,0.0,0.20133046419985975,0.0
2026-03-11 06:00:00,SHORT,1.3573976078548848,1.3598765570274414,1.354422868847817,1.5,1.8,WIN,TP,10,-0.45187990556864643,True,-0.7427229186122912,0.0016526327817043076,0.0,2.0607499834864087,0.0,0.2508964917794623
2026-03-11 08:00:00,SHORT,1.3572993979938968,1.3597148084390207,1.3544009054597481,1.5,1.8,WIN,TP,8,-0.21983522397305919,True,-0.4937775459616575,0.0016102736300825926,0.0,2.0539696203362237,0.0,0.24367896438373338
2026-03-11 09:00:00,SHORT,1.3568083490398763,1.3592350720968485,1.3538962813715099,1.5,1.8,WIN,TP,8,-1.0,True,-1.0,0.0016178153713147317,0.0,2.406948791844636,0.0,0.2869969628480839
2026-03-11 10:00:00,SHORT,1.356055220971396,1.3586126091187027,1.352986355194628,1.5,1.8,WIN,TP,7,-0.24817132424069188,True,-1.0,0.0017049254315377896,0.38863883129496873,1.842233464780004,0.04886233369488228,0.23161819934467534
2026-03-11 11:00:00,SHORT,1.3548702578016285,1.3574201449305872,1.3518103932468781,1.5,1.8,WIN,SL,11,-0.41780803096599384,True,-0.7653541258187896,0.0016999247526390735,1.7168104197814962,1.1505847609603634,0.21540428032648895,0.14436124078326362
2026-03-11 13:00:00,SHORT,1.355625008966312,1.3579782543288599,1.3528011145312546,1.5,1.8,WIN,TP,24,-0.30210854269855925,True,-0.4528431692250398,0.001568830241698563,1.3791787702595117,2.144346842742236,0.15960884088009072,0.24815979001081212
2026-03-11 14:00:00,SHORT,1.3551998352796162,1.357595562059231,1.3523249631440784,1.5,1.8,WIN,SL,8,-0.6557175071869288,True,-0.5504163872050898,0.0015971511864099064,1.6209304868669703,1.430975985617771,0.19103242066535608,0.16864560736033057
2026-03-11 17:00:00,SHORT,1.3540185249643082,1.3562495131479066,1.3513413391439901,1.5,1.8,WIN,SL,4,-0.7771236094405297,True,-1.0,0.001487325455732269,2.065757731981827,0.19768248302311764,0.2269137388820673,0.02171448792847168
2026-03-11 18:00:00,SHORT,1.3542237772836596,1.3563578104267762,1.3516629375119196,1.5,1.8,WIN,SL,3,-0.021547035486625704,True,-0.5296029051509673,0.0014226887620777712,2.015340120219612,0.17497604356792454,0.21172289165916292,0.018382224193127114
2026-03-11 19:00:00,SHORT,1.3540946147217492,1.3562888406357458,1.3514615436249533,1.5,1.8,WIN,SL,2,-0.14614718513446034,True,-0.5674097698666698,0.0014628172759977615,2.0483517332454,0.0,0.22128175314596077,0.0
2026-03-11 21:00:00,LONG,1.3568233594775811,1.3547988381215021,1.3592527851048761,1.5,1.8,WIN,SL,7,0.12632076813909182,True,1.0,0.0013496809040527097,1.6093007405955533,0.7152408019732224,0.1600829218695059,0.0711475702035593
2026-03-11 22:00:00,LONG,1.357475046018651,1.3554783857943586,1.359871038287802,1.5,1.8,WIN,SL,5,0.247257861939022,True,1.0,0.0013311068161950348,1.5163781810150627,0.04281693897066926,0.14869233424205763,0.004198524273401752
2026-03-11 23:00:00,LONG,1.3568624820332202,1.354857237837169,1.3592687750684818,1.5,1.8,WIN,SL,5,0.21496399114787462,True,0.9444027281193725,0.0013368294640341283,1.654036729132374,0.5008551372908921,0.16296161647755383,0.04934604011896692
2026-03-12 00:00:00,LONG,1.3570984355124727,1.3551236332711278,1.3594681982020864,1.5,1.8,WIN,SL,4,0.7239491609793165,True,1.0,0.0013165348275632205,1.8587571419440547,0.22014765363327687,0.18031989790240457,0.021356745069497206
2026-03-12 02:00:00,SHORT,1.3566647877423108,1.3585922088076094,1.3543518824639524,1.5,1.8,WIN,TP,5,-0.20317226545789058,True,-0.3780036409779313,0.0012849473768657177,0.23981863103110754,2.1225478284207666,0.022714109163234276,0.20103435196693062
2026-03-12 03:00:00,SHORT,1.3562145024079402,1.3581745928632998,1.3538623938615089,1.5,1.8,WIN,TP,6,-0.41587074272409874,True,-0.6815708509849457,0.0013067269702396705,0.28715550064704254,2.20181185446304,0.02766773520574681,0.21214689332048198
2026-03-12 04:00:00,SHORT,1.355101982709529,1.3570693274923729,1.3527411689701163,1.5,1.8,WIN,TP,9,-0.189338294667375,True,-1.0,0.0013115631885625462,1.1343361484473482,2.166186077481805,0.10978904575023908,0.20965875299813722
2026-03-12 05:00:00,SHORT,1.3559769349965478,1.358018121569421,1.3535275111090999,1.5,1.8,WIN,TP,4,-0.2634009269534273,True,-0.6664437885120467,0.0013607910485821423,0.0,1.9397537373413904,0.0,0.1946640428831955
2026-03-12 06:00:00,SHORT,1.3554772819925978,1.3575164806886848,1.3530302435572934,1.5,1.8,WIN,TP,7,-0.27178534776329566,True,-0.8646968666127924,0.0013594657973913713,0.22128088409214466,2.3659213847398206,0.022193200692937756,0.2372883149426463
2026-03-12 07:00:00,SHORT,1.3542293099441745,1.356300732503337,1.3517436028731795,1.5,1.8,WIN,SL,16,-0.3418166964898406,True,-0.36841739074167,0.0013809483727749467,1.607573840319362,1.4254096621236279,0.1639291412911532,0.14535331195338363
2026-03-12 08:00:00,SHORT,1.3551546428955754,1.3571791876370807,1.352725189205769,1.5,1.8,WIN,TP,5,-0.5630082333062321,True,-0.3874175541093072,0.0013496964943368525,0.4619282136229224,2.1440006082775356,0.046006770801447605,0.21353652293624276
2026-03-12 13:00:00,SHORT,1.3534558245701716,1.355835824035694,1.3505998252115448,1.5,1.8,WIN,SL,10,-0.5989488497724141,True,-0.6814514167556935,0.0015866663103482695,1.8866360452630015,0.5513198003230523,0.22117174410610382,0.0646316294570107
2026-03-12 14:00:00,SHORT,1.3533869969949242,1.3557028860286016,1.3506079301545113,1.5,1.8,WIN,SL,9,-0.571465938447369,True,-0.5089244019504262,0.001543926022451601,1.9834431077806987,0.5220023281124453,0.22626857173553747,0.05954933658610774
2026-03-12 20:00:00,SHORT,1.3539846766844468,1.3565715226244663,1.3508804615564234,1.5,1.8,WIN,SL,7,-0.5792514833003228,True,-0.6902221738581144,0.0017245639600130497,2.5918436605382316,0.11878118785188631,0.33012191673379193,0.015129104429639228
2026-03-12 22:00:00,LONG,1.3540729665437212,1.3515409200281143,1.3571114223624496,1.5,1.8,WIN,TP,5,0.32522611506258026,True,0.5664051568030412,0.001688031010404632,0.0,2.5956337772656237,0.0,0.323580074038544
2026-03-12 23:00:00,LONG,1.3561229598183835,1.3535665933999408,1.359190599520515,1.5,1.8,WIN,SL,11,0.3745770045843044,True,0.8334723258752357,0.0017042442789618434,1.6412918814000972,1.368065049005817,0.20626170206256528,0.17192519425584107
2026-03-13 00:00:00,LONG,1.3560330555148232,1.3534123243055118,1.359177932965997,1.5,1.8,WIN,SL,10,0.4616561897328262,True,0.936403657587608,0.0017471541395409312,1.549524414676837,1.3859231316661698,0.1996454278464881,0.17856654207126077
2026-03-13 01:00:00,LONG,1.3556505935316392,1.3530438955246953,1.3587786311399719,1.5,1.8,WIN,SL,19,0.37295024447008285,True,0.6701694083681021,0.0017377986712958807,1.5475629076583166,1.6134684449201768,0.19838096759647425,0.20682935065558802
2026-03-13 02:00:00,LONG,1.3556914465050836,1.3531591318771683,1.358730224058582,1.5,1.8,WIN,SL,11,0.5204194208837557,True,0.7522167539109221,0.0016882097519435194,1.548286422176675,1.636662946138575,0.19280436145398386,0.20380967612053108
2026-03-13 03:00:00,LONG,1.358004076372721,1.355549002756228,1.3609501647125126,1.5,1.8,WIN,SL,5,0.8507354130241285,True,1.0,0.0016367157443286176,2.3572729073582805,0.26514238101242227,0.28410707657505335,0.03195592097565267
2026-03-13 07:00:00,LONG,1.356888841660908,1.354437495519233,1.3598304570309176,1.5,1.8,WIN,SL,1,0.2864811164854679,True,0.38770454034888446,0.0016342307611165571,1.678435527345875,0.0,0.2021500129650999,0.0
2026-03-13 09:00:00,SHORT,1.3551312300612184,1.3576757844896887,1.3520777647470539,1.5,1.8,WIN,SL,16,-0.5127620865277346,True,-1.0,0.001696369618980263,1.5473683029827714,1.2791960372168463,0.19370143055698297,0.16013130286699792
2026-03-13 10:00:00,SHORT,1.354446565865189,1.356980812913284,1.3514054694074749,1.5,1.8,WIN,SL,15,-0.34885688876687015,True,-0.8057252611825254,0.0016894980320633873,1.9589089254756034,0.8791517184611083,0.24434871466991823,0.10966287896904936
2026-03-13 11:00:00,SHORT,1.3534156051927635,1.3559155406402843,1.3504156826557383,1.5,1.8,WIN,SL,14,-0.5930779141761403,True,-1.0,0.0016666236316806066,2.6043873160678515,0.27262569494561717,0.3207095758578681,0.03357168515394795
2026-03-13 12:00:00,SHORT,1.3542392450346776,1.3568136137313969,1.3511500025986145,1.5,1.8,WIN,SL,13,-0.2998212958205189,True,-1.0,0.0017162457978128845,2.0491782759646453,0.7446510688285374,0.25969514751462675,0.09437064184926386
2026-03-14 01:00:00,LONG,1.3567685182543283,1.3546330374078803,1.359331095270066,1.5,1.8,WIN,SL,2,0.4477497004157041,True,1.0,0.0014236538976320093,1.6987582935039325,0.0825959062320916,0.17825029348361054,0.008666768299360196
2026-03-14 02:00:00,LONG,1.3558146420650221,1.3537079211132592,1.3583427072071377,1.5,1.8,LOSS,SL,5,0.0603226615030133,True,0.5926615183650444,0.0014044806345086297,2.056109777771696,0.4741585147475447,0.2129912360959514,0.0491178093958336
2026-03-14 03:00:00,LONG,1.3563636322856245,1.3541754130233445,1.3589894954003605,1.5,1.8,WIN,SL,4,0.3625102147323864,True,0.675776465875026,0.0014588128415199567,2.355858467989481,0.01190265877736778,0.25338017800693075,0.0012801693483475724
2026-03-14 04:00:00,LONG,1.3556483632857863,1.353546918513106,1.3581700970130026,1.5,1.8,WIN,SL,3,0.09837869529761728,True,0.30407208595269225,0.0014009631817868565,1.942583232342527,0.17825653956490645,0.20075173324977208,0.01842150631435682
2026-03-14 07:00:00,SHORT,1.3534820577137656,1.3557188429777396,1.350797915396997,1.5,1.8,LOSS,TP,2,-0.9116241306311064,True,-1.0,0.0014911901759826168,0.0,1.8967275979523344,0.0,0.2089707465615901
2026-03-14 08:00:00,SHORT,1.352064266666776,1.3544271500050509,1.3492288066608462,1.5,1.8,WIN,SL,11,-0.3148536354746747,True,-1.0,0.0015752555588499004,1.6462012776098847,0.8954677262791653,0.1917947080972509,0.10432865865684358
2026-03-14 09:00:00,SHORT,1.3514491210315225,1.353838237080881,1.3485821817722923,1.5,1.8,WIN,SL,9,-0.2546767516730276,True,-1.0,0.0015927440329056733,1.588328928148827,0.3064130610979288,0.18719176203019638,0.0361121678258655
2026-03-14 10:00:00,SHORT,1.3512418730391345,1.3537252265542978,1.3482618488209384,1.5,1.8,WIN,SL,1,-0.9037493887592418,True,-1.0,0.001655569010108961,1.534730938655084,0.0,0.18803835431609706,0.0
2026-03-14 11:00:00,SHORT,1.353329101357004,1.3559548803132535,1.3501781666095043,1.5,1.8,WIN,TP,13,-0.27967145611011457,True,-0.9070266035678576,0.0017505193041664122,0.7588336901805005,2.1244441857313534,0.09815447122069867,0.2747949891876152
2026-03-14 14:00:00,LONG,1.3524169384219682,1.3497689933982089,1.3555944724504794,1.5,1.8,WIN,SL,10,0.2679114459995165,True,0.6776278658716561,0.0017652966825062613,1.5899410283410895,1.2692007981160205,0.20753345680408758,0.16566754635318282
2026-03-14 15:00:00,LONG,1.3534669426270867,1.351013527761145,1.3564110404662166,1.5,1.8,WIN,SL,9,0.4421313900800095,True,0.772470818667886,0.0016356099106277064,2.357971667186509,0.7278702247366245,0.2849513132802248,0.08796016479865029
2026-03-14 16:00:00,SHORT,1.3525788698776344,1.3551202339762407,1.349529232959307,1.5,1.8,WIN,TP,9,-0.03382370751673461,True,-0.40992225109303604,0.0016942427324042133,1.2268516564522405,2.5570356700645345,0.1536756598060951,0.32029474931078183
2026-03-14 21:00:00,LONG,1.3538748121399589,1.3513892054694454,1.356857540144575,1.5,1.8,WIN,SL,1,0.603551461276013,True,0.876942441878075,0.001657071113675682,1.5046127434340182,0.0,0.18415663634896606,0.0
2026-03-14 22:00:00,SHORT,1.351487405832849,1.3539819781868403,1.3484939190080594,1.5,1.8,WIN,TP,3,-0.40822527010797877,True,-0.44338763353027505,0.001663048235994169,0.8476095423494256,1.948695765749935,0.10430104994928657,0.23979321166686124
2026-03-14 23:00:00,SHORT,1.3522831258050356,1.354792980601992,1.3492713000486878,1.5,1.8,WIN,TP,2,-0.029242395805878174,True,-0.5771282972360045,0.0016732365313043087,0.0,2.412387580828082,0.0,0.29849481598044664
2026-03-15 00:00:00,SHORT,1.3505910102197953,1.353121136426128,1.347554858772196,1.5,1.8,LOSS,TP,2,-0.8143397130806389,True,-1.0,0.001686750804221823,0.0,1.8135626458411156,0.0,0.22649552886342197
2026-03-15 01:00:00,SHORT,1.348622066259595,1.351131141729689,1.3456111756954818,1.5,1.8,WIN,SL,2,-0.4655191836818374,True,-1.0,0.0016727169800627717,1.5862438828901728,0.6516848362105057,0.19674430248573116,0.08082948651449025
2026-03-15 02:00:00,SHORT,1.3488583686397042,1.3514205982620782,1.3457836930928555,1.5,1.8,WIN,SL,3,-0.42844853785742143,True,-1.0,0.001708153081582675,1.56828959081093,0.0,0.19860340860392306,0.0
2026-03-15 03:00:00,SHORT,1.3507291484083555,1.3534664838536352,1.3474443458740197,1.5,1.8,WIN,SL,4,-0.12567728803913292,True,-0.3930354644536745,0.0018248902968532083,1.6633875523785997,0.4316155757509586,0.22473045819874582,0.0583130287139188
2026-03-15 04:00:00,SHORT,1.3500045611891864,1.3526679457763489,1.3468084996845915,1.5,1.8,WIN,SL,2,-0.6310602123099889,True,-0.7582898903507699,0.0017755897247749683,1.8457015373643255,0.0,0.24275537868247232,0.0
2026-03-15 06:00:00,LONG,1.3524659045265799,1.34978862937533,1.3556786347080798,1.5,1.8,WIN,TP,2,0.5380234598452446,True,1.0,0.001784850100833259,0.0,1.8249229639481006,0.0,0.24083519779050247
2026-03-15 07:00:00,LONG,1.3536256396290176,1.350905506650512,1.3568897992032243,1.5,1.8,WIN,SL,17,0.2819768771100264,True,1.0,0.0018134219856704079,1.9715520932753572,1.734311584617977,0.2641244231174509,0.23234184293458499
2026-03-15 08:00:00,LONG,1.3551372380053794,1.3523458957014964,1.358486848770039,1.5,1.8,WIN,SL,4,0.5814358382829825,True,1.0,0.0018608948692552887,1.6655799095498216,0.8777714465089456,0.22871994223832603,0.12053689732499297
2026-03-15 09:00:00,LONG,1.3559777065122713,1.353302038623074,1.359188507979308,1.5,1.8,WIN,SL,2,0.3157622095320264,True,1.0,0.0017837785927981656,1.734503939899953,0.0,0.2281727038916928,0.0
2026-03-15 10:00:00,LONG,1.355019750688114,1.3522822221482513,1.3583047849359493,1.5,1.8,LOSS,SL,2,0.800000007823173,True,1.0,0.001825019026575154,1.633945590335357,0.0,0.22006924911878745,0.0
2026-03-15 11:00:00,LONG,1.3536671246929146,1.3508316041295523,1.3570697493689494,1.5,1.8,WIN,SL,13,0.7396111246708634,True,0.5416112789991656,0.0018903470422415105,1.9132682491191897,1.6309883118666408,0.26718097158173415,0.2277616021713611
2026-03-15 13:00:00,SHORT,1.3522788858741304,1.355017435502802,1.3489926263197245,1.5,1.8,WIN,SL,1,-0.2239223717089684,True,-1.0,0.0018256997524477609,1.729306517121432,0.0,0.23347214196678423,0.0
2026-03-15 14:00:00,SHORT,1.3541223456662463,1.3569127834528933,1.35077382032227,1.5,1.8,WIN,TP,10,-0.38014079714999793,True,-0.6328988693540362,0.001860291857764643,1.4126347685537874,2.18888339056739,0.19406761629377614,0.30070857054392086
2026-03-15 15:00:00,SHORT,1.3534465227726165,1.3560952503825006,1.3502680496407555,1.5,1.8,WIN,SL,4,-0.6538822035598792,True,-0.7459056890749525,0.0017658184065893559,1.8709374866846238,0.599536792798847,0.24409799692697393,0.07822053449019895
2026-03-15 17:00:00,LONG,1.353744911002629,1.3513549174854056,1.356612903223297,1.5,1.8,WIN,TP,2,0.21869205029789607,True,0.38604225614206433,0.0015933290114822363,0.8517144446530868,1.8862065523789346,0.1002449813945494,0.22200250557746387
2026-03-15 19:00:00,LONG,1.3557980719536438,1.3530719636084492,1.3590694019678773,1.5,1.8,WIN,SL,3,0.47307688659886293,True,0.5707597163304281,0.0018174055634630243,1.893484248442018,0.07308350595040392,0.2538157324924848,0.00979661891097515
2026-03-15 20:00:00,LONG,1.3548648354234616,1.3520877343589102,1.3581973567009231,1.5,1.8,WIN,SL,3,0.21062949110112608,True,0.36964647284043384,0.0018514007097009122,1.797870389274982,0.41138145355289313,0.2456760576868624,0.05621460496666975
2026-03-15 21:00:00,LONG,1.3548296215139897,1.352047866044067,1.358167728077897,1.5,1.8,WIN,SL,2,0.500853827705545,True,0.40138128092959724,0.0018545036466152132,1.7758738901338862,0.0,0.24308330382544932,0.0
2026-03-15 23:00:00,SHORT,1.3518081459292204,1.3547283469311862,1.3483039047268615,1.5,1.8,WIN,TP,5,-0.3597112519933471,True,-0.7913914942850272,0.0019468006679772237,0.0,2.4826529841706373,0.0,0.35753819818985677
2026-03-16 00:00:00,SHORT,1.3506884516476678,1.3536115913115259,1.347180684051038,1.5,1.8,WIN,TP,4,-0.6067504806048388,True,-1.0,0.0019487597759054096,0.31266729095589,1.9055895202173607,0.045111323718868473,0.2749365482363042
2026-03-16 01:00:00,SHORT,1.3508800825991465,1.3536481200094208,1.3475584377068173,1.5,1.8,WIN,TP,3,-0.043141483489103793,True,-1.0,0.001845358273516205,0.0,2.116210826867848,0.0,0.2890831842269417
2026-03-16 03:00:00,SHORT,1.3489985081081006,1.3516788032761784,1.3457821539064072,1.5,1.8,WIN,TP,3,-0.6017448215179434,True,-1.0,0.0017868634453851926,0.0,2.6247997116643838,0.0,0.3476770825201565
2026-03-16 04:00:00,SHORT,1.3475176327918585,1.3500764706227868,1.3444470273947446,1.5,1.8,WIN,TP,2,-0.18731195788923466,True,-1.0,0.001705891887285506,0.0,1.88129351215531,0.0,0.23816262302552854
2026-03-16 05:00:00,SHORT,1.3470464474357662,1.3496066659229922,1.343974185251095,1.5,1.8,WIN,TP,4,-0.7120248976895908,True,-1.0,0.0017068123248173337,0.0,2.190532409368692,0.0,0.27755744587274733
2026-03-16 06:00:00,SHORT,1.3448198357184622,1.3475486068694984,1.3415453103372186,1.5,1.8,WIN,TP,8,-0.6763057861067181,True,-1.0,0.0018191807673575422,0.8982326470824926,2.2575646633213853,0.12150680059772802,0.30538798636816444
2026-03-16 07:00:00,SHORT,1.345878649905934,1.3486899258354705,1.3425051187904902,1.5,1.8,WIN,TP,4,-0.6158734854495497,True,-1.0,0.0018741839530243473,0.30692471130434557,2.1349499442116775,0.0427403591515059,0.29729938328625755
2026-03-16 08:00:00,SHORT,1.3455330759234185,1.3482664396242325,1.3422530394824417,1.5,1.8,WIN,TP,3,-0.29459519371809517,True,-1.0,0.00182224246720938,0.0,2.006162741358252,0.0,0.2716926851409679
2026-03-16 09:00:00,SHORT,1.3441955936334693,1.346798718613362,1.341071843657598,1.5,1.8,WIN,TP,5,-0.8224739883017174,True,-1.0,0.0017354166532619025,0.218317624118446,2.006824196968091,0.028185782068486164,0.2590899827437623
2026-03-16 10:00:00,SHORT,1.343367086373886,1.345846208979383,1.3403921392472897,1.5,1.8,WIN,TP,9,-0.03501073189872972,True,-1.0,0.0016527484036645993,0.730528190196347,2.2932797289529874,0.08987709408885751,0.282142866951896
2026-03-16 11:00:00,SHORT,1.342918570821325,1.3454355204459298,1.3398982312717989,1.5,1.8,WIN,TP,8,-0.21863832278809114,True,-1.0,0.0016779664164033395,0.9868462423040878,1.9915171280871968,0.12330567829792922,0.24883853207708423
2026-03-16 12:00:00,SHORT,1.3432102991368942,1.3456331205092176,1.3403029134901059,1.5,1.8,WIN,TP,7,-0.30154543837133574,True,-1.0,0.0016152142482156778,0.8445731200537971,2.2495016857394665,0.1015601606127823,0.27050322473899296
2026-03-16 13:00:00,SHORT,1.3441425653652543,1.346438301100892,1.3413876824824893,1.5,1.8,WIN,TP,1,-0.4974659073153009,True,-0.8186430150289884,0.001530490490425069,0.0,2.2408815244712037,0.0,0.25515506701035423
2026-03-16 14:00:00,SHORT,1.3411977435125264,1.3436726098536635,1.3382279039031617,1.5,1.8,WIN,TP,13,-0.25115372304297756,True,-1.0,0.001649910894091468,1.0041594552838353,1.979042133706591,0.12352940740406788,0.24345725244936875
2026-03-16 15:00:00,SHORT,1.3420953565278568,1.3446466033325355,1.3390338603622425,1.5,1.8,WIN,TP,6,-1.0,True,-0.8150069217264283,0.001700831203119067,0.39038912022114564,2.011853800626515,0.04947383163206283,0.25496129642173004
2026-03-16 16:00:00,SHORT,1.34173600712002,1.3442777048659391,1.338685969824917,1.5,1.8,WIN,TP,5,-0.14346650506415407,True,-0.5514738282238075,0.0016944651639461445,0.6039282639980755,1.8073397892998613,0.0762695045401484,0.22824715861623568
2026-03-16 17:00:00,SHORT,1.341745083119463,1.344325754453479,1.3386482775186437,1.5,1.8,WIN,TP,10,-0.1495988710605051,True,-0.39527098271865757,0.0017204475560107038,0.6448519827675608,2.2160412677998864,0.08268590149492111,0.28415105307046773
2026-03-16 18:00:00,SHORT,1.3421836025241531,1.3447204403620163,1.3391393971187173,1.5,1.8,WIN,TP,3,-1.0,True,-0.8969737322748953,0.001691225225242137,0.0,2.0754596514565518,0.0,0.26151934131175686
2026-03-16 19:00:00,SHORT,1.340562511200011,1.3432677876067807,1.3373161795118875,1.5,1.8,WIN,TP,9,-0.07632503358282668,True,-0.3964018568049546,0.0018035176045130591,1.2708530992199394,2.6489922093763916,0.17097344719430072,0.356380552485513
2026-03-16 20:00:00,SHORT,1.3395872024671418,1.3422237307480422,1.3364233685300613,1.5,1.8,WIN,SL,4,-0.1174447253619515,True,-0.5894244862495467,0.001757685520600294,1.858873292047425,0.5198140673037994,0.24390458971576376,0.06820531413121245
2026-03-16 21:00:00,SHORT,1.3388793038904716,1.341491575281643,1.335744578221066,1.5,1.8,WIN,SL,3,-0.9920361713327451,True,-0.8718326957649831,0.0017415142607809361,2.282618831355407,0.0,0.29690601947326484,0.0
2026-03-16 22:00:00,SHORT,1.340622249979181,1.3433239892159765,1.3373801628950261,1.5,1.8,WIN,TP,6,-0.702453872972491,True,-0.6928448953537335,0.0018011594911971113,1.2393500791757377,2.685627167743564,0.16650977992181892,0.3608207206074087
2026-03-17 00:00:00,LONG,1.3417054964914397,1.338843205636043,1.3451402455179156,1.5,1.8,WIN,SL,3,0.14404780318340626,True,0.39990773402829227,0.0019081939035976911,1.9772603549713752,0.0,0.281208966129167,0.0
2026-03-17 01:00:00,LONG,1.3414405251230068,1.3386923493402065,1.344738336062367,1.5,1.8,WIN,SL,2,0.549884558628968,True,0.5143934815589037,0.0018321171885334886,1.9147382103635673,0.0,0.26151176448372654,0.0
2026-03-17 02:00:00,LONG,1.3402932196529094,1.337469941055373,1.3436811539699531,1.5,1.8,WIN,SL,2,0.6143988753589658,True,0.5527165961441263,0.001882185731690982,2.395200675905867,0.0,0.3363601688512678,0.0
2026-03-17 03:00:00,SHORT,1.3384814954243527,1.3414115475339763,1.3349654328928042,1.5,1.8,WIN,TP,2,-0.1804368731967663,True,-0.5972358347906932,0.001953368073082456,0.0,2.402065757163896,0.0,0.3505553551191231
2026-03-17 04:00:00,SHORT,1.3365053656655854,1.339356864965723,1.3330835665054201,1.5,1.8,WIN,TP,4,-0.19482759464321636,True,-1.0,0.0019009995334251359,0.0,2.345324031146309,0.0,0.33359087089931433
2026-03-17 05:00:00,SHORT,1.3343978255891011,1.337390186710827,1.3308069922430301,1.5,1.8,WIN,TP,11,-1.0,True,-1.0,0.0019949074144839534,0.9752149919696388,2.062135974819985,0.14579337442619641,0.30828664937507394
2026-03-17 06:00:00,SHORT,1.3341972144118535,1.3372979857044007,1.3304762888607966,1.5,1.8,WIN,TP,10,-0.5691588235041972,True,-1.0,0.0020671808616982146,1.0381649884668498,1.8929931294836464,0.16085139230258863,0.29329690740808656
2026-03-17 07:00:00,SHORT,1.3350543295500472,1.3381402595921499,1.3313512134995238,1.5,1.8,WIN,TP,9,-1.0,True,-1.0,0.0020572866947351815,0.6265338032606991,2.3187212161514505,0.09654735606786008,0.35730937694470316
2026-03-17 08:00:00,SHORT,1.3334295454558283,1.3366647194697892,1.329547336639075,1.5,1.8,WIN,TP,9,-1.0,True,-1.0,0.0021567826759739195,1.3509677094161971,1.8363236583325981,0.21851501351524122,0.2970198963469718
2026-03-17 09:00:00,SHORT,1.3341086312053554,1.337267450363557,1.3303180482155135,1.5,1.8,WIN,TP,7,-0.6638043490954841,True,-1.0,0.002105879438801076,1.061151916281652,1.8161419365365705,0.1675019522153078,0.2866765023955554
2026-03-17 10:00:00,SHORT,1.3328451333603644,1.3359570689784075,1.3291108106187126,1.5,1.8,WIN,SL,3,-0.504774124378839,True,-0.6103175853599693,0.002074623745362111,1.6861639874474381,0.21838119810591475,0.26245778743351655,0.033991857552790675
2026-03-17 11:00:00,SHORT,1.3326498742173996,1.3357274103677352,1.3289568308369966,1.5,1.8,WIN,SL,2,-0.3194190700465331,True,-0.663684313578554,0.002051690766890522,1.800181123540049,0.0,0.27714818883442194,0.0
2026-03-17 13:00:00,LONG,1.3358078391282446,1.3326741105744966,1.3395683133927423,1.5,1.8,WIN,SL,3,0.499672818123269,True,0.919100178257799,0.0020891523691653874,2.644031123106985,0.0,0.41351635491155886,0.0
2026-03-17 14:00:00,LONG,1.335014194594315,1.3320691683162076,1.338548226128044,1.5,1.8,WIN,SL,2,0.254745565840937,True,0.40466534250346653,0.001963350852071618,2.4092175609190756,0.0,0.35431378709001443,0.0
2026-03-17 16:00:00,SHORT,1.331421953737379,1.3345812147820106,1.327630840483821,1.5,1.8,WIN,TP,3,-0.6837423006205882,True,-0.7920577947939993,0.0021061740297544373,0.0,1.941705356045609,0.0,0.3071580262634768
2026-03-17 17:00:00,SHORT,1.330295408336196,1.3334109808113996,1.3265567213659515,1.5,1.8,WIN,TP,7,-0.7174376958091404,True,-1.0,0.0020770483168024434,0.23621023094071705,2.2805580294930556,0.03688053491822185,0.3560734846445282
2026-03-17 18:00:00,SHORT,1.329764230575394,1.3327113236005665,1.326227718945187,1.5,1.8,WIN,TP,6,-0.5110634177884258,True,-1.0,0.0019647286834483563,0.0,2.140576198208428,0.0,0.31627046050916346
2026-03-17 19:00:00,SHORT,1.328676082608043,1.3315927317866048,1.325176103593769,1.5,1.8,WIN,TP,7,-0.5064028852018772,True,-1.0,0.0019444327857077884,0.3911689751735648,1.989056511981364,0.05724508704832098,0.29108574656740255
2026-03-17 20:00:00,SHORT,1.3279407792831086,1.3308629451361111,1.3244341802595057,1.5,1.8,WIN,TP,19,-0.8245782095888896,True,-1.0,0.0019481105686682979,0.585440315411234,1.922708852701258,0.08588503972239102,0.28206449375261405
2026-03-17 21:00:00,SHORT,1.327535139415616,1.3304918015778355,1.3239871448209528,1.5,1.8,WIN,TP,20,-0.17553218569608464,True,-1.0,0.001971108108146253,0.6590420734459043,3.335670654873352,0.09785376944150659,0.4952763417487164
2026-03-17 22:00:00,SHORT,1.3277667996938887,1.3305970761062547,1.3243704679990496,1.5,1.8,WIN,TP,17,-0.2825597967347523,True,-1.0,0.0018868509415773354,0.23296856017137263,1.8929263401239829,0.03310648731528859,0.2689982795188817
2026-03-17 23:00:00,SHORT,1.327029591655937,1.3297618749650417,1.3237508516850112,1.5,1.8,WIN,TP,18,-0.7579150056089385,True,-1.0,0.0018215222060698874,0.6460448196281073,3.332059139340719,0.08867812688340723,0.4573688297842325
2026-03-18 00:00:00,SHORT,1.3262479263014106,1.3290259454443079,1.3229143033299338,1.5,1.8,WIN,TP,17,-0.4478641253135825,True,-0.7707086428771536,0.0018520127619315399,1.0574712981743974,2.8551392670783424,0.14766849400903104,0.398700292370465
2026-03-18 02:00:00,SHORT,1.3260288926872374,1.3288733566127044,1.3226155359766771,1.5,1.8,WIN,TP,15,-0.45182688864971554,True,-1.0,0.0018963092836446244,1.1482746894448879,2.6729398992372695,0.1642108981016056,0.3822481375406418
2026-03-18 03:00:00,SHORT,1.3267790796712864,1.3295446587122572,1.3234603848221214,1.5,1.8,WIN,TP,14,-0.03797591966570271,True,-0.3133634124514448,0.0018437193606472637,0.7741400346408883,3.1560701990751405,0.10757608343305854,0.43857397352378763
2026-03-18 07:00:00,LONG,1.3266541827571698,1.3242529026659104,1.3295357188666812,1.5,1.8,WIN,SL,8,0.31485456973911946,True,0.5617324831027172,0.0016008533941729297,1.536088763300593,0.9696040183854722,0.18535749123181686,0.11700063995654005
2026-03-18 08:00:00,LONG,1.3277892623614278,1.3253247808021211,1.3307466402325956,1.5,1.8,WIN,SL,5,0.15917260024723154,True,0.360902131818192,0.0016429877062043813,1.8346458254873215,0.25387547210669587,0.22701648687488463,0.03141419285439251
2026-03-18 09:00:00,LONG,1.327233889937157,1.3248844721594732,1.3300531912703775,1.5,1.8,WIN,SL,4,0.2674713052073185,True,0.5303579588527576,0.0015662785184558262,1.5699175359106912,0.0671139483038205,0.1852671281894743,0.007920166619766328
2026-03-18 12:00:00,SHORT,1.3256229040126986,1.3277742956598475,1.3230412340361197,1.5,1.8,WIN,TP,5,-0.5017705380068086,True,-0.5054950564854565,0.0014342610980993304,0.26729691914123593,3.2509646097128884,0.02892025866523535,0.3517389490551683
2026-03-18 13:00:00,SHORT,1.3256432710576738,1.3278216447923183,1.3230292225761002,1.5,1.8,WIN,TP,4,-0.6350309746830454,True,-0.8768514083969478,0.0014522491564297032,0.21254562655998205,3.2247215260894295,0.023284484869619773,0.3532699345463909
2026-03-18 14:00:00,SHORT,1.3258840025599414,1.3279685202431089,1.3233825813401405,1.5,1.8,WIN,TP,3,-0.2657731992835688,True,-1.0,0.0013896784554448935,0.0,3.543143810684914,0.0,0.37136209568447115
2026-03-18 15:00:00,SHORT,1.3248889352788453,1.327010680568469,1.322342840931297,1.5,1.8,WIN,TP,2,-0.8483564187727705,True,-0.8396241615574749,0.0014144968597491322,0.6696571538858699,2.7774988046650195,0.07149489410451934,0.29653529684952523
2026-03-18 16:00:00,SHORT,1.3246984422009156,1.3267657783282747,1.3222176388480846,1.5,1.8,WIN,TP,1,-0.3648251055607311,True,-1.0,0.0013782240849060656,0.0,2.7123820430700807,0.0,0.2821978300974651
2026-03-18 17:00:00,SHORT,1.32199352152481,1.3243231724207107,1.319197940449729,1.5,1.8,WIN,TP,24,-0.7171452582948328,True,-1.0,0.0015531005972672096,1.0571107673700115,2.2501424253440163,0.12419118077721619,0.2643505802288075
2026-03-18 18:00:00,SHORT,1.3217553489462117,1.3241151737263062,1.3189235592100985,1.5,1.8,WIN,TP,23,-1.0,True,-1.0,0.0015732165200629414,1.1949861438672222,2.069978877420846,0.14223297407323218,0.24637879988426967
2026-03-18 19:00:00,SHORT,1.3212322326953843,1.323628765134415,1.3183563937685474,1.5,1.8,WIN,SL,19,-0.7940216650740785,True,-1.0,0.0015976882926871858,1.504103275091213,1.0398571847410085,0.18188234695903963,0.12574380256664544
2026-03-18 20:00:00,SHORT,1.3213800090889907,1.323611190913487,1.3187025908995953,1.5,1.8,WIN,SL,18,-0.4917398570964021,True,-1.0,0.001487454549664115,1.5162223279417495,1.216268452802343,0.17067851673903922,0.13691322944873907
2026-03-18 21:00:00,SHORT,1.3200257027956155,1.3223687881256798,1.3172140003995383,1.5,1.8,WIN,SL,11,-0.08144978195215502,True,-1.0,0.0015620568867095175,1.5880509729432637,0.26100093153286186,0.18792254980173362,0.030885633641455815
2026-03-18 23:00:00,SHORT,1.3196447707180363,1.3220373072982372,1.3167737268217954,1.5,1.8,WIN,SL,4,-0.3887757648185749,True,-0.601337393934698,0.0015950243868005445,1.5115415309339777,0.0,0.1826965602409576,0.0
2026-03-19 06:00:00,LONG,1.3218376577253654,1.3193767687123383,1.324790724540998,1.5,1.8,WIN,SL,11,0.4287912397611736,True,0.37405442611822065,0.0016405926753514377,2.0351387614102996,1.0957400887087487,0.25259030303608093,0.1359972726694705
2026-03-19 09:00:00,LONG,1.3222067876630483,1.3197507437860383,1.3251540403154602,1.5,1.8,WIN,SL,8,0.3453213819195947,True,0.6090132233243247,0.0016373625846733328,2.2645953423420893,0.8724599177442499,0.28043750172619547,0.10804158920303895
2026-03-19 10:00:00,LONG,1.3218502583216487,1.3193969117516253,1.3247942742056769,1.5,1.8,WIN,SL,7,0.4281861489903738,True,0.33319426892040294,0.0016355643800155845,2.0490996151095406,1.091404648543535,0.2535411496482302,0.13504272182900087
2026-03-19 14:00:00,LONG,1.3231569530095895,1.3208983788158075,1.3258672420421278,1.5,1.8,WIN,SL,1,0.45646417334258776,True,0.44661510408145316,0.00150571612918796,1.8303822377502545,0.0,0.20829245175267846,0.0
2026-03-19 18:00:00,SHORT,1.3209523097409388,1.3236522124936372,1.3177124264377007,1.5,1.8,WIN,TP,6,-0.7533536746485996,True,-0.562287571485926,0.001799935168465613,0.5138472910484011,2.3541342788038873,0.07001704781909876,0.32077532613880316
2026-03-19 21:00:00,SHORT,1.3200855260003104,1.322764440306738,1.316870828832597,1.5,1.8,WIN,TP,3,-0.3356003404632445,True,-0.8786897974174079,0.0017859428709518272,0.0,1.8872414083910716,0.0,0.2553247704558445
2026-03-19 22:00:00,SHORT,1.3190937660970818,1.3217122602349838,1.3159515731315994,1.5,1.8,WIN,TP,9,-0.3756113505807719,True,-0.6339072325439271,0.0017456627586013612,0.8773978662602865,2.0660911646532227,0.11611310878518359,0.27342244309757435
2026-03-19 23:00:00,SHORT,1.3180644608969332,1.320638506010843,1.3149756067602414,1.5,1.8,WIN,TP,15,-0.40627405397002314,True,-1.0,0.0017160300759399322,1.4923666057267744,2.1316043966917047,0.19429595863716945,0.2775203613516434
2026-03-20 00:00:00,SHORT,1.3177192851876098,1.3204060097038834,1.3144952157680816,1.5,1.8,WIN,SL,2,-0.6811275106193382,True,-1.0,0.0017911496775156704,1.5167396840036138,0.0,0.20616741565647667,0.0
2026-03-20 03:00:00,LONG,1.3201506381399748,1.317388047348098,1.323465747090227,1.5,1.8,WIN,SL,3,0.8239735446246599,True,0.8575063874549288,0.0018417271945845462,1.566074479248638,0.2577845069074,0.21848127583688898,0.03596322442284703
2026-03-20 04:00:00,LONG,1.3197671128519382,1.3170010300293518,1.3230864122390418,1.5,1.8,WIN,SL,3,0.13027264127658875,True,0.7052817330076627,0.001844055215057594,2.3209962054921855,0.0,0.32430306189535435,0.0
2026-03-20 05:00:00,LONG,1.3193000579721421,1.3167275008641814,1.3223871265016949,1.5,1.8,WIN,SL,2,0.853144216202736,True,0.7482034647032824,0.0017150380719737543,2.223268590581508,0.0,0.2890161532268522,0.0
2026-03-20 07:00:00,SHORT,1.3161516316585482,1.3186782979234926,1.313119632140615,1.5,1.8,LOSS,SL,2,-0.38420275669419696,True,-1.0,0.0016844441766296387,1.6569667669469803,0.0,0.21206280145210296,0.0
2026-03-20 08:00:00,SHORT,1.3171804559080553,1.3195669678108946,1.3143166416246483,1.5,1.8,WIN,TP,8,-0.4140028194298549,True,-1.0,0.001591007935226136,1.1076272675504193,1.9134485490895028,0.13378909199883934,0.2311233674621757
2026-03-20 09:00:00,SHORT,1.3185402622253397,1.3210164904097754,1.315568788404017,1.5,1.8,WIN,TP,5,-0.5319498445459154,True,-0.48995227422108373,0.0016508187896237616,0.0,2.504029278754086,0.0,0.3135056775709461
2026-03-20 10:00:00,SHORT,1.3170278955898063,1.3195032094853885,1.3140575189151076,1.5,1.8,WIN,TP,7,-0.7915225072368809,True,-0.937644448732791,0.001650209263721471,0.21481165445354372,2.013239180481306,0.026915464989131787,0.2522547895031076
2026-03-20 11:00:00,SHORT,1.3163230960900711,1.3187644547215085,1.3133934657323463,1.5,1.8,WIN,TP,9,-0.14068991019592897,True,-0.4601285834912349,0.0016275724209582501,0.6508365884241449,1.9227006024480082,0.08047292378414751,0.23773300670628528
2026-03-20 13:00:00,SHORT,1.3163842578555145,1.3187940886376148,1.3134924609169942,1.5,1.8,WIN,TP,7,-0.3736632803310881,True,-0.41840506717275794,0.001606553854733485,0.0,1.9859254828882291,0.0,0.2423681550966807
2026-03-20 15:00:00,SHORT,1.3152062598146066,1.3176202698961017,1.3123094477168125,1.5,1.8,WIN,TP,7,-0.5590824343865279,True,-0.752077304995153,0.0016093400543300313,0.4728892417216917,1.8803422921430086,0.05786465752312887,0.23008635672271283
2026-03-20 16:00:00,SHORT,1.314550733631382,1.3168107534514355,1.3118387098473179,1.5,1.8,WIN,TP,8,-0.2811202137582074,True,-0.6998755919663973,0.0015066798800356582,0.940190281930073,2.0609137770535915,0.10776044963102342,0.23621281727158228
2026-03-20 17:00:00,SHORT,1.3141569381925817,1.3163973753447926,1.3114684136099286,1.5,1.8,WIN,TP,7,-0.27764997681248643,True,-0.6945098334671662,0.001493624768140665,1.21205891774476,1.8152764612693848,0.1377583732487242,0.20631796741899947
2026-03-20 18:00:00,SHORT,1.3146330911789195,1.3168131349304548,1.312017038677077,1.5,1.8,WIN,TP,5,-0.3197747218876741,True,-0.5786288186340379,0.001453362501023506,0.9180147641844397,1.8123215573537022,0.10148901945371902,0.20035705847723215
2026-03-20 20:00:00,SHORT,1.313586391247307,1.315802969715391,1.310926497085606,1.5,1.8,WIN,SL,13,-0.4844289442287076,True,-0.5974140281988776,0.0014777189787227624,1.8153313144207168,1.4487158716403832,0.20421569177814297,0.16297328843876852
2026-03-20 21:00:00,SHORT,1.3134611327211794,1.3155763234903548,1.310922903798169,1.5,1.8,WIN,SL,12,-0.15935648650187073,True,-0.4384965483854648,0.0014101271794502474,1.9911736352826217,1.4293295254106895,0.21377169009178582,0.15345230718754682
2026-03-20 22:00:00,SHORT,1.313124077421334,1.3152403292632078,1.3105845752110854,1.5,1.8,WIN,SL,11,-0.2640659690947945,True,-0.47054088060146065,0.001410834561249146,2.22908018299306,1.1897079632361827,0.23949476032287445,0.12782349674244617
2026-03-20 23:00:00,SHORT,1.3125697616154983,1.3146177315996996,1.310112197634457,1.5,1.8,WIN,SL,10,-0.24379003465620055,True,-0.8693016649540707,0.0013653133228008127,2.709399451408932,0.8233753291040675,0.28182724270936377,0.08564613777995884
2026-03-21 00:00:00,SHORT,1.3120618286475514,1.3140057183359575,1.309729161021464,1.5,1.8,WIN,SL,1,-0.2651787476839018,True,-0.9844590425629146,0.001295926458937375,1.7941859625704897,0.0,0.1772121564991967,0.0
2026-03-21 05:00:00,LONG,1.3130640150281934,1.311021234266362,1.3155153519423908,1.5,1.8,WIN,TP,4,0.08846134466058417,True,0.5341070233804575,0.0013618538412208153,0.09935499314733531,2.3533551531710417,0.010304674982602515,0.2440799320080346
2026-03-21 08:00:00,LONG,1.31425858336369,1.3122621876690446,1.3166542581972644,1.5,1.8,WIN,SL,2,0.5693071153925797,True,0.34840104609680483,0.001330930463096894,1.8689721296493234,1.5104901986602464,0.18926807658071146,0.15296513525222172
2026-03-21 11:00:00,SHORT,1.3107729257199894,1.3132078034609684,1.3078510724308146,1.5,1.8,WIN,SL,4,-0.3713684537032551,True,-1.0,0.0016232518273193244,2.250634916633111,1.1566206208750707,0.27871702026852896,0.1432350714231752
2026-03-21 13:00:00,SHORT,1.309804486374735,1.3123654408359557,1.3067313410212698,1.5,1.8,WIN,SL,2,-1.0,True,-1.0,0.0017073029741472606,2.7070687840957324,0.0,0.3528607997900505,0.0
2026-03-21 14:00:00,SHORT,1.3115077437135967,1.3141943551084472,1.3082838100397762,1.5,1.8,WIN,SL,1,-0.27673343026192143,True,-1.0,0.0017910742632336132,1.6294853358994403,0.0,0.22253236867531656,0.0
2026-03-21 15:00:00,LONG,1.3131454178620854,1.3103952283044173,1.316445645331287,1.5,1.8,WIN,SL,5,0.28388012944763846,True,0.34184541013157493,0.0018334597051119664,1.7319221637580926,0.9175326500241422,0.2418170490828528,0.12810912782856362
2026-03-21 16:00:00,LONG,1.3139785789848941,1.3112292299888972,1.3172777977800902,1.5,1.8,WIN,SL,3,0.3887481424262539,True,1.0,0.0018328993306645344,1.8820612672334605,0.46325403961344797,0.26253311067269025,0.06462038519616475
2026-03-21 17:00:00,LONG,1.3141120075071822,1.3114356067379684,1.3173236884302386,1.5,1.8,WIN,SL,2,0.5978680207160887,True,1.0,0.0017842671794757895,2.008139476242891,0.0,0.2726599664869365,0.0
2026-03-21 18:00:00,LONG,1.3118877423269062,1.3090059008652761,1.3153459520808621,1.5,1.8,WIN,SL,4,0.722151012005293,True,0.9998046385126352,0.0019212276410866932,1.5600338571326233,0.0,0.2284631581386805,0.0
2026-03-21 21:00:00,SHORT,1.3098265700228011,1.3127294531705127,1.3063431102455472,1.5,1.8,WIN,TP,3,-0.46175552366189443,True,-1.0,0.0019352554318077728,0.08495981195434914,1.9397039764389388,0.012552725783166772,0.2865892891787381
2026-03-21 22:00:00,SHORT,1.3093582672204185,1.3123330560524666,1.3057885206219606,1.5,1.8,WIN,TP,4,-0.49192844501290206,True,-1.0,0.001983192554698841,0.0,2.1606344406895124,0.0,0.32725604927806995
2026-03-21 23:00:00,SHORT,1.308318995553577,1.3111947203739984,1.3048681257690715,1.5,1.8,WIN,TP,7,-0.5543896357009325,True,-1.0,0.001917149880280879,0.0,2.6737483047725292,0.0,0.3917986561241473
2026-03-22 00:00:00,SHORT,1.3064193011232348,1.3091457823920605,1.303147523600644,1.5,1.8,WIN,TP,7,-0.3341063488562336,True,-1.0,0.0018176541792171192,0.558015650151827,2.359710761263919,0.07763812718435556,0.32831251982171816
2026-03-22 01:00:00,SHORT,1.306866186969945,1.3093952263021438,1.3038313397713064,1.5,1.8,WIN,TP,5,-0.5096174784457843,True,-1.0,0.0016860262214658845,0.33652716940758004,2.1785946220754684,0.043416352608556745,0.2810668525505491
2026-03-22 02:00:00,SHORT,1.3054821603732483,1.3080520559324231,1.3023982857022385,1.5,1.8,WIN,TP,5,-0.49603725648056995,True,-1.0,0.001713263706116511,1.1390075103948065,1.9564982115721643,0.1494788889336963,0.25676316986285647
2026-03-22 03:00:00,SHORT,1.305291072455159,1.3076821145444422,1.302421821948019,1.5,1.8,WIN,TP,4,-0.494651041998123,True,-1.0,0.0015940280595221346,1.3440843364357986,1.9829697727069744,0.16414025897020407,0.24216127158011602
2026-03-22 04:00:00,SHORT,1.3072856857197053,1.3096601790368037,1.3044362937391871,1.5,1.8,WIN,TP,2,-0.2544101787459113,True,-0.42805521579776684,0.0015829955447323224,0.0,2.585393510514382,0.0,0.31306595438402385
2026-03-22 06:00:00,SHORT,1.3041842345818453,1.30661791818961,1.3012638142525275,1.5,1.8,WIN,TP,27,-0.37456803854092674,True,-1.0,0.001622455738509895,1.460824834276264,1.9392793636331669,0.18173227159805477,0.24125386955848793
2026-03-22 07:00:00,SHORT,1.303010219394486,1.305559841044238,1.2999506734147837,1.5,1.8,WIN,SL,2,-0.5855142695049856,True,-1.0,0.0016997477665012806,1.6496825670266166,0.0,0.21519741111797586,0.0
2026-03-22 08:00:00,SHORT,1.303665737765716,1.3060534240722572,1.3008005141978662,1.5,1.8,WIN,SL,6,-0.15254030698932253,True,-0.6732883156709114,0.0015917908710275652,1.8146984657563312,0.34327977331102827,0.22157677138998155,0.04191485543690086
2026-03-22 09:00:00,SHORT,1.3054322042059865,1.3079045048384401,1.302465443447042,1.5,1.8,WIN,TP,21,-0.32884654610763636,True,-0.724153669572071,0.001648200421635826,0.6808358962039115,1.8397539601509008,0.08596034382885698,0.23228194026906554
2026-03-22 10:00:00,SHORT,1.304047898301425,1.3065300116094432,1.301069362331803,1.5,1.8,WIN,SL,4,-0.5447416708101809,True,-0.8575384158229338,0.0016547422053455132,1.5147132330659627,0.5611690703689209,0.1922061236411921,0.07120828508550076
2026-03-22 11:00:00,LONG,1.305195155881711,1.3026144881819413,1.3082919571214346,1.5,1.8,WIN,SL,19,0.6956739696192525,True,0.4524496962174665,0.0017204451331797837,1.6247161125011504,0.7900294576389555,0.21416222056563566,0.10413786239847099
2026-03-22 12:00:00,LONG,1.3036963895243825,1.3010112124398405,1.3069186020258328,1.5,1.8,WIN,SL,22,0.15676950348506388,True,0.37492655829831356,0.0017901180563612642,1.6491577101957529,1.5965252585639091,0.22644743197347028,0.2192204193980119
2026-03-22 18:00:00,LONG,1.3053454916380902,1.3025792752904057,1.3086649512553117,1.5,1.8,WIN,SL,12,0.35176811415702214,True,0.8456539484055932,0.0018441442317897064,1.5972561333079687,0.4265495271363709,0.22565448793439327,0.06026135265185847
2026-03-22 23:00:00,SHORT,1.3045981712687327,1.3067819377698087,1.3019776514674413,1.5,1.8,WIN,TP,10,-0.36874599955279475,True,-0.4522791411110385,0.0014558443340507235,1.0254048775456368,2.4455441668558136,0.1144283285044775,0.27290637817814667
2026-03-23 01:00:00,SHORT,1.3043197720573467,1.3065821670353746,1.3016048980837134,1.5,1.8,LOSS,TP,8,-0.02280813402480872,True,-0.5185842495282638,0.0015082633186852545,0.7167751679551648,2.1759677948428315,0.08288501920552852,0.25162022978653337
2026-03-23 04:00:00,LONG,1.304969722927255,1.3029190967024067,1.307430474397073,1.5,1.8,WIN,SL,2,0.4303724106439666,True,0.32048742756067894,0.0013670841498988656,1.879768684528679,0.18084321848290263,0.1969242603062792,0.018945106025149934
2026-03-23 06:00:00,SHORT,1.3033116221641876,1.3053930502086484,1.3008139085108346,1.5,1.8,WIN,TP,4,-0.7127156095419425,True,-0.5768225749998732,0.0013876186963072135,0.8334571606965137,1.8502342476693723,0.0887370847528522,0.1969920002977228
2026-03-23 08:00:00,SHORT,1.3027485419153007,1.3048318227478857,1.3002486049161988,1.5,1.8,WIN,TP,4,-0.5211139175053731,True,-0.573184349155734,0.001388853888389972,0.0,2.2195378560897003,0.0,0.23662385200806782
2026-03-23 09:00:00,SHORT,1.3010530274964536,1.3031796605110122,1.2985010678789832,1.5,1.8,WIN,SL,4,-0.7017937534890677,True,-1.0,0.0014177553430391335,1.9666228674323065,0.9783771013963714,0.21430257023499333,0.10661359173660787
2026-03-23 10:00:00,SHORT,1.300904278269794,1.3030127025693146,1.2983741691103692,1.5,1.8,WIN,SL,3,-0.8788527566492954,True,-1.0,0.001405616199680477,2.0894318843026674,0.881001610990046,0.2257613687465822,0.09519148772415564
2026-03-23 12:00:00,SHORT,1.300393459720384,1.3027263836891958,1.2975939509578096,1.5,1.8,LOSS,SL,1,-0.6047948191053413,True,-1.0,0.0015552826458745514,2.216804683868934,0.0,0.265131897453262,0.0
2026-03-23 14:00:00,LONG,1.3036572105404622,1.30098000969299,1.3068698515574289,1.5,1.8,WIN,SL,13,0.08360934345399168,True,0.79906833383343,0.0017848005649814575,1.5724988182009518,1.1233762540263934,0.21528640784291686,0.1537982957990804
2026-03-23 15:00:00,LONG,1.3042804409378603,1.3016950619843772,1.30738289568204,1.5,1.8,WIN,SL,12,0.5955989276527117,True,1.0,0.0017235859689887104,1.9899368167682545,0.8016845114408226,0.26296700225678143,0.10594133992237048
2026-03-23 16:00:00,LONG,1.3036913216533859,1.3011570365756142,1.306732463746712,1.5,1.8,WIN,SL,11,0.025884118894849623,True,0.5363697979227567,0.0016895233851810878,1.6813664238076682,1.1665369519216193,0.21789727713142007,0.15117776940095684
2026-03-23 17:00:00,LONG,1.303791623283161,1.3013053366632137,1.3067751672270977,1.5,1.8,WIN,SL,10,0.3181063229065215,True,1.0,0.0016575244132982028,1.7743385848564175,1.128544361197147,0.22557358624920085,0.14347306707369728
2026-03-23 20:00:00,LONG,1.3047074041766034,1.3023801893635683,1.3075000619522457,1.5,1.8,WIN,SL,7,0.4935472760593304,True,0.42200013443384055,0.0015514765420234777,2.4858838086386528,0.6154195122322995,0.2956057735974035,0.07318184396558401
2026-03-23 21:00:00,LONG,1.304870458206348,1.3026314882226726,1.3075572221867584,1.5,1.8,WIN,SL,6,0.09386731046781119,True,0.48461825293178756,0.0014926466557836043,2.6930984834673533,0.5304369282036808,0.3080646373563433,0.06067689723588994
2026-03-24 00:00:00,SHORT,1.3037998474658863,1.3060458320590953,1.3011046659540355,1.5,1.8,WIN,TP,3,-0.19340997735911133,True,-0.3768998009596302,0.001497323062139344,1.2437968094795164,1.969670927507103,0.14284137638678043,0.22620294904267838
2026-03-24 03:00:00,SHORT,1.3013501278006585,1.3036025760577694,1.2986471898921255,1.5,1.8,WIN,TP,11,-0.6578227722550006,True,-1.0,0.0015016321714072284,1.4759827235954501,2.448336393953307,0.17031412952162076,0.2825143377671083
2026-03-24 04:00:00,SHORT,1.301982251287778,1.3041335729901355,1.2994006652449486,1.5,1.8,WIN,TP,10,-0.8420492934760611,True,-0.7460738684124142,0.001434214468238453,1.104618374836675,3.004170072275745,0.12168058769663181,0.3309280275092241
2026-03-24 05:00:00,SHORT,1.3020311762724952,1.3041834887508972,1.2994484012984129,1.5,1.8,WIN,TP,9,-0.23731783716421556,True,-0.5774636423625562,0.0014348749856013215,1.070012848340283,3.036884196289757,0.11791842609720818,0.33467318193555895
2026-03-24 06:00:00,SHORT,1.3018563391610263,1.3041048374678674,1.299158141192817,1.5,1.8,WIN,TP,8,-0.44657553000179767,True,-1.0,0.0014989988712273655,1.140875963718471,2.790337028426482,0.1313640937468209,0.3212882965758528
2026-03-24 07:00:00,SHORT,1.3010276675540526,1.3033301613238428,1.2982646750303042,1.5,1.8,WIN,SL,2,-0.7919638095025725,True,-1.0,0.0015349958465268637,1.6539741097948504,0.0,0.19514138339356898,0.0
2026-03-24 09:00:00,LONG,1.3027705575888726,1.3003876088982675,1.3056300960175986,1.5,1.8,WIN,SL,4,0.7210036059059429,True,0.3841821966250358,0.001588632460403337,2.0757085444665364,0.27519276135623016,0.25311732391151703,0.033557724421378984
2026-03-24 13:00:00,SHORT,1.2994881477729212,1.302116733517502,1.2963338448794244,1.5,1.8,WIN,SL,6,-0.8590812235914934,True,-1.0,0.0017523904963871223,1.67385045286,1.0354545243147122,0.22572269173767898,0.1396334911526433
2026-03-24 14:00:00,SHORT,1.2979383621424105,1.3006814135871676,1.2946467004087021,1.5,1.8,WIN,SL,2,-0.7438084174449664,True,-1.0,0.0018287009631713052,1.5931270132392048,0.0,0.22446003512492713,0.0
2026-03-24 15:00:00,SHORT,1.2993269357195198,1.302111920327593,1.295984954189832,1.5,1.8,WIN,SL,4,-0.5331542512123781,True,-1.0,0.001856656405382113,1.6666797746724955,0.2654710748873758,0.23815804893268921,0.037934145601343755
2026-03-24 16:00:00,SHORT,1.3004120560782673,1.3032149066303267,1.297048635415796,1.5,1.8,WIN,SL,8,-0.9181452642109893,True,-0.9176862891961892,0.0018685670347063285,1.935872887767035,0.43649604157433536,0.27816631232812195,0.0627202824099715
2026-03-24 18:00:00,LONG,1.3011237025666869,1.2987574834175755,1.3039631655456203,1.5,1.8,WIN,TP,6,0.37024625389445226,True,0.6306012845633362,0.0015774794327408598,0.9681702155898033,1.841964917409456,0.11738073785547085,0.2233194097772351
2026-03-24 19:00:00,LONG,1.3017146560043729,1.2993480533830533,1.3045545791499564,1.5,1.8,WIN,TP,8,0.2630153429300616,True,1.0,0.001577735080879756,1.342571427764709,1.8795997537545055,0.1627255274725959,0.22781570875249268
2026-03-24 20:00:00,LONG,1.301363907428912,1.2990021385536488,1.3041980300792282,1.5,1.8,WIN,TP,6,0.37213910500209957,True,0.47560603916134236,0.00157451258350892,0.6088053228812258,1.8239181874745911,0.07365900009302845,0.22067479519570113
2026-03-24 22:00:00,LONG,1.301289340360226,1.2989316442649952,1.3041185756745026,1.5,1.8,WIN,TP,3,0.09650951351204604,True,0.37580967749960004,0.0015717973968204513,0.0,1.8047700241691997,0.0,0.21799401085261025
2026-03-25 01:00:00,LONG,1.303320357879961,1.300760219985534,1.3063925233532736,1.5,1.8,WIN,SL,7,1.0,True,1.0,0.0017067585962847267,1.565375604845765,1.1391727222647439,0.20499321243864008,0.14917996366918554
2026-03-25 02:00:00,LONG,1.3039251340378466,1.3015314515889322,1.3067975529765439,1.5,1.8,WIN,SL,6,0.09417953446700084,True,1.0,0.001595788299276297,2.053213718484085,0.839407507311803,0.251279336699662,0.10272956962987558
2026-03-25 03:00:00,LONG,1.3043311067222632,1.3019805478767028,1.3071517773369357,1.5,1.8,LOSS,SL,4,1.0,True,1.0,0.0015670392303736172,1.7864767386861913,0.5957374748389194,0.2146294847407395,0.0715726236432607
2026-03-25 04:00:00,LONG,1.3044513803909006,1.3021558451945923,1.3072060226264706,1.5,1.8,WIN,SL,3,0.2465722557152133,True,1.0,0.0015303567975388788,1.90789024298396,0.18064154623477233,0.22382994461883687,0.02119251222038462
2026-03-25 07:00:00,SHORT,1.3017157837133309,1.3039386451764248,1.299048349957618,1.5,1.8,WIN,TP,3,-0.16739234605083136,True,-0.7340359122795128,0.0014819076420626537,0.0,1.807132060889761,0.0,0.205728688608936
2026-03-25 08:00:00,SHORT,1.3014770125573976,1.3037232273780517,1.2987815547726127,1.5,1.8,WIN,TP,4,-0.2803957183279429,True,-1.0,0.0014974765471027337,0.0,3.2735456367227576,0.0,0.37665343064571605
2026-03-25 09:00:00,SHORT,1.3001753830553862,1.3024290854448282,1.297470940188056,1.5,1.8,WIN,TP,3,-0.9834696867012532,True,-1.0,0.0015024682596279332,0.3290977788050535,2.3963423465218567,0.03803017449897248,0.2769186651104313
2026-03-25 10:00:00,SHORT,1.299637573279789,1.3018391869992416,1.2969956368164455,1.5,1.8,WIN,TP,2,-0.7029037977422531,True,-1.0,0.0014677424796351987,0.0,2.086618450952894,0.0,0.2356517387786257
2026-03-25 11:00:00,SHORT,1.2992093951200754,1.301292977904596,1.2967090957786505,1.5,1.8,WIN,TP,1,-0.9104143877653142,True,-1.0,0.001389055189680466,0.0,1.8965699844846737,0.0,0.20277257764882134
2026-03-25 12:00:00,SHORT,1.2970621774405493,1.2992774986741706,1.2944037919602036,1.5,1.8,WIN,TP,7,-0.44320968174572084,True,-1.0,0.0014768808224142774,0.7463373649388972,2.440320109060201,0.0849806092954233,0.27786346963988323
2026-03-25 13:00:00,SHORT,1.2971382535851497,1.2993129595230757,1.2945286064596386,1.5,1.8,WIN,TP,6,-0.8970032996372679,True,-1.0,0.0014498039586172684,0.6560174275483022,2.5383694756449557,0.07332269021846495,0.2837120949946387
2026-03-25 14:00:00,SHORT,1.2970769987668516,1.2990966271970783,1.2946534446505795,1.5,1.8,WIN,TP,4,-1.0,True,-1.0,0.0013464189534844184,0.7518844554732923,1.8109679934370355,0.07804868042853338,0.1879858815502407
2026-03-25 15:00:00,SHORT,1.295832129329699,1.2978903912472275,1.293362215028665,1.5,1.8,WIN,SL,2,-0.5712432009630724,True,-1.0,0.0013721746116856107,1.6449953960737171,0.0,0.17419084368587723,0.0
2026-03-25 16:00:00,SHORT,1.2962162637748604,1.298310663892811,1.2937029836333198,1.5,1.8,WIN,TP,3,-1.0,True,-1.0,0.0013962667453003722,1.3414961575037254,1.9753734830522753,0.14450416385116568,0.21278457777575938
2026-03-25 18:00:00,SHORT,1.2950535298784733,1.2973115396965855,1.2923439180967387,1.5,1.8,WIN,TP,3,-0.7579792317546729,True,-0.7613807494827008,0.001505339878741447,0.0,2.1321273444570625,0.0,0.24783348673374928
2026-03-25 19:00:00,SHORT,1.2945027413600314,1.2966970820403965,1.2918695325435932,1.5,1.8,LOSS,TP,2,-0.7521739244240684,True,-1.0,0.0014628937869100975,0.0,1.817485195107873,0.0,0.20539066583443585
2026-03-25 20:00:00,SHORT,1.2930662100115518,1.2953848959808403,1.2902837868484054,1.5,1.8,WIN,TP,5,-1.0,True,-1.0,0.0015457906461923926,0.015060272780465163,3.090634988485535,0.0018003740731065091,0.3694686798716357
2026-03-25 21:00:00,SHORT,1.2923625027175134,1.2946596565462096,1.289605918123078,1.5,1.8,LOSS,TP,4,-0.004969335857436252,True,-1.0,0.001531435885797548,0.47470960395635,2.660096579776809,0.05625258557895517,0.3152186289366503
2026-03-25 22:00:00,SHORT,1.2927690450621896,1.2950084880905623,1.2900817134281424,1.5,1.8,LOSS,TP,3,-0.9388744660934236,True,-1.0,0.0014929620189151655,0.21463705981492784,3.00095357408305,0.0247874884829018,0.3465669079675545
2026-03-25 23:00:00,SHORT,1.292206919143318,1.2943945739897382,1.2895817333276138,1.5,1.8,WIN,TP,2,-0.6092003703643685,True,-1.0,0.0014584365642801617,0.32675852641833397,2.686564423661512,0.036879278044319834,0.3032164376862963
2026-03-26 00:00:00,SHORT,1.2920929985813112,1.2942070753750243,1.2895561064288554,1.5,1.8,WIN,TP,1,-1.0,True,-0.9760797283114,0.0014093845291421245,0.0,2.699237253633643,0.0,0.29442642518242323
2026-03-26 01:00:00,SHORT,1.2894114610206087,1.291877022263866,1.2864527875286997,1.5,1.8,WIN,TP,7,-0.7507003425142317,True,-1.0,0.0016437074955049408,0.7154946136412798,2.9609994457451507,0.09120935364609624,0.3774603476306071
2026-03-26 03:00:00,SHORT,1.288692906020135,1.2910411711670533,1.2858749878438334,1.5,1.8,WIN,TP,5,-0.4107569794203957,True,-1.0,0.0015655100979454137,0.9737761691379269,2.6499107148067425,0.11829477905888364,0.32191237829463826
2026-03-26 04:00:00,SHORT,1.2883119283028508,1.2907291767402218,1.2854112301780056,1.5,1.8,WIN,TP,4,-0.7170892988931739,True,-1.0,0.0016114989582473355,1.182398619283419,2.3378757064149296,0.14790161461273038,0.2924357201568787
2026-03-26 05:00:00,SHORT,1.2887533808151108,1.2911192227990242,1.2859143704344147,1.5,1.8,WIN,TP,3,-0.510252043896639,True,-1.0,0.0015772279892756044,0.9281991195329218,2.668565867634983,0.1135967247684237,0.32658977584969473
2026-03-26 07:00:00,SHORT,1.288615583198737,1.2910169251535233,1.285733972852993,1.5,1.8,WIN,TP,1,-0.40902942282839955,True,-0.762606497760247,0.0016008946365243051,0.0,2.543040040489094,0.0,0.3159312377070385
2026-03-26 08:00:00,SHORT,1.2852519604460642,1.2878385843861322,1.2821480117179826,1.5,1.8,WIN,SL,3,-0.2768393842901117,True,-1.0,0.0017244159600453399,1.8959102786230273,0.2075122066405078,0.2543733091943222,0.0278418062798306
2026-03-26 09:00:00,SHORT,1.2851034271256698,1.287558017027462,1.282157919243519,1.5,1.8,LOSS,SL,2,-0.5993293969721117,True,-1.0,0.0016363932678615165,2.0886612838076823,0.0,0.2659607928453257,0.0
2026-03-26 10:00:00,SHORT,1.2862637084701927,1.2886988708930474,1.283341513562767,1.5,1.8,WIN,SL,9,-0.34359199980481747,True,-0.8191788839646976,0.0016234416152365158,2.960780543730407,0.6021907926823137,0.37369120473680295,0.0760047560010427
2026-03-26 11:00:00,SHORT,1.2884529166989065,1.2909990077076074,1.2853976074884652,1.5,1.8,WIN,TP,4,-0.36476988341189653,True,-0.8714370654127461,0.0016973940058006803,0.0,1.865701075321476,0.0,0.2457854517478345
2026-03-26 13:00:00,LONG,1.2873172895071274,1.2846703279149978,1.290493643417683,1.5,1.8,WIN,TP,6,0.20787547940491596,True,0.8573065526118653,0.0017646410614197455,1.1510571041871165,2.126819665139289,0.15778570261144978,0.29154221278086884
2026-03-26 14:00:00,LONG,1.287797972783389,1.2850930775775795,1.2910438470303605,1.5,1.8,WIN,TP,5,0.3424449930186618,True,1.0,0.0018032634705396542,1.3929666670380552,1.8147043338591358,0.19505279239724382,0.254107406925434
2026-03-26 18:00:00,LONG,1.288408005821983,1.2859565466171698,1.2913497568677585,1.5,1.8,WIN,SL,7,0.12470607532058547,True,0.40600575127397603,0.0016343061365420297,1.5530816096761473,1.6454514827709286,0.19700365053420826,0.20872048633065296
2026-03-26 19:00:00,LONG,1.290437472988656,1.2878298764340155,1.2935665888542247,1.5,1.8,LOSS,SL,4,0.27412343926929955,True,1.0,0.0017383977030937287,1.7795608198905943,0.3794898531144453,0.23973144817692355,0.051122530367445976
2026-03-26 20:00:00,LONG,1.2907927078750505,1.2882729367815375,1.293816433187266,1.5,1.8,WIN,SL,3,0.7399857289148423,True,1.0,0.0016798473956752507,2.053055138869632,0.1812482511155129,0.26718614903592164,0.02358778452570566
2026-03-26 21:00:00,LONG,1.289435346655863,1.28697640674932,1.2923860745437146,1.5,1.8,WIN,SL,4,0.35863908806602973,True,1.0,0.0016392932710286776,2.1750541542130475,1.0137482116008267,0.27652038920537125,0.12888049223286235
2026-03-26 22:00:00,LONG,1.2904800853328675,1.2882267182910236,1.2931841257830803,1.5,1.8,WIN,SL,1,1.0,True,1.0,0.0015022446945626472,2.0876737307685325,0.0,0.24302558572346222,0.0
2026-03-27 00:00:00,SHORT,1.2871250681537802,1.289552270211898,1.2842124256840388,1.5,1.8,WIN,TP,4,-0.1454010637330334,True,-1.0,0.0016181347054118808,0.0,1.8389281843105063,0.0,0.23118448932558355
2026-03-27 01:00:00,SHORT,1.2863832011959706,1.2887030121702918,1.283599428026785,1.5,1.8,LOSS,TP,11,-0.8043832480410098,True,-1.0,0.0015465406495474962,0.0,2.1771505622007923,0.0,0.261745632366647
2026-03-27 02:00:00,SHORT,1.2856570389045516,1.2878711678973729,1.2830000841131661,1.5,1.8,WIN,TP,11,-0.4964833552742403,True,-1.0,0.0014760859952141572,0.34328820732043036,2.0814249995504754,0.039413537188705966,0.23897215190008267
2026-03-27 03:00:00,SHORT,1.2859063148838876,1.2881507067514457,1.283213044642818,1.5,1.8,WIN,TP,9,-0.3151480704889329,True,-1.0,0.0014962612450386548,0.17206015103680375,1.9315915199494889,0.020020660356980472,0.224757083707665
2026-03-27 04:00:00,SHORT,1.2851384726908839,1.2874118824752148,1.2824103809496867,1.5,1.8,WIN,TP,10,-0.8099900725465401,True,-1.0,0.0015156065228873075,0.6764876723164147,2.7946368839428875,0.07978044005396638,0.3295808179749426
2026-03-27 05:00:00,SHORT,1.2856659089926472,1.2878327207291609,1.2830657349088308,1.5,1.8,WIN,TP,7,-0.2912070905338511,True,-0.5946198081540485,0.0014445411576757986,0.1972417600905336,1.834326164557789,0.022161577006147484,0.2061001713408946
2026-03-27 08:00:00,SHORT,1.2849955936382826,1.287097715485878,1.2824730474211683,1.5,1.8,WIN,TP,6,-0.4573305322965434,True,-0.40360956184951163,0.001401414565063581,0.6816249942317556,2.9203998158948608,0.0743379354417191,0.318498433618452
2026-03-27 11:00:00,SHORT,1.284582205134735,1.2866290020604962,1.2821260488238218,1.5,1.8,WIN,TP,3,-0.19378801981469487,True,-0.4811104166583422,0.0013645312838407625,0.27510024533009714,2.6963854752383036,0.029222177408709603,0.2864201543155114
2026-03-27 12:00:00,SHORT,1.2837118301043406,1.2857360176997708,1.2812828049898244,1.5,1.8,WIN,TP,2,-0.5908059111128406,True,-0.7566460192235972,0.0013494583969534243,0.0,2.0815219722249885,0.0,0.2188129171976044
2026-03-27 13:00:00,SHORT,1.2826782652829596,1.2844871982397135,1.2805075457348547,1.5,1.8,WIN,TP,2,-0.6538522053700223,True,-0.7456038674255133,0.0012059553045026578,0.0,3.167148521572561,0.0,0.29777066183433065
2026-03-27 14:00:00,SHORT,1.2812637329233092,1.2832004433524717,1.2789396804083142,1.5,1.8,WIN,TP,1,-0.27750287518902217,True,-1.0,0.0012911402861083277,0.07323675463757777,1.862622695583691,0.0073801296256675855,0.18769806233419226
2026-03-27 15:00:00,SHORT,1.2803650033459917,1.2824350201666594,1.2778809831611904,1.5,1.8,WIN,TP,11,-0.5616607734987613,True,-1.0,0.0013800112137785092,1.2171093093213754,2.392013137400129,0.13118325562385205,0.2578174930188767
2026-03-27 16:00:00,SHORT,1.279198742193602,1.2813280525643436,1.276643569748712,1.5,1.8,WIN,SL,4,-0.3782340603740907,True,-1.0,0.0014195402471610663,2.0047939136202055,0.0,0.22247408113982603,0.0
2026-03-27 17:00:00,SHORT,1.2808213368788612,1.2830572603357304,1.2781382287306182,1.5,1.8,WIN,TP,9,-1.0,True,-1.0,0.001490615637912751,0.8206615651108304,2.5206621951507895,0.09550832166562001,0.29335383302898665
2026-03-27 18:00:00,SHORT,1.2804129390934496,1.2825495865849477,1.2778489621036517,1.5,1.8,WIN,TP,8,-0.3490640654113819,True,-1.0,0.001424431660998815,1.145501600726635,2.3510715131305626,0.1274345719245153,0.26155161341517386
2026-03-27 19:00:00,SHORT,1.280519010450781,1.2825779853663104,1.2780482405521458,1.5,1.8,WIN,TP,7,-0.39917719045301403,True,-0.3659968338162281,0.001372649943686228,1.1114395170346811,2.517037991950611,0.11914054988775531,0.2698134139133815
2026-03-27 21:00:00,LONG,1.2803887926782698,1.278209815953709,1.2830035647477427,1.5,1.8,WIN,SL,5,0.8091302793257139,True,0.4874168257791225,0.0014526511497071784,2.288776824405492,0.9024367547802413,0.2596706800628191,0.10238497844294518
2026-03-28 01:00:00,SHORT,1.2800863673895992,1.2822339689889357,1.2775092454703956,1.5,1.8,WIN,TP,1,-0.150130102395583,True,-0.4488017736242876,0.001431734399557619,0.0,2.11098440999889,0.0,0.23610664668576897
2026-03-28 02:00:00,SHORT,1.27746397696229,1.2797273925247392,1.2747478782873507,1.5,1.8,WIN,SL,3,-0.7395842030430818,True,-1.0,0.0015089437082995388,1.868360260305989,1.0692089160184965,0.22069119055157776,0.12629522990701963
2026-03-28 03:00:00,SHORT,1.2769362283759849,1.279251739214324,1.274157615369978,1.5,1.8,WIN,SL,2,-0.5524902831447132,True,-1.0,0.0015436738922259513,2.168203441663709,0.0,0.262111683540176,0.0
2026-03-28 04:00:00,SHORT,1.278464637130262,1.2808352571246275,1.275619893137023,1.5,1.8,WIN,SL,3,-0.7032903404023428,True,-0.9995609528894543,0.0015804133295771144,1.7574645329450502,0.05595668612174001,0.21725437634004544,0.006917257627420013
2026-03-28 05:00:00,SHORT,1.2795341865208127,1.2818413306787344,1.2767656135313068,1.5,1.8,WIN,SL,8,-0.5097304778410943,True,-0.7192492199873628,0.0015380961052810585,1.6917730202456474,0.001931997161523549,0.20336381168015613,0.00023224055604434573
2026-03-28 07:00:00,LONG,1.281220612992087,1.279003886800518,1.2838806844219697,1.5,1.8,WIN,SL,11,0.20899382725990417,True,1.0,0.0014778174610459477,2.1665183374271586,0.6196184889689729,0.2498959661013404,0.07146958243567608
2026-03-28 08:00:00,LONG,1.2809727296514937,1.2786615656060922,1.2837461265059753,1.5,1.8,WIN,SL,10,0.7683756598006026,True,1.0,0.0015407760302676352,1.917108801088878,0.7551820251100125,0.2305931437694617,0.09083459279379374
2026-03-28 09:00:00,LONG,1.2804424572828488,1.278044173659804,1.2833203976305025,1.5,1.8,LOSS,SL,9,0.5996226316409744,True,1.0,0.0015988557486964958,1.5158108675306337,1.0594068494323585,0.18927542629528823,0.13228542382277486
2026-03-28 10:00:00,LONG,1.2797709463142442,1.277438488587391,1.2825698955864677,1.5,1.8,WIN,SL,9,0.05884036571143969,True,0.4194885629417845,0.0015549718179020161,2.46031323267537,1.5211527776878624,0.298937692798834,0.184826019596728
2026-03-28 12:00:00,SHORT,1.2800367601455238,1.2823258733851983,1.2772898242579145,1.5,1.8,WIN,TP,7,-0.3145303149495258,True,-0.3858224426142919,0.0015260754931163412,1.3757745787929232,2.681080713081961,0.16402152923402344,0.3196417242608025
2026-03-28 18:00:00,SHORT,1.2784884795108,1.2805276806740176,1.276041438114939,1.5,1.8,WIN,TP,1,-0.21710602869014767,True,-0.9764935249506607,0.0013594674421450697,0.0,1.8707700219466432,0.0,0.19892638669302887
2026-03-28 19:00:00,SHORT,1.2761923542413482,1.2782997224708834,1.273663512365906,1.5,1.8,WIN,TP,2,-0.7121634337093627,True,-1.0,0.0014049121530235029,0.0,2.787226100618628,0.0,0.30683523600258755
2026-03-28 20:00:00,SHORT,1.2752250942775745,1.2773225498814265,1.272708147552952,1.5,1.8,WIN,TP,1,-0.8385368870153037,True,-1.0,0.0013983037359013612,0.0,2.1086605023685885,0.0,0.2312178353014622
2026-03-28 21:00:00,SHORT,1.2745261374442955,1.276817442689411,1.271776571150157,1.5,1.8,WIN,TP,13,-0.838669438656793,True,-1.0,0.0015275368300769873,0.6023155995715049,2.86632185666429,0.07218834001476794,0.34353255490617324
2026-03-28 22:00:00,SHORT,1.2735975435349252,1.2758687601080172,1.2708720836472147,1.5,1.8,WIN,TP,12,-0.45777928207190993,True,-1.0,0.0015141443820613696,1.220922649746911,2.2783945404482173,0.14515206789067367,0.2708719336850984
2026-03-28 23:00:00,SHORT,1.2731890984253798,1.2755297333562634,1.2703803365083195,1.5,1.8,WIN,TP,11,-0.7792380871079808,True,-1.0,0.0015604232872556967,1.446465391170055,1.9490693383219075,0.17727910829449034,0.23887835575681438
2026-03-29 00:00:00,SHORT,1.272770813564004,1.2751514134357371,1.2699140937179239,1.5,1.8,WIN,SL,1,-0.6820537313880455,True,-1.0,0.0015870665811555304,1.6358480762712289,0.0,0.20398014992406766,0.0
2026-03-29 01:00:00,SHORT,1.2730796397462996,1.2756610099283967,1.269981995527783,1.5,1.8,WIN,TP,13,-0.49952781055363016,True,-0.7348148226649032,0.001720913454731497,1.3751748835275395,1.992068314049218,0.18589229501329324,0.2692822237793983
2026-03-29 10:00:00,SHORT,1.2714526993376498,1.2743745905948018,1.2679464298290672,1.5,1.8,WIN,TP,15,-0.38135786323787313,True,-0.7768636261763165,0.0019479275047680847,0.4820340355019117,2.048185038786936,0.07384996362646244,0.31379193059922406
2026-03-29 11:00:00,SHORT,1.2719457620015842,1.274641306098862,1.2687111090848509,1.5,1.8,WIN,TP,14,-0.035931520322657395,True,-0.8700177081390514,0.0017970293981851887,0.2481343335309404,2.4945494160357287,0.03505689514248591,0.35243473186998336
2026-03-29 14:00:00,SHORT,1.2699170638395263,1.2724556893317682,1.266870713248836,1.5,1.8,WIN,TP,14,-0.8564708259530003,True,-1.0,0.0016924169948279641,1.462170884406415,1.840038740790883,0.194863343802171,0.24522174909918795
2026-03-29 16:00:00,SHORT,1.2696970215492411,1.2721893994173596,1.266706168107499,1.5,1.8,WIN,TP,13,-0.617985038314029,True,-0.9693120785926311,0.001661585245412394,1.1412214990164988,2.161589123422773,0.14934561334951432,0.2828757202045542
2026-03-29 17:00:00,SHORT,1.2706979418750688,1.273265864015716,1.2676164353062922,1.5,1.8,WIN,TP,8,-0.17952503580018156,True,-0.4362791923562675,0.0017119480937647844,0.5229810891734804,1.8896358605198502,0.07045863923919028,0.25458123466800947
2026-03-29 20:00:00,SHORT,1.269978080951163,1.272630775369568,1.266794847649077,1.5,1.8,LOSS,TP,9,-0.5662678082577043,True,-0.41056333871190864,0.0017684629456033837,0.9133227284218521,2.1898813349033177,0.12718151807641626,0.3049441603861758
2026-03-29 22:00:00,SHORT,1.269816204801899,1.2723729848870369,1.2667480686997337,1.5,1.8,WIN,TP,7,-0.29996062129877593,True,-0.5747211178182432,0.0017045200567584898,0.377310188950474,2.1770631750957974,0.050647706514798496,0.2922350362791304
2026-03-30 00:00:00,SHORT,1.2690672826325258,1.2713621687408252,1.2663134193025665,1.5,1.8,WIN,TP,5,-0.2529227539669998,True,-0.5140465824585483,0.0015299240721995875,0.0,1.9359952112848566,0.0,0.23339390416429884
2026-03-30 01:00:00,SHORT,1.2681739032866333,1.2705511099200113,1.2653212553265796,1.5,1.8,WIN,TP,5,-0.7547774604712632,True,-0.7964935663069791,0.001584804422252046,0.5015614603318844,3.073546674901477,0.06267885014075283,0.3840932501258854
2026-03-30 02:00:00,SHORT,1.268505078606286,1.2708533216588593,1.2656871869431978,1.5,1.8,WIN,TP,4,-0.864394452473248,True,-0.7383562248120729,0.0015654953683823367,0.0,3.323002921056283,0.0,0.41010050095741163
2026-03-30 03:00:00,SHORT,1.2681362176966553,1.2704552282455375,1.2653534050379966,1.5,1.8,WIN,TP,3,-0.6462727016332479,True,-0.7243542355847272,0.0015460070325881783,0.19200538365948658,3.1263019317011387,0.02340771198629733,0.38113293390380193
2026-03-30 04:00:00,SHORT,1.2675704163042956,1.2699253759029363,1.2647444647859267,1.5,1.8,WIN,TP,2,-0.2522994260521225,True,-0.7512114850396463,0.001569973065760439,0.0,2.718188912353867,0.0,0.33666637570214275
2026-03-30 05:00:00,SHORT,1.2664906795070174,1.2687374737301294,1.2637945264392831,1.5,1.8,WIN,TP,1,-0.3787652867040442,True,-1.0,0.0014978628154079798,0.0,2.128196621195809,0.0,0.2516991742889839
2026-03-30 06:00:00,SHORT,1.2633522666917518,1.265763101721418,1.2604592646561525,1.5,1.8,WIN,SL,2,-0.471003824993768,True,-1.0,0.0016072233531107141,1.569114272092014,0.5280113159456649,0.1996210533115648,0.06717303954476948
2026-03-30 07:00:00,SHORT,1.2629751897346275,1.265312686231422,1.2601701939384742,1.5,1.8,WIN,SL,1,-0.20251590183773682,True,-1.0,0.0015583309978629556,1.860319831220383,0.0,0.22953689688385978,0.0
2026-03-30 08:00:00,SHORT,1.2657846168282538,1.2682651902018756,1.2628079287799077,1.5,1.8,WIN,TP,27,-0.2343250297359697,True,-1.0,0.0016537155824145452,1.4551185836782847,2.494304624699613,0.19010756206845775,0.32587458958778703
2026-03-30 09:00:00,SHORT,1.2661027841756254,1.2685058615023594,1.2632190913835446,1.5,1.8,WIN,TP,19,-0.22690653019901025,True,-0.576441865640187,0.0016020515511559713,1.3034442788132892,1.8154938122123236,0.1649301269073386,0.2297218452025275
2026-03-30 11:00:00,LONG,1.2654191030332045,1.2633079229945057,1.267952519079643,1.5,1.8,WIN,TP,6,0.43844463948061324,True,0.7991612558291686,0.001407453359132568,0.806800198371364,1.969419486019376,0.08973577580935271,0.21904727568083604
2026-03-30 12:00:00,LONG,1.26564385729761,1.263538897857423,1.2681698086258348,1.5,1.8,WIN,TP,5,0.40023748899324907,True,0.8890620859487474,0.0014033062934581478,0.96934498198541,1.8150790163255754,0.10747793748682774,0.20125028000942316
2026-03-30 14:00:00,SHORT,1.2643608382005496,1.2664788582270459,1.2618192141687539,1.5,1.8,WIN,SL,3,-0.01653860386063516,True,-0.714368114613162,0.0014120133509975621,2.7125316492851206,0.0,0.30293020695303297,0.0
2026-03-30 17:00:00,LONG,1.2663332269628114,1.26413162858245,1.268975145019245,1.5,1.8,WIN,SL,11,0.660577576634976,True,0.4644651817064896,0.0014677322535742007,2.13864446837007,1.0394878112780057,0.2478776832448213,0.12048090939453696
2026-03-30 18:00:00,LONG,1.267370184718507,1.2652082471788315,1.2699645097661176,1.5,1.8,WIN,SL,9,0.03282949084090164,True,0.4196469026094657,0.001441291693117051,2.1225570953727138,0.33909307494677393,0.24138361045686324,0.0385626897340065
2026-03-30 19:00:00,LONG,1.2667274636397325,1.2645404903566213,1.2693518315794659,1.5,1.8,WIN,SL,8,0.42949335323927046,True,0.9236481080737142,0.0014579821887407615,1.6574295966125268,0.7760404205390345,0.19076738290724563,0.08932095840392998
2026-03-30 20:00:00,LONG,1.2668351786625243,1.2648855830318817,1.2691746934192953,1.5,1.8,WIN,SL,7,0.6769335666181483,True,0.7397217758953445,0.0012997304204283497,1.9421087743046506,0.7876541719779784,0.19925384898211795,0.08081067729567668
2026-03-30 21:00:00,LONG,1.2677030958386983,1.265773195650231,1.270018976064859,1.5,1.8,WIN,SL,6,0.4104448104314673,True,0.6888060058291813,0.0012866001256448703,2.6365107248986424,0.08993611864345592,0.2675811900320747,0.009127675236142632
2026-03-31 03:00:00,SHORT,1.2649179296289752,1.2668549429143994,1.2625935136864663,1.5,1.8,WIN,TP,8,-1.0,True,-1.0,0.0012913421902827388,0.8238115300106762,2.52309825419892,0.08410210343497941,0.2575806026270397
2026-03-31 04:00:00,SHORT,1.264274267172846,1.2662574340369535,1.261894466935917,1.5,1.8,WIN,TP,7,-0.6827343098810588,True,-0.7053533889616276,0.0013221112427383996,1.2914836410715314,1.9775346319053102,0.13505653686139257,0.20680012538680484
2026-03-31 05:00:00,SHORT,1.264181505945023,1.2662432446469793,1.2617074195026752,1.5,1.8,WIN,TP,6,-0.27362432693030464,True,-0.7260283369542008,0.0013744924679709447,1.3097534627846577,1.8346841475575704,0.1424040979108157,0.19947764858642383
2026-03-31 06:00:00,SHORT,1.2646465250295909,1.266776527639435,1.2620905218977778,1.5,1.8,LOSS,TP,5,-0.6201336278429322,True,-1.0,0.0014200017398961087,0.9402996823272909,2.1033626527175655,0.10558105830380303,0.23617497596188397
2026-03-31 07:00:00,SHORT,1.265110300958226,1.2672726232521403,1.262515514205529,1.5,1.8,WIN,TP,4,-0.3619650831335077,True,-0.6790809943254776,0.001441548195942761,0.6045245374008222,2.393644947035591,0.06888342112408921,0.2727473290283958
2026-03-31 11:00:00,SHORT,1.263064398118719,1.2655430199186781,1.2600900519587683,1.5,1.8,WIN,TP,2,-0.28602041765478,True,-0.7113140645946123,0.0016524145333060014,0.0,1.857369498778794,0.0,0.24299191379891028
2026-03-31 12:00:00,SHORT,1.2624626828606844,1.2649041688612197,1.259532899660042,1.5,1.8,WIN,TP,2,-0.6278852876948107,True,-0.8559708042965534,0.0016276573336902387,0.0,2.296955610406082,0.0,0.29613997270531345
2026-03-31 13:00:00,SHORT,1.260411325902057,1.263029077440239,1.2572700240562387,1.5,1.8,LOSS,SL,4,-0.09768984231164951,True,-1.0,0.0017451676921213602,1.513795826872943,0.9668410052675408,0.20960043084634175,0.1338689720677871
2026-03-31 14:00:00,SHORT,1.2597410202581263,1.2625184443385984,1.2564081113615597,1.5,1.8,WIN,SL,1,-0.5575841466298355,True,-1.0,0.0018516160536481102,1.758146708647983,0.0,0.25841920029992704,0.0
2026-03-31 15:00:00,SHORT,1.261849577079891,1.264808571610431,1.258298783643243,1.5,1.8,WIN,TP,5,-0.17420739899732868,True,-0.7796655438587556,0.0019726630203599376,0.6101277203813941,1.8699005333756002,0.0953819229767577,0.2923235622488012
2026-03-31 16:00:00,SHORT,1.2621522445993092,1.2650848456008832,1.2586331233974204,1.5,1.8,WIN,TP,4,-0.07877323483560023,True,-0.42325747125546476,0.0019550673343826652,0.4608070813884,2.041541528092634,0.07137877986824666,0.3162337325341206
2026-03-31 20:00:00,SHORT,1.2591732826779516,1.262081245640912,1.255683727122399,1.5,1.8,WIN,SL,8,-0.7936727230091428,True,-1.0,0.0019386419753069412,1.7571615915861465,0.7109879418323265,0.2705352206648836,0.10946476445575659
2026-03-31 21:00:00,SHORT,1.2588821954632454,1.261679092194241,1.2555259193860508,1.5,1.8,WIN,SL,7,-0.6211274166436234,True,-1.0,0.0018645978206636477,1.9830519979027823,0.3399965305546544,0.2937204487344087,0.05035870649295549
2026-03-31 22:00:00,SHORT,1.2596070999213014,1.262378354849164,1.2562815940078662,1.5,1.8,WIN,SL,6,-0.4733582568753871,True,-0.8562110488108298,0.0018475032852417789,1.6090309550422466,0.7355122228015586,0.23600136706771482,0.1078797704495523
2026-04-01 04:00:00,LONG,1.2623042409785947,1.2599020885911985,1.2651868238434703,1.5,1.8,WIN,SL,2,0.5148177988078055,True,0.6692441744835401,0.0016014349249308113,2.192563633151424,0.0,0.2781617824986313,0.0
2026-04-01 05:00:00,LONG,1.2608575395992976,1.2585705193294252,1.2636019639231446,1.5,1.8,WIN,SL,2,0.13410415968677836,True,0.7095505869619497,0.0015246801799149643,2.3607531208761463,0.0,0.2854718618105062,0.0
2026-04-01 07:00:00,SHORT,1.2582466313058271,1.2606157790441572,1.255403654019831,1.5,1.8,WIN,TP,21,-0.4787853775013953,True,-0.463350889882839,0.001579431825553376,1.2843036327962636,2.0752916030042696,0.16121402440847854,0.2605039046825736
2026-04-01 08:00:00,SHORT,1.2578650661473134,1.2602388166180507,1.2550165655824286,1.5,1.8,WIN,SL,7,-0.5147659250564645,True,-1.0,0.0015825003138248814,1.5229287278944947,1.0691945122126116,0.19159727499290588,0.13451368486595225
2026-04-01 09:00:00,SHORT,1.258232908193798,1.2605011294352704,1.255511042704031,1.5,1.8,WIN,TP,18,-0.8738161325511267,True,-1.0,0.0015121474943149732,1.350525098258729,1.8688542564525474,0.16230644819749646,0.22459937764553548
2026-04-01 10:00:00,SHORT,1.2598169880330286,1.2621353344986226,1.2570349722743157,1.5,1.8,WIN,TP,4,-0.3047121076128072,True,-0.6638760435230951,0.0015455643103959701,0.0,2.3576647780498177,0.0,0.2892422130710228
2026-04-01 11:00:00,SHORT,1.2589416101201156,1.2612949799831188,1.2561175662845119,1.5,1.8,WIN,TP,15,-0.21680849372182856,True,-0.35609800156945254,0.001568913242002114,0.8499457977179566,1.8659295551995994,0.10592160957302252,0.2325351362019447
2026-04-01 14:00:00,SHORT,1.2567943855156374,1.2592711495778282,1.2538222686410085,1.5,1.8,WIN,SL,1,-1.0,True,-0.3442105209966532,0.0016511760414605098,2.108022242391074,0.0,0.27695189138467813,0.0
2026-04-01 17:00:00,SHORT,1.2573437983236353,1.2602536748810667,1.2538519464547178,1.5,1.8,WIN,TP,21,-0.7230992684888102,True,-0.311803763720818,0.0019399177049542113,1.3943963563425255,2.136937043635291,0.2151371950137258,0.32970155106722693
2026-04-01 19:00:00,LONG,1.2594749094563145,1.2566760957722178,1.2628334858772303,1.5,1.8,WIN,SL,7,0.3611471305976317,True,0.8205369815591722,0.001865875789397691,1.8547756199311358,0.3075783768535843,0.2747796639703237,0.045566850312332347
2026-04-02 00:00:00,SHORT,1.2572127697478013,1.2597936195836823,1.254115749944744,1.5,1.8,LOSS,TP,6,-0.9224818668669665,True,-0.9529288012951442,0.0017205665572540077,1.310176511383788,1.81397721162216,0.17930504237869577,0.24825300864260674
2026-04-02 03:00:00,SHORT,1.2563418500440684,1.2592447333054169,1.2528583901304502,1.5,1.8,WIN,TP,17,-0.01800998097849882,True,-0.7130053946946002,0.0019352555075656333,0.396042510508262,1.8595267288093875,0.06100596343776575,0.2864395023749025
2026-04-02 04:00:00,SHORT,1.255466563287811,1.2583254397185146,1.2520359115709667,1.5,1.8,WIN,TP,28,-0.635490003818605,True,-1.0,0.0019059176204690362,0.8613857116996371,1.9393494110137683,0.13076654161535314,0.2944116811058423
2026-04-02 06:00:00,SHORT,1.2547360267022791,1.2572519002279872,1.2517169784714295,1.5,1.8,WIN,TP,42,-0.6465593186290964,True,-1.0,0.0016772490171387266,1.4143795985210537,2.3126960581839957,0.18906500977064797,0.30914607598575844
2026-04-02 07:00:00,SHORT,1.255246161443799,1.2576600115043366,1.252349541371154,1.5,1.8,LOSS,TP,25,-0.25224311917142217,True,-0.8107602768175948,0.0016092333736916922,1.1571547548064411,2.1599343063036427,0.1483479581262934,0.27690491932574285
2026-04-02 10:00:00,SHORT,1.2555685755828832,1.2579044259314704,1.2527655551645784,1.5,1.8,WIN,TP,10,-0.06870803563395089,True,-0.41065657538459976,0.0015572335657248867,0.9080245379983377,1.8143616631416617,0.11261880207669328,0.22502832080652974
2026-04-02 13:00:00,SHORT,1.2547733224819797,1.2572175106568362,1.251840296672152,1.5,1.8,WIN,TP,19,-0.06345348834020537,True,-0.8672553032349674,0.0016294587832375981,1.3558240396769528,1.842942846887695,0.1760684061728624,0.23932604838346694
2026-04-02 14:00:00,SHORT,1.2536837240212308,1.256090680598982,1.2507953761279293,1.5,1.8,WIN,SL,2,-0.37644850959834275,True,-0.5654466166899781,0.0016046377185008343,1.5678192477868478,0.1984676263293082,0.2006711782714168,0.025402630105768525
2026-04-02 15:00:00,SHORT,1.2542961491096725,1.256562886243112,1.251576064549545,1.5,1.8,WIN,SL,3,-0.407323476849312,True,-0.44084070927245805,0.0015111580889596457,1.7777311201986818,0.0,0.21417850674184247,0.0
2026-04-02 17:00:00,LONG,1.2561412864276071,1.2541491974717383,1.2585317931746496,1.5,1.8,WIN,SL,3,0.186339205456974,True,0.32935939650917767,0.0013280593039125227,2.5586927608742105,0.6334773167661721,0.2705185924265416,0.06697458744799724
2026-04-02 18:00:00,LONG,1.2558268824671643,1.253858222713482,1.258189274171583,1.5,1.8,WIN,SL,2,0.4244903927812436,True,0.6215525667486231,0.0013124398357881992,2.3495871447988113,0.0,0.24555070523985567,0.0
2026-04-02 19:00:00,LONG,1.2549307342783425,1.252950748338517,1.257306717406133,1.5,1.8,WIN,SL,1,0.0853244613548022,True,0.3506521601459278,0.001319990626550289,1.6572417513182898,0.0,0.1743158819778122,0.0
2026-04-02 21:00:00,SHORT,1.2542567267308913,1.2562377455697085,1.2518795041243107,1.5,1.8,WIN,SL,1,-0.027848075361502356,True,-0.8017382146288838,0.0013206792258781011,1.6644804154819866,0.0,0.17526274005621956,0.0
2026-04-03 01:00:00,LONG,1.2546936061804745,1.2526381188876918,1.2571601909318137,1.5,1.8,WIN,SL,7,0.06320965727090505,True,0.551359790470624,0.001370324861855145,2.1332774356902187,0.4289266624632721,0.23298780618321038,0.04684560968436364
2026-04-03 03:00:00,SHORT,1.2541034778791582,1.2561953955039393,1.251593176729421,1.5,1.8,WIN,TP,21,-0.2786125158574254,True,-0.5288167838613763,0.0013946117498540023,1.434215649339617,2.3278294964520816,0.15949034762076053,0.25886367629718143
2026-04-03 04:00:00,SHORT,1.254207028440307,1.2562257249038686,1.2517845926840332,1.5,1.8,WIN,TP,4,-0.32536960062152126,True,-0.3092767342359097,0.0013457976423743975,0.7982972891511145,1.8106030880648105,0.08565943144087358,0.19428254761286395
2026-04-03 05:00:00,SHORT,1.2546420856540408,1.2567184682140902,1.2521504265819814,1.5,1.8,WIN,TP,3,-0.332948623506902,True,-0.36618823275610024,0.0013842550400329859,0.46182919868906164,2.0745906627572817,0.050953925683631864,0.22889098124188137
2026-04-03 06:00:00,SHORT,1.2540352933095922,1.2561083964792032,1.251547569506059,1.5,1.8,WIN,TP,18,-0.2835254868788195,True,-0.5604026580770567,0.0013820687797406908,1.4965670278346226,2.2996205720232528,0.16493623241661987,0.25344053830055435
2026-04-03 08:00:00,SHORT,1.2531223942584355,1.2553510149812792,1.2504480493910233,1.5,1.8,WIN,SL,10,-0.22861152373457172,True,-0.36091533621419036,0.0014857471485624218,2.0065713200262976,0.6540864574138321,0.23790633945859974,0.07755085165411847
2026-04-03 09:00:00,SHORT,1.2530151269084764,1.2552078633638268,1.2503838431620558,1.5,1.8,LOSS,SL,2,-0.13992175098590307,True,-0.7541632000784727,0.0014618243035669578,1.5201896672745756,0.0,0.17735222456062663,0.0
2026-04-03 10:00:00,LONG,1.2550270532197887,1.252842244114676,1.2576488241459238,1.5,1.8,WIN,SL,3,0.29339604679666353,True,0.3063654274856981,0.0014565394034083967,1.6718270997397509,0.14439972571209803,0.19402625945071791,0.01675851447197466
2026-04-03 15:00:00,SHORT,1.2538061228310662,1.2561791088967862,1.2509585395522023,1.5,1.8,LOSS,TP,9,-0.4316025649284848,True,-0.5547218163773339,0.0015819907104799777,1.4523024877867166,1.864147052053182,0.18324436311554912,0.23520887843950308
2026-04-03 18:00:00,LONG,1.254977019639003,1.252435104696362,1.2580273175701724,1.5,1.8,WIN,SL,2,0.188638131718386,True,0.837147863089244,0.0016946099617607718,1.566584196006433,0.0,0.2115376730366852,0.0
2026-04-03 20:00:00,SHORT,1.2529467447789093,1.2555437768218272,1.2498303063274079,1.5,1.8,WIN,TP,9,-0.4895485053738141,True,-0.4207266189119058,0.0017313546952785514,0.9338129058996851,2.1785165956087793,0.12903671811098533,0.3010331406555561
2026-04-03 23:00:00,SHORT,1.2535579493623314,1.2561423935873166,1.2504566162923492,1.5,1.8,WIN,TP,6,-0.21404066425410292,True,-0.8248721642683977,0.0017229628166568003,0.0,2.543867736203549,0.0,0.3496439492247801
2026-04-04 00:00:00,SHORT,1.2510357096576739,1.2536830826192806,1.2478588621037459,1.5,1.8,WIN,TP,22,-0.5390176557579159,True,-1.0,0.0017649153077377974,1.3241205193320136,1.8213676603155637,0.18680206774419453,0.25695187114915596
2026-04-04 02:00:00,SHORT,1.2506791977230063,1.2533048669705336,1.2475283946259736,1.5,1.8,LOSS,SL,11,-0.4098199996312499,True,-1.0,0.0017504461650181507,1.538734845066448,0.8593454118772434,0.21536078263955405,0.12027367876471347
2026-04-04 03:00:00,SHORT,1.2511681999852964,1.25375287282712,1.248066592575108,1.5,1.8,WIN,TP,19,-0.6444132628679217,True,-0.5771110762925479,0.0017231152278823928,1.2793516130348588,1.942441189174196,0.1761929568112564,0.2675139915138009
2026-04-04 04:00:00,SHORT,1.25191623510318,1.254493983635835,1.248822936863994,1.5,1.8,WIN,TP,12,-1.0,True,-0.8984662064614414,0.001718499021769983,0.847504194010257,1.8811870938741004,0.11633646784942832,0.2582295915606939
2026-04-04 05:00:00,SHORT,1.2499185002677975,1.252620811680184,1.2466757265729336,1.5,1.8,WIN,SL,5,-0.40764832958571706,True,-0.47488956814705996,0.0018015409415910494,1.6368495808232812,0.38143070882188745,0.23592350496832326,0.054976627530154844
2026-04-04 06:00:00,SHORT,1.2499195427634449,1.2525475250488367,1.2467659640209745,1.5,1.8,WIN,SL,4,-0.1745225492305162,True,-1.0,0.0017519881902612808,1.6825507476693136,0.33348802233558894,0.23583990317605721,0.04674437487662502
2026-04-04 08:00:00,SHORT,1.2498409461264863,1.2523411476505202,1.2468407042976457,1.5,1.8,WIN,SL,2,-0.10360729518942491,True,-0.48327290938839623,0.0016668010160225202,1.815697043197365,0.0,0.2421432651706528,0.0
2026-04-04 11:00:00,LONG,1.2510757492770581,1.2485356353329295,1.2541238860100123,1.5,1.8,WIN,SL,11,0.12268852888282555,True,0.489214473989441,0.001693409296085651,1.9219212340553722,1.356388535119013,0.26014406289742753,0.1835956740270783
2026-04-04 12:00:00,LONG,1.2527673281603107,1.250163191640117,1.2558922919845432,1.5,1.8,WIN,SL,3,0.5456824144914316,True,0.8760372307149163,0.0017360910134624882,2.1632143517813573,0.34868106944155963,0.2997792895697323,0.04832039099478484
2026-04-04 13:00:00,LONG,1.2531679028377414,1.250537650808271,1.2563242052731056,1.5,1.8,WIN,SL,1,0.2019665269449495,True,0.876220807192519,0.0017535013529801674,1.613893950977217,0.0,0.22582490504239144,0.0
2026-04-04 15:00:00,SHORT,1.2496138090894933,1.2523315742136245,1.2463524909405357,1.5,1.8,LOSS,TP,11,-0.38247587237086655,True,-1.0,0.001811843416087533,0.9343654143712562,2.526989959093552,0.13547576154603924,0.3663940080206859
2026-04-04 16:00:00,SHORT,1.2496412545350055,1.2523521240205486,1.2463882111523539,1.5,1.8,WIN,TP,10,-0.24615732758799036,True,-0.5358926546617685,0.0018072463236953645,0.9215558260651057,2.548604196907253,0.13327652017665947,0.3685822269951464
2026-04-04 17:00:00,SHORT,1.250229113785348,1.2529327407162214,1.2469847614683,1.5,1.8,WIN,TP,9,-0.09775063003277401,True,-0.823647104620377,0.0018024179539155424,0.5978741645646932,2.8815818242793254,0.08619373173377205,0.4154290408445475
2026-04-04 18:00:00,SHORT,1.2503418178693237,1.2530027865574564,1.2471486554435647,1.5,1.8,WIN,TP,8,-0.34433070197119814,True,-0.9188639518404838,0.0017739791254217493,0.5439269440042476,2.9913085355341225,0.07717210051106405,0.42440545648358324
2026-04-04 23:00:00,SHORT,1.2484281185725996,1.2511143004211371,1.2452047003543545,1.5,1.8,WIN,TP,3,-0.4368083197188953,True,-0.589501261268407,0.0017907878990250767,0.9332283121312923,1.8945960070739736,0.1338654539680756,0.2717673170393269
2026-04-05 00:00:00,SHORT,1.2496564346117855,1.2522853132643903,1.24650178022866,1.5,1.8,LOSS,TP,2,-0.943554374723562,True,-0.8475674680083071,0.0017525857684031238,0.0,2.6367529198903674,0.0,0.3697924896958441
2026-04-05 01:00:00,SHORT,1.2492292953005155,1.2517225675646866,1.2462373685835102,1.5,1.8,LOSS,TP,1,-0.07738755150492599,True,-0.4191152451045649,0.0016621815094473818,0.0,2.5231879353053137,0.0,0.33572670339245436
2026-04-05 02:00:00,SHORT,1.2457803452095433,1.2485224828297057,1.2424897800653483,1.5,1.8,WIN,SL,7,-0.7266794745031997,True,-1.0,0.0018280917467749594,1.7866185971701822,0.02031052217636702,0.26217324142901766,0.002980420914977677
2026-04-05 03:00:00,SHORT,1.2464591152718565,1.2491415871763458,1.2432401489864693,1.5,1.8,WIN,TP,16,-0.830125819649167,True,-0.889070847553353,0.001788314602992875,1.4467994867783165,2.454268394560963,0.20757461019842238,0.3521177675129757
2026-04-05 04:00:00,SHORT,1.245985752298745,1.248553086242559,1.2429049515661683,1.5,1.8,WIN,SL,5,-0.42346404643320507,True,-0.8582099005619133,0.001711555962542561,1.7882533144712547,0.0,0.24564451216821961,0.0
2026-04-05 05:00:00,SHORT,1.2468322598199606,1.249308257163643,1.2438610630075417,1.5,1.8,WIN,TP,13,-0.2081397074575091,True,-1.0,0.0016506648957881978,1.3413916460899042,1.9907220829875238,0.17758508285820854,0.26354908880304057
2026-04-05 06:00:00,SHORT,1.2483125910540425,1.2507968490331214,1.2453314814791476,1.5,1.8,WIN,TP,6,-0.3579481078154746,True,-0.37156789183433797,0.0016561719860526442,0.443104263206006,2.0959849039691094,0.05878790880436727,0.2780803066491379
2026-04-05 08:00:00,LONG,1.246914386964566,1.2443246735918787,1.250022043011791,1.5,1.8,WIN,SL,9,0.4364250281044407,True,0.46370185838342187,0.0017264755817915883,1.5173740372095545,1.2349210029870534,0.21009535627094034,0.1709869562327307
2026-04-05 09:00:00,LONG,1.24848836336128,1.2457735986408054,1.2517460810258496,1.5,1.8,LOSS,SL,3,0.626048915570072,True,0.7770199349401667,0.00180984314698307,2.0151380490955484,0.0,0.292119966465802,0.0
2026-04-05 11:00:00,SHORT,1.2469546549799222,1.2497203775511097,1.2436357878944972,1.5,1.8,WIN,TP,7,-0.5875532360348186,True,-0.5024572373096061,0.0018438150474582463,0.0,1.8485640543600383,0.0,0.2733387462011874
2026-04-05 13:00:00,SHORT,1.2457322698283855,1.2483409389487419,1.2426018668839578,1.5,1.8,WIN,TP,6,-0.05306427869531899,True,-0.5807133606641198,0.0017391127469042558,0.32068156773474066,2.1057625922788143,0.04476896165028767,0.2939763747703783
2026-04-05 14:00:00,SHORT,1.245596672635123,1.2481671434957018,1.2425121076024286,1.5,1.8,WIN,TP,5,-0.26433310724532166,True,-0.9291021072931304,0.0017136472403858707,0.13527686676958386,2.0579272616981243,0.018610906284561936,0.28312225380814665
2026-04-05 15:00:00,SHORT,1.2456578514784005,1.2481246863806343,1.2426976495957198,1.5,1.8,WIN,TP,4,-0.48396797693681903,True,-0.39364559345343725,0.0016445566014892904,0.0,2.1815851232801693,0.0,0.2880197168061154
2026-04-05 17:00:00,SHORT,1.2443974689831074,1.2464563179840884,1.2419268501819303,1.5,1.8,WIN,TP,4,-0.6130732252225376,True,-0.580328070492776,0.0013725660006539409,0.0,2.4312203259133414,0.0,0.26816274081418473
2026-04-05 18:00:00,SHORT,1.243620700517695,1.2455826795146585,1.2412663257213388,1.5,1.8,WIN,TP,3,-0.1972282651481107,True,-0.9941349811166571,0.001307985997975658,0.0,1.9573924323328782,0.0,0.20586999661304622
2026-04-05 19:00:00,SHORT,1.2426824474419917,1.2446526280874721,1.2403182306674152,1.5,1.8,WIN,TP,5,-0.04410036823843677,True,-1.0,0.0013134537636536286,0.3998381790959887,1.9325348220495713,0.04226091406272597,0.2042593536778182
2026-04-05 20:00:00,SHORT,1.2428812327671874,1.2447887153787092,1.2405922536333613,1.5,1.8,WIN,TP,4,-0.4670727182019907,True,-1.0,0.0012716550743477884,0.14138220920659467,2.1523764704923565,0.014465533714736226,0.22022059617993195
2026-04-05 21:00:00,SHORT,1.2417776208922706,1.243693674446485,1.2394783566272132,1.5,1.8,WIN,TP,7,-0.7309171530742493,True,-1.0,0.001277369036142966,1.0047223960838483,2.2414619483348948,0.10335194136891414,0.23057059817508754
2026-04-05 22:00:00,SHORT,1.2423360847095317,1.2442578765168253,1.2400299345407793,1.5,1.8,WIN,TP,3,-0.724363408234504,True,-1.0,0.001281194538195767,0.48259294542562975,2.1066236895155175,0.04976877460624411,0.217251579364061
2026-04-05 23:00:00,SHORT,1.2422505461540054,1.244031377199218,1.2401135488997503,1.5,1.8,WIN,TP,2,-0.275998433324406,True,-0.3947427464310876,0.0011872206968083696,0.0,2.2013229861479147,0.0,0.21038076558758945
2026-04-06 00:00:00,SHORT,1.2414023155495395,1.2431451912181481,1.239310864747209,1.5,1.8,WIN,TP,4,-0.004221907303886163,True,-0.6569662814485923,0.001161917112405732,0.49231046373897724,2.141175751008151,0.04607885334751432,0.20040793501043572
2026-04-06 01:00:00,SHORT,1.2398735450146734,1.2417315442847139,1.2376439458906248,1.5,1.8,WIN,SL,1,-0.8599627438099543,True,-1.0,0.0012386661800270402,1.6960134386287735,0.0,0.1694361893394512,0.0
2026-04-06 03:00:00,SHORT,1.240247020996563,1.2422579886712486,1.2378338597869403,1.5,1.8,WIN,SL,7,-0.35450108158596627,True,-0.9262351575135147,0.0013406451164571034,2.126253203442924,0.9939798209310319,0.22983735701752012,0.10744425668665136
2026-04-06 04:00:00,SHORT,1.2394135797517838,1.2414264628531466,1.2369981200301485,1.5,1.8,WIN,SL,6,-0.3255161746222759,True,-1.0,0.001341922067575187,2.7453101095379813,0.15917344566305403,0.2972367156945352,0.01723382435022289
2026-04-06 07:00:00,SHORT,1.2397144108193534,1.2418595547256994,1.237140238131738,1.5,1.8,WIN,SL,3,-0.23897121031507437,True,-0.39705845345280566,0.0014300959375640623,2.365688246425846,0.35054777586746433,0.27289842896321986,0.04043809976031877
2026-04-06 09:00:00,LONG,1.2405708018429706,1.238393561751358,1.2431834899529057,1.5,1.8,WIN,TP,2,0.3050599613823276,True,0.5376026222030161,0.0014514933944084207,0.0,2.2249788436489704,0.0,0.26032710825188005
2026-04-06 10:00:00,LONG,1.2422417829643015,1.2398943644684095,1.2450586851593721,1.5,1.8,WIN,TP,15,0.4413682432815428,True,1.0,0.0015649456639280476,1.0421488083949941,3.0791277826408896,0.13128734528424693,0.38790094957405874
2026-04-06 11:00:00,LONG,1.2428637826230753,1.2405444583954621,1.245646971696211,1.5,1.8,WIN,TP,14,0.7369716490788624,True,1.0,0.0015462161517420922,1.4570446150759475,2.714153521564366,0.181267323832101,0.337661139702164
2026-04-06 12:00:00,LONG,1.2435747146217984,1.2412849015885021,1.2463224902617538,1.5,1.8,WIN,SL,3,0.32018331073802053,True,1.0,0.0015265420221975174,1.94153706433563,0.0,0.2383321147908447,0.0
2026-04-06 13:00:00,LONG,1.2428136876410607,1.240432698541065,1.2456708745610556,1.5,1.8,WIN,TP,12,0.7554232525862445,True,1.0,0.0015873260666638492,1.3877494875734195,2.675419426766352,0.17724385863546155,0.3417055217202917
2026-04-06 16:00:00,SHORT,1.2420494193250091,1.2443019157995958,1.2393464235555052,1.5,1.8,LOSS,SL,2,-0.31000339807677346,True,-0.45585398480614875,0.0015016643163910937,1.5260378989093606,0.0,0.18450124629485293,0.0
2026-04-06 18:00:00,LONG,1.2437661699093507,1.2415610607599303,1.2464123008886552,1.5,1.8,WIN,SL,4,0.3696860899474913,True,0.6885523978672407,0.001470072766280306,1.7439760753049414,0.372148240942107,0.20612972079286102,0.043986161327091426
2026-04-06 20:00:00,LONG,1.2434243862228338,1.2410580362422179,1.246264006199573,1.5,1.8,WIN,TP,5,0.4000698792369375,True,0.6306874461340489,0.0015775666537439146,1.4084907547709624,2.3048562829106483,0.17869908869835094,0.2924234439890075
2026-04-06 22:00:00,SHORT,1.2421783959757149,1.244636858796893,1.239228240590301,1.5,1.8,WIN,SL,3,-0.3632388083591641,True,-0.6857001850194379,0.0016389752141187733,2.978723911536289,0.3696205937316618,0.3930236330407364,0.04876908129433464
2026-04-06 23:00:00,SHORT,1.2420674596119048,1.2444424697209397,1.2392174474810629,1.5,1.8,WIN,SL,1,-0.2939620592902945,True,-0.8497693191034442,0.0015833400726899618,1.5523711947568553,0.0,0.19789034012018358,0.0
2026-04-07 00:00:00,LONG,1.243585441774124,1.2412178072301023,1.2464266032269498,1.5,1.8,WIN,TP,1,0.3571994080551381,True,0.591880334941824,0.001578423029347726,0.0,2.2015700466166694,0.0,0.27943466894758595
2026-04-07 01:00:00,LONG,1.2466331520290819,1.2440601837826268,1.2497207139248279,1.5,1.8,WIN,TP,6,0.41209981900061854,True,1.0,0.001715312164303286,0.0,2.4636347350125756,0.0,0.3389852598167219
2026-04-07 02:00:00,LONG,1.2475530040775333,1.2449977338596043,1.250619328339048,1.5,1.8,WIN,TP,5,1.0,True,1.0,0.0017035134786193007,0.5104945821678913,1.9407246390532034,0.06970721072714316,0.2650028151196888
2026-04-07 03:00:00,LONG,1.2473849700552027,1.2448521099496628,1.2504244021818505,1.5,1.8,WIN,TP,4,0.6179932080657329,True,1.0,0.0016885734036932007,0.23204134062162618,2.057408102986796,0.03141121993105728,0.2785094166312298
2026-04-07 04:00:00,LONG,1.2476792257995004,1.2451479213679302,1.2507167911173847,1.5,1.8,WIN,TP,3,0.7315724261932632,True,1.0,0.0016875362877134853,0.22368473087039417,1.8843025078039155,0.03025425867047936,0.25485948577135503
2026-04-07 05:00:00,LONG,1.2488762644548077,1.246410352488261,1.2518353588146636,1.5,1.8,WIN,TP,7,0.8219239231917778,True,1.0,0.001643941311031056,0.9577682275476089,2.2680082189638835,0.12607451998824365,0.2985461819582541
2026-04-07 06:00:00,LONG,1.2483858256872555,1.2458981115978727,1.251371082594515,1.5,1.8,WIN,TP,5,0.4197845102683151,True,0.4386793931113764,0.0016584760595885445,0.0,1.9774682808135315,0.0,0.2627059467388215
2026-04-07 07:00:00,LONG,1.2497294981352025,1.2471367025183857,1.2528408528753827,1.5,1.8,WIN,TP,12,1.0,True,0.9311592529643786,0.0017285304112112535,0.6604179059563118,1.9579142618430139,0.09134396173390469,0.27080374986665706
2026-04-07 08:00:00,LONG,1.2494849198540006,1.2468736522388204,1.2526184409922168,1.5,1.8,WIN,TP,11,0.5498020654463589,True,1.0,0.0017408450767867187,0.5152521412230677,2.0845580538620356,0.0717875133264355,0.29043108625639563
2026-04-07 09:00:00,LONG,1.249750690086049,1.2472431184732524,1.252759776021405,1.5,1.8,WIN,TP,10,0.49791159624918163,True,1.0,0.0016717144085311203,0.6955400871505336,2.011780466885098,0.09303810709002126,0.26910346359254433
2026-04-07 10:00:00,LONG,1.2506035226873238,1.2481381502059876,1.2535619696649274,1.5,1.8,WIN,SL,44,0.30455316533933185,True,0.998849583362633,0.00164358165422418,2.28826241396191,1.7050518660570528,0.3007304917514489,0.22408316590458946
2026-04-07 11:00:00,LONG,1.2512782676986183,1.2488754299195772,1.2541616730334675,1.5,1.8,WIN,SL,4,0.42311781903200546,True,1.0,0.0016018918526939613,1.6794654354757392,0.8280641161083102,0.21500589176840804,0.10600912645448586
2026-04-07 12:00:00,LONG,1.2523514509899498,1.2498965325704101,1.2552973530933973,1.5,1.8,WIN,SL,3,0.23731778501795656,True,0.9133703114666104,0.0016366122796930918,2.299570482269024,0.0,0.30051510590947145,0.0
2026-04-07 13:00:00,LONG,1.2512211713092838,1.2487441942981636,1.2541935437226281,1.5,1.8,WIN,SL,2,0.48465504821262284,True,0.5629829486243221,0.0016513180074135031,1.5946205375424298,0.059390549155094736,0.21045244989579218,0.007838157276971347
2026-04-07 15:00:00,SHORT,1.2491870470118847,1.2513498991992624,1.2465916243870312,1.5,1.8,WIN,SL,4,-0.2800242101954309,True,-0.6043237223297384,0.001441901458251912,2.723324430379832,0.19011953511150875,0.31434567600190455,0.021944962972134628
2026-04-07 16:00:00,SHORT,1.249799448134485,1.2519329333656308,1.24723926585711,1.5,1.8,WIN,SL,3,-0.1302039126770809,True,-0.5961359859355869,0.0014223234874305435,2.330246511533675,0.12392271306834077,0.26519169533997033,0.014102917526992756
2026-04-07 17:00:00,SHORT,1.2505517039909815,1.2527025576369795,1.247970679615784,1.5,1.8,WIN,SL,2,-0.2651035449704944,True,-0.6204014218981213,0.0014339024306653236,1.786808107419212,0.48348733659715054,0.20487825334884285,0.05543742533236013
2026-04-07 19:00:00,LONG,1.252141434685449,1.249862905275784,1.254875669977047,1.5,1.8,WIN,SL,4,0.5859028960261143,True,0.752438843648638,0.0015190196064433583,1.631654730642134,0.676269137929061,0.19794213801527039,0.08204073847335396
2026-04-07 20:00:00,LONG,1.2524599367833718,1.2502400411604115,1.255123811530924,1.5,1.8,WIN,SL,3,0.47439808743921585,True,1.0,0.0014799304153068071,1.8899656333736732,0.36825773897007186,0.22332192372537912,0.043514032869874375
2026-04-08 04:00:00,SHORT,1.250506765953883,1.2530281766665303,1.2474810730987065,1.5,1.8,WIN,TP,26,-0.23418066620042824,True,-0.31227468115742113,0.0016809404750981788,1.3540635852878686,2.1798448216816504,0.18201423201662809,0.2930163586442353
2026-04-08 05:00:00,SHORT,1.2501175597982976,1.2524440163802717,1.2473258118999286,1.5,1.8,WIN,SL,4,-0.003148891738513071,True,-0.7475177437528086,0.001550971054649424,1.6555647232223853,0.14028889066278763,0.20539931982324128,0.017405083786037525
2026-04-08 06:00:00,SHORT,1.2500186835383744,1.25239723927306,1.2471644166567517,1.5,1.8,WIN,SL,3,-0.23719097017364282,True,-0.7299310858845302,0.0015857038231237139,1.6816565526636686,0.0,0.2133255494383146,0.0
2026-04-08 07:00:00,SHORT,1.2508263249930227,1.2531740811455943,1.2480090176099368,1.5,1.8,WIN,TP,23,-0.16480937017606384,True,-0.3685877706843587,0.00156517076838103,1.2500496985713072,2.5452484226102334,0.15641989684205296,0.3184893337897798
2026-04-08 09:00:00,LONG,1.2517843301639453,1.2495038987359592,1.2545208478775287,1.5,1.8,WIN,SL,7,0.6127662664243382,True,0.5208493321078519,0.0015202876186573963,2.17837603115137,0.6568073462221357,0.2645629945300344,0.07976901869141924
2026-04-08 10:00:00,LONG,1.251687395328008,1.2494137150246876,1.2544158116919928,1.5,1.8,WIN,SL,6,0.6729112804617289,True,0.67260326879337,0.0015157868688803358,2.1208939983607022,0.7227077465390144,0.25683915049410655,0.08751952894395527
2026-04-08 16:00:00,SHORT,1.2490689868990101,1.2511627146644084,1.246556513580532,1.5,1.8,WIN,SL,8,-0.5698069361460196,True,-0.6028719637401139,0.001395818510265569,1.5470798016706615,0.5069891447305911,0.17288417586854155,0.056655384141395294
2026-04-08 17:00:00,SHORT,1.250620954231808,1.2528258329657374,1.2479750997510928,1.5,1.8,WIN,TP,13,-0.6539940584871021,True,-0.4373333005032406,0.0014699191559528954,1.0724026256643924,2.570466309538941,0.12604499844851394,0.30212013123062503
2026-04-08 18:00:00,SHORT,1.2498739435155906,1.2519820511447664,1.2473442143605797,1.5,1.8,WIN,SL,8,-0.034057109068202585,True,-0.8092520849322805,0.0014054050861171635,1.6531574430221643,1.0762885834419045,0.18588721611723188,0.1210219204221871
2026-04-08 19:00:00,SHORT,1.2488606552583612,1.2510888222858363,1.2461868548253912,1.5,1.8,LOSS,SL,5,-0.7161999872388034,True,-1.0,0.001485444684983382,1.5939834640865893,0.32092663198598004,0.1895947522014763,0.03817229390212228
2026-04-08 20:00:00,SHORT,1.2492958049663743,1.2514531248809686,1.246707021068861,1.5,1.8,LOSS,SL,6,-0.3104629129656409,True,-0.8633304979822568,0.0014382132763961655,2.017429873170527,0.6340286817899408,0.23225039388251045,0.07299059711409149
2026-04-08 23:00:00,LONG,1.250457833406209,1.248377326458329,1.252954441743665,1.5,1.8,WIN,SL,7,0.28689913709884074,True,0.3086550017761797,0.0013870046319200175,2.6065211026146855,1.2541169278932693,0.2891146543243278,0.1391063290170301
2026-04-09 02:00:00,LONG,1.2511466184574551,1.2489342674486712,1.2538014396679957,1.5,1.8,WIN,SL,4,0.26529800118624025,True,0.762886580535891,0.0014749006725226182,2.9181910171675427,0.6475365237857735,0.3440077949518296,0.07633414344292311
2026-04-09 03:00:00,LONG,1.2512297497225997,1.2490448791726871,1.2538515943824948,1.5,1.8,WIN,SL,3,0.1564508968624344,True,0.4334584748943011,0.0014565803666083557,3.0119677976505908,0.405475694675631,0.35062890407513925,0.04720219736881635
2026-04-09 06:00:00,SHORT,1.2486789013913482,1.2510529613262307,1.2458300294694893,1.5,1.8,WIN,TP,4,-0.12816472336165888,True,-0.36583732932821056,0.0015827066232549766,1.021262776616604,2.4907719286283023,0.1294455571271228,0.3157065618763165
2026-04-09 07:00:00,SHORT,1.2492293573700146,1.2515968158080586,1.2463884072443618,1.5,1.8,WIN,TP,3,-0.5424277442709506,True,-0.6975691819527243,0.0015783056253626684,0.0,2.846481147206003,0.0,0.3596310942117356
2026-04-09 08:00:00,SHORT,1.2485487225323029,1.2509303848948987,1.2456907276971878,1.5,1.8,WIN,TP,2,-0.6524433561459286,True,-1.0,0.001587774908397201,0.0,2.4008329828441,0.0,0.3053130647301307
2026-04-09 09:00:00,SHORT,1.246958442854457,1.2493960416991317,1.2440333242408472,1.5,1.8,WIN,TP,6,-0.469614160073505,True,-1.0,0.0016250658964497764,0.23047487605596131,1.9026701220017328,0.030036033936276678,0.24796049500904185
2026-04-09 10:00:00,SHORT,1.245238409229174,1.2478219783607618,1.2421381262712685,1.5,1.8,WIN,TP,20,-1.0,True,-1.0,0.0017223794210585255,1.2542811490001928,2.059684967764174,0.173488708928989,0.28488994364835013
2026-04-09 11:00:00,SHORT,1.2459766672105717,1.2485415264044666,1.2428988361778976,1.5,1.8,WIN,TP,5,-0.9324492411511106,True,-1.0,0.0017099061292633452,0.7932087509017783,1.8556023484989685,0.10885536949810748,0.2546521064697931
2026-04-09 13:00:00,SHORT,1.2463873740781863,1.2489133656944211,1.2433561841387046,1.5,1.8,LOSS,TP,3,-0.14915047305423673,True,-0.4949935127006184,0.0016839944108232308,0.36252726485436226,2.1280431061743603,0.04898107125301179,0.28751997744191915
2026-04-09 16:00:00,SHORT,1.243569198989571,1.2462169911177143,1.240391848435799,1.5,1.8,WIN,SL,6,-0.5168948494839432,True,-1.0,0.0017651947520955938,1.6119590119320695,0.31420697494121225,0.22881087685089493,0.0446003731588652
2026-04-09 20:00:00,SHORT,1.2439426250124852,1.2462050047077404,1.241227769378179,1.5,1.8,WIN,SL,2,-0.41982933507985887,True,-0.30749585808259666,0.0015082531301701435,1.6389792376977133,0.357764291027363,0.19872263525953543,0.04337813504860858
2026-04-09 21:00:00,LONG,1.2439345643720057,1.2417456657669306,1.2465612426980959,1.5,1.8,WIN,TP,2,0.03158836079760066,True,0.36065644042577555,0.0014592657367167305,0.0,2.373928756952864,0.0,0.27848674646135707
2026-04-09 23:00:00,LONG,1.2466697096229271,1.244328590849788,1.249479052150694,1.5,1.8,WIN,SL,2,0.23551964695476219,True,0.9760323338838952,0.0015607458487593945,1.7352569645375304,0.017061576169549255,0.21724239251404773,0.0021359935173182686
2026-04-10 00:00:00,LONG,1.2462833026349642,1.244073695318968,1.2489348314141597,1.5,1.8,WIN,SL,1,0.43614705106257445,True,1.0,0.00147307154399753,1.5762222313173595,0.0,0.18630500072181214,0.0
2026-04-10 01:00:00,LONG,1.2443035863717065,1.2419444390739567,1.2471345631290063,1.5,1.8,WIN,SL,5,0.11080085432675303,True,0.44188390662919236,0.0015727648651665696,1.6612376094734327,0.6747022560790606,0.20997577869976697,0.08528047451056459
2026-04-10 04:00:00,SHORT,1.2435355123456782,1.2458030132386815,1.2408145112740743,1.5,1.8,WIN,TP,6,-0.5135283347563692,True,-1.0,0.0015116672620022159,0.5313924750909176,1.9226371319384203,0.06459715865725674,0.23371971127538071
2026-04-10 05:00:00,SHORT,1.24325605618219,1.24545207421816,1.2406208345390257,1.5,1.8,WIN,TP,6,-1.0,True,-1.0,0.0014640120239801022,0.11969057014522971,2.321667715384692,0.014094315726701091,0.27339094260655766
2026-04-10 06:00:00,SHORT,1.2426281242529675,1.2448062699115392,1.2400143494626814,1.5,1.8,WIN,TP,5,-0.31843603045960955,True,-0.8354065292118593,0.0014520971057144624,0.5531037558792392,1.9082866503089766,0.06463400814743983,0.222996523875803
2026-04-10 07:00:00,SHORT,1.2426183544826783,1.244692302838263,1.2401296164559765,1.5,1.8,WIN,TP,4,-0.7444525638980175,True,-0.683881923390465,0.001382632237056512,0.5879583244000619,1.9970948727308877,0.06542074084361096,0.22221205260142388
2026-04-10 08:00:00,SHORT,1.242583905672948,1.2447360902426596,1.240001284189294,1.5,1.8,LOSS,TP,3,-0.05754450166188163,True,-0.7766647883534384,0.001434789713141038,0.0,1.9004868217225626,0.0,0.2194458603011506
2026-04-10 09:00:00,SHORT,1.2418685165005285,1.244070415710195,1.239226237448929,1.5,1.8,WIN,TP,6,-0.43257083160132115,True,-0.6905261273934674,0.0014679328064442895,1.0368091571639302,2.1316741286765994,0.12255453420395482,0.25197147238667394
2026-04-10 10:00:00,SHORT,1.2415084366490734,1.2437300682083796,1.238842478777906,1.5,1.8,WIN,TP,5,-0.6155687192209542,True,-0.3899468774721727,0.0014810877062040953,1.270718823331169,1.8696222533469624,0.15159349479393913,0.22304113713087037
2026-04-10 11:00:00,SHORT,1.2402140500148366,1.2425099557491155,1.237458963133702,1.5,1.8,WIN,SL,2,-1.0,True,-0.9106629591603715,0.0015306038228525911,2.075280757887273,0.0,0.25611971267997513,0.0
2026-04-10 12:00:00,SHORT,1.2412987020882593,1.2435681945987864,1.2385753110756268,1.5,1.8,WIN,TP,4,-0.5554351249683005,True,-0.5236877567707982,0.0015129950070180856,1.3825429551249027,2.6757067749570043,0.1685154898311717,0.3261367295352707
2026-04-10 14:00:00,SHORT,1.240911994980677,1.2432217008081934,1.2381403479876574,1.5,1.8,WIN,TP,2,-0.15206117692303503,True,-0.5570305421399473,0.0015398038850108961,0.0,2.377980675861354,0.0,0.2950752267673234
2026-04-10 15:00:00,SHORT,1.2402254227033573,1.2425191368969786,1.237472965671012,1.5,1.8,WIN,TP,1,-0.571157751540474,True,-0.843252714376984,0.0015291427957474354,0.0,1.9455682060080226,0.0,0.23987990823213565
2026-04-10 16:00:00,SHORT,1.2384300810454367,1.2409703488386818,1.2353817596935426,1.5,1.8,WIN,TP,3,-0.22226088697010932,True,-1.0,0.0016935118621634723,0.0,2.412536645212647,0.0,0.32990634587321427
2026-04-10 17:00:00,SHORT,1.2371068164692167,1.2397593933261941,1.233923724240844,1.5,1.8,WIN,TP,4,-0.8407228678685212,True,-1.0,0.001768384571318195,0.12086145833721255,2.250621289686272,0.01727656297299707,0.32171546640738247
2026-04-10 18:00:00,SHORT,1.2369959851381336,1.2395120249241767,1.2339767373948818,1.5,1.8,WIN,TP,3,-1.0,True,-1.0,0.0016773598573620754,0.0,2.3066801178628245,0.0,0.3127845748865759
2026-04-10 19:00:00,SHORT,1.2356691306197207,1.2382889584666479,1.2325253372034082,1.5,1.8,WIN,TP,5,-0.4152339047772502,True,-1.0,0.0017465518979513967,0.0,1.9248147166743808,0.0,0.2720622141726882
2026-04-10 20:00:00,SHORT,1.2352830329688465,1.2377957101316235,1.232267820373514,1.5,1.8,WIN,TP,6,-0.11297125619498488,True,-1.0,0.0016751181085180747,0.0,1.8550208545220859,0.0,0.2515519878566151
2026-04-10 21:00:00,SHORT,1.2336631594505443,1.2362741489328235,1.230529972071809,1.5,1.8,LOSS,SL,11,-0.11019989790267704,True,-1.0,0.00174065965485288,1.5866703613794189,1.2804771171611136,0.22387416390338535,0.1806712666849339
2026-04-10 22:00:00,SHORT,1.2334737743253057,1.2360707884144746,1.230357357418303,1.5,1.8,WIN,SL,10,-0.8899427721846005,True,-1.0,0.0017313427261125916,1.704595031550474,1.177981517354098,0.23926233944105268,0.16534520425305885
2026-04-10 23:00:00,SHORT,1.233737575027141,1.236396827652959,1.2305464718761594,1.5,1.8,WIN,SL,9,-0.6634079561964674,True,-1.0,0.0017728350838787416,1.5158981968742382,1.2992130257046715,0.2178289420218114,0.18669208752524413
2026-04-11 00:00:00,SHORT,1.2333487410863662,1.23602844100934,1.2301331011787975,1.5,1.8,WIN,SL,5,-0.2828539952778478,True,-1.0,0.0017864666153159753,1.51108817251535,1.071644147286764,0.2188763391139234,0.15522426292341743
2026-04-11 01:00:00,SHORT,1.2334549776231802,1.2360101888508235,1.2303887241500084,1.5,1.8,WIN,SL,4,-0.49944994292193157,True,-0.6226362210686007,0.001703474151762133,1.522343050231114,1.1862187796335855,0.21024456370353778,0.16382381733417067
2026-04-11 02:00:00,SHORT,1.232604303023373,1.2350572775612039,1.2296607335779761,1.5,1.8,WIN,SL,3,-0.18552175713555263,True,-0.43427443063620147,0.0016353163585538827,2.105981890278445,0.7154691650416454,0.27940407376017934,0.09492246836747445
2026-04-11 03:00:00,SHORT,1.2325504014884727,1.2349125975087556,1.2297157662641334,1.5,1.8,WIN,SL,2,-0.5293951372514121,True,-0.6289263370166549,0.001574797346855236,2.221141772861064,0.011746101565883578,0.28378946343020206,0.0015007686143712305
2026-04-11 05:00:00,LONG,1.235258782143575,1.232866779153809,1.238129185731294,1.5,1.8,WIN,TP,23,0.16662568057202998,True,0.8710755519881143,0.0015946686598438914,1.0808790947681737,1.923247996526545,0.13953707858009803,0.24828346493082953
2026-04-11 07:00:00,LONG,1.234424508317698,1.2322425249690394,1.2370428883360882,1.5,1.8,WIN,TP,4,0.4198883362066189,True,0.8315070136347136,0.0014546555657723845,0.562236959865307,1.8539417769642612,0.06625444629786341,0.21846995958905027
2026-04-11 08:00:00,LONG,1.2351797347255358,1.2328500480155447,1.237975358777525,1.5,1.8,WIN,TP,10,0.8815644915216674,True,1.0,0.0015531244733274496,1.012853481999847,1.8436244367745136,0.12735697377179162,0.23181875089743859
2026-04-11 11:00:00,LONG,1.2362748391664358,1.2339059283737182,1.2391175321176968,1.5,1.8,WIN,TP,30,0.7454204578876208,True,1.0,0.001579273861811749,1.4172760991343605,1.8615103283225807,0.1810493126142222,0.23779781905087194
2026-04-11 13:00:00,SHORT,1.2345645065302115,1.2368645851503581,1.2318044121860356,1.5,1.8,WIN,SL,5,-0.25194003871866566,True,-0.43158733825592205,0.0015333857467643628,2.2685788198067938,0.15342241569943937,0.28176789542411257,0.01905576778072716
2026-04-11 14:00:00,LONG,1.2357967247048205,1.2334641143192273,1.2385958571675322,1.5,1.8,WIN,TP,27,1.0,True,0.45562941665661066,0.0015550735903954171,0.943668472759209,2.197933967715723,0.11874719286273722,0.2765785827312447
2026-04-11 17:00:00,LONG,1.236426413663334,1.234074267583838,1.2392489889587293,1.5,1.8,WIN,SL,33,0.2957831795017067,True,0.43074623523503325,0.0015680973863306167,1.5237273139696488,1.7781166733775144,0.19324666572247565,0.22550958773624075
2026-04-11 18:00:00,LONG,1.2371023834750932,1.2346903683727222,1.2399968015979383,1.5,1.8,WIN,SL,1,0.1889625583338625,True,0.9673004626101831,0.001608010068247274,1.5501496551570022,0.0,0.20149150838918292,0.0
2026-04-11 20:00:00,LONG,1.236081585794152,1.2337686420418177,1.2388571182969532,1.5,1.8,WIN,TP,21,0.3813027112054327,True,0.3271153675023023,0.0015419625015562488,1.009410872548187,2.031883378573766,0.12591998230703214,0.25346935131981885
2026-04-11 21:00:00,LONG,1.2370253720982414,1.2346355043113713,1.2398932134424856,1.5,1.8,WIN,SL,3,0.23327266358380255,True,0.5814535171271961,0.0015932451912467696,1.5692876601530799,0.3207827287400631,0.20211873374762318,0.041315687739954726
2026-04-12 02:00:00,SHORT,1.236372362694102,1.2385483029068032,1.2337612344388604,1.5,1.8,WIN,SL,15,-0.019171850485718595,True,-0.3719531295262647,0.0014506268084675256,1.9593675373675319,1.0096147743061679,0.22989118514044066,0.1184573759512106
2026-04-12 05:00:00,LONG,1.2371175342518326,1.2350051748513144,1.2396523655324543,1.5,1.8,WIN,SL,10,0.24332117493622724,True,0.668697726963241,0.001408239600345402,1.56915471985173,0.9033973057536416,0.17862052346549934,0.10283581192445108
2026-04-12 06:00:00,LONG,1.2381238719301415,1.2359742952741823,1.2407033639172924,1.5,1.8,WIN,SL,1,0.2988701009440598,True,0.6906056062501835,0.0014330511039727853,1.6551585703796206,0.0,0.1915742738111396,0.0
2026-04-12 09:00:00,SHORT,1.23651455392944,1.2387716955367607,1.2338059840006552,1.5,1.8,WIN,SL,8,-0.32040598177704177,True,-0.47500457651680406,0.0015047610715471307,1.7943844328934524,1.0677877860832128,0.21836539112521602,0.12994311211829063
2026-04-12 11:00:00,SHORT,1.236136616472283,1.238227251360257,1.2336278546067139,1.5,1.8,WIN,SL,6,-0.1385725876635917,True,-0.6265102411626045,0.0013937565919827724,2.2084611594815495,0.8816661697479654,0.24900623912829006,0.09940875625230555
2026-04-12 15:00:00,SHORT,1.2349524543772585,1.237114526760536,1.2323579675173257,1.5,1.8,LOSS,SL,2,-0.37551202525931837,True,-0.7681361416507231,0.0014413815888515424,2.9570374890009,0.0,0.34513226635425204,0.0
2026-04-12 17:00:00,LONG,1.2375971682668403,1.235159090442901,1.2405228616555675,1.5,1.8,WIN,SL,3,0.18086852317863236,True,0.7208251822117361,0.0016253852159594834,1.5783304268875913,0.4537121603465478,0.2072883655151498,0.05958780907369635
2026-04-12 20:00:00,LONG,1.236356645872004,1.233755086689173,1.2394785168914007,1.5,1.8,WIN,SL,7,0.7930577298612251,True,0.7690885859868516,0.0017343727885538016,1.9353993200742405,0.9654930168367848,0.2714996459095996,0.1354402729609944
2026-04-13 00:00:00,SHORT,1.2361441154690094,1.2384276903925864,1.233403825560717,1.5,1.8,WIN,TP,3,-0.1972686242790038,True,-0.449841749501538,0.0015223832823846634,0.0,2.0652969256222646,0.0,0.25435331312763937
2026-04-13 01:00:00,SHORT,1.2353086145461736,1.2376834082209964,1.2324588621363863,1.5,1.8,WIN,TP,4,-0.2643836115259627,True,-0.5254430797286457,0.001583195783215165,0.0,2.130778348145882,0.0,0.27308473818018875
2026-04-13 02:00:00,SHORT,1.2343534105714824,1.236643638610219,1.2316051369249983,1.5,1.8,WIN,SL,11,-0.7870808537927503,True,-1.0,0.0015268186924911767,1.7903353299110722,1.5838392161114658,0.2214533879944493,0.1959110980979071
2026-04-13 03:00:00,SHORT,1.233983044458868,1.2362635125365884,1.2312464827656036,1.5,1.8,WIN,SL,10,-1.0,True,-1.0,0.0015203120518136246,2.0416095211817193,1.3470058373885592,0.25153372844852506,0.1659560248936136
2026-04-13 04:00:00,SHORT,1.2336386424898733,1.235858509192583,1.2309748024466216,1.5,1.8,WIN,SL,9,-0.7393101999323086,True,-1.0,0.001479911135139868,2.330062560694745,1.1510604920811525,0.27952152359502425,0.13808478275391384
2026-04-13 05:00:00,SHORT,1.2325899640331655,1.2348281323116534,1.22990416209898,1.5,1.8,WIN,SL,2,-0.5385552471995092,True,-1.0,0.0014921121856585895,1.708138993800585,0.16842075388506494,0.20677882197813158,0.020388179891342176
2026-04-13 06:00:00,SHORT,1.2332712434924458,1.2354023046368485,1.2307139701191625,1.5,1.8,WIN,SL,3,-0.6239900945918743,True,-0.805280270553254,0.0014207074296018276,1.682380811014254,0.0,0.19380739883781611,0.0
2026-04-13 09:00:00,LONG,1.2343718107479338,1.2324491657723895,1.2366789847185868,1.5,1.8,WIN,TP,4,0.7664575137299805,True,0.40877088244278925,0.001281763317029513,0.27160858940959615,2.1182672612105056,0.028203651725034643,0.21995943583959918
2026-04-13 10:00:00,LONG,1.234404549444451,1.2325713524467838,1.2366043858416518,1.5,1.8,WIN,TP,3,0.28488410737298236,True,0.9066647696834541,0.0012221313317781598,0.11738990333174243,2.194836598014478,0.011622273991188646,0.21730141676601042
2026-04-13 11:00:00,LONG,1.2353679188225013,1.2335846383174855,1.2375078554285204,1.5,1.8,WIN,TP,6,0.4533264065845885,True,0.8222227339482427,0.0011888536700105526,0.9310105060587491,1.851045857790615,0.08959559658966317,0.17813500155401005
2026-04-13 13:00:00,LONG,1.2368006576173112,1.234802237351345,1.2391987619364706,1.5,1.8,WIN,SL,2,0.526379782545659,True,0.7888927304504246,0.0013322801773108278,1.8525895865894109,0.0,0.19956072692105814,0.0
2026-04-13 14:00:00,LONG,1.23632433989534,1.234306376068266,1.238745896487829,1.5,1.8,WIN,TP,9,0.7644820132106811,True,0.889513349023136,0.001345309218049397,1.480589469105458,2.831349830830197,0.1611106888911573,0.30809399313944713
2026-04-13 17:00:00,LONG,1.2369844381808086,1.2348311477229552,1.2395683867302325,1.5,1.8,WIN,TP,6,0.48798810863068287,True,0.6760592509776452,0.001435526971902206,0.6870693145924681,2.193579642253108,0.07973475673747178,0.254566075714014
2026-04-13 20:00:00,LONG,1.23743277902869,1.235324261383471,1.239963000202953,1.5,1.8,WIN,TP,3,0.5404505218583651,True,0.6673035316143278,0.0014056784301460195,0.5107959957888418,1.9212088879445324,0.058024559043031845,0.21824231096482344
2026-04-13 22:00:00,LONG,1.238243567194673,1.236227532324538,1.240662809038835,1.5,1.8,LOSS,TP,5,0.4988171417267643,True,0.3040654789624983,0.0013440232467566426,0.36041368127188317,1.8596963033303548,0.039120281252581185,0.2018564949419543
2026-04-13 23:00:00,LONG,1.239819466544515,1.237762113372415,1.242288290351035,1.5,1.8,WIN,SL,2,0.3939842301346302,True,1.0,0.0013715687813999583,1.5021512182696641,0.26253159731390224,0.166177719540316,0.029042949616720264
2026-04-14 00:00:00,LONG,1.2394318837561025,1.237327618477777,1.241957002090093,1.5,1.8,WIN,TP,10,1.0,True,1.0,0.0014028435188836294,1.1923788398289554,2.140636090735925,0.13495868142740083,0.24228660772197894
2026-04-14 01:00:00,LONG,1.2380011482462874,1.2358471597490712,1.2405859344429468,1.5,1.8,WIN,TP,2,0.2225693379537586,True,0.40393198043125994,0.0014359923314774933,0.0315886927611512,1.9094071408778817,0.003664061267686935,0.2214775015235715
2026-04-14 02:00:00,LONG,1.238347562926675,1.2362565361111229,1.2408567951053373,1.5,1.8,WIN,TP,7,0.8192784667492741,True,0.6153512879074862,0.0013940178770347161,0.23476155345176955,1.9561115295736566,0.02642729813096791,0.2202010585182427
2026-04-14 03:00:00,LONG,1.239355026590914,1.237232871217333,1.2419016130392109,1.5,1.8,WIN,TP,7,0.5956702552346441,True,0.4727329757491827,0.0014147702490538666,0.9434220626874182,2.1769150386258858,0.10769516707917119,0.24850301691497823
2026-04-14 04:00:00,SHORT,1.2386396417064307,1.2408494333069233,1.2359878917858396,1.5,1.8,LOSS,SL,5,-0.47855333873729855,True,-0.5904436282418986,0.0014731944003283845,1.6527185152216735,0.4204065546067387,0.19656852404540398,0.05000167613356478
2026-04-14 06:00:00,LONG,1.238954204405054,1.2368625060425058,1.241464242440112,1.5,1.8,WIN,TP,4,0.208116632928603,True,0.34805684911467843,0.001394465575032184,0.6697212878201327,2.4960507305067847,0.07537835356714066,0.2809350664334731
2026-04-14 07:00:00,LONG,1.2389429762821993,1.2368116542711616,1.2415005626954445,1.5,1.8,WIN,TP,3,0.07964068514096004,True,0.508867241395225,0.001420881340691785,0.49779946880723513,2.4575485933120658,0.05709011554002101,0.28184387876824263
2026-04-14 09:00:00,LONG,1.240516355707031,1.2382299339970113,1.2432600617590543,1.5,1.8,LOSS,SL,11,0.30923975505019974,True,0.7665950131039732,0.0015242811400130332,2.1110759564657084,1.2867515111621013,0.2593978911097574,0.15810924630895168
2026-04-14 10:00:00,LONG,1.2422505874492338,1.239941661347364,1.2450212987714775,1.5,1.8,WIN,SL,7,0.4049555905845082,True,0.9901535562802808,0.0015392840679131492,1.8457130616846564,0.14756166381473354,0.22870399406484448,0.018284500763341996
2026-04-14 11:00:00,LONG,1.2420697543452786,1.2397310683677871,1.2448761775182682,1.5,1.8,WIN,SL,6,0.08123046177889437,True,1.0,0.00155912398499428,1.7062424999156984,0.2616677224047047,0.21417827755071916,0.03284617636592006
2026-04-14 12:00:00,LONG,1.2408846280210757,1.238587367110448,1.243641341113829,1.5,1.8,WIN,SL,7,0.483816745645664,True,0.7161032834434667,0.0015315072737518579,1.6037896093315611,1.0402162455292323,0.19794067851223465,0.12838411487484475
2026-04-14 13:00:00,LONG,1.2420068544316214,1.2397558329042988,1.2447080802644086,1.5,1.8,WIN,SL,4,0.1477333154159502,True,1.0,0.0015006810182151315,1.7307766678272642,0.3137724340094592,0.20912474701008246,0.037912217157017244
2026-04-14 14:00:00,LONG,1.2417433067105037,1.2394730802461924,1.244467578467677,1.5,1.8,WIN,SL,3,0.3604353448491143,True,0.45540854196979974,0.001513484309540823,1.5420020916955308,0.485251186447825,0.18794512186602905,0.0591442734505572
2026-04-14 15:00:00,SHORT,1.2420079054631061,1.2441945805329868,1.2393838953792493,1.5,1.8,WIN,TP,4,-0.01657166952578193,True,-0.3811983749503656,0.0014577833799204823,0.13819462428898835,2.4554353847034753,0.0162203336707205,0.2882021023010075
2026-04-14 17:00:00,SHORT,1.2399905546432157,1.2421807178955153,1.2373623587404563,1.5,1.8,WIN,TP,3,-0.021364540841754154,True,-0.616677040294136,0.0014601088348663424,0.5584216468664206,1.8437476285847678,0.06575504765880068,0.21710425064770603
2026-04-14 18:00:00,SHORT,1.2399020054283063,1.242050708064465,1.237323562264916,1.5,1.8,WIN,TP,2,-0.5698691976034225,True,-0.9748131316321019,0.001432468424105731,0.0,1.8175081160873836,0.0,0.20997812532384127
2026-04-14 19:00:00,SHORT,1.2390419925324019,1.2411715279396762,1.2364865500436726,1.5,1.8,WIN,SL,9,-0.941373108771266,True,-1.0,0.001419690271516259,1.909763577053111,1.7445219039432462,0.21882008742068454,0.19988675044122697
2026-04-14 20:00:00,SHORT,1.2381889080325528,1.2403841350811284,1.235554635574262,1.5,1.8,WIN,SL,1,-0.03641379790589244,True,-1.0,0.0014634846990504435,1.5325550397884367,0.0,0.18114124885409283,0.0
2026-04-14 21:00:00,SHORT,1.2395129753564111,1.2417715115026293,1.2368027319809494,1.5,1.8,WIN,TP,1,-0.6257898991304377,True,-0.697497453816284,0.001505690764145386,0.0,1.9576819289036214,0.0,0.23780820839224634
2026-04-14 22:00:00,SHORT,1.2387224112395883,1.2411917990743837,1.2357591458378336,1.5,1.8,LOSS,SL,6,-0.05935599667768102,True,-0.42295431811525,0.001646258556530365,1.841055921640769,0.21011775140354452,0.24467580763466135,0.027924589317864634
2026-04-15 03:00:00,LONG,1.2397124825190793,1.2375412298210409,1.2423179857567255,1.5,1.8,LOSS,SL,6,0.7903248711911275,True,0.5658399814806225,0.0014475017986923047,1.5584536403469267,1.7501465127315243,0.1819667446597666,0.20434901324912308
2026-04-15 04:00:00,LONG,1.2407754285473243,1.238541778463235,1.2434558086482312,1.5,1.8,WIN,SL,5,0.5206600868038607,True,0.4675706834873378,0.0014891000560594478,2.2287357134403494,0.9874381448886831,0.2674787394614444,0.11850606992036294
2026-04-15 05:00:00,LONG,1.241281698726365,1.2390329687517792,1.2439801746958683,1.5,1.8,LOSS,SL,4,0.6330791769905287,True,0.9811243152308174,0.0014991533163906748,2.551493975329823,0.6431123537046656,0.30815572796983226,0.07767165332876617
2026-04-15 06:00:00,LONG,1.241031250399735,1.2387238411901287,1.2438001414512625,1.5,1.8,WIN,SL,3,0.08047367162926622,True,0.9607330845679097,0.001538272806404157,2.3237960869843435,0.06611216667178399,0.2880372534603797,0.008194680684383051
2026-04-15 09:00:00,SHORT,1.2391083175082718,1.2413675116254712,1.2363972845676325,1.5,1.8,WIN,SL,1,-0.9868689586869608,True,-0.7715274503558314,0.0015061294114662807,1.8392862850660323,0.0,0.22356424623273605,0.0
2026-04-15 14:00:00,LONG,1.2405293493552803,1.2382623373246866,1.2432497637919928,1.5,1.8,WIN,SL,9,0.48825099810690625,True,0.828838146744431,0.0015113413537291645,1.6284147771002653,1.5900908739709798,0.198390356095513,0.19372134123780713
2026-04-15 16:00:00,SHORT,1.2417564330502828,1.24423782145977,1.2387787669588983,1.5,1.8,WIN,TP,6,-0.11599679828700059,True,-0.4408041108616121,0.0016542589396580931,0.44469233792296037,1.8766739830768753,0.05924159165412808,0.2500091508044533
2026-04-15 18:00:00,LONG,1.2414512291996336,1.2390712685266934,1.2443071820071618,1.5,1.8,WIN,SL,4,0.3029528110320627,True,0.5051302843711962,0.001586640448626759,1.7642944027440077,0.6560025158545616,0.22548617270161697,0.08384059732469686
2026-04-15 19:00:00,LONG,1.241813904085536,1.2394596380648557,1.2446390233103526,1.5,1.8,WIN,SL,3,0.42631884463088465,True,0.4430215827393859,0.0015695106804536024,2.0146251873023657,0.43208705018643057,0.25462557136613484,0.054610858996033795
2026-04-15 21:00:00,SHORT,1.2403557001449605,1.242765747179471,1.237463643703548,1.5,1.8,WIN,SL,6,-1.0,True,-0.8834518040192033,0.001606698023006963,1.5724128220524691,1.4236909180074802,0.20368290904353015,0.18441817803298302
2026-04-15 22:00:00,SHORT,1.2397744190740885,1.2422511292532226,1.2368023668591277,1.5,1.8,WIN,SL,4,-0.16406400141210048,True,-0.8719120454211877,0.0016511401194226893,1.7623657330620413,1.0333225462779378,0.23471308345979183,0.13761860917712257
2026-04-15 23:00:00,SHORT,1.2386492367610331,1.2410631098681828,1.2357525890324537,1.5,1.8,WIN,SL,2,-0.25965441141172974,True,-1.0,0.0016092487380997555,2.1009395796834154,0.14710146564334026,0.272953332314662,0.019111370752399673
2026-04-16 00:00:00,SHORT,1.2388603612983513,1.2410630913339693,1.2362170852556096,1.5,1.8,WIN,SL,1,-0.608693849197522,True,-1.0,0.001468486690412044,2.158555369147915,0.0,0.2558649811661698,0.0
2026-04-16 02:00:00,LONG,1.2419218611319551,1.239639665819621,1.2446604955067562,1.5,1.8,LOSS,TP,5,0.572742207690322,True,1.0,0.0015214635415560865,0.3498910871730509,2.2019047207673714,0.04286473644678497,0.26975270018794184
2026-04-16 03:00:00,LONG,1.2417404909377652,1.2394619466056243,1.2444747441363342,1.5,1.8,WIN,TP,4,0.5939617341027136,True,0.991926985723528,0.0015190295547605917,0.0,2.324831625395419,0.0,0.2843982276965744
2026-04-16 04:00:00,LONG,1.242602987834456,1.2402147107701416,1.2454689203116331,1.5,1.8,WIN,TP,4,0.36785495523174677,True,1.0,0.001592184709542905,0.42655818340905943,2.662743521572492,0.05465618737469047,0.3411853634659828
2026-04-16 05:00:00,LONG,1.2435209268888492,1.241210052682733,1.2462939759361886,1.5,1.8,WIN,TP,3,0.5560099173040074,True,1.0,0.0015405828040774125,0.20743712935299957,2.156093432496895,0.02569913119258489,0.26711576735578824
2026-04-16 06:00:00,LONG,1.243437303033097,1.2411520728723755,1.2461795792259627,1.5,1.8,WIN,TP,2,0.7208468625040014,True,0.7985895702257807,0.0015234867738143087,0.0,2.2351781324070994,0.0,0.27385894837920466
2026-04-16 07:00:00,LONG,1.2447727852594406,1.2423651390656636,1.247661960691973,1.5,1.8,WIN,SL,14,1.0,True,0.8985036973019327,0.001605097462517992,1.5450295386505812,1.2895055557876278,0.19922696104626966,0.16627790388799207
2026-04-16 08:00:00,LONG,1.2466611330637103,1.244147948618215,1.2496769543983046,1.5,1.8,WIN,SL,3,0.5440711018747598,True,1.0,0.001675456296996804,1.5566158591268002,0.0,0.2092021459568359,0.0
2026-04-16 09:00:00,LONG,1.2453294011516827,1.2426619942641897,1.2485302894166743,1.5,1.8,WIN,SL,6,0.6001741044059726,True,1.0,0.0017782712583286817,1.658183116893392,0.6378460379955226,0.23678067626849778,0.09108138582107622
2026-04-16 10:00:00,LONG,1.245810490652117,1.2430622076211089,1.249108430289327,1.5,1.8,WIN,SL,5,0.25286333744438194,True,1.0,0.0018321886873387935,1.8719626979213684,0.0,0.2753058273298391,0.0
2026-04-16 11:00:00,LONG,1.2447363837543008,1.2420603566044908,1.2479476163340728,1.5,1.8,WIN,SL,11,0.08685219382611126,True,0.47453961523816973,0.001784018099873354,1.637648631979595,0.9409842930960342,0.23471594779550767,0.13486654945495866
2026-04-16 12:00:00,LONG,1.245553120526668,1.2429545795765828,1.24867136966677,1.5,1.8,WIN,SL,3,0.18650443925594337,True,0.45463445673477443,0.0017323606333899955,1.8312692470935534,0.0,0.2546995949447092,0.0
2026-04-16 13:00:00,SHORT,1.2448988019374414,1.2475643161701493,1.241700184858192,1.5,1.8,WIN,TP,31,-0.032330354151246465,True,-0.7712915295368518,0.0017770094884719892,1.4308728102213388,2.4966784630503227,0.20424749036650397,0.3563840941608549
2026-04-16 21:00:00,SHORT,1.2425402496167715,1.2449857519788083,1.239605646782327,1.5,1.8,WIN,SL,3,-1.0,True,-0.8831435074395356,0.0016303349080245872,1.9955174281625494,0.4449764643965418,0.26183149589788046,0.05838528477277022
2026-04-16 22:00:00,SHORT,1.2424652661586222,1.2448877263394933,1.239558313941577,1.5,1.8,WIN,SL,2,-0.7230587485696243,True,-1.0,0.0016149734539140687,2.0609287247338357,0.18154713305646553,0.26788235224832424,0.02359774623131926
2026-04-16 23:00:00,SHORT,1.2421973723064343,1.2444393879676616,1.2395069535129615,1.5,1.8,WIN,SL,1,-0.3804045038331644,True,-0.9621051989559629,0.0014946771074848858,2.4060307172921123,0.0,0.2895062502317718,0.0
2026-04-17 01:00:00,LONG,1.2449380408754336,1.2425042604766685,1.247858577353952,1.5,1.8,WIN,SL,6,0.29916577904705444,True,0.4872558639314795,0.0016225202658434507,1.6900806042488574,1.5429302642739764,0.22026718931123854,0.20108917394855375
2026-04-17 02:00:00,LONG,1.2437472606998983,1.2412761629053122,1.2467125780534016,1.5,1.8,WIN,TP,3,0.7888991643704655,True,0.4386650594177451,0.0016473985297240962,0.5624136743790552,2.242454227952802,0.07449419102618957,0.2970230299059449
2026-04-17 04:00:00,LONG,1.2442229079676177,1.2417935901521342,1.247138089346198,1.5,1.8,WIN,TP,1,0.6652037966362557,True,0.8450722460504282,0.0016195452103224023,0.0,1.987328609210535,0.0,0.25868102168613744
2026-04-17 05:00:00,LONG,1.2467676282810758,1.2441632658212776,1.2498928632328337,1.5,1.8,WIN,SL,2,0.3348150133414578,True,0.70829959398581,0.0017362416398655212,2.6331458317628105,0.0,0.3666904187469203,0.0
2026-04-17 08:00:00,LONG,1.2450615059934376,1.2422638700082027,1.2484186691757195,1.5,1.8,LOSS,SL,4,0.34467956312084885,True,0.6741223347415614,0.0018650906568232603,1.7679081388876907,0.6853252289082192,0.26483100923839903,0.10266108743777345
2026-04-17 09:00:00,LONG,1.2455007443080215,1.2425945972631098,1.2489881207619153,1.5,1.8,WIN,SL,3,0.22547987495816005,True,0.41513708629289797,0.0019374313632744,1.9286088464213345,0.0,0.30000361570406886,0.0
2026-04-17 10:00:00,SHORT,1.244352087125943,1.247259255943553,1.240863484544811,1.5,1.8,WIN,TP,10,-0.8668971207817416,True,-0.8030648738348671,0.0019381125450733197,0.5475180188983338,2.007059144678596,0.0852774349044147,0.3126049730820285
2026-04-17 13:00:00,SHORT,1.2424744856771432,1.2453987613284156,1.2389653548956163,1.5,1.8,WIN,SL,22,-0.8303200522245762,True,-1.0,0.0019495171008482779,1.7243623327314068,1.7404944105609785,0.2705628078862648,0.27309402779971237
2026-04-17 14:00:00,SHORT,1.2424971972180476,1.2451000614033818,1.2393737601956465,1.5,1.8,WIN,TP,8,-0.4202878704192628,True,-1.0,0.0017352427902228098,1.0353024885141142,1.9150654789478598,0.1445879461874214,0.26745360654247735
2026-04-17 16:00:00,SHORT,1.2427755458061762,1.2454188120809622,1.239603626276433,1.5,1.8,LOSS,TP,6,-0.32262356697596783,True,-0.9277798234043468,0.0017621775165240297,0.5841163802455516,2.043751052040131,0.0828240268949293,0.2897910379256155
2026-04-17 20:00:00,SHORT,1.2411274248618078,1.2435316211132437,1.2382423893600847,1.5,1.8,WIN,SL,12,-0.9216086224855798,True,-0.9626245067744554,0.001602797500957249,1.5800879970153703,1.2765572698747452,0.20405326980755148,0.16485517610827646
2026-04-17 21:00:00,SHORT,1.240953727233155,1.2431378829406363,1.2383327403841775,1.5,1.8,WIN,SL,9,-0.617897593069441,True,-0.711673938708872,0.0014561038049875391,1.5591235089461049,1.2858734156987168,0.18294362021730762,0.15088114344971368
2026-04-17 22:00:00,SHORT,1.240286305263535,1.2423696916075087,1.2377862416507663,1.5,1.8,WIN,SL,2,-0.2810236409285266,True,-1.0,0.0013889242293158657,1.7595726950524435,0.8675370320990291,0.19704427429614127,0.09715040782096616
2026-04-17 23:00:00,SHORT,1.2407028527648565,1.242796681379771,1.2381902584269588,1.5,1.8,WIN,SL,7,-0.6131591030844499,True,-0.5058102498914828,0.0013958857432764418,1.8061078095137377,1.0379843316543123,0.20320096278510646,0.11678118794292672
2026-04-18 05:00:00,SHORT,1.2393960716503776,1.241626010050855,1.2367201455698047,1.5,1.8,WIN,SL,1,-0.5884943235903474,True,-0.7469298555513582,0.0014866256003182507,2.574892599575787,0.0,0.3088521372753868,0.0
2026-04-18 08:00:00,LONG,1.2434156483003063,1.2406040871678128,1.2467895216592983,1.5,1.8,WIN,TP,4,0.6531641647681002,True,1.0,0.0018743740883289434,0.0,2.208294090101841,0.0,0.33288701389232894
2026-04-18 10:00:00,LONG,1.2439263618465777,1.2413519463245912,1.2470156604729614,1.5,1.8,WIN,TP,2,0.7859930929298035,True,1.0,0.0017162770146576442,0.0,2.114143372332705,0.0,0.2916937679686334
2026-04-18 11:00:00,LONG,1.2457471721899613,1.2430503212491957,1.2489833933188803,1.5,1.8,WIN,TP,5,0.06770575539227636,True,1.0,0.0017979006271771545,0.0,2.203407092784813,0.0,0.3180024873811493
2026-04-18 12:00:00,LONG,1.2466038436982698,1.2439085942471801,1.2498381430395773,1.5,1.8,WIN,TP,14,0.38135490830399427,True,1.0,0.0017968329673930963,0.35640114280165364,1.8733149316314024,0.0513710370972984,0.27001633634299693
2026-04-18 13:00:00,LONG,1.246811250081669,1.2441828016877379,1.2499653881543864,1.5,1.8,WIN,TP,13,0.3775204670013149,True,1.0,0.001752298929287442,0.4838213915627736,1.8025621035734216,0.06799743797196854,0.25333647285095706
2026-04-18 14:00:00,LONG,1.2468875162672204,1.244416334220829,1.24985293472289,1.5,1.8,WIN,TP,12,0.33156796797334204,True,1.0,0.0016474546975941973,0.560905191082085,1.870984047704438,0.0741098038032739,0.24720445255094697
2026-04-18 15:00:00,LONG,1.248661690178015,1.2461480690090005,1.2516780355808323,1.5,1.8,LOSS,SL,5,0.4805594904555432,True,1.0,0.0016757474460095917,1.5832011888354525,0.6481834792437571,0.21247110963515894,0.08698847881954996
2026-04-18 16:00:00,LONG,1.2491058769271486,1.2466649340801588,1.2520350083435363,1.5,1.8,WIN,SL,3,0.7335681061930095,True,1.0,0.0016272952313265737,1.5420940040741837,0.3945227936490492,0.2008990803294074,0.05139716917625063
2026-04-18 17:00:00,LONG,1.2487508032628118,1.246283213876302,1.2517119105266237,1.5,1.8,WIN,SL,3,0.4501782147696236,True,0.9248373783211725,0.0016450595910065496,1.6669052285391084,0.0,0.21959212569412143,0.0
2026-04-18 20:00:00,SHORT,1.2460640801844043,1.2483609734251357,1.2433078082955265,1.5,1.8,WIN,SL,5,-0.27614256560926087,True,-0.6766433683920254,0.001531262160487696,1.6264754693849446,0.06571690448159707,0.1998741782896152,0.00807581333394682
2026-04-18 21:00:00,SHORT,1.246677069672,1.2488151409040253,1.2441113841935696,1.5,1.8,WIN,SL,5,-0.7008510679780477,True,-1.0,0.0014253808213502733,2.3101251289571763,0.2110560677625766,0.2641267842201687,0.024130970123444236
2026-04-18 22:00:00,SHORT,1.2474565676709652,1.2494759057407,1.2450333619872833,1.5,1.8,WIN,SL,4,-0.17946800865162954,True,-0.3843168705538786,0.0013462253798233181,1.8669311189924802,0.8024906426332771,0.20147475430443573,0.08660287645931057
2026-04-19 01:00:00,LONG,1.2483905846482286,1.2463250702409794,1.2508692019369279,1.5,1.8,WIN,SL,2,0.4398639138860847,True,0.3962470992822262,0.0013770096048328906,2.082255602397519,1.1469005531721899,0.22967859574384916,0.12650632718054933
2026-04-19 02:00:00,LONG,1.2488348658378952,1.246757250650772,1.2513280040624428,1.5,1.8,WIN,SL,1,0.5211772528964922,True,0.7741792218514911,0.0013850767914153708,2.390890652713222,0.0,0.2651725415804405,0.0
2026-04-19 03:00:00,SHORT,1.2459604487015827,1.2482615379306743,1.2431991416266728,1.5,1.8,WIN,TP,9,-0.10147554811646958,True,-0.6651788773748678,0.001534059486061033,1.3566794666875386,1.8324920082244724,0.16703796718307484,0.22562126681286632
2026-04-19 04:00:00,SHORT,1.2456477290020604,1.2480048444671457,1.2428191904439583,1.5,1.8,WIN,SL,2,-0.17227908253840998,True,-0.7256352657677265,0.001571410310056793,1.5234383340987572,0.20006480707126298,0.19218488896988725,0.02523858818120045
2026-04-19 05:00:00,SHORT,1.246126004795432,1.2483964521394313,1.2434014679826326,1.5,1.8,WIN,TP,7,-0.5760452487050174,True,-0.6197589419776032,0.0015136315626663097,1.2656124243290523,1.9666000073052001,0.15373011270088716,0.23887695391491426
2026-04-19 07:00:00,SHORT,1.2468366154465698,1.2491210570166011,1.244095285562532,1.5,1.8,WIN,TP,3,-0.4394320709792445,True,-0.7002998757893358,0.0015229610466875876,0.0,1.9402537780505964,0.0,0.23699423709987355
2026-04-19 10:00:00,SHORT,1.2448580740844646,1.2471408328240168,1.242118763597002,1.5,1.8,WIN,TP,5,-0.09925101691561215,True,-0.38639988655881785,0.0015218391597014832,0.0,3.462041189266299,0.0,0.4232345810344533
2026-04-19 11:00:00,SHORT,1.243730466358016,1.246021812260241,1.240980851275346,1.5,1.8,WIN,TP,4,-0.39703162131589476,True,-1.0,0.0015275639348166464,0.717887351853928,2.710892836294542,0.08817174280246502,0.3329549480284515
2026-04-19 12:00:00,SHORT,1.24352055059636,1.2458390035350901,1.240738407069884,1.5,1.8,WIN,TP,3,-0.25603988441468306,True,-1.0,0.0015456352924867625,0.0,2.5433854838391974,0.0,0.31613038999115123
2026-04-19 13:00:00,SHORT,1.24324198629176,1.2455896736791507,1.2404247614268913,1.5,1.8,WIN,TP,2,-0.8526339752311447,True,-0.7245402778569667,0.0015651249249271399,0.0,2.333731961869103,0.0,0.2937949411212428
2026-04-19 14:00:00,SHORT,1.242671093538907,1.2450003328363466,1.2398760063819791,1.5,1.8,WIN,TP,1,-0.972919313812828,True,-1.0,0.0015528261982931748,0.0,1.9845680811893815,0.0,0.24798913604654496
2026-04-19 15:00:00,SHORT,1.2406815662633246,1.243107585901898,1.2377703426970366,1.5,1.8,WIN,SL,3,-0.2984867404693471,True,-1.0,0.0016173464257156014,2.0512063963905582,0.1788244207876753,0.2673942632676412,0.023311464090071322
2026-04-19 16:00:00,SHORT,1.240777415188569,1.2431756106354164,1.2378995806523523,1.5,1.8,WIN,SL,2,-0.39309126050199106,True,-1.0,0.0015987969645649017,2.015054118669467,0.0,0.25964869838262883,0.0
2026-04-19 20:00:00,LONG,1.2417336591210235,1.2393642835114562,1.2445769098525041,1.5,1.8,WIN,TP,7,1.0,True,0.7224966731875869,0.00157958373971147,0.0,3.0697798037264015,0.0,0.3905003481900699
2026-04-19 21:00:00,LONG,1.2427030849335536,1.2402356174989655,1.2456640458550594,1.5,1.8,WIN,TP,6,0.5695529095175228,True,0.35216298693827974,0.0016449782897254611,0.5682406977908412,2.3584192412522644,0.07521857976673169,0.3121862733718253
2026-04-20 02:00:00,LONG,1.2437108565756945,1.2412785207620884,1.2466296595520217,1.5,1.8,WIN,TP,3,0.2459254106670154,True,0.5601443978276851,0.0016215572090706295,0.0,1.919483253438558,0.0,0.2502633060447362
2026-04-20 03:00:00,LONG,1.2451709990300504,1.2425003270234174,1.2483758054380099,1.5,1.8,WIN,TP,4,0.19934353598236504,True,0.9145434533818049,0.0017804480044219925,0.16033834103300953,2.1768591005630755,0.022926496003113642,0.31126523541943213
2026-04-20 04:00:00,LONG,1.245715203628476,1.2430356668541778,1.248930647757634,1.5,1.8,WIN,TP,3,0.22506008152744422,True,0.9309852722468359,0.0017863578495322147,0.0,1.865012569543203,0.0,0.26744313895950184
2026-04-20 05:00:00,LONG,1.2466976259281184,1.2442295339167748,1.2496593363417305,1.5,1.8,WIN,TP,3,0.07497300806763701,True,1.0,0.0016453946742289885,0.4258729777249918,2.359102998525852,0.056206823120006855,0.31135500934657917
2026-04-20 06:00:00,LONG,1.24663610199989,1.2441947221461709,1.2495657578243529,1.5,1.8,WIN,TP,2,0.5748989155793315,True,1.0,0.0016275865691460143,0.0,2.4227156408826134,0.0,0.31630557077841376
2026-04-20 07:00:00,LONG,1.2483047116404284,1.2458338365449177,1.2512697617550412,1.5,1.8,WIN,TP,4,0.38690194825313184,True,1.0,0.0016472500636738171,0.4432975319782417,2.126748918304685,0.05849708656614791,0.2806436007512826
2026-04-20 08:00:00,LONG,1.2480886683761045,1.2454242117625753,1.2512860163123396,1.5,1.8,LOSS,TP,3,0.6605214724477608,True,1.0,0.0017763044090194516,0.17090205693649713,2.0938587645980333,0.024323117815160937,0.298002109117676
2026-04-20 09:00:00,LONG,1.248119014209143,1.2456635214910294,1.2510656054708793,1.5,1.8,WIN,TP,2,0.5783477301553133,True,0.8824361841177538,0.001636995145409064,0.0,2.253509873090843,0.0,0.2955635384433744
2026-04-20 10:00:00,LONG,1.2494175495464637,1.2468508399392146,1.2524976010751625,1.5,1.8,WIN,TP,8,0.5688393890238986,True,1.0,0.0017111397381660565,0.27181802365786856,2.3126315268608417,0.03722683597645778,0.3167264383939299
2026-04-20 11:00:00,LONG,1.2501137567427296,1.247502063695742,1.2532477883991147,1.5,1.8,WIN,TP,7,1.0,True,1.0,0.0017411286979917482,0.6669959661432198,1.8729393828512564,0.09289761126400359,0.26085854119213475
2026-04-20 12:00:00,LONG,1.2499009311364793,1.2473222515188649,1.2529953466776167,1.5,1.8,WIN,TP,6,0.5612299379673087,True,0.6282365677952908,0.0017191197450763251,0.551735976835183,2.0207167797827834,0.07588603130200952,0.2779303566221853
2026-04-20 14:00:00,LONG,1.250359063606137,1.2477956144294309,1.2534352026181843,1.5,1.8,WIN,TP,5,0.5082547458224049,True,0.7412676228919285,0.0017089661178040863,0.5961355169293643,2.3820741438533513,0.08147862719638925,0.32557719781722494
2026-04-20 15:00:00,LONG,1.2502775533282706,1.2476314497691665,1.2534528775991955,1.5,1.8,WIN,TP,4,0.1607039096926078,True,0.3538190651663092,0.0017640690394027697,0.0,2.353872885391584,0.0,0.33211779806453207
2026-04-20 18:00:00,LONG,1.2527233213243942,1.25013774683825,1.2558260107077674,1.5,1.8,WIN,TP,3,0.6359608751838707,True,1.0,0.0017237163240961964,0.0,1.8064883172014154,0.0,0.2485683269915597
2026-04-20 19:00:00,LONG,1.2542743240145942,1.2516246329467537,1.2574539532960025,1.5,1.8,WIN,SL,11,0.7092642604635695,True,1.0,0.0017664607118935693,1.5443026356312615,1.315744577973801,0.21749228863944858,0.18530325140026235
2026-04-20 20:00:00,LONG,1.2544274690689483,1.2518017193887,1.2575783686852462,1.5,1.8,WIN,SL,10,0.18612284020264208,True,1.0,0.001750499786832203,1.645869944768316,1.2402549636709337,0.22967409902215005,0.1730722662773754
2026-04-20 21:00:00,LONG,1.2553854474576656,1.2528669430432642,1.2584076527549473,1.5,1.8,WIN,SL,8,0.7910501159583934,True,1.0,0.001679002942934295,1.5478926045908799,0.7225047853020781,0.20702137687811295,0.09663069324747833
2026-04-20 22:00:00,LONG,1.2543242832719212,1.2519690326202633,1.2571505840539108,1.5,1.8,WIN,SL,8,0.585474319044585,True,1.0,0.0015701671011053575,1.7691806104508425,1.4484138948966623,0.22146658782664988,0.18131290902048047
2026-04-20 23:00:00,LONG,1.254520042796807,1.2520066421539897,1.257536123568188,1.5,1.8,WIN,SL,7,0.7546558380437588,True,0.7917961819220061,0.0016756004285448972,1.7746884428237937,1.2404462819753335,0.23703636561276256,0.16568028016762773
2026-04-21 00:00:00,LONG,1.2560761268826297,1.2535979824132715,1.2590499002458597,1.5,1.8,WIN,SL,5,0.8268861195017729,True,1.0,0.0016520963129055424,1.9911645814601766,0.2946460512474483,0.26189460917330626,0.038754311499112896
2026-04-21 01:00:00,LONG,1.2563036541279156,1.254029473843934,1.2590326704686936,1.5,1.8,LOSS,SL,3,0.4180924244539988,True,0.931246998149793,0.0015161201893210924,1.7718949972767761,0.0,0.21383411326564805,0.0
2026-04-21 05:00:00,SHORT,1.2537455156171398,1.2559456340036568,1.2511053735533193,1.5,1.8,WIN,TP,2,-0.7636357041457684,True,-1.0,0.0014667455910113425,0.0,2.522827911538164,0.0,0.29514336602093516
2026-04-21 06:00:00,SHORT,1.2533213714301845,1.2556555474274682,1.250520360233444,1.5,1.8,WIN,TP,1,-0.5144008195033041,True,-1.0,0.0015561173315225313,0.0,2.105369860490031,0.0,0.2614016328019034
2026-04-21 07:00:00,SHORT,1.251487890831098,1.2540534319935392,1.2484092414361685,1.5,1.8,WIN,SL,5,-0.6701564895838289,True,-1.0,0.0017103607749608158,2.1176995296561847,0.4393301453624925,0.28941791887986706,0.06004157558303151
2026-04-21 08:00:00,SHORT,1.2511744111953405,1.2535883752069235,1.248277654381441,1.5,1.8,WIN,SL,3,-0.6130372963639218,True,-1.0,0.00160930934105533,1.669203147697651,0.0,0.2146994210936907,0.0
2026-04-21 10:00:00,SHORT,1.252263450406636,1.2547571848876036,1.2492709690294748,1.5,1.8,WIN,SL,2,-0.42986292175102425,True,-0.5820934310554018,0.0016624896539784162,1.7121734419984465,0.0,0.2273060538670775,0.0
2026-04-21 12:00:00,LONG,1.2544924676971068,1.251915557420015,1.257584760029617,1.5,1.8,WIN,SL,23,0.4290895590614219,True,0.9994208648946941,0.0017179401847278969,1.926806125737086,1.4587639781333055,0.263862698008868,0.19976758112140494
2026-04-21 13:00:00,LONG,1.2552627654327178,1.2527355120789478,1.2582954694572417,1.5,1.8,WIN,SL,12,0.7809651288763242,True,1.0,0.0016848355691800082,1.6571156575023989,1.030232002582022,0.2224209527192263,0.13827953558866063
2026-04-21 14:00:00,LONG,1.2546115457628495,1.2521230831439218,1.2575977009055628,1.5,1.8,WIN,SL,21,0.2244861831401412,True,0.7754680773028776,0.0016589750792850935,2.0670688668838313,1.4388348698731663,0.2733288840603858,0.19025739085436327
2026-04-21 15:00:00,LONG,1.2559838551683886,1.2533808831290785,1.2591074216155609,1.5,1.8,WIN,SL,6,0.5768396280977515,True,1.0,0.0017353146928734528,1.5820982925901528,0.5847249441003093,0.2185886706587973,0.08078780492372155
2026-04-21 16:00:00,LONG,1.2548824087297563,1.2522102759290343,1.2580889680906227,1.5,1.8,WIN,SL,19,0.40117765788531323,True,0.42513633548698115,0.0017814218671480095,2.0770367606168754,1.1878871953037273,0.29485461573874,0.1686315953349932
2026-04-21 17:00:00,LONG,1.2556446532445567,1.2529660835025274,1.2588589369349918,1.5,1.8,WIN,SL,8,0.07546377641234159,True,0.584014424826572,0.001785713161352834,1.7773600388539352,0.7581753553259115,0.25276699149260806,0.10782379450431598
2026-04-21 19:00:00,LONG,1.2565189666314285,1.2539285257816224,1.2596274956511957,1.5,1.8,WIN,SL,2,0.5707896428087683,True,0.7330146596772581,0.0017269605665373483,1.8996090236844496,0.0,0.2610824000959017,0.0
2026-04-21 23:00:00,SHORT,1.2541178105302495,1.2563196963714054,1.2514755475208623,1.5,1.8,WIN,TP,12,-0.6714455913141381,True,-0.6132923762601944,0.0014679238941039793,0.9464189409562545,1.9997497939211484,0.11077675204013537,0.23406736433200173
2026-04-22 01:00:00,SHORT,1.2532811322918953,1.255543400700741,1.2505664102012806,1.5,1.8,WIN,TP,12,-0.2347040365283031,True,-0.7281603364972545,0.0015081789392304662,1.3287131227567928,2.470433339254328,0.15989526183612993,0.2972880894027854
2026-04-22 03:00:00,SHORT,1.2531520157437144,1.255405050665909,1.250448373837081,1.5,1.8,WIN,TP,10,-0.06733913707293987,True,-0.7622649867599073,0.0015020232814629989,1.4201202621335107,2.394596028732624,0.1702150792085632,0.2870153771983255
2026-04-22 08:00:00,LONG,1.2549001188486257,1.2526684207629746,1.2575781565514073,1.5,1.8,WIN,SL,3,0.5203552014373924,True,0.722358678919123,0.001487798723767475,2.498852004448709,0.0,0.29626173169173553,0.0
2026-04-22 10:00:00,SHORT,1.253133601178504,1.2553222173755199,1.2505072617420847,1.5,1.8,WIN,TP,3,-0.3409777160800055,True,-0.40816533414847184,0.0014590774646772958,0.0,2.4524567792130236,0.0,0.28555011343399983
2026-04-22 11:00:00,SHORT,1.2518349908190625,1.2540231616905655,1.249209185773259,1.5,1.8,WIN,SL,20,-1.0,True,-0.9327792550225016,0.0014587805810019536,2.1773796790622773,1.562753226833829,0.2537330571983839,0.1821097889835894
2026-04-22 12:00:00,SHORT,1.2523586235511808,1.2545031913578168,1.2497851421832176,1.5,1.8,WIN,TP,1,-0.8547047512718275,True,-1.0,0.001429711871090676,0.0,1.9607774468453314,0.0,0.2238453698168727
2026-04-22 13:00:00,SHORT,1.250831092458746,1.2531870748903085,1.2480039135408711,1.5,1.8,WIN,SL,8,-0.28542153988987856,True,-1.0,0.0015706549543749646,1.6755028865431107,0.4354532092101973,0.21039106924065254,0.054679384336381275
2026-04-22 14:00:00,SHORT,1.2511769884361916,1.253529634064438,1.248353813682296,1.5,1.8,WIN,SL,10,-0.21169225742757958,True,-1.0,0.0015684304188308287,1.8068178405711461,0.6478935058505458,0.22649617828889118,0.08121759688124004
2026-04-22 15:00:00,SHORT,1.2507492899265051,1.2529769980603986,1.248076040165833,1.5,1.8,WIN,SL,4,-0.842601360593906,True,-1.0,0.0014851387559289275,1.5440911181081518,0.243959786520685,0.18334526196875126,0.028967766503493815
2026-04-22 17:00:00,SHORT,1.251288724593416,1.2533953651495218,1.2487607559260887,1.5,1.8,WIN,SL,4,-0.183270959446313,True,-0.38190561196942246,0.0014044270374039547,1.5479656238797623,0.4625733886604275,0.17374125830591364,0.0519185189676639
2026-04-22 19:00:00,LONG,1.251348419653228,1.2491470793104151,1.2539900280646035,1.5,1.8,WIN,TP,5,0.656922410505767,True,0.3963879011013404,0.001467560228541934,0.0,1.814192558248042,0.0,0.21276542996229486
2026-04-22 20:00:00,LONG,1.251978867500223,1.2496829445201865,1.254733975076267,1.5,1.8,WIN,TP,11,0.36867319134307835,True,0.6454970295523432,0.0015306153200244405,0.3300148895173108,1.9811917942094917,0.040346195837948434,0.2422119566745176
2026-04-22 21:00:00,LONG,1.2531313084808826,1.2508871662565573,1.255824279150073,1.5,1.8,WIN,TP,11,0.16992905198227015,True,0.49622809731387946,0.0014960948162169307,1.1079289951570896,2.122979519234082,0.13227399356898617,0.2534593647262047
2026-04-22 23:00:00,LONG,1.2517244642770797,1.2495419565044397,1.2543434736042478,1.5,1.8,WIN,TP,8,0.1910062201664917,True,0.3171708995963473,0.0014550051817600687,0.0,2.2589924602818736,0.0,0.26258540350294546
2026-04-23 00:00:00,LONG,1.2529682452743893,1.2507187408808842,1.2556676505465953,1.5,1.8,WIN,TP,8,0.7867987820373475,True,0.3286440631805356,0.0014996695956700343,0.7276806647403931,2.2266517036788858,0.08709562851125137,0.26650650347669763
2026-04-23 01:00:00,LONG,1.2532934263123827,1.251175434961948,1.2558350159329044,1.5,1.8,WIN,TP,7,0.6094649836239548,True,0.4448144372855183,0.0014119942336231167,1.0031638745626752,2.134612699109091,0.11301915230092882,0.24049123364742359
2026-04-23 03:00:00,SHORT,1.2522816227461102,1.2542040435618056,1.2499747177672758,1.5,1.8,WIN,SL,4,-0.1103281103914489,True,-0.40268290600296397,0.0012816138771302166,2.1298827321914393,0.3157409943899192,0.21797710807659043,0.03231366113172256
2026-04-23 07:00:00,LONG,1.2545467972042803,1.2525494369220722,1.2569436295429302,1.5,1.8,WIN,TP,4,0.42176784121025157,True,0.7531550782294375,0.0013315735214720942,0.8212443706805096,2.1083586439400817,0.08716671718369672,0.22378077488171083
2026-04-23 08:00:00,LONG,1.2558224508262414,1.2537675039393357,1.2582883870905284,1.5,1.8,WIN,SL,1,0.803224979870918,True,1.0,0.0013699645912705258,1.7293884058857933,0.0,0.18865731211116288,0.0
2026-04-23 09:00:00,LONG,1.2541312732055268,1.2520191245049002,1.2566658516462785,1.5,1.8,WIN,TP,2,0.6768568972427844,True,0.7764640348407912,0.0014080991337509982,0.10130683353857331,2.288871902225678,0.011374412519361853,0.25698733550860103
2026-04-23 10:00:00,LONG,1.2544740214732049,1.2524036146806974,1.2569585096242137,1.5,1.8,WIN,TP,1,0.6561700340633247,True,1.0,0.0013802711950049926,0.0,2.0866988208809594,0.0,0.2295950514567424
2026-04-23 11:00:00,LONG,1.256164306281151,1.2539442907307752,1.258828324941602,1.5,1.8,LOSS,TP,3,0.2002561465402134,True,1.0,0.0014800103669172346,0.0,2.9743187353049265,0.0,0.35043366068882725
2026-04-23 12:00:00,LONG,1.256752598856554,1.2545559896686846,1.2593885298819973,1.5,1.8,WIN,TP,2,0.21157540364545918,True,1.0,0.001464406125246295,0.0,2.6042843727678195,0.0,0.30345908899128526
2026-04-23 13:00:00,LONG,1.258155208065719,1.25590986015632,1.2608496255569979,1.5,1.8,WIN,TP,2,0.2336325589146243,True,1.0,0.001496898606266022,0.0,2.588753996594024,0.0,0.3079987448786028
2026-04-23 14:00:00,LONG,1.2598209667409677,1.257562255057642,1.2625314207609586,1.5,1.8,WIN,TP,3,0.5706560867619985,True,1.0,0.0015058077888838411,0.0,2.3836495592763574,0.0,0.28490699608001324
2026-04-23 16:00:00,LONG,1.2617619316030662,1.2592878606740505,1.264730816717885,1.5,1.8,WIN,TP,5,0.49811747826061353,True,1.0,0.0016493806193437685,0.0,2.023842705389297,0.0,0.2645575881837181
2026-04-23 17:00:00,LONG,1.2630463468505868,1.2604397035017016,1.266174318869249,1.5,1.8,LOSS,TP,7,0.9225928149362409,True,1.0,0.001737762232590066,0.48206778701779834,2.094370069563589,0.066325293281332,0.2881538921378294
2026-04-23 18:00:00,LONG,1.2628199785660754,1.2602139284333476,1.265947238725349,1.5,1.8,WIN,TP,5,0.7000478104041921,True,1.0,0.001737366755151967,0.23567181544414348,1.8866520516285963,0.03242333699407345,0.2595624561436465
2026-04-23 19:00:00,LONG,1.262729074008411,1.260044539181582,1.2659505158006057,1.5,1.8,WIN,TP,4,0.39478171671626494,True,1.0,0.001789689884552684,0.051301251676948545,1.8822876185307522,0.007271023775486035,0.26678019695940014
2026-04-23 20:00:00,LONG,1.2638746640567684,1.261152243155759,1.2671415691379797,1.5,1.8,WIN,TP,12,0.1265512392634289,True,0.672055726776726,0.001814947267339598,0.5927537582928936,1.894192646993648,0.0851205300979625,0.2720095485925071
2026-04-23 21:00:00,LONG,1.2647980890862769,1.262215742354897,1.2678969051639328,1.5,1.8,WIN,TP,14,0.7417145854330047,True,1.0,0.001721564487586583,1.1612936127243971,1.8643177180632031,0.15806806324096778,0.25375933160325403
2026-04-23 22:00:00,LONG,1.2637535469228665,1.261145641057944,1.2668830339607735,1.5,1.8,WIN,TP,10,0.31395070324186103,True,0.44426818685235825,0.0017386039099483203,0.5189825165410178,2.047031461285291,0.07139881305576307,0.2816195381641966
2026-04-23 23:00:00,LONG,1.2657503171433746,1.2631450858517774,1.2688765946932912,1.5,1.8,WIN,SL,4,0.4260702642251778,True,1.0,0.001736820861064779,1.6691849562331187,0.5386548124446711,0.2290400574027899,0.07391243774508721
2026-04-24 00:00:00,LONG,1.2660577052565996,1.2634896196333159,1.26913940800454,1.5,1.8,WIN,SL,3,0.32329073632815764,True,1.0,0.0017120570821891176,1.872871763181046,0.0,0.25326360345765253,0.0
2026-04-24 01:00:00,LONG,1.2650449979984084,1.2626155193789854,1.2679603723417159,1.5,1.8,WIN,TP,10,0.4168696724701954,True,0.7879095511280263,0.0016196524129486229,1.3544610500725882,1.829179051739243,0.1734132865997667,0.2341920065730552
2026-04-24 05:00:00,SHORT,1.2645340338971853,1.2668428425735592,1.2617634634855366,1.5,1.8,WIN,SL,3,-0.642525430263331,True,-0.46470096382103215,0.0015392057842492487,1.8051451966276058,0.33172527403897967,0.21972440864212175,0.04037799275428432
2026-04-24 08:00:00,LONG,1.2663808656582107,1.2640552627220043,1.2691715891816584,1.5,1.8,WIN,TP,4,0.5497456827991866,True,1.0,0.0015504019574709784,1.0882060309966615,2.0976112549390726,0.1332266466069855,0.25680588548535677
2026-04-24 09:00:00,LONG,1.2663242324129675,1.2639634272308515,1.2691571986315067,1.5,1.8,WIN,TP,3,0.1605048089633475,True,1.0,0.0015738701214106682,1.035996231940863,2.102316954812135,0.12876035012287615,0.26128962521778865
2026-04-24 11:00:00,LONG,1.2670157311216965,1.2644440707762403,1.270101723536244,1.5,1.8,WIN,TP,2,0.6025055299666499,True,1.0,0.0017144402303040929,0.0,1.978471011282712,0.0,0.2677133529534454
2026-04-24 12:00:00,LONG,1.2693387004475454,1.2667008222497116,1.2725041542849458,1.5,1.8,WIN,TP,6,1.0,True,1.0,0.0017585854652224825,0.8508564260819492,2.334762352412153,0.1178805738272452,0.323466001332269
2026-04-24 13:00:00,LONG,1.2695451933852244,1.2668836294890298,1.272739070060658,1.5,1.8,WIN,TP,5,0.4294094968203376,True,1.0,0.0017743759307964663,0.0,2.1976099496972394,0.0,0.3071482780084383
2026-04-24 14:00:00,LONG,1.2706269232920295,1.2679272482391588,1.2738665333554744,1.5,1.8,WIN,TP,5,0.8326111991206138,True,1.0,0.0017997833685805226,0.2788839819795166,2.618639695886936,0.03950260641650868,0.3709180158682089
2026-04-24 15:00:00,LONG,1.2717585807759004,1.269066706267816,1.2749888301856016,1.5,1.8,WIN,TP,4,0.06534966826017197,True,1.0,0.001794583005389578,0.9102884801065592,1.9956316750663279,0.1284511275248866,0.28160428741956667
2026-04-24 16:00:00,LONG,1.2712221047944574,1.2685320402755234,1.2744501822171783,1.5,1.8,WIN,TP,3,0.9188082650490716,True,1.0,0.0017933763459560468,0.611757960024421,2.296117421097685,0.08630374273860761,0.3239247221239903
2026-04-24 17:00:00,LONG,1.270948776109706,1.2684041820350482,1.2740022889992955,1.5,1.8,WIN,TP,2,0.6342689773060295,True,0.7020419196853662,0.0016963960497718502,0.00648925436669653,2.588506001223086,0.0008661517820824041,0.34550026231006314
2026-04-24 18:00:00,LONG,1.271650390902296,1.2689723815674396,1.2748640021041238,1.5,1.8,LOSS,TP,1,0.9813042301381318,True,1.0,0.0017853395565709926,0.0,2.0665629398711247,0.0,0.290136077422795
2026-04-24 19:00:00,LONG,1.274188354002186,1.2712721099566013,1.2776878468568877,1.5,1.8,WIN,TP,7,0.8331740952526205,True,1.0,0.001944162697056519,0.1708183567232377,2.127163212471591,0.026063546733157677,0.3245635823972601
2026-04-24 20:00:00,LONG,1.2742542244678776,1.27136680779723,1.277719124472655,1.5,1.8,WIN,TP,6,0.4702855442372966,True,1.0,0.0019249444470984534,0.20674318337092593,2.114180961783631,0.031231534113336852,0.3193774699272547
2026-04-24 21:00:00,LONG,1.2745396251715615,1.2716096440854332,1.2780556024749155,1.5,1.8,WIN,TP,5,0.1486620307889424,True,1.0,0.0019533207240855104,0.0,1.9373573178232066,0.0,0.2969134991274515
2026-04-24 22:00:00,LONG,1.2759303180775936,1.2731247653904394,1.2792969813021786,1.5,1.8,WIN,TP,6,0.3193841298907887,True,1.0,0.0018703684581028446,0.584362815955468,2.360702635035278,0.08566093019076591,0.3460521068409741
2026-04-25 00:00:00,LONG,1.2751627979834421,1.2723717351960941,1.2785120733282596,1.5,1.8,WIN,TP,3,0.01042454880640381,True,0.5733885163230336,0.0018607085248986133,0.08286062504503765,2.2018240528763924,0.012090963729772416,0.32128860659932124
2026-04-25 01:00:00,LONG,1.2756695154237887,1.2730600803539545,1.2788008375075899,1.5,1.8,WIN,TP,2,0.36845186405098673,True,0.481386918576914,0.0017396233798895322,0.0,2.063800352807008,0.0,0.2814392992666779
2026-04-25 02:00:00,LONG,1.2782611912685706,1.2756477796114738,1.281397285257087,1.5,1.8,WIN,TP,13,0.4856741363524441,True,1.0,0.0017422744380645807,1.1594535426853387,2.1569599374615693,0.15803392008947043,0.2939943877384827
2026-04-25 03:00:00,LONG,1.2788410455216588,1.2763773774586986,1.281797447197211,1.5,1.8,WIN,SL,8,0.43292295796033364,True,1.0,0.0016424453753067464,1.5829692492188168,1.508719590303845,0.20330443191019748,0.1937683750773287
2026-04-25 04:00:00,LONG,1.2786175319576367,1.2760954978227788,1.2816439729194662,1.5,1.8,WIN,TP,11,0.26206912521575065,True,1.0,0.0016813560899053201,1.4133989657978987,2.0231737312077245,0.18585909384268587,0.266043237237207
2026-04-25 06:00:00,LONG,1.280212223900531,1.2775796300164213,1.2833713365614625,1.5,1.8,WIN,SL,5,0.554624933971175,True,1.0,0.001755062589406434,2.2626651183120527,0.6306391245177397,0.3101922343316816,0.0864552856310726
2026-04-25 07:00:00,LONG,1.2804484075724665,1.2778069005864325,1.283618215955707,1.5,1.8,WIN,SL,2,0.613748057740593,True,1.0,0.0017610046573559104,1.6082122461498096,0.0,0.22117792788354454,0.0
2026-04-25 09:00:00,SHORT,1.2778721156555066,1.2802090569604085,1.2750677860896245,1.5,1.8,WIN,SL,6,-0.41191726711397997,True,-0.503770372129728,0.0015579608699345382,2.661871588730547,1.0468880752753513,0.3245310485474794,0.12763488900792122
2026-04-25 11:00:00,SHORT,1.2769402320927714,1.2795300396653178,1.2738324630057158,1.5,1.8,WIN,SL,3,-0.15215061392790985,True,-1.0,0.0017265383816975305,1.5356403632735345,0.0,0.20763242954060768,0.0
2026-04-25 12:00:00,SHORT,1.2777433232347613,1.2803313112877701,1.2746377375711506,1.5,1.8,LOSS,SL,3,-0.9453273685186853,True,-1.0,0.0017253253686726003,2.4783059905203553,0.2910834086134553,0.33464343886791986,0.03930473203405772
2026-04-25 14:00:00,LONG,1.2790840879291174,1.276495620790781,1.2821902484951213,1.5,1.8,WIN,TP,15,0.7776293370092835,True,0.6822852645952157,0.001725644758891016,0.4993063347711571,1.965440215387358,0.06736268301749672,0.26516252047885513
2026-04-25 15:00:00,LONG,1.281929237312414,1.2791528064819548,1.285260954308965,1.5,1.8,WIN,SL,7,0.43507370080774416,True,1.0,0.0018509538869727457,2.0026294382935745,0.10162884964147695,0.2891559561233546,0.014674001403294064
2026-04-25 16:00:00,LONG,1.2805361778762232,1.2778639526689306,1.2837428481249742,1.5,1.8,WIN,SL,31,0.4193170434778511,True,1.0,0.0017814834715283684,2.1523344618168307,1.6060191712403071,0.2994330293179908,0.22342958035496047
2026-04-25 17:00:00,LONG,1.2809344511118488,1.278275974928639,1.2841246225317005,1.5,1.8,WIN,SL,5,0.827821288022923,True,1.0,0.0017723174554732063,1.5301934391241352,0.3148025902158548,0.21171954115655808,0.04355649308857732
2026-04-25 18:00:00,LONG,1.2803782316221515,1.2777778091855507,1.2834987385460725,1.5,1.8,WIN,SL,29,0.7961207732825648,True,1.0,0.0017336149577338786,2.120656607428865,1.7414725508254796,0.2871340611748852,0.23579304833768558
2026-04-25 19:00:00,LONG,1.280450643456352,1.2778664937726245,1.283551623076825,1.5,1.8,WIN,SL,28,0.4978386946750858,True,0.43449538212181177,0.0017227664558183062,2.1760429780807313,1.7104065489792668,0.29277300677027174,0.23012453025440463
2026-04-25 23:00:00,SHORT,1.2798876200168312,1.282473911299729,1.2767840704773539,1.5,1.8,WIN,SL,6,-0.21024983942358125,True,-0.3905754597660163,0.0017241941885985618,1.5010603422731001,0.18179503411431244,0.20221459121926755,0.0244904268494958
2026-04-26 02:00:00,LONG,1.2809027535564141,1.2785765774144213,1.2836941649268054,1.5,1.8,WIN,SL,14,0.7876469221520443,True,0.3480299625658151,0.0015507840946618532,1.6184356668121591,1.6085546253137732,0.19594339096837668,0.19474709703022677
2026-04-26 03:00:00,LONG,1.280585511538206,1.2781634486109295,1.2834919870509383,1.5,1.8,WIN,SL,15,0.9147051817474925,True,0.5604074333554919,0.0016147086181845,1.6145793173272993,1.7413438653103912,0.2035846192964721,0.21956854276462814
2026-04-26 04:00:00,LONG,1.2810040948278618,1.278625120794388,1.2838588636680304,1.5,1.8,WIN,SL,12,0.09004505343568235,True,0.40479700673633484,0.001585982688982579,1.6464149198554736,1.5089569851603652,0.20383897071962961,0.18682060943804174
2026-04-26 05:00:00,LONG,1.2821057542010452,1.2798835810384181,1.2847723619961977,1.5,1.8,WIN,SL,9,0.16121977811900895,True,0.4868637059361531,0.0014814487750847624,1.872081405300296,0.8717954379667163,0.21631544009950623,0.10073430210170904
2026-04-26 06:00:00,LONG,1.2820125153345054,1.2798397975960476,1.2846197766206546,1.5,1.8,WIN,SL,8,0.09863694948001078,True,0.8147712988419513,0.0014484784923051639,1.8503235308216455,0.9560094662063621,0.20905832089338014,0.10801447986478833
2026-04-26 07:00:00,LONG,1.2826607956951352,1.2805196341942697,1.285230189496174,1.5,1.8,WIN,SL,6,0.3499773908758677,True,0.6291233871028564,0.0014274410005770757,1.8875363302710535,0.5159434185458541,0.21005917986660683,0.05741804786440969
2026-04-26 08:00:00,LONG,1.2821256730126418,1.2799794334004302,1.2847011605472956,1.5,1.8,LOSS,SL,5,0.01708300817793107,True,0.6786373752303722,0.0014308264081410252,1.5090747928112236,0.8887182015013305,0.16840970513761444,0.09917915995830484
2026-04-26 09:00:00,LONG,1.2821631019781166,1.2800730164605365,1.2846712045992128,1.5,1.8,WIN,SL,4,0.08634417055346527,True,0.48866840613142687,0.0013933903450534166,1.576480731825938,0.8857334995970751,0.17132399360892683,0.0962570600202784
2026-04-26 12:00:00,SHORT,1.2815732925906267,1.2836255116202233,1.279110629755111,1.5,1.8,WIN,TP,3,-0.8009399503010746,True,-0.5154471175019328,0.0013681460197310091,0.0,1.890146959676168,0.0,0.20178300020283454
2026-04-26 13:00:00,SHORT,1.2801223893841762,1.282218599927827,1.2776069367317953,1.5,1.8,WIN,TP,10,-0.0052403548059447025,True,-0.9526560885765212,0.0013974736957671802,0.767298361738956,2.4476738182916553,0.0837638093222695,0.2672056832414377
2026-04-26 14:00:00,SHORT,1.2794805022816458,1.2815249751879398,1.277027134794093,1.5,1.8,WIN,TP,9,-0.8260988261455209,True,-1.0,0.0013629819375293728,1.2576589114402237,2.0386716785014527,0.13397362263895968,0.2171719435657733
2026-04-26 15:00:00,SHORT,1.2794647414640963,1.2814715163134813,1.2770566116448343,1.5,1.8,WIN,TP,8,-0.7882801771637011,True,-1.0,0.0013378498995900076,1.2930652369488749,2.0651882230191716,0.13520710195075947,0.21594278976684067
2026-04-26 16:00:00,SHORT,1.278902577016961,1.2809659278764531,1.2764265559855705,1.5,1.8,LOSS,SL,4,-0.8217271481889405,True,-0.9001010053192114,0.0013755672396614318,1.666288334341786,0.6718251136987522,0.17922331894090612,0.072260439050907
2026-04-26 17:00:00,SHORT,1.2795095840517412,1.2814643103176382,1.2771639125326648,1.5,1.8,WIN,TP,6,-0.6617228791969569,True,-0.9266757552555085,0.001303150843931384,1.293084847097859,2.1545889775699876,0.13169769345802085,0.21943989161491473
2026-04-26 21:00:00,LONG,1.2798880523050282,1.2778527449946202,1.282330421077518,1.5,1.8,WIN,SL,2,0.2608335172615277,True,0.44371059929076706,0.001356871540272039,2.348212489661184,0.11287123349735968,0.24894542081194898,0.011966028135987917
2026-04-27 00:00:00,SHORT,1.277798521131463,1.2799513958580944,1.2752150714595054,1.5,1.8,WIN,TP,3,-0.24753391398260366,True,-0.7868724265645435,0.0014352498177542567,0.18342163424048316,1.9518250178618455,0.020602298622378588,0.21923303673053804
2026-04-27 01:00:00,SHORT,1.2779763861415407,1.2800751322769943,1.2754578907789964,1.5,1.8,WIN,TP,2,-0.6489767059154437,True,-1.0,0.0013991640903023691,0.0,2.1292867161908378,0.0,0.2331202316066983
2026-04-27 02:00:00,SHORT,1.2770947978701608,1.2791518445457024,1.274626341859511,1.5,1.8,LOSS,TP,7,-0.8602144935420264,True,-1.0,0.0013713644503610281,0.0,2.2633814107546164,0.0,0.24304545046251463
2026-04-27 03:00:00,SHORT,1.2752221671168804,1.277331798392044,1.2726906095866841,1.5,1.8,WIN,TP,10,-0.5288829379397786,True,-1.0,0.0014064208501090977,1.29012527748171,1.862103116827948,0.14228572371866227,0.20536818729249146
2026-04-27 04:00:00,SHORT,1.2752160377360604,1.2773140073188647,1.2726984742366954,1.5,1.8,WIN,TP,9,-0.3653831331822322,True,-1.0,0.0013986463885361194,1.3016788841306577,1.868071364681811,0.14276706192899127,0.2048885200956622
2026-04-27 05:00:00,SHORT,1.2761344749679255,1.2783196629382148,1.2735122494035784,1.5,1.8,WIN,TP,6,-0.5808468355112089,True,-0.8596844994309906,0.0014567919801928683,0.6061487211183776,1.8365142667363876,0.06919588907365035,0.2096502608283974
2026-04-27 06:00:00,SHORT,1.2767168700926264,1.278878832483949,1.2741225152230389,1.5,1.8,WIN,TP,3,-0.21092333707273825,True,-0.45845628995461973,0.0014413082608818778,0.11607347629460885,1.891332410121984,0.01310374008299577,0.2135158617105667
2026-04-27 11:00:00,SHORT,1.2744389662136397,1.276925185657708,1.2714555028807577,1.5,1.8,WIN,SL,7,-0.3504630285130295,True,-0.8895189245150912,0.001657479629378852,1.8514891766145514,1.3354489769285507,0.24079659172470763,0.1736826583316228
2026-04-27 12:00:00,SHORT,1.274859491061578,1.2772984213354177,1.2719327747329705,1.5,1.8,WIN,SL,6,-0.7182325017948612,True,-0.41106979683497447,0.0016259535158930718,1.6287555089550876,1.6199751699700073,0.20773118644710453,0.20661134358256764
2026-04-27 13:00:00,SHORT,1.2732773875921983,1.2756413149134198,1.2704406748067325,1.5,1.8,WIN,SL,4,-0.36680836931326477,True,-0.9902029449923063,0.0015759515474810407,2.185343447301292,0.6674703010849777,0.27048272600401,0.0826136444535216
2026-04-27 14:00:00,SHORT,1.2725540014769203,1.2749095813738645,1.2697273056005873,1.5,1.8,WIN,SL,2,-0.6741274736371436,True,-0.7495368177916394,0.0015703865979627934,1.621318362698985,0.0,0.2000776882441513,0.0
2026-04-27 15:00:00,SHORT,1.2741808477817866,1.2766712698569473,1.271192341291594,1.5,1.8,WIN,SL,2,-0.17187184267989383,True,-0.6085371267784313,0.0016602813834404,1.530183511845003,0.2547048571632262,0.19938576242034345,0.03318851741933987
2026-04-27 17:00:00,LONG,1.2765903255022448,1.2740539693017792,1.2796339529428036,1.5,1.8,WIN,SL,6,0.3087540170785098,True,0.7236896347629524,0.0016909041336437161,1.9948347556183978,0.542577362840755,0.26422527782233063,0.0718669323526317
2026-04-27 18:00:00,LONG,1.2773298099294785,1.2747698634936981,1.280401745652415,1.5,1.8,WIN,SL,3,0.8249813597109459,True,1.0,0.0017066309571869911,1.817360854665599,0.0,0.24281624611292496,0.0
2026-04-27 19:00:00,LONG,1.276544139355132,1.2740506089024837,1.27953637589831,1.5,1.8,WIN,SL,4,0.13145380464428685,True,1.0,0.0016623536350988597,2.001311945217136,0.1814130637721458,0.2606167765400662,0.02362414715784073
2026-04-27 20:00:00,LONG,1.2762646430958224,1.2737183109834087,1.279320241630719,1.5,1.8,WIN,SL,3,0.0441742560986958,True,1.0,0.001697554741609153,1.795165630358533,0.0,0.23877429687285573,0.0
2026-04-27 21:00:00,LONG,1.2743497561096149,1.2717113026104672,1.277515900308592,1.5,1.8,WIN,TP,9,0.7853916544553279,True,0.3603610254732531,0.0017589689994317315,0.6438458790048173,2.4104041730993235,0.08886923987325918,0.3327050675260531
2026-04-27 22:00:00,SHORT,1.274882266630947,1.2774201154003222,1.2718368481076965,1.5,1.8,WIN,SL,8,-0.31246160858190514,True,-0.8096122252976125,0.0016918991795835353,2.191215493208689,0.9841103317534966,0.2907967105894106,0.13060150780145807
2026-04-27 23:00:00,SHORT,1.2741412024179084,1.2766445764124477,1.2711371536244613,1.5,1.8,WIN,SL,7,-0.30899901765159876,True,-1.0,0.001668915996359496,2.6654306855423333,0.012132825721216788,0.34912770263197435,0.0015892011724254116
2026-04-28 01:00:00,SHORT,1.2749659570161616,1.2772604935583756,1.2722125131655047,1.5,1.8,WIN,SL,5,-0.5023040142744963,True,-0.687919142670218,0.0015296910281426626,2.3688609290175933,0.5524012690368777,0.2842134952776603,0.0662765355051454
2026-04-28 04:00:00,LONG,1.2763871602866712,1.2740468749952671,1.2791955026363562,1.5,1.8,WIN,TP,3,0.04549047287090574,True,0.86786383821123,0.001560190194269419,0.9663973490900396,1.9055511706060817,0.11812745495493727,0.23292480084103115
2026-04-28 05:00:00,LONG,1.276374348701409,1.2740594283387563,1.2791522531365922,1.5,1.8,WIN,TP,2,0.6271035094046244,True,0.346415831961637,0.0015432802417684824,0.0,1.934732108601942,0.0,0.2339308870754302
2026-04-28 06:00:00,LONG,1.2783377378029823,1.2759292708436274,1.2812278981542082,1.5,1.8,WIN,TP,7,0.89205815479386,True,1.0,0.0016056446395700094,0.0,1.9550423581921996,0.0,0.2455613403042174
2026-04-28 07:00:00,LONG,1.278957338960408,1.27667687348584,1.2816938975298897,1.5,1.8,WIN,TP,11,0.11488482828868152,True,1.0,0.0015203103163787177,0.952863129250657,2.3073284598379895,0.11326786291982224,0.2742746105681093
2026-04-28 08:00:00,LONG,1.2798150621604232,1.2775426705247255,1.2825419321232603,1.5,1.8,WIN,SL,8,0.5600859324385384,True,1.0,0.0015149277571317693,1.5224295908858736,1.0969360864237014,0.1802112597126688,0.12984523891425
2026-04-28 09:00:00,LONG,1.2804778464788038,1.2781966584284192,1.2832152721392653,1.5,1.8,WIN,SL,7,0.43067607892611687,True,1.0,0.0015207920335896955,1.9523742223214913,0.6568910046063913,0.23187868279465387,0.07801732841292608
2026-04-28 10:00:00,LONG,1.280513126190364,1.2782464432297003,1.2832331457431605,1.5,1.8,WIN,SL,6,0.9254922409777813,True,1.0,0.00151112197377585,1.9882146693594454,0.6377479196956868,0.234627417244132,0.0752600559471907
2026-04-28 15:00:00,SHORT,1.2789124094276612,1.2812491210013017,1.2761083555392927,1.5,1.8,WIN,SL,2,-0.027856514549961797,True,-0.8882120283016055,0.0015578077157603065,1.6060249867034335,0.9010856080300328,0.19562544686778766,0.10975873737732705
2026-04-28 17:00:00,LONG,1.280851449565797,1.2782480038791812,1.283975584389736,1.5,1.8,WIN,TP,11,0.3401073822544657,True,0.7491798958660985,0.0017356304577438944,0.43734117594067456,2.189598890214077,0.05926234971631448,0.2967037688395542
2026-04-28 18:00:00,LONG,1.2821810963890712,1.2796478662950348,1.2852209725019148,1.5,1.8,WIN,TP,11,0.3096345926444564,True,0.9209677215800895,0.0016888200626909513,1.2367862833973107,2.3503267038516853,0.16290284535816824,0.30957240771381356
2026-04-28 19:00:00,LONG,1.2817659808585578,1.2792768122479081,1.2847529831913373,1.5,1.8,WIN,TP,10,0.19246115531600821,True,0.9162016863106871,0.0016594457404330853,1.0085258694340584,2.6420836277010205,0.13056938498460607,0.34205888495493375
2026-04-28 20:00:00,LONG,1.2834859055910646,1.2810009807233176,1.286467815432361,1.5,1.8,WIN,SL,2,0.5815577443378163,True,1.0,0.0016566165784980427,2.048463558014398,0.0,0.2643985941624324,0.0
2026-04-28 21:00:00,LONG,1.2827806974329767,1.280233758884852,1.2858370236907264,1.5,1.8,WIN,SL,1,0.4594199959475136,True,1.0,0.0016979590320831248,1.5832599501943092,0.0,0.20956898852216832,0.0
2026-04-28 22:00:00,LONG,1.2818109422758874,1.2790941673439533,1.2850710721942085,1.5,1.8,WIN,TP,7,0.01670958717242338,True,0.3390436933401442,0.0018111832879560735,0.8640491765164431,2.3959104710069603,0.12208909885729159,0.33853923861985447
2026-04-28 23:00:00,SHORT,1.2805197504377788,1.2832667552551034,1.2772233446569892,1.5,1.8,WIN,SL,2,-0.42618401041451626,True,-0.5817896520088115,0.0018313365448831157,1.5757987618385316,0.0,0.22536301052364688,0.0
2026-04-29 01:00:00,SHORT,1.2827731845202346,1.2855052496267965,1.2794947063923603,1.5,1.8,WIN,SL,4,-0.445023800771011,True,-0.4115094839316955,0.0018213767377079756,1.8541967129927661,0.7226164080662036,0.2632726347053089,0.10260245005278376
2026-04-29 02:00:00,SHORT,1.2824068207368295,1.2850863763837066,1.279191353960577,1.5,1.8,WIN,SL,3,-0.25329429244882984,True,-0.3584097238623219,0.0017863704312513415,2.0956205264561634,0.5316886777327082,0.29191630012024844,0.07406330948763304
2026-04-29 04:00:00,LONG,1.2838935049164033,1.2811729769327826,1.287158138496748,1.5,1.8,WIN,TP,2,0.5741676410207899,True,1.0,0.0018136853224137558,0.0,2.797112733262184,0.0,0.39513264067681103
2026-04-29 05:00:00,LONG,1.2858459425958757,1.2830597632811767,1.2891893577735147,1.5,1.8,WIN,TP,5,0.1851322200924172,True,1.0,0.001857452876466072,0.0,2.0722157171598927,0.0,0.2993393622821074
2026-04-29 06:00:00,LONG,1.2885903997345127,1.2857011363204645,1.2920575158313705,1.5,1.8,WIN,SL,10,0.49283867937590903,True,1.0,0.001926175609365461,1.7223855059859614,0.8583371613128207,0.25746093966230643,0.12830361805220436
2026-04-29 07:00:00,LONG,1.2885705659547275,1.285903604661179,1.291770919506986,1.5,1.8,WIN,SL,9,0.6311064863428908,True,1.0,0.0017779741956990916,1.8547981066018047,0.9410383393444448,0.2559256946340497,0.12984480079896005
2026-04-29 08:00:00,LONG,1.2886593677291214,1.286027738571041,1.2918173227188177,1.5,1.8,WIN,SL,7,0.7967816573708727,True,1.0,0.0017544194387201864,1.5300533387630395,0.9030566323865165,0.20830604169160516,0.12294483319638004
2026-04-29 09:00:00,LONG,1.2871517172392934,1.2844711375975275,1.2903684128094124,1.5,1.8,WIN,SL,35,0.2733863999765298,True,1.0,0.0017870530945105648,1.6490799312340112,1.730217534918206,0.22895462552990833,0.24021959171866542
2026-04-29 10:00:00,LONG,1.289277016189737,1.2865570462218945,1.2925409801511478,1.5,1.8,WIN,SL,4,0.3324410831896596,True,1.0,0.0018133133118949374,1.5255004892853696,0.5331078987659179,0.2145551584172746,0.07497935954566912
2026-04-29 13:00:00,SHORT,1.2875602465322444,1.2902507479912586,1.2843316447814275,1.5,1.8,WIN,TP,31,-0.16244422645566953,True,-0.5678912823296081,0.0017936676393427284,1.2816139411926601,1.8707605654231432,0.17853839916532407,0.2606109264553132
2026-04-29 15:00:00,SHORT,1.2860343942282155,1.2887005142449486,1.282835050208136,1.5,1.8,WIN,SL,17,-0.184728952135075,True,-1.0,0.0017774133444886336,1.665690799136442,0.7724258672542764,0.23021320949614246,0.10675609068059828
2026-04-29 16:00:00,SHORT,1.2854427456616604,1.2881241304379492,1.282225083930114,1.5,1.8,WIN,SL,11,-0.4858138185282667,True,-0.9169226916110722,0.001787589850859171,1.5013622702305145,0.437052983465596,0.20878564726315366,0.06077839562808952
2026-04-29 17:00:00,SHORT,1.2851864693477058,1.2879109041907353,1.2819171475360704,1.5,1.8,WIN,SL,10,-0.9215968864338424,True,-1.0,0.001816289895352985,1.618737338243134,0.2890481111629766,0.22876806913270978,0.040849726953835826
2026-04-29 18:00:00,SHORT,1.2854936275843143,1.2880343076516618,1.2824448115034974,1.5,1.8,WIN,SL,9,-0.2991589506627611,True,-1.0,0.0016937867115649644,1.554468467662238,0.4912976318109484,0.2048192210039065,0.06473415210532739
2026-04-29 19:00:00,SHORT,1.2866846280734305,1.2891579324369074,1.2837166628372583,1.5,1.8,WIN,SL,18,-0.15050983028731632,True,-0.39650586761918294,0.0016488695756512461,1.58913992298774,1.2269944931829375,0.20364620928056276,0.15723774460026466
2026-04-29 20:00:00,SHORT,1.284923903275151,1.2872796193449834,1.282097043991352,1.5,1.8,WIN,SL,2,-0.23682716310622945,True,-0.5096360138020607,0.001570477379888326,1.6269947198189867,0.0,0.1988567881849348,0.0
2026-04-29 22:00:00,LONG,1.2866030277455711,1.284108282119179,1.2895967224972418,1.5,1.8,WIN,TP,17,0.23778648866296082,True,0.5930744954891262,0.0016631637509281205,0.9476044204428062,1.9577195795086857,0.1224947624335443,0.2530701520908415
2026-04-30 01:00:00,LONG,1.2860106972576688,1.2836652426203952,1.2888252428223972,1.5,1.8,WIN,TP,7,0.03186681948200756,True,0.3216700561863191,0.0015636364248490877,0.03073473158580678,1.9085754062117042,0.0037369786983893353,0.2320601244676752
2026-04-30 02:00:00,LONG,1.2873200761540686,1.2850181335861022,1.2900824072356283,1.5,1.8,WIN,SL,18,0.20968963494937393,True,0.7310999077174828,0.0015346283786442808,2.0300369472734165,1.6544460313359652,0.24200293048248384,0.19722832554657604
2026-04-30 05:00:00,LONG,1.2877986797150147,1.285746392986912,1.290261423788738,1.5,1.8,WIN,SL,14,0.32337410627796953,True,0.8018869912935523,0.0013681911520685114,2.030999070307547,1.5058979635722105,0.21577867733713593,0.1599905561429398
2026-04-30 06:00:00,LONG,1.2871461868420437,1.284978782725594,1.2897470717817834,1.5,1.8,WIN,TP,9,0.24134507398694166,True,0.4305016857712288,0.0014449360776330744,0.260845845785734,1.8774873052462906,0.0292822662359154,0.21076464898709923
2026-04-30 09:00:00,LONG,1.2883670541180627,1.2863077982934128,1.2908381611076427,1.5,1.8,WIN,SL,9,0.04415924241410388,True,0.40729383773455996,0.0013728372164333313,1.78842004218058,1.0867871651277605,0.1905675548496119,0.11580409960504504
2026-04-30 15:00:00,LONG,1.2891556952721137,1.2873217316333994,1.291356451638571,1.5,1.8,WIN,SL,1,0.3341822989978324,True,0.6392925007420158,0.0012226424258095583,1.7998716881626795,0.0,0.1707008311743651,0.0
2026-04-30 18:00:00,SHORT,1.2864397065172861,1.2885698083282775,1.2838835843440963,1.5,1.8,WIN,TP,6,-0.39830426117976037,True,-0.8866965191623819,0.0014200678739943223,0.0,3.374337283486072,0.0,0.3724844583095473
2026-04-30 19:00:00,SHORT,1.2856564371743755,1.2878719093147897,1.2829978706058784,1.5,1.8,WIN,TP,5,-0.33136914799010275,True,-1.0,0.0014769814269428266,0.44839918632868125,2.713993931315964,0.05151277206835253,0.3117876995349686
2026-04-30 20:00:00,SHORT,1.2845835848566227,1.2867578790962648,1.281974431769052,1.5,1.8,WIN,TP,4,-0.5746365998867514,True,-1.0,0.0014495294930948002,1.1970295161859401,2.0252546261536795,0.13507331155957314,0.22853057957798076
2026-04-30 21:00:00,SHORT,1.284999212389464,1.287170530457686,1.2823936307075976,1.5,1.8,WIN,TP,3,-0.4339283379791152,True,-0.9886248498189772,0.001447545378814625,0.9115445182490521,2.31515632844759,0.10268504776135985,0.2608012372432502
2026-04-30 22:00:00,SHORT,1.2854701218821973,1.287665934093594,1.282835147228521,1.5,1.8,WIN,TP,2,-0.5744360223600493,True,-0.6144428552579467,0.0014638748075978616,0.3313150484611523,2.611017907660483,0.03772967917062113,0.2973389479962829
2026-04-30 23:00:00,SHORT,1.2854501533010667,1.2876565204635355,1.2828025127061042,1.5,1.8,WIN,TP,1,-0.6936777109915149,True,-0.6804241265812664,0.0014709114416458582,0.0,2.5849515126661684,0.0,0.29579013595480197
2026-05-01 00:00:00,SHORT,1.2831512289747082,1.2856193889558603,1.280189436997326,1.5,1.8,WIN,TP,2,-0.49546067679543304,True,-1.0,0.0016454399874346842,0.0,2.4076110565914197,0.0,0.3087383168288637
2026-05-01 01:00:00,SHORT,1.2803921982957824,1.2830740715021252,1.277173950448171,1.5,1.8,WIN,TP,10,-0.32888250343967723,True,-1.0,0.0017879154708952166,0.6439776922580757,2.054171205091405,0.08992382806081682,0.2868405854345865
2026-05-01 02:00:00,SHORT,1.280278624675362,1.283008838141,1.277002368516596,1.5,1.8,WIN,TP,9,-1.0,True,-1.0,0.0018201423104254719,0.694973844668468,1.9554025180579968,0.09880281330486868,0.27799502299215106
2026-05-01 03:00:00,SHORT,1.2812837880709127,1.2839736643637347,1.278055936519526,1.5,1.8,WIN,TP,3,-0.6497310472412123,True,-1.0,0.001793250861881392,0.0,1.865661488548654,0.0,0.2611130417372948
2026-05-01 05:00:00,SHORT,1.2781730817379209,1.2809571963397814,1.2748321442156882,1.5,1.8,WIN,SL,5,-0.3562317344990136,True,-1.0,0.0018560764012403189,1.815924298433428,0.12655337849778625,0.2636962305745272,0.01837722470321417
2026-05-01 06:00:00,SHORT,1.2779853078466228,1.2805680908563923,1.2748859682348994,1.5,1.8,WIN,SL,4,-0.03870618989285063,True,-1.0,0.0017218553398463676,2.066531401166806,0.0,0.2784279370202514,0.0
2026-05-01 07:00:00,SHORT,1.2794641642435673,1.2821168586292169,1.276280930980788,1.5,1.8,WIN,SL,8,-0.42494878719206486,True,-0.4694706033109788,0.0017684629237662802,2.934658509551735,1.5519977197995467,0.40562564494533854,0.21451561535980748
2026-05-01 08:00:00,SHORT,1.2792731944724816,1.2817952627978844,1.2762467124819983,1.5,1.8,WIN,SL,7,-0.5505372129419199,True,-0.8263309668871758,0.0016813788836018378,3.2002332083632012,1.518801430810787,0.4206141864296675,0.1996196484991265
2026-05-01 09:00:00,LONG,1.2796016562357648,1.2770996135964714,1.2826041074029169,1.5,1.8,WIN,SL,2,0.5414087664076388,True,0.5027775406085732,0.001668028426195575,1.727873681389443,1.1642006265722542,0.22523747162935498,0.15175970814462772
2026-05-01 10:00:00,LONG,1.2804145156477091,1.2778599508930986,1.283479993353242,1.5,1.8,WIN,SL,1,0.5745713482102803,True,0.7750304831935653,0.0017030431697404433,2.1696466038146554,0.0,0.2885785645368093,0.0
2026-05-01 15:00:00,LONG,1.2846395471641157,1.281835122083409,1.2880048572609637,1.5,1.8,LOSS,SL,13,0.028440143510974125,True,1.0,0.0018696167204711297,1.5785857872054652,0.3173998679403477,0.22974151690819591,0.04619319882270386
2026-05-01 16:00:00,LONG,1.2823513415115537,1.2794705113133633,1.2858083377493823,1.5,1.8,LOSS,TP,18,0.9210857449248315,True,1.0,0.0019205534654603046,0.3452883462093798,1.8036006688798694,0.051713185647999496,0.2701218771168219
2026-05-01 17:00:00,LONG,1.2842488904675449,1.2812399071892877,1.2878596704014533,1.5,1.8,WIN,TP,18,0.3595096572027886,True,1.0,0.0020059888521713714,1.2765243850257788,1.9769247633871607,0.19939232222769368,0.30879442967573195
2026-05-01 18:00:00,LONG,1.283799193758506,1.280988367869485,1.2871721848253315,1.5,1.8,WIN,TP,17,0.39995940468855506,True,1.0,0.0018738839260140638,1.1265356127677022,2.3562749456776437,0.16443358019781543,0.3439311823407774
2026-05-01 19:00:00,LONG,1.2848947681805456,1.2820025252476694,1.2883654596999972,1.5,1.8,WIN,SL,9,0.5808918462615001,True,1.0,0.0019281619552508384,1.6630197427944842,0.17539765413671665,0.24955906727116436,0.026320839038480755
2026-05-01 21:00:00,LONG,1.2844866471986554,1.2816439061501512,1.2878979364568603,1.5,1.8,WIN,TP,14,0.4347131973942594,True,0.8917094617551499,0.001895160699002799,1.4766296169341249,1.9670797878972806,0.21786527895017582,0.29022740827675847
2026-05-02 03:00:00,SHORT,1.2825692024143693,1.2853793230408541,1.2791970576625877,1.5,1.8,WIN,SL,6,-0.276781012584871,True,-0.48187511952609297,0.0018734137509897847,1.5979135554786943,0.4702675168502593,0.23340286216849407,0.06869068983199106
2026-05-02 04:00:00,SHORT,1.2828560349627667,1.2855752582292734,1.2795929670429584,1.5,1.8,WIN,SL,6,-0.11048534742817878,True,-0.812851851250959,0.0018128155110045238,1.6323878771707043,0.0,0.23067421308866415,0.0
2026-05-02 05:00:00,LONG,1.284135280231946,1.2817012455050882,1.287056121904175,1.5,1.8,WIN,TP,6,0.3054562588070755,True,0.36756909618307043,0.0016226898179050636,0.6477065482245346,2.513911918053216,0.08184704812444266,0.31766896645019527
2026-05-02 08:00:00,LONG,1.284255724778945,1.2820512889228732,1.286901047806231,1.5,1.8,WIN,TP,3,0.29088410665940423,True,0.3216268104269306,0.0014696239040478596,0.44939118122084554,2.6937876518148336,0.05142558522011938,0.30826062513503355
2026-05-02 10:00:00,LONG,1.2854707003067993,1.2831976628412476,1.2881983452654615,1.5,1.8,WIN,TP,1,0.4972630496723521,True,0.5940485561512865,0.001515358310367849,0.0,1.8107131355722992,0.0,0.21345326634258063
2026-05-02 11:00:00,LONG,1.2877447980092906,1.2852749900320728,1.290708567581952,1.5,1.8,WIN,TP,4,0.13466218736142116,True,1.0,0.0016465386514785685,0.24405779813608966,1.9038227436619921,0.031205763630110704,0.24342693815182695
2026-05-02 12:00:00,LONG,1.2876633509887563,1.2851913770245549,1.2906297197457979,1.5,1.8,WIN,TP,3,0.40172183555002233,True,1.0,0.001647982642800924,0.0,1.9515768370421613,0.0,0.2497675150161117
2026-05-02 13:00:00,LONG,1.2884203826205884,1.2860649143362137,1.2912469445618382,1.5,1.8,WIN,TP,6,0.7235753325932615,True,1.0,0.0015703121895831926,0.0,1.9661611606072653,0.0,0.23963349841662845
2026-05-02 14:00:00,LONG,1.288523445219956,1.2864145018848572,1.291054177222075,1.5,1.8,WIN,TP,2,0.03917305021402773,True,1.0,0.0014059622233993136,0.0,1.8344159737851646,0.0,0.20016085626613808
2026-05-02 15:00:00,LONG,1.2899602331282631,1.2877587715576233,1.292601987013031,1.5,1.8,WIN,TP,9,0.8268298394666076,True,1.0,0.001467641047093198,0.806906682435758,3.402580501623923,0.0918051066926776,0.3871256401534119
2026-05-02 16:00:00,LONG,1.289382498871148,1.2870799204461845,1.292145592981104,1.5,1.8,LOSS,TP,7,0.39721073184232136,True,0.8690043504578773,0.0015350522833089528,0.0,2.059482080555975,0.0,0.24518811702184054
2026-05-02 17:00:00,LONG,1.2908081952784782,1.2884929218292263,1.2935865234175805,1.5,1.8,WIN,TP,7,0.9359346458861715,True,1.0,0.0015435156328345975,0.5760583858227909,2.6859492523529225,0.06888359767123388,0.32117898500890146
2026-05-02 18:00:00,LONG,1.29050101697221,1.2882520536326303,1.2931997729797056,1.5,1.8,WIN,TP,6,0.17669296378174204,True,0.895092422984956,0.001499308893053164,0.3881633867251753,2.9700237135307175,0.045096966993496156,0.3450584623887421
2026-05-02 20:00:00,LONG,1.291189782685639,1.2889607831442573,1.2938645821352972,1.5,1.8,WIN,TP,4,0.14780600379222952,True,0.312980036787282,0.0014859996942545425,0.20733321943665842,2.5331211489478753,0.023861488436723137,0.2915309045442406
2026-05-02 21:00:00,LONG,1.2914817705608779,1.289291739022349,1.2941098084071125,1.5,1.8,LOSS,TP,3,0.540492201453278,True,0.7287387621982108,0.0014600210256859075,0.4110111877659656,2.378205050832241,0.04646484291217191,0.2688562437934791
2026-05-02 22:00:00,LONG,1.2919724495774734,1.289786939582688,1.2945950615712158,1.5,1.8,WIN,TP,2,0.38192082960340845,True,0.361279495920684,0.001457006663190295,0.11074801243505823,2.046353277811048,0.012489476235018235,0.2307750727956377
2026-05-03 00:00:00,LONG,1.2933125880413008,1.2910252011070782,1.2960574523623678,1.5,1.8,WIN,TP,2,0.012610078964026716,True,1.0,0.0015249246228150604,0.0,2.316429763810943,0.0,0.27312660655431414
2026-05-03 01:00:00,LONG,1.2942812475984644,1.2921326947157905,1.2968595110576733,1.5,1.8,WIN,TP,5,0.4063028078295306,True,1.0,0.0014323685884493223,0.0,2.5273314080792346,0.0,0.27969733226461574
2026-05-03 02:00:00,LONG,1.2958337994664466,1.2935541557049381,1.298569371980257,1.5,1.8,WIN,TP,5,0.6549331971426773,True,1.0,0.0015197625076723684,0.8967044955754918,2.5616979679801375,0.10516610026671729,0.30043764326256184
2026-05-03 03:00:00,LONG,1.2955742187718005,1.2933115879590338,1.2982893757471203,1.5,1.8,WIN,TP,4,0.6397360346318961,True,1.0,0.0015084205418444288,0.7313591585286954,2.7530473811269234,0.0851512142034261,0.32053379591789455
2026-05-03 04:00:00,LONG,1.2953235076945595,1.292939577992428,1.2981842233371172,1.5,1.8,WIN,TP,3,0.9716379009416434,True,1.0,0.0015892864680876156,0.0,2.7707177957051927,0.0,0.3399509291266686
2026-05-03 05:00:00,LONG,1.2962010086619031,1.2939288980432668,1.2989275414042667,1.5,1.8,WIN,TP,2,0.3879634395747749,True,1.0,0.0015147404124242283,0.0,2.32776738729585,0.0,0.272022881381655
2026-05-03 07:00:00,LONG,1.2985961383450597,1.2963482634486672,1.3012935882207306,1.5,1.8,WIN,SL,3,0.8589999314852705,True,1.0,0.00149858326426165,1.5844797991300177,0.6967229140269559,0.1828493739834275,0.08040200243618541
2026-05-03 08:00:00,LONG,1.298867311686645,1.2964561100800258,1.301760753614588,1.5,1.8,WIN,SL,2,0.5585585942332263,True,1.0,0.0016074677377461472,1.645848429176951,0.4302223623660536,0.20368887778741737,0.0532439735250806
2026-05-03 09:00:00,LONG,1.2987378510138878,1.296393470861976,1.301551107196182,1.5,1.8,WIN,SL,1,0.5846563731502733,True,1.0,0.0015629201012745991,1.6099271973743339,0.0,0.19374099063954356,0.0
2026-05-03 10:00:00,LONG,1.2963671871233864,1.2939509657445825,1.299266652777951,1.5,1.8,WIN,TP,5,0.3940565430290056,True,0.327858850794061,0.0016108142525359842,0.5959915602932921,2.0264446792732866,0.07405553837272649,0.25179794766268154
2026-05-03 12:00:00,SHORT,1.2980221570742054,1.3005936798776299,1.294936329710096,1.5,1.8,WIN,TP,8,-0.21731814671431965,True,-0.4208243029385178,0.0017143485356163612,1.151759494626017,1.8271371018917457,0.15211737274539244,0.24131712990623208
2026-05-03 15:00:00,LONG,1.2989318184993117,1.2965826836084784,1.3017507803683117,1.5,1.8,WIN,SL,4,0.12200340176640881,True,0.637356238317617,0.0015660899272221807,2.4434643694860827,0.6799454867683292,0.2946024481099797,0.08197934354386033
2026-05-03 16:00:00,LONG,1.2986880830336034,1.2964324838087857,1.3013948021033848,1.5,1.8,WIN,SL,3,0.4030261916244092,True,0.9459954665499252,0.0015037328165451447,2.3827035171726973,0.14562551850359265,0.27588991673048363,0.01686177566122999
2026-05-03 19:00:00,SHORT,1.295105560009323,1.2976194012093163,1.2920889505693314,1.5,1.8,WIN,SL,5,-0.23406226935906427,True,-1.0,0.0016758941333287719,1.6234366837223329,1.1006819794242533,0.2100761588932866,0.14243058858959165
2026-05-03 20:00:00,SHORT,1.2960185904281096,1.2985099123860784,1.2930290040785473,1.5,1.8,WIN,SL,5,-0.452544949745838,True,-1.0,0.001660881305312437,1.586552545064093,1.6603575956594872,0.20332080739076308,0.21277911529443577
2026-05-03 21:00:00,SHORT,1.2939716171946556,1.2965357909789599,1.2908946086534905,1.5,1.8,WIN,SL,2,-0.3855145282700546,True,-1.0,0.001709449189536194,1.6940402469207974,0.0,0.22379746886711016,0.0
2026-05-03 22:00:00,SHORT,1.2955388019346052,1.2980692708962798,1.2925022391805956,1.5,1.8,LOSS,SL,3,-0.06784840293495431,True,-1.0,0.0016869793077830858,1.8464150337389427,0.12224691652194561,0.24043000108108173,0.015918320493747605
2026-05-03 23:00:00,SHORT,1.2958538858527082,1.2984454001657935,1.292744068677006,1.5,1.8,WIN,SL,2,-0.30692261315979036,True,-0.8277853528652995,0.0017276762087234784,1.6205467339640518,0.0,0.21605676905092538,0.0
2026-05-04 00:00:00,LONG,1.2976604205593498,1.295127171111372,1.3007003198969231,1.5,1.8,WIN,TP,3,0.3512457008841386,True,0.6596442894190894,0.0016888329653185366,0.27100679768463404,1.8850928537589202,0.03527002954732474,0.24533436511396273
2026-05-04 01:00:00,LONG,1.2983862704152236,1.2959083716231294,1.3013597489657365,1.5,1.8,WIN,TP,3,0.4752234610675633,True,1.0,0.0016519325280627748,0.19302710012865903,2.095340397536989,0.0245587736689628,0.2665894610044201
2026-05-04 02:00:00,LONG,1.2982903316990049,1.2959019314111795,1.3011564120443955,1.5,1.8,WIN,TP,2,0.4596029120657774,True,1.0,0.0015922668585502794,0.0,2.234110229181612,0.0,0.2739987805053433
2026-05-04 03:00:00,LONG,1.2996642592096577,1.2970644404926357,1.3027840416700842,1.5,1.8,LOSS,TP,2,0.5936898092610822,True,1.0,0.001733212478014707,0.0,1.8284198489773087,0.0,0.2438352886017171
2026-05-04 04:00:00,LONG,1.3009404308336046,1.298219108196028,1.3042060179986965,1.5,1.8,WIN,SL,14,0.9089968952349243,True,1.0,0.001814215091717705,1.9171457943162062,1.2379982305284025,0.26735388882048305,0.17264395971653168
2026-05-04 05:00:00,LONG,1.3013238119216048,1.2985448831195565,1.3046585264840627,1.5,1.8,WIN,SL,11,0.31646712189974935,True,1.0,0.0018526192013655113,1.5109159399577572,1.0053949478507371,0.2151003352410483,0.14313224489404497
2026-05-04 06:00:00,LONG,1.3027709710464939,1.2999736252114318,1.3061277860485685,1.5,1.8,WIN,SL,4,0.293762858398711,True,1.0,0.0018648972233747476,1.7089929678039573,0.0,0.24463979557852977,0.0
2026-05-04 07:00:00,LONG,1.3010906051661226,1.2981903537766815,1.3045709068334521,1.5,1.8,WIN,SL,11,0.8855119685594088,True,1.0,0.0019335009262941214,1.8765386228926635,0.4845588510602095,0.2788652190080491,0.07200843535791329
2026-05-04 08:00:00,LONG,1.3011603783011016,1.2981472673642394,1.3047761114253364,1.5,1.8,WIN,SL,10,0.0051972570812184316,True,0.35008267807756915,0.0020087406245749323,1.840985468868698,0.4316743743724494,0.2842126429792742,0.06664219621581856
2026-05-04 09:00:00,SHORT,1.3007035567513268,1.303406152020311,1.2974604424285456,1.5,1.8,WIN,TP,10,-0.09177952024405385,True,-0.3132159602997301,0.0018017301793228516,0.7348177975585536,1.8385796131373333,0.10178671345156565,0.25467942782834924
2026-05-04 10:00:00,SHORT,1.2997254536969807,1.3023883581601854,1.296529968341135,1.5,1.8,WIN,TP,10,-0.39691540748721865,True,-0.4387523360849178,0.0017752696421364789,1.2967305934102773,1.9290344179856491,0.17711790208946604,0.26348304798874383
2026-05-04 11:00:00,SHORT,1.2996088224800257,1.3020587913057897,1.296668859889109,1.5,1.8,WIN,TP,9,-1.0,True,-1.0,0.0016333125505092947,1.4808419078832364,2.0252859888328993,0.18610812974093924,0.2545323613315377
2026-05-04 12:00:00,SHORT,1.30011797576855,1.3024415518232053,1.2973296845029636,1.5,1.8,WIN,TP,8,-0.13000045571521257,True,-0.3789360274056021,0.0015490507031035478,1.2327061865153073,2.4641403311124765,0.14687316232304506,0.2935947647519579
2026-05-04 17:00:00,SHORT,1.2994978468305207,1.3017461156631256,1.2967999242313948,1.5,1.8,WIN,TP,3,-0.46492931637582346,True,-0.4762877995644117,0.0014988458884032743,0.0,2.13294068400328,0.0,0.24601421096800993
2026-05-04 18:00:00,SHORT,1.2975689901843455,1.2998014188738467,1.294890075756944,1.5,1.8,LOSS,SL,4,-1.0,True,-1.0,0.001488285793000881,1.8680808326314042,0.8520492060158863,0.21426515155757442,0.09772834722807046
2026-05-04 19:00:00,SHORT,1.2980076401151932,1.3001570676729997,1.2954283270458256,1.5,1.8,LOSS,SL,3,-0.5242651165170621,True,-1.0,0.001432951705204236,1.6341012917815594,1.1910678168009934,0.1803986479098862,0.13148941549738513
2026-05-04 20:00:00,SHORT,1.29644933311562,1.2985820601741858,1.293890060645341,1.5,1.8,WIN,SL,1,-0.3446947418335903,True,-1.0,0.0014218180390438587,2.2304244088884118,0.0,0.24461099853861085,0.0
2026-05-04 23:00:00,LONG,1.3004644949011956,1.2982957846385614,1.3030669472163567,1.5,1.8,WIN,TP,6,0.6952807032159529,True,1.0,0.0014458068417561348,0.0,3.0287968095004514,0.0,0.3367300811851545
2026-05-05 00:00:00,LONG,1.3019715289655815,1.2996487093549471,1.3047589124983427,1.5,1.8,WIN,TP,5,0.7800702225816782,True,1.0,0.0015485464070896,0.8780031073081122,1.8546561290835275,0.10442844002247181,0.22059016047461708
2026-05-05 01:00:00,LONG,1.3006799445527821,1.298293978054728,1.3035431043504473,1.5,1.8,WIN,TP,4,0.11463036497658002,True,1.0,0.0015906443320361507,0.0,2.617559069631031,0.0,0.32010991753317214
2026-05-05 02:00:00,LONG,1.3019626397558401,1.299477642281251,1.304944636725347,1.5,1.8,WIN,TP,4,0.9865477404638763,True,1.0,0.0016566649830593225,0.6502878056306775,1.9997048716495125,0.08274500385824131,0.25444977729438906
2026-05-05 03:00:00,LONG,1.3019267463674755,1.2993680163307444,1.3049972224115527,1.5,1.8,WIN,TP,3,0.8537857281772468,True,0.9471553474115633,0.0017058200244873495,0.0,1.9631229424017973,0.0,0.25721373610480497
2026-05-05 04:00:00,LONG,1.3022705055315575,1.2998005413323397,1.3052344625706191,1.5,1.8,WIN,TP,2,0.389865354510043,True,1.0,0.001646642799478634,0.0,1.824910212797173,0.0,0.2307489303361688
2026-05-05 05:00:00,LONG,1.3041696866947492,1.3015875212605268,1.3072682852158162,1.5,1.8,WIN,TP,9,0.7044980375863529,True,1.0,0.001721443622815011,1.2128304470281397,2.2558242247772924,0.16008800541007664,0.2977583565660191
2026-05-05 06:00:00,LONG,1.304868569661757,1.30236730741331,1.3078700843598936,1.5,1.8,WIN,SL,3,0.674320455034583,True,1.0,0.0016675081656314056,1.513224810498319,1.0057469018138476,0.19337692596857223,0.12852567762957212
2026-05-05 07:00:00,LONG,1.3058968104569888,1.3033546866467889,1.3089473590292289,1.5,1.8,WIN,SL,2,0.9410640531651181,True,1.0,0.0016947492067999853,2.095623062647594,0.0,0.2719629525652127,0.0
2026-05-05 08:00:00,LONG,1.3043714759190754,1.301843626291503,1.3074048954721624,1.5,1.8,WIN,TP,6,0.3512598686482246,True,0.7931844005923797,0.00168523308504831,1.3586301403838548,2.1845553794730526,0.1755334661320631,0.2822420659739003
2026-05-05 10:00:00,SHORT,1.303119905399034,1.3057023786309636,1.3000209375207188,1.5,1.8,WIN,SL,4,-0.3153750297318379,True,-0.33675103766686953,0.0017216488212863051,2.8653088020377555,0.6029324505922316,0.3785572993867363,0.079657899367251
2026-05-05 11:00:00,SHORT,1.3032158562422373,1.3055084519131221,1.3004647414371755,1.5,1.8,WIN,SL,2,-0.03726929564098974,True,-0.6126161813002998,0.0015283971139232744,1.6135172508655773,0.7419464324751047,0.18923151507680666,0.08701465537339485
2026-05-05 12:00:00,SHORT,1.3025456750926934,1.3047987526371183,1.2998419820393834,1.5,1.8,WIN,SL,1,-1.0,True,-1.0,0.0015020516962833527,2.087994885124583,0.0,0.24078052071449677,0.0
2026-05-05 14:00:00,LONG,1.3071047765705228,1.3045762023313183,1.3101390656575682,1.5,1.8,WIN,SL,12,0.7682747020903936,True,1.0,0.0016857161594696318,1.6436278582453585,1.1365579389453107,0.211971533610961,0.14657693233134927
2026-05-05 15:00:00,LONG,1.307822815153373,1.3052865410605372,1.310866344064776,1.5,1.8,LOSS,SL,9,0.5824416392465899,True,1.0,0.0016908493952239034,1.8265920704202623,0.7084460061238874,0.2361552392117184,0.09159310321887033
2026-05-05 16:00:00,LONG,1.3086893734072,1.3062286561561252,1.31164223410849,1.5,1.8,WIN,SL,8,0.5055390008909533,True,1.0,0.0016404781673832033,2.4109131288999257,0.15721791676931593,0.3022145997197791,0.019707698803273055
2026-05-05 17:00:00,LONG,1.3075333616269815,1.3050876957928272,1.3104681606279667,1.5,1.8,WIN,SL,7,0.10833601160346312,True,1.0,0.0016304438894362441,1.7167340681482517,0.8672020848806615,0.21407014561498147,0.1081367697142871
2026-05-05 21:00:00,SHORT,1.3069399613436183,1.3094744854463984,1.3038985324202823,1.5,1.8,WIN,SL,14,-0.4191893010230904,True,-0.48692517438585764,0.0016896827351866595,1.6444552246793955,1.5422272830445363,0.21260407395238615,0.19938749223148516
2026-05-06 00:00:00,SHORT,1.305896921463987,1.3085805591489355,1.302676556242049,1.5,1.8,WIN,SL,4,-0.537845524878117,True,-0.7640840058604835,0.0017890917899655578,1.5697590997968427,0.8735353563346175,0.21505856025158762,0.11967521391434727
2026-05-06 01:00:00,SHORT,1.305358579209186,1.308103805798677,1.302064307301797,1.5,1.8,WIN,SL,3,-0.28903968359468923,True,-1.0,0.0018301510596605722,1.8286935140163019,0.5597858570493165,0.25638820058921313,0.07848362095896039
2026-05-06 02:00:00,SHORT,1.3044559695380014,1.307189464401783,1.3011757757014633,1.5,1.8,LOSS,SL,1,-0.5572195822027496,True,-0.8882901545147596,0.0018223299091878,1.7600170278916196,0.0,0.24587504258519788,0.0
2026-05-06 06:00:00,LONG,1.3071666031545657,1.3042768558632665,1.3106342999041245,1.5,1.8,WIN,SL,11,0.5678507771558778,True,0.9231951419740296,0.0019264981941994014,2.260377306673711,1.3246655505127334,0.33313372518906836,0.1952288089997339
2026-05-06 07:00:00,LONG,1.3058946231366964,1.303002787081421,1.3093648264030269,1.5,1.8,WIN,TP,4,0.36124668074451305,True,0.432269584702251,0.0019278907035169862,0.0,1.9834868241619528,0.0,0.29282192767325477
2026-05-06 09:00:00,SHORT,1.3069357627160147,1.309715880888703,1.3035996209087888,1.5,1.8,WIN,SL,2,-0.36474218228267274,True,-0.35977420123328085,0.001853412115125495,1.5014503287324417,0.0,0.2129260143397379,0.0
2026-05-06 11:00:00,LONG,1.3084196263823327,1.3056041509063732,1.311798196953484,1.5,1.8,WIN,SL,2,0.7501483331124505,True,0.5427357961721954,0.0018769836506396759,1.5854569288706315,0.0,0.22744054539380526,0.0
2026-05-06 14:00:00,SHORT,1.3057109629796637,1.308355962079527,1.3025369640598277,1.5,1.8,WIN,TP,4,-0.20326619837001544,True,-0.466364304410559,0.0017633327332422194,1.2074776436679722,2.063495845245099,0.1630670886670867,0.27867038510012687
2026-05-06 16:00:00,SHORT,1.3052697199430927,1.308085792998694,1.3018904322763711,1.5,1.8,WIN,TP,14,-0.2139864983594969,True,-1.0,0.0018773820370675068,0.7894903155149873,2.085849776506413,0.11355315412137314,0.3000097866826437
2026-05-06 17:00:00,SHORT,1.3033946409360722,1.3061303994828273,1.3001117306799659,1.5,1.8,WIN,SL,4,-1.0,True,-1.0,0.0018238390311701158,1.5153792986229382,0.7250133935285384,0.21204689854108938,0.1014510635312105
2026-05-06 18:00:00,SHORT,1.3026824746586265,1.305367246690437,1.299460748220454,1.5,1.8,WIN,SL,3,-0.0859041276260748,True,-1.0,0.001789848021206916,1.9420499104485163,0.0,0.2668320375010986,0.0
2026-05-06 20:00:00,SHORT,1.3049686732176804,1.3075137856591683,1.301914538287895,1.5,1.8,WIN,TP,10,-0.12597294113723667,True,-0.904729602749933,0.0016967416276585854,1.050968298962324,2.1304894735272453,0.13664861837656167,0.27700972837216187
2026-05-06 21:00:00,SHORT,1.3050539708093907,1.3077320788057756,1.3018402412137289,1.5,1.8,WIN,TP,9,-0.8540942509446162,True,-0.44681728054280234,0.0017854053309232748,0.9510020167860684,2.0724637171431115,0.1301037434823929,0.283527566790018
2026-05-06 22:00:00,LONG,1.3044530138983608,1.3017792622943336,1.3076615158231932,1.5,1.8,WIN,SL,8,0.5296714624736445,True,0.6008422462669996,0.0017825010693513896,1.7386978953287306,1.2896940265820123,0.237588539003058,0.17623332975775993
2026-05-06 23:00:00,LONG,1.3066500942907517,1.3038637082473004,1.3099937575428933,1.5,1.8,WIN,SL,1,0.993799567405605,True,1.0,0.001857590695634229,1.99702241417978,0.0,0.2839054060273848,0.0
2026-05-07 01:00:00,SHORT,1.3042934920375309,1.3072584418636763,1.3007355522461563,1.5,1.8,WIN,SL,46,-0.6413707176307225,True,-0.4378878869256088,0.0019766332174303253,1.7557429342512594,1.5708907497729352,0.26607966890091367,0.2380656543876909
2026-05-07 04:00:00,SHORT,1.3045200270975188,1.3073133506771486,1.301168038801963,1.5,1.8,WIN,SL,43,-0.24204863832876233,True,-0.5017767078451362,0.001862215719753186,1.7419704445152242,1.7890569076415639,0.24866806777502984,0.25538970868510025
2026-05-07 06:00:00,SHORT,1.3027072606818104,1.3056140087995007,1.299219162940582,1.5,1.8,WIN,SL,19,-0.044082038761137504,True,-0.5853556331572354,0.0019378320784601635,1.7553417186162807,0.6525054975401037,0.2611144954556956,0.09706294903453881
2026-05-07 07:00:00,SHORT,1.3018856402049612,1.3047151279330726,1.2984902549312274,1.5,1.8,WIN,SL,13,-0.15960526507638684,True,-0.9515253113438238,0.0018863251520743354,1.5819286783463806,0.23475571386442362,0.22920844677898905,0.03401417098247679
2026-05-07 08:00:00,SHORT,1.3027917147448909,1.3056655408045137,1.2993431234733435,1.5,1.8,WIN,SL,17,-0.5167165031754885,True,-0.9499081077554353,0.0019158840397486118,1.7313696231577915,0.7040614774171073,0.25461502328966895,0.10353920218546994
2026-05-07 09:00:00,SHORT,1.3023051980106142,1.305094565997948,1.2989579564258136,1.5,1.8,WIN,SL,16,-0.8572170367591474,True,-1.0,0.0018595786582225524,2.045420421110821,0.4637520491512153,0.29206826233978284,0.06621976281949445
2026-05-07 10:00:00,SHORT,1.302830229758092,1.3056612316738245,1.2994330274592132,1.5,1.8,WIN,SL,15,-0.205438374789151,True,-1.0,0.0018873346104882893,1.7371527001585423,0.7145759062350164,0.25165123895852237,0.10351646813635845
2026-05-07 17:00:00,LONG,1.303322746714417,1.300999145485954,1.3061110681885726,1.5,1.8,WIN,TP,28,0.10657352879249582,True,0.3215390279757367,0.0015490674856420178,1.3778157075944448,2.031361283053855,0.16376062791982227,0.24143794951046643
2026-05-07 19:00:00,LONG,1.303199961410633,1.3007041058458535,1.3061949880883685,1.5,1.8,WIN,TP,26,0.022391614166875018,True,0.5076136471822443,0.0016639037098530318,1.2089306599569527,1.9649580679422374,0.1543542257229716,0.25088252883430895
2026-05-07 20:00:00,LONG,1.3040346624282282,1.3017555598039119,1.3067695855774077,1.5,1.8,WIN,SL,20,0.1003358524758225,True,0.9056831871088307,0.0015194017495441564,1.873267046392733,1.3651134370475315,0.21826453771961646,0.1590567953703005
2026-05-08 00:00:00,LONG,1.3044201948566492,1.3022744223148615,1.3069951219067943,1.5,1.8,LOSS,SL,16,0.3634544659538465,True,0.3849446844932734,0.0014305150278584192,2.2591707134399814,1.1804303228350252,0.24775587412832717,0.1294539384481733
2026-05-08 01:00:00,LONG,1.3057514242578445,1.3035784417986558,1.308359003208871,1.5,1.8,WIN,SL,2,0.15150162069975176,True,0.5940224863284965,0.0014486549727924989,1.7810655105255935,0.0,0.19759882017043193,0.0
2026-05-08 02:00:00,LONG,1.3047494454878414,1.302627742752854,1.3072954887698265,1.5,1.8,WIN,SL,14,0.09487724898933098,True,0.8868108000036354,0.0014144684899916366,2.5175734294984853,0.5324031200798429,0.2729281318785563,0.05771739853429115
2026-05-08 05:00:00,SHORT,1.3040956098395293,1.3063475766714605,1.301393249641212,1.5,1.8,WIN,TP,11,-0.281613596724012,True,-0.42108770105556836,0.0015013112212874141,0.9371162126076914,1.9364356954986828,0.10788343086373939,0.22292787561116045
2026-05-08 09:00:00,LONG,1.3044480325224006,1.302385634578116,1.3069229100555422,1.5,1.8,WIN,SL,7,0.5446311587669602,True,0.3138255344132357,0.0013749319628563819,2.3707466332029923,0.35587131588681364,0.24988464396867213,0.03751002988830356
2026-05-08 11:00:00,SHORT,1.3036625271274094,1.3055766107630258,1.3013656267646698,1.5,1.8,WIN,TP,5,-0.5050632309879625,True,-0.786935006519723,0.0012760557570775496,0.9990192315634784,1.9388729004287264,0.0977863684305453,0.18978147145836644
2026-05-08 16:00:00,SHORT,1.3023375427229893,1.3043065470131971,1.29997473757474,1.5,1.8,WIN,SL,2,-0.48576567647356184,True,-0.5032200409592195,0.001312669526805215,2.8347363382546575,0.0,0.2857225477792873,0.0
2026-05-08 17:00:00,SHORT,1.3033826959860546,1.3053383750658925,1.3010358810902491,1.5,1.8,WIN,SL,1,-0.5118001753183137,True,-0.5014729802443478,0.0013037860532252152,2.052421666936439,0.0,0.20530568289189619,0.0
2026-05-08 18:00:00,LONG,1.3056444843521624,1.30353090927114,1.3081807744493894,1.5,1.8,WIN,TP,6,0.2402904106398909,True,0.3999586487305163,0.00140905005401499,0.3594711957410095,1.8055207086417615,0.03879409087589606,0.19485159111281192
2026-05-08 19:00:00,LONG,1.3052855273894024,1.3032283194605816,1.3077541769039873,1.5,1.8,WIN,TP,4,0.34631106126334193,True,0.44848466814890375,0.0013714719525471336,0.07326342888995327,1.807127333982367,0.007697835895795291,0.18987603870817385
2026-05-08 20:00:00,LONG,1.3052500648007357,1.3032988717484209,1.3075914964635136,1.5,1.8,WIN,TP,3,0.34472247614099966,True,0.774818451317737,0.0013007953682098966,0.04998184248823268,1.9325768705375372,0.004981125912697448,0.1925981166136609
2026-05-08 21:00:00,LONG,1.306319399843157,1.30432477690636,1.3087129473673136,1.5,1.8,WIN,TP,4,0.38309467164937827,True,1.0,0.0013297486245314064,0.8530568640553213,2.9607512246065726,0.08683566911437082,0.3013853173253776
2026-05-08 22:00:00,LONG,1.3054602023422335,1.3034563536971928,1.3078648207162822,1.5,1.8,WIN,TP,2,0.8802185548487389,True,1.0,0.001335899096693722,0.0,2.0423331887253346,0.0,0.20899534563141986
2026-05-08 23:00:00,LONG,1.307500022888544,1.3054132958478102,1.3100040953374248,1.5,1.8,WIN,TP,2,0.47278037283585805,True,1.0,0.001391151360489237,0.3816617853242372,1.9814032472669776,0.04060797725476015,0.21081696174839884
2026-05-09 00:00:00,LONG,1.307994981022264,1.3058817373838736,1.3105308733883323,1.5,1.8,WIN,TP,3,0.13543657462450281,True,1.0,0.0014088290922601918,0.5696884729085981,2.4273075431614624,0.061360609620355555,0.2614430125714887
2026-05-09 01:00:00,LONG,1.3098352048996904,1.3075764608207023,1.312545697794476,1.5,1.8,WIN,SL,1,0.1700932739193426,True,1.0,0.001505829385992054,1.755057774918001,0.0,0.2017671812224459,0.0
2026-05-09 02:00:00,LONG,1.3091325830197031,1.3066595833152037,1.3121001826651024,1.5,1.8,WIN,TP,2,0.5741192975400504,True,1.0,0.0016486664696662792,0.0,2.2317855026921416,0.0,0.28106167194224185
2026-05-09 03:00:00,LONG,1.3110420915722891,1.308465983885285,1.3141334207966942,1.5,1.8,WIN,TP,3,1.0,True,1.0,0.0017174051246694783,0.0,2.035108682253147,0.0,0.26658992130217113
2026-05-09 04:00:00,LONG,1.3123900206643406,1.309834585449545,1.3154565429220955,1.5,1.8,WIN,TP,5,0.2072168768764464,True,1.0,0.0017036234765304772,0.0,2.46779401165771,0.0,0.32034621928725204
2026-05-09 05:00:00,LONG,1.3136373145558065,1.3110147888158428,1.3167843454437629,1.5,1.8,WIN,SL,13,0.40553777939808205,True,1.0,0.0017483504933091254,1.623663196556195,1.691250085924713,0.21609711594001002,0.2250924124392294
2026-05-09 06:00:00,LONG,1.3138287631830758,1.3113473629904637,1.3168064434142104,1.5,1.8,WIN,SL,12,1.0,True,1.0,0.001654266795074791,1.8317365656845475,1.6717069477545536,0.23063743638820303,0.21048780269250617
2026-05-09 07:00:00,LONG,1.3136234336009187,1.311265047843982,1.316453496509243,1.5,1.8,WIN,TP,2,0.35471578104845924,True,1.0,0.001572257171291201,0.0,1.8894993332951986,0.0,0.22615148306084856
2026-05-09 08:00:00,LONG,1.3152501141435569,1.3129966775672899,1.3179542380350773,1.5,1.8,WIN,SL,2,0.6366382523814216,True,1.0,0.001502291050844619,1.8671990904294145,0.8946990222230845,0.213273236286612,0.10219336381965638
2026-05-09 09:00:00,LONG,1.3151648572249057,1.3127344569130983,1.3180813375990745,1.5,1.8,WIN,SL,1,1.0,True,1.0,0.0016202668745382645,1.6786244339046117,0.0,0.20680445877980708,0.0
2026-05-09 11:00:00,SHORT,1.3122210393455813,1.3149337816133344,1.3089657486242776,1.5,1.8,WIN,SL,12,-0.3103398256065347,True,-0.43512351800013294,0.001808494845168778,1.9037551968119049,0.7865419933276097,0.26237435284642513,0.10840072653850695
2026-05-09 12:00:00,SHORT,1.312430900296175,1.3150985978626304,1.3092296632164282,1.5,1.8,WIN,SL,11,-0.3491756369356973,True,-0.40773171369067035,0.0017784650443036787,1.8178993844491527,0.9178241069531214,0.2463421509333854,0.1243736405982977
2026-05-09 13:00:00,SHORT,1.3128718407199382,1.315373635994966,1.3098696863899049,1.5,1.8,WIN,SL,10,-0.8530259050200646,True,-0.7953145922598144,0.0016678635166851466,1.6740758806751799,1.2430624532870893,0.2126734688748882,0.15791781425228527
2026-05-09 15:00:00,LONG,1.314494251174277,1.3120608081110892,1.3174143828501024,1.5,1.8,WIN,SL,3,0.0775830168277486,True,0.5064086367374165,0.0016222953754585331,2.2780493768546073,0.0,0.2811475946612906,0.0
2026-05-09 18:00:00,SHORT,1.3113191142058833,1.313756039182792,1.308394804233593,1.5,1.8,WIN,SL,5,-0.04099565609415756,True,-0.6392901552807785,0.0016246166512724955,2.674388814242705,0.14767962787606345,0.3313348026827771,0.018296292634037627
2026-05-09 20:00:00,SHORT,1.3127196427871735,1.3151317973468628,1.3098250573155463,1.5,1.8,WIN,SL,3,-0.6654679052641346,True,-0.8559360272700508,0.001608103039792863,1.8309324374417686,1.0201158279028073,0.22429221917134196,0.1249658579274629
2026-05-09 23:00:00,LONG,1.3142832031503306,1.3117379705416528,1.3173374822807442,1.5,1.8,WIN,TP,4,0.4928706236291729,True,1.0,0.0016968217391185908,0.0,1.8101534196201008,0.0,0.2337021173358112
2026-05-10 00:00:00,LONG,1.3158790875512778,1.3134219778271554,1.3188276192202246,1.5,1.8,WIN,TP,6,0.42957172134030214,True,1.0,0.0016380731494148712,0.30922164073828345,2.7458229164415204,0.03849348102750019,0.34181398846006156
2026-05-10 01:00:00,LONG,1.3159965900392394,1.313566501270303,1.318912696561963,1.5,1.8,WIN,TP,5,0.8047627815146658,True,1.0,0.0016200591792909622,0.38518972815926084,2.703824872882974,0.04741882764714414,0.33285468500937915
2026-05-10 02:00:00,LONG,1.3163162180377284,1.3138831133217863,1.3192359436968588,1.5,1.8,WIN,TP,4,0.44624442604596753,True,1.0,0.0016220698106280368,0.5817617387235512,2.503423884356797,0.07168932057744357,0.30849185403745777
2026-05-10 03:00:00,LONG,1.3171181271219785,1.314654683333993,1.3200742596675612,1.5,1.8,WIN,TP,3,0.9824574518870071,True,1.0,0.0016422958586570344,1.0628823231884141,1.984307032494765,0.1325292850859415,0.2474204214993984
2026-05-10 04:00:00,LONG,1.3166545689332607,1.3141912786581456,1.3196105172633987,1.5,1.8,WIN,TP,2,0.27270953837290646,True,1.0,0.0016421935167433923,0.02844749488825112,2.2667105749325835,0.0035481053858284046,0.2827148060180892
2026-05-10 05:00:00,LONG,1.3172225810689773,1.314742134197172,1.3201991173151437,1.5,1.8,WIN,TP,1,0.241056055843032,True,0.9506601911425392,0.0016536312478703083,0.0,1.907538502815479,0.0,0.2394709383293088
2026-05-10 06:00:00,LONG,1.31966698679574,1.3170973794640788,1.3227505155937334,1.5,1.8,LOSS,SL,9,0.22886096597469624,True,1.0,0.0017130715544407657,1.6566100277289433,1.274254245681513,0.21504603386301382,0.16541208677975705
2026-05-10 07:00:00,LONG,1.3205207326017587,1.3179666567558304,1.3235856236168728,1.5,1.8,WIN,SL,7,0.42834606299300515,True,1.0,0.001702717230618925,1.5518742541181976,0.7806010719117042,0.20010310834232395,0.10065293657032669
2026-05-10 08:00:00,LONG,1.3205265756175524,1.3181341380781284,1.323397500664861,1.5,1.8,WIN,SL,6,0.5007512184098956,True,1.0,0.0015949583596159833,1.6603856972618476,0.8296767571465763,0.20054469913232367,0.10021001500641231
2026-05-10 09:00:00,LONG,1.320330941640004,1.3180003473940893,1.3231276547351014,1.5,1.8,WIN,SL,5,0.10230922712815577,True,1.0,0.0015537294972763746,1.5785322186297701,0.9776050849269747,0.18575737287802743,0.11504190421014629
2026-05-10 10:00:00,LONG,1.3192638328173973,1.3169253548889306,1.3220700063315576,1.5,1.8,WIN,SL,5,0.4779095270221624,True,0.8977646932958134,0.0015589852856445288,1.5617450397901076,1.6587986452199932,0.1845527389136048,0.19602164596768637
2026-05-10 11:00:00,LONG,1.3209251463380167,1.3184337983471386,1.3239147639270703,1.5,1.8,WIN,SL,3,0.3836810078579779,True,0.42814950334438234,0.00166089866058537,1.8344386932223267,0.5567643475609505,0.23065779139306938,0.07000617420974115
2026-05-10 13:00:00,SHORT,1.3192747571360401,1.3216223216280945,1.3164576797455751,1.5,1.8,WIN,SL,10,-0.32727049121302565,True,-0.34183812659751994,0.001565042994702805,2.283165477732891,1.715392064044394,0.2708497314410966,0.20349531577709318
2026-05-10 14:00:00,SHORT,1.3189743169270938,1.3212682123038617,1.3162216424749722,1.5,1.8,WIN,SL,9,-0.32975428142930596,True,-1.0,0.0015292635845119656,2.533044260552199,1.5590655189870153,0.2936897478522802,0.1807633472052571
2026-05-10 15:00:00,SHORT,1.318588002401999,1.3209724567077856,1.3157266572350548,1.5,1.8,WIN,SL,8,-0.6096907713713755,True,-0.5657299832171987,0.001589636203857833,2.6798627638046426,1.2568332264398503,0.3230733832671125,0.1515187151195641
2026-05-10 16:00:00,SHORT,1.3186537805863856,1.3210778740184568,1.3157448684679003,1.5,1.8,WIN,SL,7,-0.5685457947372533,True,-0.9475044763264289,0.0016160622880474484,2.5953385072769786,1.2769840609549163,0.318068984298712,0.15649944009027408
2026-05-10 17:00:00,SHORT,1.317260499799639,1.3197944353385525,1.3142197771529431,1.5,1.8,WIN,SL,3,-0.17354492931986087,True,-1.0,0.0016892903592755479,1.6245790094014234,0.0,0.20834038968607022,0.0
2026-05-10 22:00:00,LONG,1.3186220128831825,1.3161941207351358,1.3215354834608386,1.5,1.8,WIN,TP,1,0.652741269492317,True,0.7590300797217056,0.0016185947653644592,0.0,2.6109045203659966,0.0,0.3204858062615393
2026-05-10 23:00:00,LONG,1.321256939765913,1.3185040156541068,1.3245604487000806,1.5,1.8,WIN,TP,17,0.840021919734701,True,1.0,0.0018352827412041314,0.924503102749164,1.8795791481451465,0.12841745898158302,0.26108163124797734
2026-05-11 00:00:00,LONG,1.3209039187759526,1.3181417334682586,1.3242185411451854,1.5,1.8,WIN,TP,16,0.14890591787240437,True,0.9916733140153976,0.0018414568717959798,0.7296959376486549,2.064984643148207,0.10172606649164169,0.2878771201467997
2026-05-11 01:00:00,LONG,1.3200354684669073,1.317363693376217,1.3232415985757358,1.5,1.8,WIN,TP,12,0.6775383255785952,True,0.8088205615908307,0.0017811833937935331,0.26681884151596863,1.9233240682076855,0.03600306969110703,0.25952279109239956
2026-05-11 02:00:00,LONG,1.3208063333380442,1.3180580133185664,1.3241043173614175,1.5,1.8,WIN,TP,13,0.3178861094821337,True,1.0,0.0018322133463184612,0.6801162993928701,1.8362349114392345,0.09434525935736941,0.2547212279950351
2026-05-11 03:00:00,LONG,1.3209238866613897,1.3182683494833827,1.3241105312749981,1.5,1.8,WIN,TP,12,0.11194267423130921,True,0.7396188128339641,0.00177035811867137,0.77028001835316,1.8339909615609575,0.10323618929993783,0.245799233487679
2026-05-11 05:00:00,LONG,1.3212048946389914,1.318491009246486,1.3244615571099978,1.5,1.8,WIN,TP,11,0.5427900291648114,True,0.490612112792204,0.0018092569283368887,0.9090358787545683,1.9353825558973559,0.12448330069144273,0.2650311327522316
2026-05-11 08:00:00,LONG,1.3216502921029345,1.3191251479177897,1.3246804651251083,1.5,1.8,WIN,TP,8,0.3420302899460554,True,0.47259558749230224,0.0016834294567631889,1.2415589600679358,1.815464747880106,0.15814144923019113,0.23124171746170952
2026-05-11 09:00:00,LONG,1.3221476979829634,1.3195886023076269,1.3252186127933672,1.5,1.8,WIN,SL,3,0.31701146703599914,True,0.3534281228577816,0.0017060637835576273,1.5166389619501142,0.31056062567067527,0.19570300728601847,0.04007390678545533
2026-05-11 11:00:00,LONG,1.3225239188381863,1.3200706292697821,1.3254678663202715,1.5,1.8,WIN,SL,1,0.5948146357318579,True,0.8104960122285242,0.0016355263789361427,1.8120794009242753,0.0,0.22409452250527276,0.0
2026-05-11 12:00:00,SHORT,1.3206572048248972,1.323195403399158,1.3176113665357845,1.5,1.8,WIN,SL,1,-0.46008199512485964,True,-0.5243546726646979,0.0016921323828404786,1.6571141605824324,0.0,0.2123228134402094,0.0
2026-05-11 15:00:00,LONG,1.323397691850751,1.3209941313674192,1.3262819644307493,1.5,1.8,WIN,SL,17,0.47440663008335837,True,0.5293313034265292,0.001602373655554585,2.180717265974182,1.6873449158441851,0.26404186124303214,0.20430419802240463
2026-05-11 16:00:00,LONG,1.3243318779325504,1.3219643524235187,1.327172908543388,1.5,1.8,WIN,SL,13,0.7068171462530988,True,0.9630169934897385,0.0015783503393543524,1.650467855528869,1.1211522024364164,0.19670420559038426,0.13361990213102184
2026-05-11 17:00:00,LONG,1.3233223110340815,1.3208940406994074,1.3262362354356902,1.5,1.8,WIN,SL,15,0.6394596920690434,True,1.0,0.0016188468897826752,2.1119619786893202,1.7167391648912267,0.25836057111957944,0.2100121666867819
2026-05-11 18:00:00,LONG,1.3244999888115516,1.3220522521433884,1.3274372728133474,1.5,1.8,WIN,SL,11,0.765602979347146,True,0.8271402094887237,0.0016318244454421077,1.6994030127532385,0.9813923824068321,0.20937164230231323,0.12091053935146477
2026-05-11 20:00:00,LONG,1.325353783790987,1.3229623071938668,1.3282235557075313,1.5,1.8,WIN,SL,1,0.6907096253253222,True,0.8691716761115474,0.0015943177314134813,1.6760926615107257,0.0,0.2016234670636428,0.0
2026-05-11 23:00:00,SHORT,1.3229842114990202,1.3256843474665907,1.3197440483379357,1.5,1.8,WIN,TP,10,-0.49484224237825675,True,-0.5494465697390113,0.0018000906450469367,1.3221547838365424,2.049669287203991,0.1798962101740832,0.2788839411133562
2026-05-12 01:00:00,SHORT,1.3244945037951548,1.3273369754266013,1.3210835378374188,1.5,1.8,WIN,TP,7,-0.4820941060803574,True,-0.4081446084731455,0.0018949810876310394,0.027514768532493183,2.4227871568645756,0.003936593609880631,0.34663306102505415
2026-05-12 08:00:00,SHORT,1.3204013551250438,1.3229979714922708,1.3172854154843712,1.5,1.8,WIN,TP,4,-0.4146552611010482,True,-1.0,0.0017310775781514012,0.34454899470231626,2.325170444614624,0.045171192606607236,0.30483537497365887
2026-05-12 09:00:00,SHORT,1.320917413732962,1.3235657152947156,1.3177394518588577,1.5,1.8,WIN,TP,2,-0.0008335782774590017,True,-1.0,0.0017655343745023946,0.0,2.00916680885451,0.0,0.26854465148712436
2026-05-12 10:00:00,SHORT,1.319079001057389,1.3217470654320944,1.3158773238077424,1.5,1.8,WIN,TP,11,-0.1504094401112815,True,-1.0,0.0017787095831369726,0.9318670580285165,1.9393066200751168,0.12565743712061914,0.26150543424642897
2026-05-12 11:00:00,SHORT,1.3183534048362295,1.3209411284039558,1.315248136554958,1.5,1.8,WIN,TP,15,-0.6588582624360961,True,-1.0,0.001725149045150912,1.3813977952704541,2.174703599615794,0.18076466285460369,0.28457375879645
2026-05-12 12:00:00,SHORT,1.3166107724786722,1.3191715547347589,1.3135378337713681,1.5,1.8,WIN,SL,2,-0.8793477219416737,True,-1.0,0.001707188170724429,1.734967870002719,0.0,0.22496524304441542,0.0
2026-05-12 13:00:00,SHORT,1.3179321831887445,1.3205765952683284,1.314758888693244,1.5,1.8,WIN,SL,5,-0.2486093474067692,True,-1.0,0.0017629413863891846,1.5907158097372807,0.0,0.21278323503598814,0.0
2026-05-12 14:00:00,SHORT,1.3184572668906958,1.3210224476263326,1.3153790500079316,1.5,1.8,WIN,TP,9,-0.5184568317422419,True,-0.6448791626324879,0.0017101204904245476,1.3328037677931925,1.8547166299918163,0.17287287879972957,0.24056819985983818
2026-05-12 17:00:00,LONG,1.319632078648989,1.3170058310115766,1.322783575813884,1.5,1.8,WIN,SL,3,0.7037035792360499,True,1.0,0.0017508317582749827,1.6103476835046662,0.6308106244389119,0.21365408675356012,0.08369327273823363
2026-05-12 18:00:00,LONG,1.319532415491012,1.3168524397769432,1.3227483863478946,1.5,1.8,LOSS,SL,2,0.24871791518185946,True,0.8853317002262237,0.0017866504760459018,1.5222813553251455,0.4307729393702443,0.20611730914965143,0.05832677304158139
2026-05-12 20:00:00,SHORT,1.317656501814921,1.320472137886308,1.3142777385292568,1.5,1.8,WIN,TP,12,-0.32563858467460954,True,-0.6395753298137397,0.0018770907142579643,0.1292107293663888,2.315974621723037,0.01840694141015324,0.32992623274013466
2026-05-12 21:00:00,SHORT,1.3160475755277738,1.318973402302166,1.3125365833985034,1.5,1.8,WIN,SL,24,-0.44493181402582677,True,-1.0,0.0019505511829280367,2.5931534628748367,1.403894547199473,0.3843385792869995,0.20807516541702423
2026-05-12 22:00:00,SHORT,1.3163093311755514,1.3189375273305781,1.3131554957895193,1.5,1.8,WIN,SL,23,-0.3015084494841057,True,-1.0,0.0017521307700178854,2.737422907479651,1.7122716345498894,0.364376578753224,0.2279193610854655
2026-05-12 23:00:00,SHORT,1.3159404807640704,1.318564646584192,1.3127914817799244,1.5,1.8,WIN,SL,21,-0.5728461115682664,True,-1.0,0.0017494438800810727,1.6583338281655036,1.5040627687472925,0.22046300795694534,0.19995383108170334
2026-05-13 00:00:00,SHORT,1.3164029283109113,1.3189447900040434,1.3133526942791527,1.5,1.8,WIN,TP,8,-0.7117586038867627,True,-0.9786606586415999,0.001694574462088126,0.8828846402195624,1.82566244334369,0.11365165878243759,0.2350132232578067
2026-05-13 01:00:00,SHORT,1.317319370459922,1.3198305869346003,1.314305910690308,1.5,1.8,WIN,TP,7,-0.8858312024863086,True,-0.6559356247193495,0.0016741443164521705,0.0,2.395350904032323,0.0,0.3044184418615354
2026-05-13 02:00:00,SHORT,1.315266381121087,1.3178569425952813,1.3121577073520536,1.5,1.8,WIN,SL,11,-0.12105211924840178,True,-0.3036820161174056,0.0017270409827962701,1.5355708945640132,1.1332526457423036,0.201631692634059,0.14880436321888155
2026-05-13 04:00:00,SHORT,1.3150582588515138,1.3176730117004989,1.3119205554327318,1.5,1.8,WIN,SL,9,-0.46922948809987264,True,-0.5121752781271499,0.0017431685659899943,1.6407570629005461,1.003374847166778,0.21748969045463726,0.133001825714828
2026-05-13 08:00:00,SHORT,1.3134417945389636,1.3160571849334535,1.3103033260655756,1.5,1.8,WIN,SL,4,-0.9605412255273174,True,-1.0,0.001743593596326587,1.9418273111738291,0.0,0.25777751850231106,0.0
2026-05-13 09:00:00,SHORT,1.3138131982925991,1.316287595699134,1.3108439214047571,1.5,1.8,WIN,SL,3,-0.5341747635030115,True,-0.8518327463968222,0.001649598271023321,1.8273260612896296,0.0,0.22943550233903964,0.0
2026-05-13 10:00:00,SHORT,1.3142332768726765,1.3165998204052307,1.3113934246336114,1.5,1.8,WIN,SL,2,-0.09465863595468466,True,-0.7659323993484256,0.0015776956883695023,1.6443445655244877,0.0,0.19739839013931323,0.0
2026-05-13 12:00:00,LONG,1.3164850164943356,1.3140768007272436,1.319374875414846,1.5,1.8,WIN,TP,9,0.07958037423769063,True,0.6495189403704317,0.0016054771780613653,0.9395117611120872,2.878046260079634,0.11457515065399816,0.35098292271240583
2026-05-13 13:00:00,LONG,1.3168112248049078,1.3144278876330189,1.3196712294111745,1.5,1.8,WIN,TP,8,0.9134968787697733,True,1.0,0.001588891447925987,1.1546245049984865,2.7027833040426716,0.1393193623353015,0.32612338021547355
2026-05-13 14:00:00,LONG,1.3161211630687684,1.3137206147532539,1.319001821047386,1.5,1.8,WIN,TP,7,0.09497111532961439,True,1.0,0.0016003655436764058,0.7151561528807197,3.1145953080690667,0.08696093471742754,0.37872584632768275
2026-05-13 15:00:00,LONG,1.3161224829436673,1.3138188584933133,1.3188868322840923,1.5,1.8,WIN,TP,6,0.6866267085525873,True,0.6842826792332077,0.001535749633569426,0.7461054297335187,3.244780939357282,0.08706113262001423,0.37862518141058865
2026-05-13 18:00:00,SHORT,1.315748859895564,1.3180700647329904,1.3129634140906525,1.5,1.8,LOSS,SL,2,-0.37779153380154673,True,-0.4771643378499172,0.0015474698916175175,1.9986061454735082,0.0,0.23505875092055792,0.0
2026-05-13 19:00:00,LONG,1.3175354252447364,1.3152310280328645,1.3203007018989827,1.5,1.8,WIN,TP,2,0.10398337965333349,True,0.39390119536287027,0.0015362648079145621,0.0,2.323967078571793,0.0,0.2709778248959553
2026-05-13 20:00:00,LONG,1.3185825547534527,1.316267059383891,1.3213611491969266,1.5,1.8,WIN,TP,4,0.42384678067936493,True,0.9277291388810387,0.0015436635797077308,0.0,3.3856035800977717,0.0,0.3963523499597817
2026-05-13 21:00:00,LONG,1.3204449425653484,1.3179372567790433,1.3234541655089145,1.5,1.8,WIN,TP,3,0.03888495358313199,True,1.0,0.0016717905242033934,0.6881596817876485,2.0121211846395446,0.08712660392460685,0.25475088143349994
2026-05-13 23:00:00,LONG,1.3209419817797812,1.3184329070626744,1.3239528714403093,1.5,1.8,WIN,TP,18,0.6530462579122135,True,1.0,0.0016727164780711487,1.389709292040538,2.470613055611683,0.17597969211280157,0.3128551613971142
2026-05-14 00:00:00,LONG,1.3236409496337826,1.3209673651143277,1.3268492510571286,1.5,1.8,WIN,SL,3,0.7965387042060071,True,1.0,0.0017823896796366518,2.5314444704336254,0.0,0.34087948849894095,0.0
2026-05-14 01:00:00,LONG,1.3227929069708808,1.3202093529219299,1.3258931718296219,1.5,1.8,WIN,SL,2,0.6822732508523309,True,1.0,0.0017223693659673054,2.127289249431458,0.0,0.2769880165265342,0.0
2026-05-14 05:00:00,SHORT,1.319537343827687,1.3224832272845601,1.3160022836794392,1.5,1.8,WIN,SL,6,-0.3777041875329005,True,-1.0,0.0019639223045821047,2.00402722484228,0.46842570008202444,0.2982677060461795,0.06971774499098284
2026-05-14 06:00:00,SHORT,1.3194048668811775,1.322318977561983,1.3159079340642108,1.5,1.8,WIN,SL,5,-0.1606102564392688,True,-1.0,0.001942740453870376,2.094068049214767,0.40534222281330967,0.30833831331723627,0.05968408588507006
2026-05-14 07:00:00,SHORT,1.320011416296857,1.3227732197905715,1.3166972521043996,1.5,1.8,WIN,SL,4,-0.32845221866077084,True,-0.8773845493225528,0.0018412023291430404,1.8801199856718807,0.7571270835017281,0.2622463149901235,0.10560697675717354
2026-05-14 10:00:00,LONG,1.321133005345451,1.3186179426644253,1.324151080562682,1.5,1.8,WIN,TP,7,0.34608061752920327,True,0.8221508278410257,0.0016767084540171126,0.6754736564688041,2.3508032025162273,0.0857273556624943,0.2983508539595379
2026-05-14 11:00:00,LONG,1.3229196922849733,1.320424237505457,1.3259142380203932,1.5,1.8,WIN,SL,3,0.5202053893342342,True,1.0,0.0016636365196776662,1.5027223362114066,0.0,0.18897471796935872,0.0
2026-05-14 12:00:00,LONG,1.3223224588057687,1.3198588863217084,1.325278745786641,1.5,1.8,WIN,TP,6,0.06529859202557814,True,0.9361818343304013,0.001642381656040153,1.4138162357361048,2.82630780938014,0.17560208821393036,0.3510396476696915
2026-05-14 13:00:00,LONG,1.321157525333969,1.3186638329100535,1.3241499562426673,1.5,1.8,WIN,TP,4,0.15841362905094164,True,0.5585979034721539,0.001662461615943586,0.6960114854310017,2.3561997325564477,0.08758171199096208,0.2964893693415897
2026-05-14 18:00:00,LONG,1.3256460241758423,1.3231901896937739,1.3285930255543243,1.5,1.8,WIN,TP,4,0.15631580484184981,True,1.0,0.0016372229880456152,0.8732849278466375,3.0928097051726824,0.10785399216002313,0.3819736984544847
2026-05-14 19:00:00,LONG,1.3243250841024814,1.3219655903688943,1.327156476582786,1.5,1.8,WIN,TP,2,0.8396208789915414,True,1.0,0.0015729958223913907,0.0,2.3617048623551997,0.0,0.28051661384363585
2026-05-14 21:00:00,LONG,1.327629813176325,1.3250707399419863,1.3307007010575311,1.5,1.8,WIN,TP,1,0.6849113206618531,True,1.0,0.0017060488228923334,0.0,1.805241506075638,0.0,0.23197958617005593
2026-05-14 22:00:00,LONG,1.328920467724249,1.3262652548751184,1.3321067231432056,1.5,1.8,LOSS,TP,8,0.387932095760695,True,1.0,0.0017701418994203427,0.695774712021014,1.8400076885287144,0.0926782302039975,0.24509177063830853
2026-05-14 23:00:00,LONG,1.3313649231140954,1.3284895520293591,1.3348153684157789,1.5,1.8,WIN,SL,4,0.5480367444990355,True,1.0,0.0019169140564907641,1.5367418440023835,0.0,0.22126180364399284,0.0
2026-05-15 00:00:00,LONG,1.329784463529835,1.326746093317773,1.3334305077843094,1.5,1.8,WIN,TP,8,0.9674296356001818,True,1.0,0.002025580141374645,1.034575592980189,1.8184256915326107,0.15759063467540288,0.2769897731814846
2026-05-15 01:00:00,LONG,1.32968153868177,1.3267381445143211,1.3332136116827087,1.5,1.8,WIN,TP,7,0.46064516424040314,True,1.0,0.0019622627782992347,1.0155066639717032,1.9295539105525394,0.1498622692620092,0.2847517775686848
2026-05-15 04:00:00,SHORT,1.3291168918424734,1.3320495100179228,1.325597750031934,1.5,1.8,WIN,SL,2,-0.5328128509259914,True,-1.0,0.001955078783632943,1.5654870852869287,0.0,0.2302770061294652,0.0
2026-05-15 06:00:00,LONG,1.3317429395682618,1.328812562417577,1.3352593921490836,1.5,1.8,WIN,TP,19,0.6584131667533963,True,0.8961913244030566,0.001953584767123151,0.9238067964495843,3.2372985351902215,0.13551676015596695,0.4748917315099861
2026-05-15 07:00:00,LONG,1.3323506047899742,1.329532144256581,1.3357327574300462,1.5,1.8,WIN,TP,18,0.28051944016359776,True,1.0,0.0018789736889288486,1.2838924361928634,3.0424438175737407,0.18106346019945935,0.4290666332655323
2026-05-15 08:00:00,LONG,1.3332460196073077,1.3305939687474415,1.3364284806391473,1.5,1.8,WIN,SL,2,0.16039304343462102,True,1.0,0.0017680339065775058,1.6667708450000518,0.2810188656797447,0.22103252701424972,0.037266256610020115
2026-05-15 09:00:00,LONG,1.3331612102726595,1.3304480350735455,1.3364170205115964,1.5,1.8,WIN,SL,1,0.5223424920293263,True,1.0,0.0018087834660760313,1.5823331468281254,0.0,0.21468506672358184,0.0
2026-05-15 10:00:00,LONG,1.3314055622721137,1.3286452510770954,1.3347179357061356,1.5,1.8,WIN,TP,3,0.38444549289302715,True,0.6532205836329572,0.0018402074633455667,0.0,1.8059901958961597,0.0,0.24961564915993623
2026-05-15 12:00:00,LONG,1.3337551127068328,1.3310259636744852,1.33703009154565,1.5,1.8,WIN,SL,3,0.31572021883736395,True,0.6377328948411262,0.001819432688231767,1.589286145863306,0.535247172812095,0.21680135560036423,0.07301536790524905
2026-05-15 14:00:00,LONG,1.3333534665234288,1.3307982326697116,1.3364197471478894,1.5,1.8,LOSS,SL,2,0.5612403217115902,True,0.7463747789544883,0.00170348923581146,2.004862589489053,0.0,0.25614077033756155,0.0
2026-05-15 17:00:00,SHORT,1.3337071144507402,1.3366933174960443,1.3301236707963753,1.5,1.8,WIN,SL,8,-0.2519786111071202,True,-0.30103817223274404,0.0019908020302026796,2.1901535945567896,1.1564849010854747,0.3269205191497382,0.17262654326680085
2026-05-15 18:00:00,SHORT,1.3324743463740252,1.3355177999788632,1.3288222020482194,1.5,1.8,WIN,SL,7,-0.684354804115538,True,-0.8497324391386885,0.002028969069892076,2.7565379789214175,0.3220393533222722,0.41974018595059975,0.04903718326412903
2026-05-15 19:00:00,SHORT,1.3327388313382773,1.3357963671699513,1.3290697883402685,1.5,1.8,WIN,SL,6,-0.3758004924423904,True,-0.5818175086638648,0.0020383572211160527,2.614088090037908,0.45031010360808993,0.39981166674731394,0.06887267256326288
2026-05-15 20:00:00,LONG,1.333048836749378,1.329950709804515,1.3367665890832137,1.5,1.8,WIN,TP,5,0.5457875365270887,True,0.7578125578738424,0.0020654179632420794,0.5945035263489001,2.4297454622618373,0.09211202385697982,0.37646332118626114
2026-05-15 21:00:00,LONG,1.332901591789939,1.329687503468444,1.3367584977757327,1.5,1.8,WIN,TP,4,0.6049599574761413,True,0.6756378614113205,0.002142725547663276,0.07742251215849864,2.4108009954583216,0.01244616975387559,0.38755185792550984
2026-05-15 23:00:00,LONG,1.3342951554430345,1.3311525170793443,1.3380663214794626,1.5,1.8,LOSS,TP,2,0.015195869606505041,True,0.8936059881003243,0.0020950922424601043,0.4747242719691898,1.8004559196762548,0.07454056439108707,0.28270515821161124
2026-05-16 00:00:00,LONG,1.3338769338933916,1.3309013780386971,1.3374476009190248,1.5,1.8,WIN,TP,1,0.04397768116879569,True,0.8153336425108999,0.0019837039031295983,0.0,2.1123831904736723,0.0,0.3141476303677417
2026-05-16 01:00:00,LONG,1.3374482275938249,1.3343105304177303,1.3412134642051385,1.5,1.8,WIN,TP,13,0.5859163096222235,True,1.0,0.002091798117396428,0.9965291985429413,2.0276662649550645,0.15585933409870706,0.3171314140041135
2026-05-16 02:00:00,LONG,1.3357425244980177,1.3325769640682172,1.339541197013778,1.5,1.8,WIN,TP,4,0.7961981388531356,True,1.0,0.0021103736198669104,0.0,2.2572558086962506,0.0,0.3566295917511598
2026-05-16 03:00:00,LONG,1.3368059044299494,1.3335316586750618,1.3407349993358144,1.5,1.8,WIN,TP,5,0.8352425754752355,True,1.0,0.002182830503258293,0.11001355575367466,1.861059962886846,0.01796378550358293,0.3038869324200407
2026-05-16 04:00:00,LONG,1.3374712619919142,1.3342661444044024,1.3413174030969286,1.5,1.8,WIN,TP,10,0.5504277726232345,True,1.0,0.0021367450583413034,0.5862884005704204,1.9742336883776546,0.09366547740367419,0.31540371726337557
2026-05-16 05:00:00,LONG,1.3382460750907503,1.33519679792442,1.3419052076903468,1.5,1.8,WIN,TP,10,0.790189869854427,True,1.0,0.002032851444220242,0.997397988565511,2.5706288585655854,0.15150890252977345,0.3904892145740022
2026-05-16 06:00:00,LONG,1.3400229302352553,1.3369487021741222,1.343712003908615,1.5,1.8,WIN,SL,3,0.8804909462289425,True,0.6135723619026844,0.0020494853740887615,1.8562792075128918,0.41247069179602985,0.28390686459035763,0.0630849391456179
2026-05-16 07:00:00,LONG,1.338543636095651,1.3356261053816696,1.3420446729524287,1.5,1.8,WIN,TP,8,0.8571043138208876,True,1.0,0.0019450204759875942,1.1954233773492378,2.5337242685253702,0.17370542757952798,0.36817220222743446
2026-05-16 08:00:00,LONG,1.3394627753115431,1.3365428537796296,1.3429666811498395,1.5,1.8,WIN,SL,1,0.606747173610833,True,0.6602716063790431,0.0019466143546090775,1.666617814991953,0.0,0.24220622044207052,0.0
2026-05-16 12:00:00,LONG,1.3392270642502906,1.336230243489292,1.3428232491634886,1.5,1.8,WIN,TP,3,0.3859416595537879,True,0.3814959420872926,0.001997880507332263,0.0,2.124610262010578,0.0,0.31695278130637616
2026-05-16 13:00:00,LONG,1.3407202680172878,1.3377096083743814,1.3443330595887757,1.5,1.8,WIN,TP,6,0.7529537582829785,True,0.74924374919925,0.0020071064286043866,0.321935297516132,1.8346002242558117,0.048194871119152986,0.2746462473837539
2026-05-16 14:00:00,LONG,1.3413835536490673,1.3384085975666145,1.3449535009480107,1.5,1.8,WIN,TP,10,0.6075673545104572,True,1.0,0.0019833040549685726,0.660233630712495,2.403793043927804,0.09761891246217644,0.35541307170182607
2026-05-16 15:00:00,LONG,1.3417404852082182,1.338985406374332,1.3450465798088815,1.5,1.8,WIN,TP,9,0.4692361008015611,True,1.0,0.0018367192225907658,0.907256577746912,2.4013038454266806,0.1241950745721942,0.32871639343072084
2026-05-16 16:00:00,LONG,1.341670156027112,1.3390560372666929,1.344807098539615,1.5,1.8,WIN,TP,8,0.179040257701724,True,1.0,0.0017427458402794471,0.9158228229123629,2.5711437719248704,0.11895967186075271,0.33397553736687036
2026-05-16 17:00:00,LONG,1.3406334011415806,1.3381198406778785,1.3436496736980232,1.5,1.8,WIN,TP,2,0.11660497218427293,True,0.4111197349557408,0.0016757069758014703,0.0,2.249262451108088,0.0,0.2811435830645914
2026-05-16 18:00:00,LONG,1.3421413168054397,1.339549110842639,1.3452519639608007,1.5,1.8,WIN,TP,6,0.29800141403228925,True,0.46829146776696806,0.001728137308533844,0.0,2.3202377005312473,0.0,0.2987531405782719
2026-05-16 19:00:00,LONG,1.343905487814173,1.3411819518443473,1.3471737309779637,1.5,1.8,WIN,TP,6,0.5549406976905671,True,0.9433097912716172,0.001815690646550437,0.7881776668935836,2.5545823876932805,0.10648716227256808,0.3451382101818258
2026-05-16 20:00:00,LONG,1.3438756704192028,1.3412307161595103,1.3470496155308338,1.5,1.8,WIN,TP,5,0.45879330020717257,True,0.7712608212121508,0.001763302839794978,0.6058397700466691,2.6473891136534182,0.07949239728782305,0.34736462939992213
2026-05-16 21:00:00,LONG,1.3439032578887264,1.341342028920312,1.3469767326508237,1.5,1.8,WIN,TP,4,0.7878529579283131,True,1.0,0.0017074859789429273,0.6418011450882612,2.7177741602871457,0.08154355234091246,0.34530471188186684
2026-05-16 22:00:00,LONG,1.343056295070166,1.3405964175529084,1.3460081480908754,1.5,1.8,WIN,TP,2,0.7596094100651363,True,1.0,0.0016399183448384852,0.0,1.8871129041081633,0.0,0.23042303450628832
2026-05-16 23:00:00,LONG,1.344675671944413,1.3423841401987946,1.3474255100391552,1.5,1.8,WIN,TP,2,0.4813735275630208,True,1.0,0.0015276878304122863,0.36792264220290766,2.5320272505497066,0.04179974061802994,0.28766395478425605
2026-05-17 00:00:00,LONG,1.3459132155209084,1.343609407958701,1.348677784595557,1.5,1.8,WIN,TP,7,0.12024932432979296,True,0.7488559131331547,0.001535871708138197,0.0,2.015149819260702,0.0,0.22995625270418735
2026-05-17 01:00:00,LONG,1.3481955268745285,1.3457359602472856,1.35114700682722,1.5,1.8,WIN,TP,11,0.6150073810332716,True,1.0,0.0016397110848286323,1.2550229332731389,2.9443846604022856,0.1526392110328986,0.3581038558148497
2026-05-17 02:00:00,LONG,1.3470085561022063,1.3445367977913096,1.3499746660752823,1.5,1.8,WIN,TP,6,1.0,True,1.0,0.0016478388739311464,0.528512985618693,1.834862989132416,0.06465469273632543,0.22446468867124855
2026-05-17 03:00:00,LONG,1.3471289452205208,1.344675574680756,1.3500729898682386,1.5,1.8,WIN,TP,6,0.5963728325837132,True,1.0,0.0016355803598432836,0.6060804994561422,1.8195039796185404,0.07358563297978891,0.22091017970322252
2026-05-17 04:00:00,LONG,1.3472688093830567,1.3446625330007413,1.3503963410418351,1.5,1.8,WIN,TP,7,0.4112228142880341,True,1.0,0.0017375175882101848,0.3349286412517008,1.9703930352819317,0.04319437969002298,0.2541135466542081
2026-05-17 05:00:00,LONG,1.3482410014842459,1.345733010908203,1.3512505901754972,1.5,1.8,WIN,TP,7,0.6607508457401482,True,1.0,0.0016719937173618829,0.9295109724523841,2.8603370373242445,0.11527141693869339,0.3547188930375754
2026-05-17 08:00:00,LONG,1.3490437236264485,1.3463979340567123,1.352218671110132,1.5,1.8,WIN,TP,4,0.7698595256371135,True,0.7159909342468066,0.0017638597131575118,0.7363605291502519,2.256269806523767,0.09627832285791249,0.2950047759047253
2026-05-17 09:00:00,LONG,1.349618431952159,1.34707294597145,1.3526730151290094,1.5,1.8,WIN,TP,3,0.5831420416971638,True,0.9346283092222453,0.0016969906538058601,1.1040396676528763,2.0065137544476586,0.13882034752058517,0.2522961310705695
2026-05-17 11:00:00,LONG,1.349994101376302,1.3473141939591227,1.353209990276917,1.5,1.8,WIN,TP,4,0.5379466375544987,True,0.9377528068664912,0.0017866049447862028,0.0,2.1987532613789433,0.0,0.2909867121004125
2026-05-17 12:00:00,LONG,1.3518276388535104,1.3489708743915094,1.3552557562079117,1.5,1.8,WIN,TP,30,0.953749480252662,True,1.0,0.0019045096413340084,1.3612010228193263,1.8067418968030224,0.19177152450823992,0.2545411310558599
2026-05-17 13:00:00,LONG,1.3521954892201984,1.3494383054670007,1.3555041097240355,1.5,1.8,WIN,SL,7,0.8620205587218812,True,1.0,0.0018381225021317147,1.610486153674733,0.9394997358691888,0.21892328898007557,0.12771197796583825
2026-05-17 14:00:00,LONG,1.3522911951367884,1.3495809532467566,1.3555434854048265,1.5,1.8,WIN,SL,6,0.7765398234658701,True,1.0,0.00180682792668788,1.691349081942219,0.902803008833344,0.22598511075286468,0.12062562372100107
2026-05-17 15:00:00,LONG,1.3533671680788362,1.3507640041122098,1.356490964838788,1.5,1.8,WIN,SL,3,0.7367557207288701,True,1.0,0.0017354426444176063,1.8685028429147108,0.2381685809733416,0.23960087042844747,0.030540707779124106
2026-05-17 16:00:00,LONG,1.3524880277946911,1.3497809406344183,1.3557365323870185,1.5,1.8,WIN,SL,4,1.0,True,0.8962893639790185,0.001804724773515168,1.8023853058758283,0.4609625304868101,0.24050559754216183,0.06150963863157182
2026-05-17 17:00:00,LONG,1.3528856858388376,1.3502422064040962,1.3560578611605272,1.5,1.8,WIN,SL,1,0.5159219902932803,True,0.3858734273867015,0.0017623196231609,1.5667970999827363,0.0,0.2040968652202958,0.0
2026-05-17 18:00:00,SHORT,1.350769288785664,1.3534518376516977,1.3475502301464233,1.5,1.8,WIN,SL,8,-0.5744955862125909,True,-0.6394009696504745,0.0017883659106892047,1.8033440162195482,0.8578056619942085,0.23875572169335424,0.11357012752975393
2026-05-17 20:00:00,SHORT,1.3502572928878565,1.3531267232222508,1.3468139764865832,1.5,1.8,WIN,SL,2,-0.5794150304681785,True,-1.0,0.0019129535562628641,1.5318365457925578,0.0,0.2170202807510901,0.0
2026-05-17 23:00:00,LONG,1.3521038383599102,1.34933654069093,1.3554245955626867,1.5,1.8,WIN,TP,20,0.8768405358824058,True,0.5345104569921604,0.0018448651126535503,1.2185803165164695,2.425907854658783,0.166268022405328,0.3310006702592396
2026-05-18 01:00:00,LONG,1.3515558201694016,1.348842903055509,1.3548113207060726,1.5,1.8,WIN,TP,17,0.5458363792818564,True,0.43066795143373515,0.0018086114092616956,0.9400018786196395,2.0528323701595608,0.1257882284274297,0.2747038628050862
2026-05-18 03:00:00,SHORT,1.3509596249436093,1.3538770517706642,1.3474587127511435,1.5,1.8,WIN,SL,14,-0.7651631249487183,True,-0.575046849414647,0.001944951218036601,1.9271628389148854,0.5675735650177597,0.2774500171356961,0.08171250096780248
2026-05-18 05:00:00,LONG,1.3530379288646444,1.3501283057756217,1.3565294765714715,1.5,1.8,WIN,SL,5,0.7151413477751762,True,0.5228576130529293,0.0019397487260150686,1.6405252778173376,0.2496361305740326,0.23518977182789974,0.0357884547002047
2026-05-18 07:00:00,SHORT,1.3510757056070275,1.3539533234575873,1.3476225641863557,1.5,1.8,WIN,SL,10,-0.505043554046973,True,-1.0,0.0019184119003731975,1.8933144893323628,0.635934107679123,0.26883445778875203,0.09029720207104983
2026-05-18 08:00:00,LONG,1.3529188102617271,1.3500749148380544,1.3563314847701344,1.5,1.8,WIN,SL,2,0.7857777160039741,True,0.8582497110844163,0.0018959302824484833,1.615612263320491,0.0,0.22640591523240675,0.0
2026-05-18 12:00:00,LONG,1.3528942243885305,1.3500914129268333,1.356257598142567,1.5,1.8,WIN,TP,7,0.3057183501546026,True,0.8764144270876056,0.0018685409744647766,0.946273011523419,1.9721733637698327,0.13069387563250492,0.27238542914302954
2026-05-18 17:00:00,LONG,1.3540924276220245,1.3514507461929908,1.3572624453368651,1.5,1.8,WIN,TP,3,0.8836868749019262,True,0.5893382009985997,0.001761120952689226,0.017434330194337776,2.6656223522713867,0.0022674939741942975,0.3466885480473478
2026-05-18 18:00:00,LONG,1.354879400247214,1.3523166476728894,1.3579547033364034,1.5,1.8,WIN,TP,2,0.5146720397826178,True,1.0,0.001708501716216393,0.47859278198538213,2.2870979374875358,0.06035050715522049,0.28840284608648237
2026-05-18 19:00:00,LONG,1.355091151347037,1.3523920306130184,1.3583300962278593,1.5,1.8,WIN,TP,1,1.0,True,1.0,0.0017994138226790715,0.0,2.0538686570868956,0.0,0.2727314430365565
2026-05-18 20:00:00,LONG,1.358214793051146,1.3552428483157684,1.361781126733599,1.5,1.8,WIN,TP,11,0.24821346899825486,True,1.0,0.00198129649025171,0.9231994954227076,2.6055427739627817,0.1346717713163857,0.3800836789338935
2026-05-18 21:00:00,LONG,1.3574786795884792,1.3545297005449508,1.3610174544407134,1.5,1.8,WIN,TP,10,0.371357417388797,True,1.0,0.0019659860290190162,0.5559645090468354,3.0002584600578435,0.08051827802907698,0.4345163061940651
2026-05-18 22:00:00,LONG,1.3566401843778342,1.3538362163521394,1.3600049460086678,1.5,1.8,WIN,TP,2,0.26738929647286847,True,1.0,0.0018693120171298253,0.0,2.2966549856807505,0.0,0.3164556684499975
2026-05-18 23:00:00,LONG,1.357809120722909,1.354932741801164,1.3612607754290031,1.5,1.8,WIN,TP,8,0.30777318050217073,True,1.0,0.0019175859478299964,0.0,2.903663894591517,0.0,0.41007421415210044
2026-05-19 00:00:00,LONG,1.3601831204228514,1.3572290359359895,1.3637280218070855,1.5,1.8,WIN,TP,13,0.7620811232628331,True,1.0,0.001969389657907859,1.1199677921650528,2.16883594597952,0.16215853247716117,0.31402265015485753
2026-05-19 01:00:00,LONG,1.3587003505783375,1.3557883834561617,1.3621947111249484,1.5,1.8,WIN,TP,6,0.4461486706658613,True,0.5525029615730979,0.0019413114147838512,0.0,2.409090674708824,0.0,0.34421093834787553
2026-05-19 02:00:00,LONG,1.359084596925492,1.356275848115755,1.3624550954971766,1.5,1.8,WIN,TP,5,0.45734836426556313,True,0.3894510732804692,0.001872499206491399,0.19874256276542304,2.292416928149268,0.027382054944643266,0.3158411837362822
2026-05-19 03:00:00,LONG,1.3596022144042383,1.3568370288478637,1.3629204370718877,1.5,1.8,LOSS,TP,4,0.9026814776455822,True,1.0,0.0018434570375830248,0.4826598893712944,2.0477457967287753,0.06544287442268108,0.27764969490100816
2026-05-19 04:00:00,LONG,1.3604031069245872,1.3576338600767566,1.3637262031419841,1.5,1.8,WIN,TP,9,0.772961604524116,True,0.881510182547742,0.0018461645652204967,0.9157662984217801,2.1944395728834625,0.12427605329360288,0.2978011854981474
2026-05-19 05:00:00,SHORT,1.358897600373196,1.3617558479996614,1.3554677032214377,1.5,1.8,WIN,SL,2,-0.5523553305154043,True,-0.4996168143656165,0.0019054984176435838,2.350852349036625,0.0,0.3296455472415852,0.0
2026-05-19 06:00:00,LONG,1.3601313951978204,1.3572738205261619,1.3635604848038108,1.5,1.8,LOSS,TP,7,0.07388377067905322,True,0.46205867955952246,0.0019050497811057751,0.0,2.2692363998134213,0.0,0.31783755025469934
2026-05-19 07:00:00,LONG,1.362613977225209,1.3596646928158687,1.3661531185164173,1.5,1.8,WIN,TP,14,0.5364448430214912,True,1.0,0.0019661896062268536,0.8388307877971323,2.3063952728990453,0.1210394435927038,0.3328022821738125
2026-05-19 08:00:00,LONG,1.3630566925351677,1.3601029798780249,1.3666011477237392,1.5,1.8,WIN,TP,13,1.0,True,1.0,0.0019691417714285476,1.0623997300056098,2.0781109632840287,0.1534797266882193,0.30021459311829907
2026-05-19 09:00:00,LONG,1.3622361834260603,1.3594361617926973,1.365596209386096,1.5,1.8,WIN,TP,11,0.7317200426394126,True,1.0,0.0018666810889087346,0.6811589750150752,1.8325181702614612,0.09333965671086678,0.2511111549617987
2026-05-19 10:00:00,LONG,1.3614573442017832,1.3589252996051822,1.3644957977177046,1.5,1.8,WIN,TP,8,0.496596774804005,True,0.9291802645639362,0.001688029731067377,0.2918594049954594,1.8316314357918215,0.03618676376620663,0.22709843486040027
2026-05-19 11:00:00,LONG,1.3614874201950566,1.3589606659721662,1.3645195252625253,1.5,1.8,WIN,TP,7,0.4720143931281135,True,0.5400639532087762,0.00168450281526032,0.1311933190544308,1.8176118786881545,0.016231917534638155,0.22488436406280887
2026-05-19 14:00:00,LONG,1.3630000277923229,1.360590763256717,1.3658911452350502,1.5,1.8,WIN,TP,7,0.5485015189505175,True,0.5242057270149914,0.0016061763570706736,1.0793354695610733,2.5830039323187926,0.1271902477775235,0.30438442859248127
2026-05-19 15:00:00,LONG,1.3637380077699914,1.3613961555255187,1.3665482304633587,1.5,1.8,WIN,SL,1,0.4696550434307745,True,0.9567074975863538,0.0015612348296484755,1.5830950240725947,0.0,0.1812359174667943,0.0
2026-05-19 18:00:00,LONG,1.3643331098868896,1.361830661009771,1.367336048539432,1.5,1.8,WIN,TP,4,0.11545968529115726,True,0.4226653357400246,0.0016682992514124465,1.0042899277710102,2.2266227757693797,0.1228040368264859,0.2722702456661721
2026-05-19 20:00:00,LONG,1.365189414524616,1.36256719677262,1.3683360758270111,1.5,1.8,WIN,TP,8,0.18256626170746895,True,0.7080638195305027,0.001748145167997325,0.581756269844752,2.14011613625984,0.07449474785412012,0.2740450257489369
2026-05-19 21:00:00,LONG,1.3666268947844578,1.364142503192379,1.3696081646949523,1.5,1.8,WIN,TP,10,0.08215616410086668,True,1.0,0.001656261061385849,1.4819370745028058,2.0525958582749224,0.17960093433622737,0.24876099012809236
2026-05-19 22:00:00,LONG,1.3678927130139202,1.3653865297104573,1.370900132978076,1.5,1.8,WIN,SL,2,0.1289615328511926,True,1.0,0.0016707888689753306,2.2266684740766407,0.0,0.2719725652451572,0.0
2026-05-19 23:00:00,LONG,1.366698879914305,1.3641063188309726,1.369809953214304,1.5,1.8,WIN,TP,8,0.0054924573112081765,True,0.6955516073422983,0.00172837405555499,1.4617552222854806,1.9253063040841059,0.18485855508483748,0.24348080721219925
2026-05-20 00:00:00,LONG,1.364916518475256,1.3621812624819214,1.3681988256672577,1.5,1.8,WIN,TP,4,0.6738630220137363,True,0.7756552650919554,0.0018235039955564033,0.258715429707738,2.2013276316901025,0.0345639175289023,0.2940934245853943
2026-05-20 04:00:00,LONG,1.3681773279372893,1.365360153401423,1.3715579373803288,1.5,1.8,WIN,TP,7,0.16202174811183617,True,1.0,0.0018781163572442353,0.5524376806079483,2.7493222483059228,0.07583390128764142,0.3774033511915878
2026-05-20 05:00:00,LONG,1.3685351594939876,1.3658125844436864,1.3718022495543492,1.5,1.8,WIN,TP,6,0.7240640281917075,True,1.0,0.0018150500335341998,0.768779799578947,2.6477041626356743,0.10196112181159592,0.35115762250181587
2026-05-20 06:00:00,LONG,1.3676524946905817,1.3649642542751457,1.370878383189105,1.5,1.8,WIN,TP,4,0.5775675712298917,True,1.0,0.001792160276957357,0.06994646510673992,1.897690510748455,0.009165725706239695,0.2486717616152731
2026-05-20 07:00:00,LONG,1.369311395240891,1.3665139505276571,1.3726683288967718,1.5,1.8,WIN,TP,4,0.690755463413856,True,1.0,0.0018649631421560223,0.9567244447118329,2.1606216719214784,0.13030314600378878,0.29427052139358023
2026-05-20 10:00:00,LONG,1.370337145911159,1.3675661337361615,1.3736623605211562,1.5,1.8,WIN,TP,3,0.0839734296000881,True,0.649691905279719,0.001847341449998398,0.0,2.04416441829916,0.0,0.27557230509321123
2026-05-20 11:00:00,LONG,1.3720800801444284,1.3691971726839318,1.3755395690970245,1.5,1.8,WIN,SL,14,0.6280605949881971,True,1.0,0.0019219383069977644,2.6753459121764225,1.2449160127997325,0.3747485199654309,0.17438135052167428
2026-05-20 12:00:00,LONG,1.3725556325118804,1.3696581526647078,1.3760326083284875,1.5,1.8,WIN,SL,13,1.0,True,1.0,0.001931653231448362,2.908080016164078,0.9924656120111539,0.40926589986399875,0.13967371238965995
2026-05-20 13:00:00,LONG,1.373048194313397,1.3701862374090832,1.3764825425985734,1.5,1.8,WIN,SL,10,0.19108292069417615,True,1.0,0.001907971269542468,1.5022992697138269,0.7466242431248706,0.20875770105811542,0.10375000753258298
2026-05-20 14:00:00,LONG,1.3725321070768877,1.3697624223374651,1.3758557287641948,1.5,1.8,WIN,SL,10,0.4641720073506355,True,0.9876465066902572,0.0018464564929483768,1.5394889170762813,1.0509994949497627,0.20710621573811577,0.14139012351910996
2026-05-20 15:00:00,LONG,1.3728166085329154,1.3700588298348229,1.3761259429706265,1.5,1.8,WIN,SL,9,0.25589415476508937,True,0.9612358286359499,0.0018385191320616937,1.7008801857169877,0.900792032362771,0.22778721814322744,0.12063689900121007
2026-05-20 16:00:00,LONG,1.3736177557200318,1.37096819765041,1.376797225403578,1.5,1.8,WIN,SL,5,0.21152980128133606,True,0.43339531222847855,0.001766372046414563,1.8022662383092813,0.48402951129509975,0.2317582668314817,0.062242657743106944
2026-05-20 20:00:00,LONG,1.3732185291928989,1.370427033379099,1.3765683241694586,1.5,1.8,WIN,SL,3,0.42579594510069163,True,0.3012924918097323,0.0018609972091998233,1.631748134472598,0.0,0.22113586875027919,0.0
2026-05-20 21:00:00,SHORT,1.370989067629079,1.3738245146737054,1.3675865311755275,1.5,1.8,WIN,TP,4,-0.5010176783095428,True,-0.862714142597621,0.0018902980297508729,0.6893462536332752,2.1429622281658074,0.0950459705205812,0.29546824065765054
2026-05-20 22:00:00,SHORT,1.3714238185666943,1.3741609858851405,1.3681392177845586,1.5,1.8,WIN,TP,3,-0.28801754078004993,True,-0.6904119272362659,0.0018247782122975398,0.47584902186583894,2.458155289841993,0.06331514121953767,0.3270752742238065
2026-05-20 23:00:00,SHORT,1.3713536880515298,1.3740698974892878,1.36809423672622,1.5,1.8,WIN,TP,2,-0.0944468031721527,True,-0.8662171019323534,0.0018108062918386863,0.0,2.4383931732972415,0.0,0.32197803809874836
2026-05-21 00:00:00,SHORT,1.3698868756926563,1.3726442189316046,1.3665780638059182,1.5,1.8,WIN,TP,2,-0.46048495307173265,True,-1.0,0.001838228825965579,0.0,2.2648313361661234,0.0,0.3039140181546471
2026-05-21 01:00:00,SHORT,1.367867327504288,1.3706187689106615,1.36456559781664,1.5,1.8,WIN,TP,2,-0.4496881027653634,True,-1.0,0.0018342942709156215,0.0,2.2484323743879373,0.0,0.3015121817702801
2026-05-21 02:00:00,SHORT,1.3662229354791113,1.3690372518395906,1.362845755846536,1.5,1.8,WIN,SL,10,-0.7381823127876497,True,-1.0,0.0018762109069862135,1.5080384772164197,1.3217568389940502,0.20709637978051548,0.1815146366895532
2026-05-21 03:00:00,SHORT,1.3649086302068139,1.3678714010785602,1.3613533051607183,1.5,1.8,WIN,SL,5,-0.6603270685037299,True,-1.0,0.001975180581164241,1.7301689672056846,0.4683941346198395,0.25037545155237584,0.06778204625258714
2026-05-21 04:00:00,SHORT,1.3646124079977218,1.367499579909759,1.3611478017032772,1.5,1.8,WIN,SL,1,-0.8038446913522805,True,-1.0,0.0019247812746914545,1.5555155796561166,0.0,0.21940495650380423,0.0
2026-05-21 05:00:00,SHORT,1.3672604372879693,1.3703343110920905,1.3635717887230239,1.5,1.8,WIN,SL,8,-0.7214052765438995,True,-1.0,0.0020492492027474685,2.164170622973901,0.7417517628718242,0.32436577573586917,0.11117371403773521
2026-05-21 08:00:00,LONG,1.367443105851532,1.3643310119276797,1.3711776185601547,1.5,1.8,WIN,TP,5,0.10467346144420375,True,0.9577118536660422,0.0020747292825681963,0.5516575833372687,2.0495475703280577,0.08369928790477246,0.31096404245119674
2026-05-21 09:00:00,LONG,1.3677760250329856,1.3648831416680312,1.3712474850709309,1.5,1.8,WIN,TP,4,0.6185515355110326,True,1.0,0.0019285889099696402,0.7660830755153059,2.0322304864773915,0.10801909790154587,0.28654817067933214
2026-05-21 10:00:00,LONG,1.3678471585295287,1.3649919552495797,1.3712734024654674,1.5,1.8,WIN,TP,3,0.11399202474539093,True,0.4185988836110483,0.0019034688532992838,0.8135635197881813,2.021679354253328,0.11321387849810036,0.28133287101435644
2026-05-21 12:00:00,LONG,1.3686266624411991,1.3657542176742348,1.3720735961615564,1.5,1.8,WIN,TP,10,0.38563430697288775,True,0.6903524830390239,0.0019149631779762366,1.3442412900533744,1.8243001099375786,0.18808435078825458,0.25525350572063366
2026-05-21 13:00:00,LONG,1.3707331783317493,1.3677580464849743,1.3743033365478794,1.5,1.8,WIN,SL,2,0.4977572885777395,True,1.0,0.0019834212311833194,1.5714922062439383,0.0,0.22739151979211616,0.0
2026-05-21 14:00:00,LONG,1.3690356436110498,1.3660343985891423,1.3726371376373387,1.5,1.8,WIN,TP,9,0.02847325295906239,True,0.5038080932139661,0.002000830014604985,1.4909581128045506,2.390444512138965,0.21790183159509316,0.3493607453141119
2026-05-21 16:00:00,LONG,1.3678284250979027,1.3650216436609215,1.3711965628222802,1.5,1.8,WIN,TP,5,0.47230857164945433,True,0.488054053649216,0.0018711876246541661,0.9490952195663911,2.100886109001978,0.12983611079320467,0.2874009646122811
2026-05-21 17:00:00,SHORT,1.3669305330501207,1.3696122334225838,1.363712492603165,1.5,1.8,WIN,SL,3,-0.19748025323372606,True,-0.6067476513183184,0.0017878002483087446,1.7417968681355465,0.0,0.22780856803364305,0.0
2026-05-21 18:00:00,SHORT,1.368272369869025,1.371011839240926,1.3649850066227436,1.5,1.8,WIN,SL,3,-0.38676675784387116,True,-1.0,0.0018263129146007331,1.9094248794777424,0.5552742863827044,0.25486207232146,0.07411569675002003
2026-05-21 19:00:00,SHORT,1.3673814620343054,1.3699087968355088,1.3643486602728616,1.5,1.8,WIN,SL,1,-0.5620290222669082,True,-0.7644617829386577,0.0016848898674688417,1.5805519046606886,0.0,0.19475588656946127,0.0
2026-05-21 20:00:00,LONG,1.370012940351002,1.3672998126672995,1.373268693571445,1.5,1.8,WIN,TP,3,0.29625089735296817,True,0.679962862011959,0.0018087517891350244,0.0,2.103979335939251,0.0,0.27777667466471073
2026-05-21 21:00:00,LONG,1.3716243056175597,1.368874931940531,1.3749235540299942,1.5,1.8,WIN,TP,7,0.7373212958340751,True,1.0,0.0018329157846858068,0.2233019752942947,1.9936966157824905,0.02984007454462194,0.2664197464259064
2026-05-21 22:00:00,LONG,1.3718021016676785,1.3691889654762546,1.3749378650973871,1.5,1.8,WIN,TP,6,0.7946337889193337,True,1.0,0.0017420907942826533,0.0,1.9955802293617642,0.0,0.2534244511360123
2026-05-21 23:00:00,LONG,1.3732364804354198,1.3705193624192902,1.3764970220547754,1.5,1.8,WIN,TP,14,0.14645851522444092,True,1.0,0.0018114120107531409,0.7639952387106577,1.8658645319747957,0.10077726387809724,0.24612289811772003
2026-05-22 00:00:00,LONG,1.3737988301719244,1.3711057190846,1.3770305634767135,1.5,1.8,WIN,TP,14,0.3099955788495808,True,1.0,0.0017954073915495497,1.084021318628721,3.2111758766525695,0.14166993342247425,0.41966616784686883
2026-05-22 01:00:00,LONG,1.3739414002259782,1.3712683061040452,1.377149113172298,1.5,1.8,WIN,TP,13,0.08303497337835719,True,1.0,0.001782062747955401,1.172141634470324,3.155219341689826,0.15203195287466859,0.4092459001183745
2026-05-22 02:00:00,LONG,1.373090734782877,1.3705426553313114,1.3761484301247555,1.5,1.8,WIN,TP,11,0.4600597180945874,True,0.7993607886331556,0.0016987196343770025,0.7288810195391106,2.075442589143506,0.09017353825576592,0.25676344518906163
2026-05-22 03:00:00,LONG,1.373963328482577,1.3716255453498705,1.3767686682418248,1.5,1.8,WIN,TP,11,0.6341735659996264,True,0.7377441447373156,0.0015585220884709436,1.354333194460349,3.5937062652413454,0.15362551204674554,0.40764338303269937
2026-05-22 04:00:00,LONG,1.3748362889247314,1.3725620038046011,1.3775654310688876,1.5,1.8,WIN,SL,2,0.24763856711424587,True,0.6625064444581431,0.001516190080086807,1.511549809827666,0.0,0.166695980145406,0.0
2026-05-22 09:00:00,SHORT,1.3724278223262159,1.3745435200882534,1.3698889850117708,1.5,1.8,WIN,SL,1,-0.1465516944090506,True,-0.7317016924558978,0.0014104651746916933,2.275885936105642,0.0,0.2338962969292388,0.0
2026-05-22 12:00:00,LONG,1.3745665306470527,1.3723471721284852,1.3772297608693338,1.5,1.8,WIN,TP,2,0.11911575462935914,True,0.7822108077159459,0.00147957234571169,0.0,3.37777902098825,0.0,0.36358141406416733
2026-05-22 13:00:00,LONG,1.3760417477714177,1.3738188123806518,1.3787092702403367,1.5,1.8,WIN,TP,1,0.18149287270759046,True,1.0,0.0014819569271772462,0.0,2.3768918248681183,0.0,0.2559843341031692
2026-05-22 14:00:00,LONG,1.378758449998231,1.3762916029954735,1.3817186664015402,1.5,1.8,WIN,TP,6,0.3296267970460366,True,1.0,0.0016445646685050125,0.4947611733207514,2.0332878111825523,0.059014452095828424,0.24252785505517713
2026-05-22 15:00:00,LONG,1.3790644767487352,1.376571232521388,1.382056369821552,1.5,1.8,WIN,TP,5,0.21386603605938992,True,1.0,0.0016621628182315687,0.12699861549917987,1.8276467932910514,0.015306925833322374,0.2202831409181485
2026-05-22 16:00:00,LONG,1.3790396983279698,1.3765297521122517,1.3820516337868314,1.5,1.8,WIN,TP,4,0.31765611139404637,True,1.0,0.0016732974771453332,0.0,1.8302931829305367,0.0,0.22208388700827672
2026-05-22 17:00:00,LONG,1.379862135093132,1.3772038427327697,1.3830520859255666,1.5,1.8,WIN,TP,11,0.4694313121641267,True,1.0,0.0017721949069081802,1.405243736061483,2.633387123238722,0.18047931954047708,0.33821315398340596
2026-05-22 18:00:00,LONG,1.380553961237466,1.3778629334240797,1.3837831946135295,1.5,1.8,WIN,SL,3,0.49240952343111255,True,1.0,0.001794018542257533,1.7737787327116865,0.8630691486551597,0.23050109055458157,0.11215512753662293
2026-05-22 19:00:00,LONG,1.380375004764169,1.377678124302857,1.3836112613177434,1.5,1.8,WIN,SL,2,0.16149729875059507,True,0.6952233627318748,0.0017979203075413183,1.6703940939166437,0.9607314195126552,0.21756663607241303,0.12513400512709988
2026-05-22 20:00:00,LONG,1.3809874538158513,1.3783309001223871,1.3841753182480083,1.5,1.8,WIN,SL,1,0.6485628663920615,True,1.0,0.0017710357956427503,2.0415648987037764,0.0,0.2618187808109001,0.0
2026-05-22 21:00:00,SHORT,1.378685678592746,1.3815619766761287,1.3752341208926866,1.5,1.8,WIN,SL,4,-0.20929462144264954,True,-0.305185419596269,0.0019175320555885333,1.95426029200058,0.0,0.2718064612595329,0.0
2026-05-23 01:00:00,LONG,1.3823772166308943,1.3795127033486614,1.3858146325695737,1.5,1.8,WIN,TP,20,0.035011339288429866,True,0.3909303387278102,0.0019096755214885741,1.0270767325604002,2.392053261700164,0.14188481054695853,0.330448556660885
2026-05-23 02:00:00,LONG,1.3813974662019592,1.3785476451536236,1.3848172514599622,1.5,1.8,WIN,TP,17,0.9825662710215969,True,1.0,0.0018998806988904501,0.5166813192529885,1.833983201568052,0.0710608561216583,0.25223365265960657
2026-05-23 03:00:00,LONG,1.3815042683191199,1.3787863211142457,1.3847658049649687,1.5,1.8,WIN,TP,16,0.30416871181232225,True,0.7433322360793448,0.0018119648032494107,0.6006932260134082,1.8640247114794077,0.07878621934414586,0.24448329600148797
2026-05-23 04:00:00,LONG,1.383920598400687,1.3812559771904502,1.3871181438529714,1.5,1.8,WIN,SL,8,0.4715947815516428,True,1.0,0.001776414140157913,1.9729436877496649,0.35923974738175396,0.2532489991625276,0.046112368563137614
2026-05-23 05:00:00,LONG,1.3833068073523636,1.3806326003764273,1.386515855723487,1.5,1.8,WIN,SL,7,0.6780765459026681,True,1.0,0.0017828046506240972,1.6215876570202397,0.7022360048482751,0.20899008093971677,0.09050411728077959
2026-05-23 07:00:00,LONG,1.382859435190674,1.3803393136682223,1.3858835810176162,1.5,1.8,WIN,TP,14,0.46025587397617074,True,0.3687555398375428,0.001680081014967876,1.4544547750201722,2.431922605984645,0.17670645276421976,0.2954622065128864
2026-05-23 08:00:00,LONG,1.3829527735319802,1.3804242374648692,1.3859870168125135,1.5,1.8,WIN,SL,4,1.0,True,0.9376507061601425,0.0016856907114073552,1.504985569878901,0.863682011825815,0.18344373318459545,0.10527479844637853
2026-05-23 14:00:00,SHORT,1.3823251383769126,1.3846666576135211,1.3795153152929822,1.5,1.8,WIN,SL,5,-0.7249810245706307,True,-0.6177822673278401,0.0015610128244057306,1.6378322277835187,0.6090421029951516,0.18495483014922662,0.06877705591716138
2026-05-23 16:00:00,SHORT,1.3816924114147857,1.383958271477726,1.3789733793392573,1.5,1.8,WIN,SL,3,-0.26828672920870683,True,-0.4051814122972765,0.001510573375293589,2.1113863954487524,0.0,0.23083314691264692,0.0
2026-05-23 18:00:00,LONG,1.3827983003220914,1.3806245293785995,1.3854068254542817,1.5,1.8,WIN,TP,2,0.13206264167312673,True,0.5093884742515424,0.0014491806289946047,0.0,1.8043518623183046,0.0,0.18909712039369453
2026-05-23 19:00:00,LONG,1.3844701749624047,1.382255056935255,1.3871283165949841,1.5,1.8,WIN,TP,3,1.0,True,0.9481543915959825,0.0014767453514330825,0.0,1.9274719712895185,0.0,0.2055938311344735
2026-05-23 20:00:00,LONG,1.3853370543274117,1.3831263203297215,1.38798993512464,1.5,1.8,WIN,TP,3,0.39043021846895354,True,0.9597162607158828,0.0014738226651268243,0.0,3.202128356265919,0.0,0.3406657847899183
2026-05-23 21:00:00,LONG,1.3868453524086035,1.3846256659167853,1.3895089761987853,1.5,1.8,WIN,TP,2,0.6234945695488834,True,1.0,0.0014797909945454904,0.1550252538261389,2.16994918792872,0.016541496435823224,0.23153780350068537
2026-05-23 22:00:00,LONG,1.3873123624176702,1.3851996804588886,1.389847580768208,1.5,1.8,WIN,TP,1,0.0025409450012794377,True,1.0,0.0014084546391876904,0.0,1.9482780499300587,0.0,0.19779692967411178
2026-05-23 23:00:00,LONG,1.3895320049491093,1.3872813057925164,1.3922328439370208,1.5,1.8,WIN,TP,3,0.16926881920446096,True,1.0,0.0015004661043953435,0.19251118402991874,2.165785325467766,0.020788042688119762,0.23386920622819607
2026-05-24 00:00:00,LONG,1.3900403934976178,1.3878326298801045,1.3926897098386337,1.5,1.8,WIN,TP,2,0.7798050828866003,True,1.0,0.0014718424116755596,0.5416646840300976,1.8624948567911337,0.057354092628654624,0.1972100188293907
2026-05-24 01:00:00,LONG,1.3901098540263344,1.3878484822713701,1.3928235001322913,1.5,1.8,WIN,TP,2,1.0,True,1.0,0.0015075811699761163,0.0,3.0175123934237464,0.0,0.3272507457823562
2026-05-24 02:00:00,LONG,1.3922363270909452,1.389905603649325,1.3950331952208896,1.5,1.8,WIN,TP,10,0.5664231791865573,True,1.0,0.0015538156277469081,0.7942548707009823,3.1108155329898923,0.08864340101568613,0.34718486338431637
2026-05-24 03:00:00,LONG,1.3941989066161484,1.3917308045820136,1.3971606290571104,1.5,1.8,WIN,SL,3,0.4081951221831004,True,1.0,0.0016454013560899578,1.9428117911054485,0.3430337454855684,0.22928616143238614,0.04048405054171875
2026-05-24 04:00:00,LONG,1.39366227054099,1.3911891046686755,1.3966300695877676,1.5,1.8,WIN,SL,2,0.6488484892666428,True,1.0,0.0016487772482097287,1.613358677433474,0.15568548535921492,0.1908689886195648,0.018418428306674367
2026-05-24 06:00:00,LONG,1.3923732255110444,1.389797314843501,1.3954643183120963,1.5,1.8,WIN,TP,6,0.500832502864102,True,0.8641921996173783,0.0017172737783622191,0.3666130799019597,2.7349951005352953,0.04521596777251837,0.3373187076600497
2026-05-24 09:00:00,SHORT,1.3923126028788122,1.3949324188345402,1.3891688237319386,1.5,1.8,LOSS,SL,2,-1.0,True,-0.9411479997859751,0.001746543970485348,1.5053048310422827,0.15258494508470996,0.18882836160236935,0.01914055186123559
2026-05-24 11:00:00,LONG,1.3946848263748584,1.3920006424900806,1.3979058470365917,1.5,1.8,WIN,SL,7,0.4877072485676015,True,1.0,0.00178945592318523,1.5761419562993402,1.33288251215424,0.2022275216696552,0.1710160217691611
2026-05-24 12:00:00,LONG,1.3965691682503265,1.3936715784538978,1.400046276006041,1.5,1.8,WIN,SL,3,0.27146264511321383,True,1.0,0.0019317265309525267,1.7810057455475503,0.0,0.2463477018301477,0.0
2026-05-24 13:00:00,LONG,1.3948326130848094,1.391956473086328,1.3982839810829872,1.5,1.8,WIN,SL,5,0.20223208422538275,True,0.6297548085636508,0.0019174266656542935,1.548024403018735,0.16891734392217153,0.21280139577946733,0.02322046505720581
2026-05-24 14:00:00,LONG,1.3946470180680937,1.3918488351098888,1.3980048376179395,1.5,1.8,WIN,SL,5,0.7017698749871297,True,0.8608791395683547,0.0018654553054698558,2.424955104124003,0.04135167274871879,0.3243577267874287,0.005531126967596926
2026-05-24 15:00:00,LONG,1.3933627672664006,1.390548554391124,1.3967398227167325,1.5,1.8,LOSS,SL,4,0.20425890689809006,True,0.42321542250653493,0.0018761419168510532,1.7266255466741813,0.2752334615106577,0.232487521478457,0.037059769802319426
2026-05-24 16:00:00,SHORT,1.3934370202682107,1.3960650040132192,1.3902834397742005,1.5,1.8,WIN,TP,3,-0.5239722216397672,True,-0.48959596030078945,0.001751989163338947,0.09720538279334044,1.891363048339986,0.012221777862580864,0.2378038990232624
2026-05-24 17:00:00,SHORT,1.3928088215691097,1.395330722136848,1.3897825408878235,1.5,1.8,WIN,TP,5,-0.21787998019766253,True,-1.0,0.001681267045158982,0.30445863743567836,3.348738070373329,0.03675136643361746,0.40422797970543994
2026-05-24 18:00:00,SHORT,1.392975449571543,1.395520456061657,1.389921441783406,1.5,1.8,WIN,TP,4,-0.27300890317015597,True,-0.6966063277830093,0.001696670993409358,0.0,3.4165439177886894,0.0,0.41614164591373265
2026-05-24 19:00:00,SHORT,1.3915009946664865,1.394247194694637,1.3882055546327057,1.5,1.8,WIN,TP,3,-0.412253756124501,True,-1.0,0.0018308000187670728,0.17510143293329075,2.360878312026421,0.02303812271275058,0.3106211260021924
2026-05-24 20:00:00,SHORT,1.3910877516419051,1.393614554930369,1.3880555876957485,1.5,1.8,WIN,TP,2,-0.7243057007231344,True,-0.9131047863094065,0.0016845355256425482,0.4356208106693667,2.320552445394309,0.05275143357531731,0.28100693351440525
2026-05-24 21:00:00,SHORT,1.3910172090820057,1.3934915080757106,1.3880480502895596,1.5,1.8,WIN,TP,1,-1.0,True,-0.9934819631832417,0.0016495326624700007,0.0,2.3270290797007758,0.0,0.27594989108848916
2026-05-24 22:00:00,SHORT,1.3875977541096634,1.3901904965833796,1.384486463141204,1.5,1.8,WIN,SL,1,-0.7718393700069117,True,-1.0,0.0017284949824774814,1.8718612181933196,0.0,0.23317295764991802,0.0
2026-05-24 23:00:00,SHORT,1.390360249203943,1.3931754759174397,1.3869819771477472,1.5,1.8,WIN,SL,1,-0.7974435334122729,True,-0.990165920003256,0.0018768178089977802,1.5000719742090909,0.0,0.20249153394496347,0.0
2026-05-25 03:00:00,LONG,1.3903967389261382,1.387864738948453,1.3934351388993602,1.5,1.8,WIN,TP,2,0.7642632413137109,True,1.0,0.0016879999851233674,0.0,2.703729613755507,0.0,0.328244120546614
2026-05-25 04:00:00,LONG,1.392317894690379,1.3896174475805743,1.3955584312221445,1.5,1.8,WIN,TP,3,0.7657210071057241,True,0.8857451577997209,0.001800298073203128,0.0,2.0904726236013778,0.0,0.2703027699856118
2026-05-25 05:00:00,LONG,1.3947777426745633,1.3919650811842568,1.398152936462931,1.5,1.8,WIN,SL,14,0.7511635575090885,True,1.0,0.0018751076602043306,1.6825218045942898,1.6141695298960033,0.22619442709243795,0.2170053018319947
2026-05-25 06:00:00,LONG,1.395265448942986,1.392445104960652,1.3986498617217868,1.5,1.8,WIN,SL,13,0.23071250725648862,True,1.0,0.0018802293215559754,1.9373252777825511,1.3503860156018048,0.26106973375122783,0.1819750774934734
2026-05-25 07:00:00,LONG,1.3959503828118627,1.393188320945352,1.3992648570516755,1.5,1.8,WIN,SL,11,0.5176702379959517,True,1.0,0.0018413745776737806,1.8006185887846267,1.0069116493502235,0.23751655748653552,0.13282001537492766
2026-05-25 08:00:00,LONG,1.396751414789193,1.3939467321920813,1.4001170339057272,1.5,1.8,WIN,SL,7,0.9695497544510157,True,1.0,0.0018697883980745328,1.7963172328329378,0.0,0.24046749376082058,0.0
2026-05-25 09:00:00,LONG,1.3957581217119674,1.3930353458051636,1.399025452800132,1.5,1.8,WIN,SL,9,0.0245797001081271,True,1.0,0.0018151839378692327,1.7206808238100602,0.14741960841802035,0.2237746028479972,0.019171925361906213
2026-05-25 12:00:00,SHORT,1.3951475166528409,1.397712887978148,1.3920690710624724,1.5,1.8,WIN,TP,7,-0.19930274085349947,True,-0.5748646542574487,0.0017102475502047052,0.513492192606168,2.0609200709635385,0.06294666004644915,0.25263876833536
2026-05-25 13:00:00,SHORT,1.3949853619892898,1.3972908924924516,1.3922187253854956,1.5,1.8,WIN,TP,6,-0.2551399322178645,True,-0.7579509346171464,0.0015370203354412146,0.6768638020045271,2.18769313680992,0.07457808922965613,0.24104402315641235
2026-05-25 17:00:00,SHORT,1.3944263130558199,1.3968922984839194,1.3914671305421005,1.5,1.8,WIN,TP,4,-0.6664554620575442,True,-0.34921819916090363,0.001643990285399664,0.0,2.5538007387889734,0.0,0.3010860858050584
2026-05-25 18:00:00,SHORT,1.3929293582722806,1.3953246932247356,1.3900549563293345,1.5,1.8,WIN,TP,9,-0.18320019884058703,True,-0.5802686381972811,0.0015968899683034118,1.2614274005315271,1.8003270387621875,0.14461327487205503,0.20639411257945167
2026-05-25 19:00:00,SHORT,1.3922767467344903,1.394537980637669,1.3895632660506758,1.5,1.8,WIN,SL,4,-0.5510119954173379,True,-1.0,0.0015074892687858396,1.6570480265107452,1.359118984466258,0.17941706802807586,0.1471587663078821
2026-05-25 20:00:00,SHORT,1.3932551142103198,1.3955724704599723,1.3904742867107367,1.5,1.8,WIN,TP,1,-0.15588693430190628,True,-0.644654593535316,0.0015449041664350935,0.0,1.9594903202966036,0.0,0.21727713245332342
2026-05-25 21:00:00,SHORT,1.390834014386684,1.3933805094608618,1.3877782202976707,1.5,1.8,WIN,SL,1,-0.2353714274378802,True,-1.0,0.0016976633827851925,1.512286896666743,0.0,0.18459097650621595,0.0
2026-05-25 22:00:00,SHORT,1.3927076346746072,1.3953305496676056,1.389560136683009,1.5,1.8,WIN,TP,7,-0.32057923634985874,True,-0.6209446696770398,0.0017486099953323286,1.2787782097175038,1.8394373244203828,0.16055662392111805,0.23095001500586526
2026-05-25 23:00:00,LONG,1.3943425303238046,1.3917218139287395,1.3974873899978828,1.5,1.8,WIN,SL,2,0.30535161240872666,True,0.3489169664320745,0.0017471442633767115,2.0740291858626136,0.34409792180864374,0.2598807764483976,0.043116285780095055
2026-05-26 00:00:00,LONG,1.3947840005198318,1.392120017893934,1.3979807796709092,1.5,1.8,WIN,SL,1,0.44402653150730387,True,0.8015103036723895,0.0017759884172652443,2.288921679141645,0.0,0.29145003016006965,0.0
2026-05-26 03:00:00,SHORT,1.391234730679572,1.3941810213003325,1.3876991819346596,1.5,1.8,WIN,SL,13,-0.5112850135476695,True,-0.6103279082894213,0.0019641937471736514,1.640632217246192,1.691889889727732,0.23163018227359233,0.23886691936494836
2026-05-26 04:00:00,SHORT,1.3899094977069528,1.3928766330867215,1.3863489352512304,1.5,1.8,WIN,SL,3,-0.2357807290666316,True,-1.0,0.00197809025317914,1.5310783272241364,0.21147747072819978,0.2178998791599333,0.030097033246018395
2026-05-26 05:00:00,SHORT,1.3899607469428248,1.392744259863092,1.3866205314385043,1.5,1.8,WIN,SL,1,-0.7787539446028149,True,-1.0,0.0018556752801780485,1.551984699768837,0.0,0.2071986312498397,0.0
2026-05-26 07:00:00,LONG,1.3924205797556914,1.3895490180815397,1.3958664537646737,1.5,1.8,WIN,SL,2,0.23036809821508006,True,0.5624896886316526,0.0019143744494345258,1.6267781643875692,0.0,0.22365818187978642,0.0
2026-05-26 11:00:00,SHORT,1.3897933889067304,1.3925802420130102,1.3864491651791948,1.5,1.8,WIN,SL,4,-0.10599200344755011,True,-0.8249317268867592,0.001857902070853171,1.8712100683119697,0.16163894416587776,0.25014689871657053,0.021608199570767872
2026-05-26 12:00:00,SHORT,1.3901509540848689,1.3927070033501603,1.3870836949665193,1.5,1.8,WIN,SL,3,-0.2928533298674104,True,-0.9040490440210048,0.0017040328435275556,1.8303402394070247,0.3860691475129532,0.2243612374335893,0.047323961854763695
2026-05-26 13:00:00,SHORT,1.3897371704793404,1.3921732810830363,1.3868138377549053,1.5,1.8,WIN,SL,2,-0.5700048557060309,True,-0.7251012385479565,0.0016240737357972998,2.1752358962777056,0.1502954553885848,0.254202273879573,0.0175638175974026
2026-05-26 15:00:00,LONG,1.3928396514413817,1.3904550654357344,1.3957011546481584,1.5,1.8,WIN,TP,5,0.674997290248601,True,1.0,0.0015897240037648444,0.22951466450865046,1.8921473475275399,0.026195762807862046,0.21596111612070257
2026-05-26 16:00:00,LONG,1.3933139569851005,1.39081103037409,1.3963174689183133,1.5,1.8,WIN,TP,16,0.5596956290418106,True,1.0,0.0016686177406737596,0.6383110032708782,2.017400306235802,0.07644343608168155,0.24160168095278273
2026-05-26 17:00:00,LONG,1.3943008703494095,1.3918873688501079,1.3971970721485714,1.5,1.8,WIN,TP,21,0.5284250982031884,True,1.0,0.001609000999534411,1.275331978679839,2.3722825640686533,0.14717127931791568,0.2737576299301874
2026-05-26 18:00:00,LONG,1.3938385645542162,1.3914336165543446,1.396724502154062,1.5,1.8,WIN,TP,20,0.38076521036317845,True,1.0,0.0016032986665810275,0.9915212096013845,2.6690665321161497,0.11405227790846308,0.3070162442611494
2026-05-26 19:00:00,LONG,1.3934637632367841,1.391096777449171,1.39630414618192,1.5,1.8,WIN,TP,13,0.5820375949043848,True,1.0,0.0015779905250754092,0.7699053299135548,2.0383288988306396,0.0871858564148542,0.23082506873884057
2026-05-26 20:00:00,LONG,1.3951227313795806,1.3928088990970697,1.3978993301185938,1.5,1.8,WIN,SL,5,0.30358460469455006,True,0.922512020261216,0.0015425548550073007,1.6166367184217605,0.6298144515239934,0.1787477734176539,0.06963712353761134
2026-05-26 23:00:00,LONG,1.394955869699442,1.3926605537925132,1.3977102487877566,1.5,1.8,WIN,SL,2,0.6100889848444202,True,0.40493182981887504,0.001530210604619204,1.5206332589917728,0.17013374123839134,0.16680736568012178,0.018662988607848874
2026-05-27 01:00:00,SHORT,1.3933941368806053,1.3957383880717191,1.3905810354512689,1.5,1.8,WIN,SL,7,-0.7417750063542354,True,-0.8431969982667368,0.0015628341274091756,2.102647995643998,0.7328205466874836,0.2358334916549539,0.08219332415118256
2026-05-27 02:00:00,SHORT,1.3937258487541089,1.3960765713491228,1.3909049816400922,1.5,1.8,WIN,SL,6,-0.07996207093038397,True,-0.40523665323377556,0.001567148396675869,1.8851936283022148,0.942469032458125,0.21197699494906996,0.10597412930625706
2026-05-27 03:00:00,SHORT,1.393436198156017,1.3958436338399929,1.390547275335246,1.5,1.8,WIN,SL,5,-0.06565644707695184,True,-0.45527799236670125,0.0016049571226505982,2.0212557234872865,0.1018423051580082,0.23280784397607482,0.011730177044833734
2026-05-27 06:00:00,LONG,1.395113886912426,1.3931186009179126,1.3975082301058421,1.5,1.8,WIN,TP,8,0.4539829311049776,True,0.9322387218056556,0.0013301906630089583,1.3841183378138384,2.2583141930592707,0.1319706804391532,0.21532209534493854
2026-05-27 07:00:00,LONG,1.3941823952711483,1.3921069553543794,1.396672923171271,1.5,1.8,WIN,TP,1,0.2459029079702848,True,0.3770261888148751,0.0013836266111791895,0.0,1.80527870365922,0.0,0.17916103828668517
2026-05-27 08:00:00,LONG,1.395793724958368,1.393610241183067,1.3984139054887292,1.5,1.8,WIN,SL,9,0.9771463283863333,True,1.0,0.001455655850200672,2.38371521374568,1.5966345393284964,0.2485946837312755,0.1665110228142989
2026-05-27 10:00:00,LONG,1.395207782285457,1.3931397325770885,1.397689441935499,1.5,1.8,WIN,TP,4,0.24518506792488753,True,0.6012503151951664,0.0013786998055789676,0.8266698136682478,2.110751788707945,0.08168887285845343,0.20857775577700316
2026-05-27 13:00:00,SHORT,1.3954775684024856,1.397455025874251,1.393104619436367,1.5,1.8,WIN,SL,1,-0.17971497191138583,True,-0.3028701390704523,0.0013183049811769734,2.0028043596795,0.0,0.18920454355357455,0.0
2026-05-27 14:00:00,LONG,1.3980977979561264,1.3960440925444855,1.4005622444500956,1.5,1.8,WIN,SL,1,1.0,True,1.0,0.0013691369410939419,3.211814283322406,0.0,0.3145283248180801,0.0
2026-05-27 17:00:00,SHORT,1.39256793475275,1.395114514380444,1.389512039199517,1.5,1.8,WIN,SL,10,-0.3577176581754276,True,-0.9059019317787872,0.0016977197517960643,1.9249308738115347,1.1263872038567346,0.23467387721318825,0.13732111421174184
2026-05-27 18:00:00,SHORT,1.3923317120989993,1.3950143129975825,1.3891125910206994,1.5,1.8,WIN,SL,9,-0.1396980413713778,True,-1.0,0.0017884005990554477,1.9594132438299008,0.9371877594384996,0.2516796671807337,0.12037843682239364
2026-05-27 19:00:00,SHORT,1.3937141851389956,1.396473223234212,1.390403339424736,1.5,1.8,WIN,SL,9,-0.43403101212469075,True,-1.0,0.0018393587301442599,1.634769325946227,1.662829626586025,0.2157492019177058,0.2194524690224413
2026-05-27 20:00:00,SHORT,1.3930673876567217,1.3958344415042374,1.3897469230397028,1.5,1.8,WIN,SL,7,-0.1662199738730166,True,-0.6337620784708403,0.001844702565010427,1.5008057742493377,1.3073883854636332,0.19873699476930362,0.17312462623839014
2026-05-27 21:00:00,SHORT,1.3923566499311533,1.3951012954197368,1.389063075344853,1.5,1.8,WIN,SL,6,-0.274281985661932,True,-1.0,0.0018297636590556912,1.901490375376789,0.9296309794670771,0.2498841074289874,0.12216733281988587
2026-05-27 22:00:00,SHORT,1.3915573955144473,1.394247122988619,1.3883297225454414,1.5,1.8,WIN,SL,1,-0.14104247356393362,True,-0.34863159117363063,0.0017931516494477581,1.743553878902663,0.0,0.22467319881545536,0.0
2026-05-27 23:00:00,LONG,1.394648663550008,1.3917521972255233,1.3981244231393894,1.5,1.8,WIN,SL,2,0.6668922870344977,True,1.0,0.0019309775496564319,2.067874171880627,0.0,0.28631000091821324,0.0
2026-05-28 00:00:00,SHORT,1.3931092632204363,1.3961565862356466,1.3894524756021838,1.5,1.8,WIN,SL,4,-0.11248185939452685,True,-0.5487308579812495,0.002031548676806962,1.7778796989926904,1.2077575594696655,0.259265317184173,0.17612532890436752
2026-05-28 01:00:00,SHORT,1.3916491116122123,1.394828828915776,1.3878334508479357,1.5,1.8,WIN,SL,2,-0.9706451494660562,True,-0.7661275405884199,0.0021198115357092023,1.975088933766401,0.0,0.3008528709510129,0.0
2026-05-28 02:00:00,LONG,1.3934566701277749,1.3901870429109018,1.3973802227880228,1.5,1.8,WIN,TP,5,0.2666860178182286,True,0.4650518993985823,0.002179751477915445,0.0,2.560749128786745,0.0,0.4005719601982145
2026-05-28 03:00:00,LONG,1.3957215986352127,1.3923161051921156,1.3998081907669293,1.5,1.8,WIN,TP,5,0.028165150112150705,True,1.0,0.002270328962064773,0.6977384646689557,1.9968747979149368,0.11349654872673212,0.32481855204910526
2026-05-28 04:00:00,LONG,1.396003294763579,1.3927377321343757,1.3999219699186227,1.5,1.8,WIN,TP,4,0.19380852504351148,True,0.4105199531514763,0.002177041752802137,0.8570308632111814,1.9530477784748754,0.13365240466475986,0.30457424956703555
2026-05-28 05:00:00,LONG,1.3945678075292502,1.391573490072609,1.3981609884772197,1.5,1.8,WIN,TP,2,0.1928915628444447,True,0.6829516949925499,0.0019962116377607747,0.0,2.2395718029091887,0.0,0.3205766885217901
2026-05-28 06:00:00,LONG,1.3967628027659689,1.3936111788710892,1.4005447514398244,1.5,1.8,WIN,TP,7,0.8102033763103484,True,1.0,0.002101082596586384,0.0,2.088721269641949,0.0,0.31419621857583435
2026-05-28 07:00:00,LONG,1.3988148888968583,1.395746559716008,1.402496883913879,1.5,1.8,WIN,TP,9,0.5733238277629993,True,1.0,0.0020455527872336177,0.6290161913826677,1.919220791906563,0.09198399543149019,0.28065668097779695
2026-05-28 08:00:00,LONG,1.399087860485095,1.3959977269542159,1.4027960207221497,1.5,1.8,WIN,TP,9,0.6419578538264686,True,1.0,0.002060089020586044,0.7570825319435897,2.775075530421033,0.11147673107489504,0.4086164130918258
2026-05-28 09:00:00,LONG,1.3988503593392982,1.3958250708652586,1.4024807055081456,1.5,1.8,WIN,TP,7,0.44256478461132476,True,1.0,0.0020168589826930405,0.6555521616946972,1.9289385282487976,0.09451734827178143,0.27811387914278296
2026-05-28 10:00:00,LONG,1.3983107145412885,1.3952933395190783,1.4019315645679407,1.5,1.8,WIN,TP,4,0.8156543787819088,True,1.0,0.0020115833481400953,0.3890027567843903,1.8396882002065957,0.05596120088265013,0.26465406513883494
2026-05-28 13:00:00,LONG,1.4009350985393965,1.3979469831415203,1.4045208370168476,1.5,1.8,WIN,TP,4,0.6788452243920532,True,0.5859061758188246,0.0019920769319173542,0.48974320814151795,1.9425276781310408,0.06963963916094874,0.27622011763787674
2026-05-28 14:00:00,LONG,1.4016805723002579,1.398795897658068,1.4051421818708856,1.5,1.8,WIN,TP,5,0.3693054502603447,True,1.0,0.0019231164281264654,0.8949431678663627,2.6787390603467474,0.12278688471360692,0.3675250406847587
2026-05-28 16:00:00,LONG,1.4025845315407595,1.3998147361367508,1.4059082860255698,1.5,1.8,WIN,TP,3,0.9357923829841657,True,1.0,0.001846530269339072,0.0,2.3002968993493074,0.0,0.30283863521931853
2026-05-28 17:00:00,LONG,1.4032932183342635,1.40054046145323,1.4065965265915037,1.5,1.8,WIN,TP,2,0.8230808214079393,True,1.0,0.0018351712540223433,0.13896600607869966,1.9283655690741457,0.018173423509068563,0.25218400640544897
2026-05-28 18:00:00,LONG,1.4034305365733144,1.400713370385032,1.406691135999253,1.5,1.8,WIN,TP,1,0.7132908219832198,True,1.0,0.0018114441255215091,0.0,1.8778182405052473,0.0,0.24237486159206645
2026-05-28 19:00:00,LONG,1.4059022089528748,1.4030204958880308,1.4093602646306875,1.5,1.8,WIN,SL,4,0.5283218020855107,True,1.0,0.0019211420432293355,2.551119766020425,0.0,0.34860628346729516,0.0
2026-05-28 20:00:00,LONG,1.4051207969541222,1.4023113958760567,1.4084920782478008,1.5,1.8,LOSS,SL,3,0.998224105447609,True,1.0,0.001872934052043648,2.1995710081556177,0.0,0.29318841839027604,0.0
2026-05-28 21:00:00,LONG,1.4047367238082644,1.4020601869019138,1.4079485680958852,1.5,1.8,WIN,SL,2,0.7971035596075419,True,0.8390360617775828,0.001784357937567054,2.0935139842504267,0.0,0.26592728956908473,0.0
2026-05-28 22:00:00,LONG,1.4042562322211174,1.4016558999874091,1.4073766309015674,1.5,1.8,WIN,SL,1,0.6869974680521221,True,0.44528129482903817,0.0017335548224722036,1.8776947033124738,0.0,0.23180147848867083,0.0
2026-05-28 23:00:00,SHORT,1.40239336417526,1.4052346020970616,1.3989838786690978,1.5,1.8,LOSS,SL,2,-0.09353645061029184,True,-0.604373189488922,0.0018941586145344897,2.12693396713098,0.37907849665600013,0.2872767655141073,0.051200670109275565
2026-05-29 00:00:00,SHORT,1.4026553530937742,1.4055348347173582,1.3991999751454733,1.5,1.8,WIN,SL,1,-0.46316124462467545,True,-1.0,0.0019196544157226952,1.9622080656922973,0.0,0.2685450399176626,0.0
2026-05-29 01:00:00,LONG,1.406013736363899,1.4029632560642649,1.4096743127234597,1.5,1.8,WIN,SL,8,0.15895434873718067,True,0.5574076200832409,0.002033653533089327,1.8184923223351215,0.2583794912337462,0.263026117068851,0.03737192259474019
2026-05-29 04:00:00,LONG,1.4040898899661143,1.4010993531030576,1.4076785342017823,1.5,1.8,WIN,SL,6,0.6623668198154227,True,0.9735192387534829,0.00199369124203787,2.044218862113233,1.2285256168886014,0.29026213145813123,0.17444045288789073
2026-05-29 05:00:00,LONG,1.4046924421488085,1.401741834804438,1.408233170962053,1.5,1.8,WIN,SL,5,0.3294424742378966,True,0.8687537476201874,0.001967071562913647,2.3782019490784356,0.9388314157621829,0.33303328789480435,0.1314699591812932
2026-05-29 09:00:00,SHORT,1.4032237822217046,1.4059843991622358,1.3999110418930671,1.5,1.8,WIN,SL,6,-0.5794981220589541,True,-0.6297318682322769,0.0018404112936874575,1.5535327253958449,1.7438675304821052,0.2037550395849715,0.22871857920713626
2026-05-29 10:00:00,SHORT,1.400175938254454,1.4030822439385793,1.3966883714335039,1.5,1.8,WIN,SL,2,-0.8165334605026106,True,-1.0,0.001937537122750101,1.7484470713210103,0.0,0.2419468164887509,0.0
2026-05-29 11:00:00,SHORT,1.4021244341593584,1.4051713530595635,1.3984681314791123,1.5,1.8,WIN,SL,4,-0.5721736181655943,True,-1.0,0.002031279266803354,1.9487656374828861,0.0,0.28232067987967935,0.0
2026-05-29 14:00:00,LONG,1.4041430784427025,1.4014337063324986,1.407394324974947,1.5,1.8,WIN,TP,5,0.4753157980061268,True,0.3208193846067363,0.0018062480734691696,0.0,2.7671942965173795,0.0,0.3559636794665401
2026-05-29 15:00:00,LONG,1.4049568110758746,1.4024431802255928,1.4079731680962126,1.5,1.8,WIN,TP,4,0.007223559684436276,True,1.0,0.0016757539001877994,0.02533329515989299,2.497089061441753,0.0030216137488447495,0.2978388161713624
2026-05-29 16:00:00,LONG,1.4053941761930755,1.40308854356596,1.4081609353456142,1.5,1.8,WIN,TP,3,0.4259762373217128,True,1.0,0.0015370884180770134,0.15789971371956912,2.4378178721262254,0.01726959064491544,0.2666256684495881
2026-05-29 17:00:00,LONG,1.4060085427024192,1.4036552686072787,1.4088324716165879,1.5,1.8,WIN,TP,2,0.07607716186920777,True,1.0,0.001568849396760338,0.1435326321037505,1.996861594077718,0.01601562696472549,0.22281337645796684
2026-05-29 19:00:00,LONG,1.4076825009151614,1.4052404991418193,1.410612903043172,1.5,1.8,WIN,SL,7,0.6099355414325761,True,1.0,0.0016280011822281195,1.9842703411221767,1.0514851914590426,0.2294831724559307,0.12160548516286843
2026-05-29 20:00:00,LONG,1.4085353281626305,1.4061372863993893,1.41141297827852,1.5,1.8,WIN,SL,5,0.44665666741066556,True,1.0,0.0015986945088274998,1.6180725215452945,0.537308336632513,0.18365202514682358,0.06098475985278634
2026-05-29 21:00:00,LONG,1.4085022392003486,1.4061378103058582,1.411339553873737,1.5,1.8,WIN,SL,4,0.08087032015085338,True,1.0,0.0015762859296601928,1.6200834155435933,0.0,0.1813071091918901,0.0
2026-05-29 22:00:00,LONG,1.4075238276861421,1.4051742762834443,1.4103432893693797,1.5,1.8,WIN,SL,4,0.005570096041358552,True,0.3211085068735849,0.0015663676017985764,1.9610474761229117,0.3600506929400609,0.21823582462809618,0.04006836185171826
2026-05-29 23:00:00,LONG,1.40785825259252,1.4056339121558135,1.410527461116568,1.5,1.8,WIN,SL,3,0.4288141509894181,True,0.5925331658212479,0.001482893624471071,2.2969591900299937,0.0,0.24193814485893153,0.0
2026-05-30 00:00:00,SHORT,1.4076297641880384,1.4096223293270727,1.4052386860211974,1.5,1.8,WIN,TP,2,-0.3144098303108845,True,-0.40792986042826745,0.001328376759356106,0.0,2.3921358994750506,0.0,0.22574527868960176
2026-05-30 01:00:00,SHORT,1.4066089359595049,1.4085300637278138,1.4043035826375343,1.5,1.8,WIN,TP,2,-0.4877167198751965,True,-0.8562247704093539,0.001280751845539266,0.0,2.1463797262909763,0.0,0.19543312468721397
2026-05-30 02:00:00,SHORT,1.4049969890101235,1.406995007239426,1.4025993671349606,1.5,1.8,WIN,SL,2,-0.6195369710969151,True,-1.0,0.0013320121528683146,1.7689817699839223,0.853620474742215,0.16770891569534235,0.08092777815096498
2026-05-30 03:00:00,SHORT,1.4040855790336935,1.4061393485002043,1.4016210556738804,1.5,1.8,WIN,SL,1,-0.6746906394289879,True,-1.0,0.0013691796443405316,2.3866226800538,0.0,0.2327290616074829,0.0
2026-05-30 04:00:00,SHORT,1.4070107584057283,1.409307275679835,1.4042549376768003,1.5,1.8,WIN,SL,2,-0.3680777990577636,True,-0.3789532332696807,0.0015310115160711568,2.3738991390878175,0.0,0.25831123878917855,0.0
2026-05-30 05:00:00,LONG,1.4082687174398019,1.4059933654823855,1.4109991397887016,1.5,1.8,LOSS,SL,6,0.1269140953726851,True,0.6286466105228116,0.0015169013049442753,1.5156637246384919,1.6147163380998724,0.1632580666806658,0.1739274110150955
2026-05-30 06:00:00,LONG,1.4098339524911432,1.4074013620974593,1.412753060963564,1.5,1.8,WIN,SL,4,0.2740571371780778,True,1.0,0.0016217269291225625,1.5386114942829239,0.5451782622340616,0.17698592726662246,0.06271165958764027
2026-05-30 07:00:00,LONG,1.4100069561655415,1.4076676654266371,1.4128141050522267,1.5,1.8,WIN,SL,3,0.19481162069275926,True,1.0,0.0015595271592696105,1.7109104848062244,0.4559885927039253,0.18923391522766236,0.05043426144313365
2026-05-30 08:00:00,LONG,1.409965453155223,1.4075652551441082,1.4128456907685607,1.5,1.8,WIN,SL,2,0.38608630468465127,True,1.0,0.0016001320074097952,1.6415572875565099,0.0,0.1862959373889569,0.0
2026-05-30 09:00:00,LONG,1.4085295869790933,1.406229647893696,1.41128951388157,1.5,1.8,WIN,SL,2,0.08992560744848807,True,0.5638079262937864,0.0015332927235982088,1.6695975801963336,0.6250698764404976,0.18174853014927922,0.06804366071870609
2026-05-30 10:00:00,SHORT,1.4074543883982604,1.4098306991396148,1.4046028155086352,1.5,1.8,WIN,SL,4,-0.5127402513257724,True,-0.382461324342129,0.0015842071609029063,2.1553624908786957,0.9372405811959271,0.2426040034077011,0.10549423501454512
2026-05-30 11:00:00,SHORT,1.406859360650106,1.4092544704722683,1.4039852288635113,1.5,1.8,WIN,SL,3,-0.27019560339291415,True,-1.0,0.001596739881441489,2.5110968211842857,0.0,0.2850013691982037,0.0
2026-05-30 13:00:00,SHORT,1.407909889837257,1.4103877061023382,1.4049365103191598,1.5,1.8,WIN,SL,1,-0.3895558859666656,True,-0.7790501071712913,0.0016518775100540864,1.7913188086797227,0.0,0.2101724886481871,0.0
2026-05-30 14:00:00,LONG,1.4088204094741519,1.4061376458661554,1.4120397258037478,1.5,1.8,WIN,TP,2,0.18109576840958344,True,0.3223077440606635,0.0017885090719976793,0.11081120908518073,2.5165680956077203,0.014067573935974667,0.31948038508146775
2026-05-30 15:00:00,LONG,1.4104131900921622,1.4076031591540084,1.4137852272179467,1.5,1.8,WIN,TP,4,0.25618679340928874,True,0.927911966340336,0.001873353958769213,0.0,1.934376913090244,0.0,0.25692986093334724
2026-05-30 16:00:00,LONG,1.4120529597396259,1.4091624329358576,1.4155215919041475,1.5,1.8,WIN,TP,10,0.8201094070372992,True,1.0,0.0019270178691787518,0.8467719943432476,2.2289504452910567,0.1155583261211712,0.30418316168409265
2026-05-30 17:00:00,LONG,1.4114172378391614,1.408473706187044,1.4149494758217023,1.5,1.8,WIN,TP,5,1.0,True,1.0,0.0019623544347448746,0.0,1.8803882513689023,0.0,0.26143851195732803
2026-05-30 18:00:00,LONG,1.4125204386387376,1.4098067821892273,1.4157768263781498,1.5,1.8,WIN,TP,8,0.4508618512923015,True,1.0,0.0018091042996735457,0.3463911476976891,2.115825184412434,0.0443645059941689,0.27098711875397374
2026-05-30 19:00:00,LONG,1.4137220910547827,1.41103262487972,1.416949450464858,1.5,1.8,WIN,TP,9,0.34356604148224346,True,1.0,0.001792977450041874,1.0197061489374784,2.1587584336960814,0.12932599287246274,0.2737882654728072
2026-05-30 20:00:00,LONG,1.412928822599871,1.4102980918985741,1.4160856994414275,1.5,1.8,WIN,TP,6,0.6024425797864535,True,1.0,0.0017538204675313482,0.5249311325609548,1.9496661948287304,0.06515791521867266,0.24200543032682703
2026-05-30 21:00:00,LONG,1.4143438612900692,1.41155446080464,1.4176911418725844,1.5,1.8,WIN,TP,21,0.35129110141523745,True,0.6252235764074415,0.0018596003236195052,1.2560084147446187,1.8807993062411177,0.1651418525900392,0.2472902873392548
2026-05-30 22:00:00,LONG,1.415023217466586,1.4122804494128864,1.4183145391310255,1.5,1.8,WIN,SL,3,0.34995335736281313,True,1.0,0.0018285120357997167,1.6488979957553762,0.06485247092741803,0.21307281702718292,0.008380323529563237
2026-05-30 23:00:00,LONG,1.414491554651856,1.4118567242250348,1.4176533511640412,1.5,1.8,WIN,TP,19,0.5302431686504808,True,0.7777688374815515,0.001756553617880677,1.4137723955793198,1.907053449813968,0.1755660546821652,0.23682302137088665
2026-05-31 02:00:00,LONG,1.4158206863040224,1.4130716676827135,1.419119508649593,1.5,1.8,WIN,SL,7,0.9921787774230691,True,0.4591371670167759,0.001832679080872495,1.5678795896934759,0.9668959290033302,0.20295085056704476,0.12515779431722984
2026-05-31 04:00:00,LONG,1.416561066105407,1.4138989291368482,1.4197556304676777,1.5,1.8,WIN,SL,2,0.13108036692850317,True,0.7731751696615469,0.00177475797903927,1.5912306373803604,0.0,0.19935951493759316,0.0
2026-05-31 05:00:00,LONG,1.4157067644056605,1.4132015178104789,1.4187130603198783,1.5,1.8,WIN,SL,4,0.46374646958366245,True,0.787112120985907,0.0016701643967877195,1.6522315002665084,0.8628035088536619,0.19492018378218104,0.1017882896473884
2026-05-31 06:00:00,LONG,1.4148706719546753,1.4124150289430681,1.4178174435686037,1.5,1.8,WIN,TP,12,1.0,True,0.7571184905235228,0.0016370953410713865,1.1748892857714524,1.8146312309453005,0.13594216165028747,0.20996437291608178
2026-05-31 08:00:00,SHORT,1.4143319268546304,1.4170437635545083,1.411077722814777,1.5,1.8,WIN,SL,10,-0.485139347614869,True,-0.3308309076723858,0.0018078911332519074,1.94119511370993,0.7658982615151053,0.2481361954257026,0.09790210131546646
2026-05-31 09:00:00,SHORT,1.413635344536331,1.4163330530120644,1.4103980943654508,1.5,1.8,WIN,SL,5,-0.28187028628479166,True,-0.8932854596268306,0.0017984723171556385,1.724472384373628,0.08630988278687751,0.21939291890106247,0.010980620673435474
2026-05-31 10:00:00,SHORT,1.4142347441000314,1.416837328895694,1.4111116423452363,1.5,1.8,WIN,SL,8,-0.3282715146427393,True,-0.5073863846546359,0.0017350565304417032,2.0786943395261988,0.4349284794757681,0.2550250022942464,0.05335928152930005
2026-05-31 12:00:00,SHORT,1.4139301754477311,1.4165209527165872,1.410821242725104,1.5,1.8,WIN,SL,2,-0.36262036241337003,True,-0.6827723948864882,0.0017271848459039824,1.6249476367575921,0.0,0.19849529929626664,0.0
2026-05-31 14:00:00,LONG,1.4165162308195713,1.4137884415887891,1.41978957789651,1.5,1.8,WIN,SL,8,1.0,True,0.6529325577968036,0.001818526153854773,1.6127413316478403,1.0339641749310604,0.20704403007844804,0.13274051178171828
2026-05-31 16:00:00,LONG,1.4156591032466335,1.41313684296292,1.4186858155870894,1.5,1.8,WIN,SL,13,0.7783576766560762,True,0.4645721031022897,0.0016815068558088913,1.7216868889896035,1.6279555790939924,0.20450038436180873,0.19336706562483597
2026-05-31 17:00:00,LONG,1.4148730835675063,1.4122162087836059,1.4180613333081868,1.5,1.8,WIN,TP,2,0.4870514911144677,True,0.4141458396885791,0.0017712498559336876,0.0,1.9892383530886584,0.0,0.24902856568887033
2026-05-31 18:00:00,LONG,1.4160874965081214,1.4133459803177355,1.4193773159365843,1.5,1.8,WIN,SL,11,0.17023168644839531,True,0.7878169478131194,0.0018276774602572488,1.8183851588411208,1.2633658049194134,0.23469041122637677,0.1630566763285962
2026-05-31 19:00:00,LONG,1.4175225589419869,1.4146841569735356,1.4209286413041284,1.5,1.8,WIN,SL,3,1.0,True,0.8818977068248459,0.001892267978967545,2.081703256199981,0.07390309007269993,0.277889081099337,0.009865412723710141
2026-05-31 21:00:00,LONG,1.4169002278720562,1.414329388684683,1.4199852348969038,1.5,1.8,WIN,SL,1,0.5613591286003016,True,0.5178516799960884,0.0017138927915820248,1.935249018946733,0.0,0.23408912485463257,0.0
2026-05-31 23:00:00,SHORT,1.4149901865142287,1.4175325213549432,1.4119393847053712,1.5,1.8,WIN,TP,22,-0.7527269839192685,True,-0.8179270520563119,0.0016948898938097573,1.4575279101133887,2.2264464732653164,0.17458420195001104,0.26668606345191886
2026-06-01 00:00:00,SHORT,1.416756289635146,1.419457920406554,1.4135143327094564,1.5,1.8,WIN,TP,5,-0.5192508154078068,True,-0.34948453542688734,0.0018010871809387272,0.3910117241034887,2.2165582755544815,0.04970835203144973,0.28178556362244445
2026-06-01 02:00:00,SHORT,1.4148616269784735,1.417621456919864,1.4115498310488048,1.5,1.8,WIN,TP,19,-0.35062463632176516,True,-0.7081979418707252,0.0018398866275936804,1.2617935391730182,1.981112333892964,0.1640836824775841,0.25762392741364726
2026-06-01 03:00:00,LONG,1.4164878545015285,1.4136711385443208,1.4198679136501777,1.5,1.8,WIN,SL,2,0.040926003121239035,True,0.5774378247073727,0.0018778106381384582,1.9830431709444505,0.0,0.26288820976850047,0.0
2026-06-01 05:00:00,SHORT,1.413074683831932,1.4160222561624325,1.4095375970353312,1.5,1.8,WIN,SL,9,-0.3609647693897964,True,-1.0,0.0019650482203337205,1.5321273326542622,0.01395541387742077,0.2130605071907859,0.0019406660891752151
2026-06-01 06:00:00,SHORT,1.4141690926869188,1.4170129584550144,1.4107564537652042,1.5,1.8,WIN,SL,9,-0.30204090720011956,True,-0.6334523681567266,0.0018959105120636937,1.5897856633446268,0.5917114278614557,0.21313514534082073,0.07932798998309837
2026-06-01 07:00:00,SHORT,1.4131659400198697,1.4159294897511994,1.4098496803422742,1.5,1.8,WIN,SL,7,-0.14754330266454235,True,-0.5404430098679927,0.0018423664875530774,1.5846184351173966,0.0,0.2065891780818071,0.0
2026-06-01 08:00:00,SHORT,1.4139650544221634,1.4165150529751986,1.410905056158521,1.5,1.8,WIN,SL,7,-0.4484246272202069,True,-1.0,0.0016999990353567965,1.8930184952388902,0.0012632487746072946,0.22759612097583426,0.00015187940405823332
2026-06-01 10:00:00,LONG,1.4142620386855727,1.411907132605553,1.417087925981596,1.5,1.8,WIN,TP,5,0.25423524608234677,True,0.5537599040613554,0.0015699373866797175,0.0,1.8606763411038731,0.0,0.20654908867697042
2026-06-01 11:00:00,LONG,1.4155126071399198,1.4130291303953824,1.4184927792333646,1.5,1.8,WIN,SL,10,0.5029507059216805,True,0.39838903095717515,0.0016556511630248913,2.5947508438238884,1.009015024040517,0.3034944535758692,0.11801921718222735
2026-06-01 12:00:00,LONG,1.4148821515662955,1.4126481192552016,1.417562990339608,1.5,1.8,WIN,SL,9,0.035036092118110596,True,0.5354901730969578,0.0014893548740625112,2.4611640533421317,1.544986028353361,0.2590708119863365,0.16263068052270518
2026-06-01 13:00:00,LONG,1.4150424561940755,1.4128301179898304,1.41769726203917,1.5,1.8,WIN,SL,8,0.19360477085269434,True,0.8184117693087004,0.0014748921361634906,2.593987189086557,1.4514470525790444,0.2703700719187381,0.15128364767685137
2026-06-01 14:00:00,LONG,1.416038974420798,1.4139749561533719,1.4185157963417094,1.5,1.8,WIN,SL,4,0.6181907789369971,True,0.41075792063507843,0.0013760121782841234,1.7300067247270177,0.8315403273617167,0.16811050859045068,0.08080353986387306
2026-06-01 15:00:00,LONG,1.4160857831258276,1.4139759098114772,1.4186176311030478,1.5,1.8,WIN,SL,3,0.6200945558442674,True,0.42678791675216154,0.0014065822095668454,1.7256858577181164,0.30249692097075914,0.17141045095512575,0.0300466816739739
2026-06-01 18:00:00,SHORT,1.413827643265091,1.4157016867108354,1.4115787911301976,1.5,1.8,WIN,TP,3,-0.540461224162238,True,-0.499142987147022,0.0012493622971629925,0.5771633771070028,2.0898968885462867,0.051002409388140164,0.18467869049992913
2026-06-01 20:00:00,SHORT,1.413938862378384,1.4156626044903495,1.4118703718440253,1.5,1.8,LOSS,TP,1,-0.11820052172655221,True,-1.0,0.0011491614079770823,0.0,2.3689078591606396,0.0,0.19253007065821165
2026-06-01 21:00:00,SHORT,1.412141168012461,1.4140363842931347,1.4098669084756523,1.5,1.8,WIN,SL,3,-0.5190738073010375,True,-1.0,0.001263477520449244,1.5237442862573571,0.2699012950105054,0.1363331582003819,0.024148734327027577
2026-06-01 23:00:00,SHORT,1.4122566623926553,1.4141444973979056,1.409991260386355,1.5,1.8,WIN,SL,3,-0.1504511206484459,True,-0.5762422844645754,0.0012585566701668485,2.789902045976541,0.0,0.24862689074712016,0.0
2026-06-02 02:00:00,LONG,1.4141059485322627,1.412058990547781,1.4165622981136408,1.5,1.8,WIN,TP,14,0.34869015374985024,True,0.6940979606964762,0.0013646386563211932,1.1082970470977214,2.501075995979553,0.10695273538209536,0.2413585057083761
2026-06-02 03:00:00,LONG,1.4152514334490407,1.413091381567865,1.4178434957064516,1.5,1.8,WIN,SL,6,0.4409136694569258,True,0.8299881568643834,0.0014400345874505513,1.507048332798381,0.7944228934005515,0.15334389868099016,0.08083344178435899
2026-06-02 04:00:00,LONG,1.4156704144411494,1.4135183366435984,1.4182529077982104,1.5,1.8,WIN,SL,5,0.8438888324738895,True,0.9377757342367544,0.0014347185317006453,1.8046624889057181,0.5053363676785106,0.1828944569220337,0.05121357655389426
2026-06-02 07:00:00,LONG,1.4149140954442294,1.4128636414650573,1.4173746402192358,1.5,1.8,WIN,SL,3,0.396848716154081,True,0.4323032225051049,0.0013669693194480192,1.6976035029520333,1.0836632741463286,0.16400797140934148,0.10469430286547086
2026-06-02 11:00:00,LONG,1.4156251049257085,1.4133442275320198,1.4183621577981347,1.5,1.8,WIN,TP,11,0.04957950745404502,True,0.4143968863122341,0.0015205849291257043,1.1911584062757246,2.52188678157913,0.1279475416536438,0.27088690499253315
2026-06-02 14:00:00,LONG,1.415426177975684,1.4131177845075908,1.418196250137396,1.5,1.8,WIN,TP,8,0.6300497611568436,True,0.8798812338357204,0.0015389289787288072,0.7616147717667227,2.621089107300389,0.08280693554615544,0.2849791847727352
2026-06-02 15:00:00,LONG,1.4145540717823755,1.4121756763747129,1.4174081462715706,1.5,1.8,WIN,TP,1,0.4383663361047813,True,0.9500790311626582,0.001585596938441704,0.0,1.8699214564023015,0.0,0.20960257338639848
2026-06-02 16:00:00,LONG,1.4168546319644904,1.4144438364281906,1.41974758660805,1.5,1.8,WIN,SL,1,0.362360782791228,True,0.47245105459937664,0.0016071970241998532,1.6180499295042712,0.0,0.18354212020328292,0.0
2026-06-02 18:00:00,LONG,1.4167919674131937,1.4141742945899618,1.419933174801072,1.5,1.8,WIN,TP,5,0.7616012896639079,True,0.7329489367945855,0.0017451152154879562,0.31293995434422245,2.0486779782440947,0.038545974879947875,0.2523432651863848
2026-06-02 20:00:00,LONG,1.4168064565880187,1.414211822514364,1.4199200174764042,1.5,1.8,WIN,TP,3,0.17716401331060982,True,0.6196018830367688,0.0017297560491030817,0.03760334232248873,2.058492547830732,0.004590931142808349,0.2513180201916038
2026-06-02 22:00:00,LONG,1.4190436618438829,1.4163693544541383,1.4222528307115763,1.5,1.8,LOSS,TP,16,0.349744657630543,True,1.0,0.0017828715931630062,0.6983464293712693,2.6232996050877406,0.08773951391284451,0.3295886146441356
2026-06-02 23:00:00,LONG,1.4194962074792132,1.4169368125725768,1.422567481367177,1.5,1.8,WIN,TP,15,0.4777648182763684,True,1.0,0.0017062632710909925,0.9949271458898392,2.475855152314892,0.1195922636142782,0.29760281772349556
2026-06-03 02:00:00,LONG,1.419086645021305,1.4165535902363944,1.4221263107631978,1.5,1.8,WIN,TP,12,0.4628294277527703,True,0.8014194210209058,0.0016887031899404578,0.762742201357781,2.744131234221105,0.09076578890049058,0.3265496990689285
2026-06-03 03:00:00,LONG,1.41957952286195,1.4171758709789,1.4224639051216101,1.5,1.8,LOSS,TP,11,0.8015162664601638,True,0.35116866370359034,0.001602434588700035,1.1113857886859864,2.5842835379376723,0.12545426307570667,0.29171633300617417
2026-06-03 05:00:00,LONG,1.4193087549638754,1.4170136557894129,1.4220628739732304,1.5,1.8,WIN,TP,9,0.5079144393387833,True,0.4402303049420866,0.0015300661163083168,0.9869868465220706,2.8834788113071808,0.106400747957329,0.31084943363055584
2026-06-03 06:00:00,LONG,1.4211537971684676,1.418960340998255,1.4237859445727228,1.5,1.8,WIN,SL,2,0.75835764944525,True,0.6140843963563682,0.00146230411347508,2.1931547385633383,0.0,0.22566587811103456,0.0
2026-06-03 12:00:00,LONG,1.4216112915271577,1.4195629612979448,1.4240692878022132,1.5,1.8,WIN,SL,1,0.223605566412026,True,0.3130034409695367,0.0013655534861418842,1.6643057531535832,0.0,0.15986778782429595,0.0
2026-06-03 13:00:00,LONG,1.4209448385683974,1.4188272657138092,1.423485925993903,1.5,1.8,WIN,TP,1,0.45577118904954517,True,0.4382482174719859,0.001411715236392021,0.0,1.966281548994583,0.0,0.1953509767873049
2026-06-03 14:00:00,LONG,1.4236132754449993,1.4213914268277261,1.426279493785727,1.5,1.8,WIN,TP,4,0.4868302682108644,True,1.0,0.0014812324115154318,0.01138817459354145,2.1186788035858144,0.0011849098071017449,0.2204429930228823
2026-06-03 15:00:00,LONG,1.424012751463146,1.4218363374657195,1.4266244482600579,1.5,1.8,WIN,TP,3,0.1368342062793369,True,1.0,0.0014509426649510651,0.0,1.8875864370613835,0.0,0.1923283125450447
2026-06-03 16:00:00,LONG,1.42489888316214,1.4226401106086264,1.4276094102263566,1.5,1.8,WIN,TP,4,0.7034347091656118,True,1.0,0.0015058483690091964,0.3611209229582776,2.793142013312578,0.038163645103365514,0.29518223327003623
2026-06-03 17:00:00,LONG,1.4252641290692873,1.4229697081954644,1.4280174341178746,1.5,1.8,WIN,TP,3,0.8757726114328463,True,1.0,0.0015296139158818794,0.06855344564092965,2.5109620134412696,0.007357254160496754,0.269480046517317
2026-06-03 18:00:00,LONG,1.426304534090515,1.423967036183224,1.4291095315792641,1.5,1.8,WIN,TP,3,0.5952122648505971,True,1.0,0.0015583319381939592,0.34193010928671547,2.283645015166546,0.037358123542067134,0.24950330575094556
2026-06-03 19:00:00,LONG,1.4263859382370303,1.423967415827048,1.4292881651290088,1.5,1.8,LOSS,TP,2,0.6467373085279804,True,1.0,0.0016123482733214148,0.0,2.1566511861317417,0.0,0.24378204544093432
2026-06-03 20:00:00,LONG,1.4286616090178748,1.4261677952250138,1.431654185569308,1.5,1.8,WIN,TP,8,0.1295595840899647,True,1.0,0.0016625425285739118,0.0,2.82008443636229,0.0,0.328175005195582
2026-06-03 21:00:00,LONG,1.429096516643762,1.4266046603514932,1.4320867441944842,1.5,1.8,WIN,TP,7,0.7120590899447679,True,1.0,0.0016612375281791175,0.21961110703952388,2.5605024035285973,0.025528451603521775,0.2976427857877743
2026-06-03 22:00:00,LONG,1.4300214523022645,1.4276677810813743,1.4328458577673329,1.5,1.8,WIN,TP,6,0.9038041468779047,True,1.0,0.0015691141472602105,0.8219681617004343,2.1213670344149493,0.09019178481869389,0.23277042591724367
2026-06-03 23:00:00,LONG,1.4300861417707527,1.4276947191949139,1.432955848861759,1.5,1.8,WIN,TP,5,0.621375642281436,True,1.0,0.0015942817172258175,0.8495683824102438,2.0473028834724287,0.09471117158947243,0.22823643005884167
2026-06-04 01:00:00,LONG,1.4300840991567327,1.4277216653691858,1.432919019701789,1.5,1.8,WIN,TP,3,0.848189747007857,True,0.7150017935505453,0.0015749558583645826,0.12180711470802573,2.073721719512265,0.01341465365659357,0.22837958779414214
2026-06-04 02:00:00,LONG,1.430537677481438,1.4281373992455357,1.4334180113645207,1.5,1.8,WIN,TP,3,0.04434756247552635,True,0.6555894611373111,0.0016001854906015276,0.4033402111167402,2.2457937969613457,0.04511724254208182,0.25121230327238886
2026-06-04 04:00:00,LONG,1.4316536267752449,1.4293400156915608,1.4344299600756658,1.5,1.8,WIN,TP,8,0.6803106242409409,True,0.7888354873453307,0.001542407389122686,0.9172082691712866,1.8342916184863942,0.09881641657422471,0.1976193747737689
2026-06-04 05:00:00,LONG,1.433068650890456,1.4305496058847784,1.4360915048972691,1.5,1.8,WIN,SL,2,0.8238854966152982,True,1.0,0.0016793633371183939,1.548616814257084,0.0,0.18147702132012025,0.0
2026-06-04 07:00:00,LONG,1.4313666495821018,1.4288618730467986,1.4343723814244658,1.5,1.8,WIN,TP,5,0.1918562146539382,True,0.31338207566411375,0.0016698510235355149,0.6753486405053298,1.8661557799955608,0.07878705424081196,0.21770817003540655
2026-06-04 08:00:00,LONG,1.4316690768791174,1.4291874884944546,1.4346469829407125,1.5,1.8,WIN,SL,9,0.19090998108438023,True,0.35120699563919516,0.0016543922564417693,2.2090712944004904,1.7007906264857264,0.2552734079687431,0.19653807487554695
2026-06-04 10:00:00,SHORT,1.4307854881519717,1.4332235640151185,1.4278597971161955,1.5,1.8,WIN,SL,1,-0.33645032077835063,True,-0.948134767003079,0.0016253839087645439,1.960198629196461,0.0,0.22268015270363392,0.0
2026-06-04 12:00:00,LONG,1.4329691812322285,1.4302596815967836,1.4362205807947623,1.5,1.8,WIN,SL,3,0.5242124009754097,True,0.7244742420197271,0.0018063330902966365,1.7475640763912283,0.6272260880421057,0.22028965172054032,0.07906515037214573
2026-06-04 13:00:00,LONG,1.433658797550873,1.4309399686325794,1.4369213922528252,1.5,1.8,WIN,SL,2,0.3820584353782841,True,0.8086165934932986,0.0018125526121957217,2.1220344785381218,0.0,0.26828553236058067,0.0
2026-06-04 16:00:00,SHORT,1.4309506416658417,1.4337743646046743,1.4275621741392428,1.5,1.8,WIN,SL,5,-0.8421697501295513,True,-0.9061803989583532,0.0018824819592216618,3.0211756195319035,1.5597680581875841,0.3974496697376126,0.20519472472440495
2026-06-04 17:00:00,SHORT,1.4280548683183267,1.4310324317516436,1.4244817921983464,1.5,1.8,LOSS,SL,3,-0.22821364696384033,True,-1.0,0.001985042288877922,2.7280231013412575,0.0,0.37920400268480364,0.0
2026-06-04 18:00:00,SHORT,1.4293249259541716,1.432204640540051,1.4258692684511163,1.5,1.8,WIN,SL,2,-0.688284797366236,True,-1.0,0.001919809723919649,2.159163761755652,0.46731885500963727,0.2900098857918004,0.06276832270448097
2026-06-04 19:00:00,SHORT,1.4285106198978743,1.43131070956462,1.4251505122977794,1.5,1.8,WIN,SL,1,-0.752743725274611,True,-1.0,0.0018667264444971624,2.656784370452655,0.0,0.34717905296393775,0.0
2026-06-04 20:00:00,LONG,1.4333249719128396,1.4301102685674512,1.4371826159273058,1.5,1.8,WIN,TP,4,0.8070279099848519,True,1.0,0.0021431355635923416,0.0,1.821580758095372,0.0,0.2723663217434745
2026-06-04 21:00:00,LONG,1.4359466471255584,1.4325702575891757,1.4399983145692177,1.5,1.8,LOSS,SL,12,0.23507382349670192,True,1.0,0.0022509263575885325,1.6572834661522715,1.2852307129189344,0.2597884150797174,0.20146707352133056
2026-06-04 22:00:00,LONG,1.43547530200445,1.43209958015261,1.4395261682266578,1.5,1.8,WIN,SL,13,0.6131224150775975,True,1.0,0.0022504812345599374,1.539005805239091,1.4949268435281398,0.2412792250575861,0.23436870029753873
2026-06-04 23:00:00,LONG,1.4348425206005904,1.4315059840483262,1.4388463644633072,1.5,1.8,WIN,SL,13,0.35331757335207054,True,1.0,0.0022243577015093846,2.119544861295963,1.796961976730305,0.3285814204854263,0.27857316429307505
2026-06-05 01:00:00,LONG,1.4382724597129248,1.4350743928344998,1.4421101399670349,1.5,1.8,LOSS,SL,2,0.6433147940313046,True,1.0,0.0021320445856167136,1.690475015679996,0.0,0.25059007978364867,0.0
2026-06-05 02:00:00,LONG,1.4364768749207755,1.4332690362562859,1.440326281318163,1.5,1.8,WIN,SL,2,0.238630779300804,True,0.4014687948275343,0.002138559109659718,1.6762930588358465,0.005239343490539213,0.24955861483189312,0.0007800087802281492
2026-06-05 03:00:00,SHORT,1.4353912946775529,1.438672719990611,1.431453584301883,1.5,1.8,WIN,TP,9,-0.7548690529028615,True,-0.3636897971568322,0.002187616875372151,1.011335625811364,2.405997170773078,0.15413322415244218,0.36668746929130636
2026-06-05 04:00:00,SHORT,1.4336537702903105,1.4369780419737597,1.4296646442701715,1.5,1.8,WIN,SL,3,-0.5145611276430779,True,-0.6099685303628388,0.0022161811222993926,1.7823178932388617,0.0,0.27551556385420306,0.0
2026-06-05 05:00:00,SHORT,1.4348339030471577,1.4381725248621906,1.4308275568691182,1.5,1.8,LOSS,TP,7,-0.9459895629634004,True,-0.8077838558994181,0.002225747876688563,1.2444385732520693,2.11434926290359,0.19304021923394046,0.3279827980431422
2026-06-05 06:00:00,SHORT,1.435355618219347,1.4387432013144272,1.4312905185052507,1.5,1.8,WIN,TP,6,-0.2804930338110761,True,-1.0,0.0022583887300535416,0.9954403818879309,2.314802356701008,0.1566226035806236,0.36421103511339364
2026-06-05 09:00:00,SHORT,1.4325188301396559,1.4359368869397167,1.428417161979583,1.5,1.8,WIN,TP,10,-0.015211146795431396,True,-0.6239003876709177,0.0022787045333738493,0.7274843051564254,2.168429064633195,0.1157207674510401,0.34493153150367734
2026-06-05 10:00:00,SHORT,1.433477282820041,1.4365415787782234,1.4298001276702224,1.5,1.8,WIN,TP,3,-0.4027238923856119,True,-0.4947495413711353,0.002042863972121532,0.0,1.8787314640527246,0.0,0.2677400519144657
2026-06-05 11:00:00,SHORT,1.4324267023488468,1.435293052537145,1.428987082122889,1.5,1.8,WIN,TP,8,-0.3359215966668877,True,-1.0,0.001910900125532189,0.0,2.537590156743421,0.0,0.338522127597795
2026-06-05 12:00:00,SHORT,1.4306601125070377,1.4336260198116517,1.427101023741501,1.5,1.8,LOSS,TP,8,-0.5027205890426482,True,-1.0,0.0019772715364093007,0.7703484832205678,2.138758371729369,0.106467505151795,0.29559124593660474
2026-06-05 13:00:00,SHORT,1.4298660978588968,1.432836007737293,1.4263022060048216,1.5,1.8,WIN,TP,13,-0.4444056451733541,True,-1.0,0.001979939918930735,1.1703399456587522,3.0412125524178406,0.16205732694822297,0.4211176237762316
2026-06-05 15:00:00,SHORT,1.4313839602917307,1.4342655530324007,1.4279260490029266,1.5,1.8,WIN,TP,4,-0.11993803138684433,True,-0.9451685151620303,0.001921061827113332,0.4160929820235445,1.9813726129125313,0.05584388022150755,0.2659202141107054
2026-06-05 16:00:00,SHORT,1.4308247468549393,1.4336884817672142,1.4273882649602094,1.5,1.8,WIN,TP,4,-0.5019973892982198,True,-0.7701409448133302,0.001909156608183249,0.7115989203103205,2.3012991080705865,0.09494899945452558,0.30706348972762104
2026-06-05 19:00:00,SHORT,1.427815022075325,1.4307442152258927,1.4242999902946436,1.5,1.8,WIN,TP,7,-0.5657819855941653,True,-1.0,0.001952795433711883,0.841784908645715,2.0331583546191414,0.11512931999984279,0.27807119896683424
2026-06-05 20:00:00,SHORT,1.4276195934829894,1.4305471517689354,1.4241065235398542,1.5,1.8,WIN,TP,6,-0.4146206359957531,True,-1.0,0.0019517055239639536,0.9423872072518986,1.9341615383200492,0.12883420250763106,0.264420142159028
2026-06-05 21:00:00,SHORT,1.4279047019201814,1.430806396546198,1.4244226683689616,1.5,1.8,WIN,TP,5,-0.2347534825819007,True,-0.9693045162422751,0.0019344630840109703,0.8034032252980936,2.0987850475552507,0.10884156896637115,0.2843342549618408
2026-06-05 22:00:00,SHORT,1.4283652441191663,1.4312356156675166,1.4249207982611458,1.5,1.8,WIN,TP,4,-0.9457477459387855,True,-0.7427463125871369,0.0019135810322335547,0.5715000637590383,2.3623584884086837,0.0765638681305189,0.31648518566009337
2026-06-05 23:00:00,SHORT,1.4283857964308955,1.4311530479760957,1.4250650945766552,1.5,1.8,LOSS,TP,3,-0.4456575340968189,True,-0.4887669374787523,0.0018448343634668296,0.42645653849148374,2.4615308541576764,0.0550790744839408,0.3179194807054801
2026-06-06 00:00:00,SHORT,1.4275137949152201,1.4303467944159063,1.4241141955143966,1.5,1.8,WIN,TP,2,-0.4503532517201012,True,-0.32237358984973824,0.0018886663337908116,0.07628672839255217,1.9427016435688647,0.010093084644314335,0.25702835264204926
2026-06-06 02:00:00,SHORT,1.4241750749984057,1.4270176400618755,1.420763996922242,1.5,1.8,WIN,SL,2,-0.5625112680057163,True,-1.0,0.0018950433756464674,2.0078962692952262,0.0,0.2671757560507393,0.0
2026-06-06 03:00:00,SHORT,1.425432456726185,1.4283264264380289,1.4219596930719722,1.5,1.8,WIN,TP,29,-0.6538650708685364,True,-1.0,0.001929313141229318,1.320505594395436,2.16835308250401,0.17872953462735236,0.2934851158439486
2026-06-06 04:00:00,SHORT,1.4275831046678849,1.4305022914143215,1.4240800805721607,1.5,1.8,WIN,TP,2,-0.25038846341107357,True,-0.8237579422900938,0.0019461244976244987,0.0,1.8873993299174396,0.0,0.25729598933625036
2026-06-06 05:00:00,SHORT,1.42534762002055,1.4284841990097576,1.4215837252335006,1.5,1.8,WIN,TP,27,-0.6779019052748068,True,-1.0,0.00209105265947188,1.1483843271152196,1.9600632115598002,0.16847343536277024,0.28755058300837677
2026-06-06 06:00:00,SHORT,1.4244024390282115,1.4274936085665637,1.420693035582189,1.5,1.8,WIN,SL,18,-0.5045584330390548,True,-1.0,0.0020607796922347743,1.62390628472249,1.1164846488530373,0.23494154474571552,0.16152941247544733
2026-06-06 08:00:00,LONG,1.4261282577684615,1.4231988829662552,1.4296435075311091,1.5,1.8,WIN,SL,3,0.7594042242072097,True,0.4470342540824333,0.0019529165348042435,2.06186365855203,0.0,0.28234821162571583,0.0
2026-06-06 09:00:00,SHORT,1.4257895906367912,1.4285688902106375,1.4224544311481757,1.5,1.8,WIN,TP,2,-0.3425410587823262,True,-0.44065152372696104,0.0018528663825641317,0.0,1.9904190255339584,0.0,0.2586623246408182
2026-06-06 11:00:00,SHORT,1.4224314776164078,1.4252655679945294,1.4190305691626617,1.5,1.8,LOSS,SL,2,-0.5487391937777437,True,-0.7260612871170041,0.0018893935854144958,1.8371362010799515,0.11953360093848493,0.24402394129169241,0.01587746210686532
2026-06-06 12:00:00,SHORT,1.4234071964480646,1.4262959381866718,1.4199407063617357,1.5,1.8,WIN,SL,3,-0.9946646136523001,True,-0.833810062280498,0.001925827825738183,1.679849181836149,0.0,0.22727862452124498,0.0
2026-06-06 16:00:00,LONG,1.4264442962702417,1.4237356011829971,1.4296947303749352,1.5,1.8,WIN,SL,14,0.2549618818132185,True,1.0,0.001805796724829675,2.0555088881101278,0.7224821230869028,0.26021564443231116,0.09146209599839507
2026-06-06 17:00:00,LONG,1.425891099576197,1.4232198102707594,1.4290966467427224,1.5,1.8,WIN,SL,13,0.41814596109799806,True,1.0,0.0017808595369585328,1.7736573033477097,1.0432336223641272,0.22152003928643155,0.13029414000936976
2026-06-06 22:00:00,SHORT,1.42464590068937,1.4269580535482713,1.4218713172586883,1.5,1.8,LOSS,SL,1,-0.14117419883346594,True,-0.35877677834729477,0.0015414352392675776,1.5259612471788093,0.0,0.1651056195100783,0.0
2026-06-06 23:00:00,LONG,1.4257728435262673,1.4233138782174661,1.4287236018968288,1.5,1.8,WIN,SL,7,0.7008516271990914,True,0.6394716375207947,0.0016393102058675105,1.8546693988427962,1.205451285863847,0.21324424068237927,0.13859911868606942
2026-06-07 00:00:00,LONG,1.4268155010944261,1.4243154462728258,1.4298155668803465,1.5,1.8,WIN,SL,6,0.39131101449683026,True,0.5637613172767595,0.0016667032144002114,2.449767905236386,0.5593391751326089,0.28616426153627433,0.06533797820519935
2026-06-07 02:00:00,LONG,1.4277232495807008,1.4254802010527514,1.43041490781424,1.5,1.8,WIN,SL,3,0.15642489557286346,True,0.6584581771775825,0.0014953656852996053,1.6400139346146627,0.0,0.17177142432584142,0.0
2026-06-07 03:00:00,LONG,1.426361744922932,1.4242327838836475,1.4289164981700733,1.5,1.8,WIN,SL,3,0.5158967731549662,True,0.8827463081772435,0.0014193073595229558,2.5570781736224295,0.014696696206578506,0.25444315816910296,0.0014624010466431168
2026-06-07 05:00:00,SHORT,1.4254461890732706,1.4274487645217349,1.4230430985351135,1.5,1.8,WIN,TP,1,-0.7646116910319245,True,-0.7778315423174852,0.001335050298976134,0.0,2.0326754902924713,0.0,0.1903771634340476
2026-06-07 06:00:00,SHORT,1.4231642663323172,1.4253251347669975,1.420571224210701,1.5,1.8,LOSS,TP,3,-0.8576601660097176,True,-1.0,0.0014405789564535373,0.4415402093837025,2.3436128430080223,0.044694315976995136,0.23722906930571086
2026-06-07 07:00:00,SHORT,1.423525505476315,1.4256842276814439,1.4209350388301603,1.5,1.8,WIN,TP,2,-0.34525868365585527,True,-1.0,0.001439148136752642,0.0,2.5969518997138183,0.0,0.26254524231083826
2026-06-07 08:00:00,SHORT,1.421500474147245,1.4237123067563566,1.418846275016311,1.5,1.8,WIN,TP,2,-0.6098720046267614,True,-1.0,0.0014745550727410794,0.0,2.6833602161149024,0.0,0.2783511149398301
2026-06-07 09:00:00,SHORT,1.4200437999389324,1.422241180080381,1.417406943769194,1.5,1.8,WIN,TP,3,-0.1452675106721158,True,-1.0,0.0014649200942989937,0.0,1.9553082369158112,0.0,0.20170999844719498
2026-06-07 10:00:00,SHORT,1.41763679684175,1.4199708439910275,1.4148359402626172,1.5,1.8,WIN,TP,5,-0.768926114883991,True,-1.0,0.0015560314328516092,0.5360479791327151,2.4922331688713157,0.05883788477453009,0.2735533641196842
2026-06-07 11:00:00,SHORT,1.4177980343258358,1.4201597204317933,1.4149640109986867,1.5,1.8,WIN,TP,4,-1.0,True,-1.0,0.0015744574039716788,0.42736629092912815,2.565474697921777,0.04745880616777908,0.2848946419061446
2026-06-07 12:00:00,SHORT,1.4183359843521453,1.4207027998128845,1.4154958057992582,1.5,1.8,WIN,TP,3,-0.5392115356409646,True,-1.0,0.001577876973826212,0.0,2.9008476168171073,0.0,0.3227148369393645
2026-06-07 13:00:00,SHORT,1.4169093645016988,1.4192009171825182,1.4141595012847157,1.5,1.8,WIN,TP,2,-0.0057334908818538755,True,-1.0,0.0015277017872128904,0.01715545275134551,2.0622878333183894,0.001849688941670158,0.22235443477472516
2026-06-07 14:00:00,SHORT,1.4158535487696164,1.4180497550406546,1.4132181012443708,1.5,1.8,WIN,TP,5,-0.48962917491541824,True,-1.0,0.0014641375140253782,0.0,1.9449628643820718,0.0,0.20112907126607157
2026-06-07 15:00:00,SHORT,1.4145970433786634,1.4169041043245496,1.4118285702436,1.5,1.8,WIN,SL,9,-0.9116279729398609,True,-1.0,0.00153804063059082,1.5739181799009163,1.034555050449999,0.17112647882618032,0.11248346019263525
2026-06-07 16:00:00,SHORT,1.4148869269368975,1.4171477520182136,1.4121739368393182,1.5,1.8,WIN,TP,15,-0.9872829788620238,True,-1.0,0.0015072167208773754,1.4137758174807353,1.970895477847814,0.15060331049154427,0.20995081393145945
2026-06-07 17:00:00,SHORT,1.414849597164632,1.4171817910514544,1.412050964500445,1.5,1.8,WIN,TP,14,-0.1406294258229529,True,-1.0,0.0015547959245483087,1.3945214865253122,1.8865735372315307,0.15324571094268144,0.20731792643730448
2026-06-07 18:00:00,SHORT,1.4140088349582642,1.416467948067971,1.411057899226616,1.5,1.8,LOSS,SL,5,-0.7285260245109516,True,-0.9725899861567564,0.0016394087398045201,1.5732715179759897,0.6117932992692433,0.18240586712681256,0.07093161350759479
2026-06-07 22:00:00,LONG,1.4157865368395444,1.413411879183716,1.4186361260265383,1.5,1.8,WIN,SL,9,0.6791231565304017,True,0.6579642064738188,0.0015831051038855007,2.4446744012522355,0.7777478867387205,0.2733587600430236,0.08696626341572374
2026-06-08 01:00:00,LONG,1.4156156399666693,1.4133474748456967,1.4183374381118365,1.5,1.8,WIN,SL,6,0.06525193732818729,True,0.6505511106630418,0.001512110080648475,2.4464354126249264,0.12397331068628799,0.2613194955357135,0.013242386388477252
2026-06-08 06:00:00,SHORT,1.4144843228054915,1.4166239363456972,1.4119167865572446,1.5,1.8,LOSS,TP,1,-0.7907069200649632,True,-0.6473539634530929,0.0014264090268038304,0.0,1.8002988200809866,0.0,0.18154761042628606
2026-06-08 07:00:00,SHORT,1.4119201242144712,1.414110235862733,1.4092919902365568,1.5,1.8,LOSS,TP,2,-0.8202936715578091,True,-1.0,0.001460074432174647,0.0,2.7403557342045084,0.0,0.2833817065112823
2026-06-08 08:00:00,SHORT,1.4112430718149938,1.4133523011975127,1.408711996555971,1.5,1.8,WIN,TP,1,-0.8881990637750372,True,-1.0,0.0014061529216793061,0.0,2.3639469732267333,0.0,0.23554205575816575
2026-06-08 09:00:00,SHORT,1.4087824055238274,1.4110738550308717,1.4060326661153744,1.5,1.8,WIN,TP,6,-0.42037088718063015,True,-1.0,0.0015276330046961448,0.460775364443594,2.7685961441295577,0.049964824355766935,0.30021661470666794
2026-06-08 11:00:00,SHORT,1.4079582873984147,1.4102020337940262,1.4052657917236808,1.5,1.8,WIN,TP,4,-0.2612670277923237,True,-1.0,0.0014958309304076314,0.2537119469923404,2.276514445456812,0.026954646392709,0.24185948912778216
2026-06-08 12:00:00,SHORT,1.4073319097999424,1.409515052862255,1.4047121381251673,1.5,1.8,WIN,TP,3,-0.8384692534972218,True,-1.0,0.001455428708208441,0.6911281676143135,1.909336477210541,0.07147480769766373,0.19745897205989063
2026-06-08 13:00:00,SHORT,1.407614638703884,1.4098237883716005,1.4049636591026242,1.5,1.8,WIN,TP,2,-0.7083127296999665,True,-1.0,0.0014727664451443326,0.45062955987479375,2.0788306500310667,0.047148706522749516,0.21750498625976591
2026-06-08 14:00:00,SHORT,1.4073623329357179,1.4095192752259247,1.4047740021874697,1.5,1.8,WIN,TP,1,-0.5092390073390057,True,-0.7189036070987272,0.0014379615268044846,0.0,1.9536866640516681,0.0,0.19961641665349408
2026-06-08 15:00:00,SHORT,1.4050733123224555,1.4074004724766778,1.4022807201373888,1.5,1.8,WIN,TP,8,-0.3832357499020742,True,-1.0,0.001551440102814859,1.4403290262763888,3.185474026139637,0.1590368412107911,0.3517305543622742
2026-06-08 21:00:00,SHORT,1.4052357841123833,1.4075443547747906,1.4024654993174943,1.5,1.8,WIN,TP,2,-0.2704241231531054,True,-0.315461473669426,0.001539047108271574,0.0,3.3166911611227956,0.0,0.3632517758420315
2026-06-08 22:00:00,SHORT,1.4037711128689985,1.406204187081366,1.4008514238141576,1.5,1.8,WIN,TP,1,-0.608185810217335,True,-1.0,0.0016220494749116085,0.0,2.243996100901603,0.0,0.259292463265756
2026-06-08 23:00:00,SHORT,1.4014665266368462,1.4039334367514358,1.3985062344993389,1.5,1.8,WIN,TP,7,-0.48125300429363405,True,-1.0,0.0016446067430597097,0.47912299442492656,1.893564941669644,0.056224597049571605,0.22220792379283985
2026-06-09 00:00:00,SHORT,1.4013785395011986,1.403887888004911,1.3983673212967438,1.5,1.8,WIN,TP,6,-0.6074537290345478,True,-1.0,0.0016728990024749463,0.05404132307532882,1.8089451493286233,0.006451195941485056,0.21594326233373562
2026-06-09 01:00:00,SHORT,1.400908164080274,1.4034562903397592,1.397850412568892,1.5,1.8,WIN,TP,9,-0.23474676158320829,True,-1.0,0.0016987508396567122,0.07843407060206453,2.1199373354531885,0.009510969149103776,0.25706505400980445
2026-06-09 02:00:00,SHORT,1.4008378010742548,1.4033075922929978,1.3978740516117634,1.5,1.8,WIN,TP,8,-0.9646493841178345,True,-1.0,0.0016465274791619727,0.0,2.144441782653126,0.0,0.25205504305307475
2026-06-09 03:00:00,SHORT,1.399380481747577,1.4018838868900134,1.3963763955766535,1.5,1.8,WIN,TP,22,-0.6603866285888336,True,-1.0,0.0016689367616242099,1.237567425584872,2.2292287913607143,0.1475954394453096,0.26586349663294095
2026-06-09 04:00:00,SHORT,1.3989326867433078,1.4013844693196837,1.3959905476516568,1.5,1.8,WIN,SL,8,-0.4012475980783294,True,-1.0,0.0016345217175839366,1.5375854286789776,0.9946444725479726,0.17965244501271344,0.11621488346513956
2026-06-09 05:00:00,SHORT,1.3996597967449507,1.4019358968102555,1.3969284766665848,1.5,1.8,WIN,TP,19,-0.20550243167877963,True,-0.9330555676538662,0.0015174000435366367,1.1770836450028372,2.150313393422174,0.12761006484056617,0.23311990845092415
2026-06-09 07:00:00,SHORT,1.3994234626140498,1.4018378955733426,1.3965261430628984,1.5,1.8,WIN,TP,17,-0.701435615270843,True,-0.6294560939631212,0.0016096219728619157,1.2564694935659388,1.8802871462509587,0.144519579605776,0.2162713136338253
2026-06-09 08:00:00,SHORT,1.399065959175996,1.4013587644951364,1.3963145927930276,1.5,1.8,WIN,SL,4,-0.3914898122084751,True,-0.39175417590459666,0.0015285368794269053,1.5570081266345264,1.1508001200482147,0.1701095168186338,0.1257296278853517
2026-06-09 10:00:00,SHORT,1.398672977987273,1.4012202869563244,1.3956162072244116,1.5,1.8,WIN,SL,2,-0.500964514825309,True,-0.33600762523889954,0.0016982059793674922,1.6328558287634518,0.1626362867257432,0.19825402903268124,0.019746568277684718
2026-06-09 12:00:00,LONG,1.4001436577447626,1.3976108137570442,1.4031830705300246,1.5,1.8,WIN,SL,6,0.0293839288925809,True,0.37154629482375895,0.0016885626584788474,1.5938104218992202,0.46434281394882765,0.19221233108667474,0.055999392064518615
2026-06-09 13:00:00,LONG,1.4001174104427943,1.3979439716572675,1.4027255369854266,1.5,1.8,WIN,SL,5,0.38354558109150416,True,0.904110517767987,0.0014489591903512464,1.8392522569935814,0.55924227799602,0.19034128432859798,0.057875091923828885
2026-06-09 15:00:00,LONG,1.3997430976445615,1.3976940478227575,1.4022019574307263,1.5,1.8,WIN,SL,3,0.19305636914389507,True,0.5652724564797432,0.0013660332145359571,1.676890897334825,0.8563863671916383,0.16365064894887263,0.08357620937928899
2026-06-09 16:00:00,LONG,1.4007726439997297,1.3986304057830559,1.4033433298597384,1.5,1.8,WIN,SL,2,0.5503311527396657,True,0.8187000572320391,0.0014281588111159252,2.324836000196784,0.0,0.23702883064592334,0.0
2026-06-09 17:00:00,SHORT,1.3994682646713454,1.4016165131373803,1.3968903665121035,1.5,1.8,WIN,TP,7,-0.16107827109490763,True,-0.390601042446181,0.0014321656440232327,0.5008391594222533,2.144551907112477,0.051254083812645436,0.21946575286666303
2026-06-09 18:00:00,SHORT,1.3975849230778967,1.3998671967884475,1.3948461946252357,1.5,1.8,WIN,SL,2,-0.809996961725055,True,-1.0,0.0015215158070338891,1.7092337908894422,0.35112481218228664,0.1860800147319415,0.038226081517865496
2026-06-09 19:00:00,SHORT,1.3980460166592985,1.400314549670282,1.3953237770461184,1.5,1.8,WIN,TP,8,-1.0,True,-1.0,0.001512355340655604,1.4147023466227688,2.4280188063402792,0.15303735526999898,0.2626542449407681
2026-06-10 01:00:00,SHORT,1.3961310293909621,1.398341416524672,1.3934785648305104,1.5,1.8,WIN,SL,5,-0.36156208878831947,True,-1.0,0.001473591422473259,2.25580920891236,1.192352177033972,0.2380966421496656,0.1258506475148723
2026-06-10 02:00:00,SHORT,1.397186969601938,1.399302042829388,1.3946488817289977,1.5,1.8,WIN,TP,1,-0.3381086339910255,True,-0.8574228993361779,0.0014100488183000598,0.0,1.9949523130778177,0.0,0.20133169094911993
2026-06-10 03:00:00,SHORT,1.3955593351656883,1.3979452179654495,1.392696275805975,1.5,1.8,WIN,SL,1,-0.4666996928625416,True,-1.0,0.0015905885331740327,1.6671244261649978,0.0,0.19001048030090095,0.0
2026-06-10 05:00:00,LONG,1.3980454468217707,1.3955657802109174,1.4010210467547946,1.5,1.8,WIN,SL,5,0.43639215433082573,True,0.5085383754041706,0.001653111073902139,1.9639220545465623,0.9831042042482708,0.2322228725848747,0.11624661061892878
2026-06-10 06:00:00,LONG,1.3993256144434914,1.3968202473203395,1.4023320549912737,1.5,1.8,WIN,SL,3,0.3438208755905829,True,1.0,0.0016702447487679478,1.8583976562397384,0.20656423280264227,0.22181963185827414,0.024655649947428707
2026-06-10 07:00:00,LONG,1.399254094405545,1.3968262034351842,1.402167563569978,1.5,1.8,WIN,SL,2,0.29208200376095145,True,0.6726294784742181,0.001618593980240557,1.873514250967363,0.25734240220416676,0.21671967233363507,0.029768207556703074
2026-06-10 08:00:00,LONG,1.398589386684981,1.3962099226190121,1.4014447435641437,1.5,1.8,LOSS,SL,2,0.1466101151106834,True,1.0,0.0015863093773126652,2.3895220025007595,0.0,0.27102459063030715,0.0
2026-06-10 10:00:00,SHORT,1.3959333816562813,1.3985166800537379,1.3928334235793334,1.5,1.8,WIN,SL,1,-0.6874785538336481,True,-0.7994985829793955,0.0017221989316377512,1.7035692208308926,0.0,0.2101737182189061,0.0
2026-06-10 11:00:00,SHORT,1.3966648207345733,1.3993995973809463,1.3933830887589258,1.5,1.8,WIN,TP,7,-0.4898765028559362,True,-1.0,0.0018231844309152731,1.4435128668767094,1.8175385811947695,0.18843391382417027,0.23725864607080893
2026-06-10 13:00:00,SHORT,1.3966019867201562,1.3996536899404945,1.3929399428557503,1.5,1.8,WIN,TP,7,-0.17859989229915715,True,-0.7087346434202023,0.0020344688135588906,0.3745509171917032,1.8555566438590803,0.05456186997885796,0.2703040780135829
2026-06-10 16:00:00,SHORT,1.3941851532570038,1.3972238472032508,1.3905387205215074,1.5,1.8,WIN,TP,16,-0.31334968630029314,True,-0.9183376402343989,0.0020257959641646656,0.6536818950629564,1.8783350789270776,0.09498208625823316,0.27292814109733654
2026-06-10 17:00:00,SHORT,1.3949776704445196,1.3978568550329,1.3915226489384631,1.5,1.8,WIN,TP,6,-0.6459875789336612,True,-1.0,0.0019194563922536442,0.04832721531436281,1.897118925726972,0.006649710910814267,0.26103909230974526
2026-06-10 18:00:00,SHORT,1.394285610751943,1.3970648964910903,1.3909504678649662,1.5,1.8,WIN,TP,7,-1.0,True,-1.0,0.0018528571594315726,0.0,1.862369798141972,0.0,0.24748912184036012
2026-06-10 19:00:00,SHORT,1.3939848327293272,1.3968338914294531,1.390565962289176,1.5,1.8,WIN,TP,13,-0.33640997006664375,True,-0.9910055043782232,0.0018993724667506326,0.260697803948732,1.897891623505388,0.035521349970005195,0.25859700980424827
2026-06-10 20:00:00,SHORT,1.3938320896950036,1.3966541692304202,1.3904455942525036,1.5,1.8,WIN,TP,12,-0.41045356794075744,True,-1.0,0.001881386356944443,0.34437650878812187,1.8348490981117367,0.046483738613587545,0.24766685210946834
2026-06-10 21:00:00,SHORT,1.3929773574746156,1.395878971280324,1.3894954209077657,1.5,1.8,LOSS,TP,12,-0.12132787512342919,True,-0.8506498519863399,0.0019344092038055141,0.7767940116899983,2.1766094995370926,0.10787235539839157,0.30226287788542133
2026-06-10 22:00:00,SHORT,1.392105983097233,1.3949405866337155,1.3887044588534543,1.5,1.8,WIN,TP,12,-0.5075866138614804,True,-1.0,0.0018897356909882543,1.2562666167431724,2.340014981335219,0.17053384525902293,0.31764893487764834
2026-06-10 23:00:00,SHORT,1.3921262305787414,1.394831368171554,1.3888800654673663,1.5,1.8,WIN,TP,10,-0.9279904162088048,True,-0.8940828129871629,0.0018034250618750938,1.305163397863078,1.8627480698466343,0.16907693640466862,0.24130904793916017
2026-06-11 00:00:00,SHORT,1.3918367564872955,1.394307901454432,1.3888713825267318,1.5,1.8,WIN,SL,5,-0.5156933436376779,True,-0.9764082166568224,0.0016474299780910068,1.6044618030182372,0.6081296095570204,0.1899100925934139,0.0719804923012291
2026-06-11 01:00:00,SHORT,1.3912428232234064,1.3935069645323925,1.388525853652623,1.5,1.8,WIN,SL,2,-0.23402583057808157,True,-1.0,0.001509427539324085,1.5715239861047667,0.22746481161680324,0.17050234105351303,0.024678772472376227
2026-06-11 02:00:00,SHORT,1.3912676950982417,1.3933464516514964,1.388773187234336,1.5,1.8,WIN,SL,1,-0.1542115807827967,True,-0.5940440468434497,0.0013858377021698073,1.6937262601707215,0.0,0.16871157986126523,0.0
2026-06-11 05:00:00,LONG,1.3941627365815548,1.3921848174937026,1.3965362394869774,1.5,1.8,WIN,SL,1,0.17379659565461236,True,0.9632033642515783,0.001318612725234766,1.9108194150701123,0.0,0.18072716550401866,0.0
2026-06-11 06:00:00,LONG,1.3920103592977908,1.3899822701312563,1.3944440662976323,1.5,1.8,WIN,SL,3,0.47110397731742404,True,0.6558646375240272,0.001352059444356346,2.3988999046668056,0.49508416236897423,0.23300511023542064,0.048087516950656696
2026-06-11 08:00:00,SHORT,1.3916260744296063,1.3936896114203352,1.3891498300407317,1.5,1.8,WIN,TP,1,-0.4400816761763832,True,-0.6892164034986652,0.0013756913271525712,0.0,2.078351696745602,0.0,0.20545536308362575
2026-06-11 09:00:00,SHORT,1.3893579381029326,1.3916253984078288,1.3866369857370573,1.5,1.8,WIN,TP,10,-0.4884733463070734,True,-1.0,0.0015116402032640769,1.4935203845952703,2.5998398107735925,0.16249703520111705,0.2828660831187961
2026-06-11 10:00:00,SHORT,1.3885798021623215,1.3909025531851262,1.3857925009349557,1.5,1.8,WIN,SL,2,-0.15501885324798165,True,-1.0,0.00154850068186991,1.5516407880102223,0.01177911116328287,0.17303411834951365,0.0013135695650881136
2026-06-11 11:00:00,SHORT,1.3897107050746587,1.3920359940718343,1.3869203582780478,1.5,1.8,WIN,TP,7,-0.3156528346608376,True,-1.0,0.0015501926647837497,1.2288140237641563,1.824482584438608,0.13707158468785513,0.203517142747381
2026-06-11 12:00:00,SHORT,1.3900058619462043,1.3923713271489542,1.3871673037029046,1.5,1.8,LOSS,TP,6,-0.05298501953925899,True,-0.6836567787728963,0.0015769768018331551,1.0207769782064449,1.980660963013062,0.1158082608531626,0.2247081452300378
2026-06-11 17:00:00,SHORT,1.3890053120691244,1.391611240755662,1.3858781976452792,1.5,1.8,WIN,TP,2,-0.1290804475400779,True,-0.612629400235879,0.0017372857910251196,0.0,2.059187017291302,0.0,0.2575509477983584
2026-06-11 18:00:00,SHORT,1.3874312758310816,1.3901380629038058,1.3841831313438127,1.5,1.8,LOSS,TP,4,-0.7081766656767673,True,-1.0,0.0018045247151494057,0.10695029845571545,1.8545873034185152,0.013910199389179746,0.2412118483790365
2026-06-11 19:00:00,SHORT,1.3867718084018716,1.389555889851878,1.3834309106618639,1.5,1.8,WIN,TP,4,-0.6182000939085449,True,-1.0,0.001856054300004287,0.45928714804515414,2.0843790654756096,0.06147095584877072,0.2789731305378404
2026-06-11 20:00:00,SHORT,1.3864307056653966,1.3891144334558123,1.3832102323168975,1.5,1.8,WIN,TP,3,-0.4932526285439455,True,-1.0,0.0017891518602772033,0.46563503282735974,1.9716705267787271,0.06008895949786956,0.25443882456042877
2026-06-11 21:00:00,SHORT,1.3860439349933127,1.3887944264814507,1.382743345207547,1.5,1.8,WIN,TP,8,-0.0076062660256161485,True,-1.0,0.0018336609920919869,0.21657877169128817,2.1145777905494043,0.02865219747651271,0.27974717910317975
2026-06-11 22:00:00,SHORT,1.3842644501875918,1.3869984355284783,1.380983667778528,1.5,1.8,WIN,SL,16,-0.3028598276170308,True,-1.0,0.0018226568939243254,1.6793985170649857,1.3823282385072642,0.22112590440070684,0.18201074897503125
2026-06-11 23:00:00,SHORT,1.3835056932320338,1.3860923349589471,1.3804017231597376,1.5,1.8,WIN,SL,4,-0.7318560273803327,True,-1.0,0.0017244278179422423,1.7022306043213886,0.13241080760761237,0.2121692611027176,0.0165039349784931
2026-06-12 00:00:00,SHORT,1.3836152349453779,1.386097193192652,1.3806368850486488,1.5,1.8,WIN,SL,3,-0.432161640589906,True,-0.9554318755195479,0.0016546388315161278,1.7078241121121642,0.0,0.20423539882544717,0.0
2026-06-12 02:00:00,SHORT,1.3855984849646015,1.3880794927909257,1.3826212755730125,1.5,1.8,WIN,TP,3,-0.04893076030277016,True,-0.4669691176629051,0.001654005217549421,0.509419235886751,2.0749443497210383,0.06080997368427775,0.24768854886926106
2026-06-12 05:00:00,SHORT,1.3827479922715904,1.3853267337541888,1.3796535024924723,1.5,1.8,WIN,SL,3,-0.5116349916905139,True,-0.42810868187915563,0.001719160988398876,1.817522642286106,0.5834544782884497,0.22597132952742716,0.07254049061624734
2026-06-12 06:00:00,SHORT,1.3824153710905922,1.384939221648234,1.3793867504214221,1.5,1.8,WIN,SL,2,-0.06716281327783646,True,-0.9987635217716538,0.001682567038427856,2.054738458669948,0.0,0.25008657133352674,0.0
2026-06-12 07:00:00,SHORT,1.383478307594574,1.3859869432348333,1.3804679448262627,1.5,1.8,WIN,SL,4,-0.05258126792620865,True,-0.8589312773706107,0.001672423760172911,1.8406077598980477,0.0,0.2225026683768008,0.0
2026-06-12 08:00:00,SHORT,1.3851428805133383,1.3876805938877346,1.3820976244640628,1.5,1.8,WIN,SL,8,-0.4318752100365344,True,-0.4887282334016999,0.0016918089162642083,1.6266854789347138,0.20499809094629604,0.19868282441731552,0.02503839877887204
2026-06-12 10:00:00,LONG,1.3858602670333602,1.3835332473396702,1.3886526906657881,1.5,1.8,LOSS,TP,8,0.5134075347986851,True,1.0,0.0015513464624599602,0.685987394727048,2.3960945281930974,0.07679014568907565,0.26822132493842177
2026-06-12 11:00:00,LONG,1.3858376760758226,1.3835256047403157,1.3886121616784308,1.5,1.8,WIN,TP,7,0.522400713828038,True,1.0,0.0015413808903378876,0.675766234740369,2.426242436903295,0.07516126733643534,0.2698558274270035
2026-06-12 12:00:00,LONG,1.3854772927411767,1.3833006257677183,1.388089293109327,1.5,1.8,WIN,TP,6,0.16779191689120587,True,0.9129793913762101,0.0014511113156389724,0.46945387206113964,2.8255220795449993,0.04916932449832014,0.29593751436397336
2026-06-12 18:00:00,LONG,1.38851065636368,1.3860819593638634,1.39142509276346,1.5,1.8,WIN,SL,1,0.6305118363535791,True,1.0,0.001619131333211026,1.8732417320666634,0.0,0.21843724203101947,0.0
2026-06-12 20:00:00,LONG,1.3872445822349717,1.3847606080264172,1.3902253512852372,1.5,1.8,WIN,SL,2,0.17377953333002,True,0.6481380415407639,0.0016559828057030363,1.9936080075122113,0.1699057828434911,0.23798114795541675,0.020282007843565555
2026-06-12 21:00:00,SHORT,1.387005208382922,1.3894099180893265,1.384119556735237,1.5,1.8,LOSS,TP,1,-0.19760605992903685,True,-0.4331158365196434,0.0016031398042695314,0.0,1.9100060528393346,0.0,0.22076389556405454
2026-06-12 22:00:00,SHORT,1.3846223225859404,1.3870985724384737,1.3816508227629005,1.5,1.8,LOSS,SL,24,-0.2655431076256529,True,-0.936266713171408,0.0016508332350221153,1.742325564309439,1.7890768386005687,0.2077309386735067,0.21330491766550297
2026-06-12 23:00:00,SHORT,1.3855334421864927,1.3882741985918732,1.382244534500036,1.5,1.8,WIN,TP,5,-0.5663246353846623,True,-1.0,0.0018271709369203082,0.6761981769426374,2.11506598952154,0.08917357162872298,0.27892413045070175
2026-06-13 01:00:00,SHORT,1.384418676390254,1.3872745287577193,1.3809916535492957,1.5,1.8,WIN,SL,21,-0.4976185787983822,True,-0.9949737644008189,0.0019039015783102187,1.6176966176007408,1.4443085403207723,0.2224713662132762,0.198626423955328
2026-06-13 02:00:00,SHORT,1.383347689446384,1.3862938533632687,1.3798122927461225,1.5,1.8,WIN,SL,6,-0.14276158752237728,True,-1.0,0.001964109277923089,1.7491961626713644,0.8547560894315573,0.2483549463537416,0.12136026093957977
2026-06-13 03:00:00,SHORT,1.3829931253782262,1.3859759795213675,1.3794137004064566,1.5,1.8,WIN,SL,5,-0.285472850098052,True,-0.7380791684160001,0.0019885694287608796,1.9059814685625323,0.6659411928509005,0.27405606077265676,0.09575393204457813
2026-06-13 05:00:00,SHORT,1.3829753924964452,1.3859296616670982,1.3794302694916616,1.5,1.8,WIN,SL,3,-0.18249094882274347,True,-1.0,0.0019695127804353657,1.9334270890628307,0.0,0.27534180164084004,0.0
2026-06-13 07:00:00,LONG,1.3849282661573712,1.3818687619549759,1.3885996712002455,1.5,1.8,WIN,TP,17,0.3833853269746031,True,0.38947222380471763,0.002039669468263489,1.2493226677230151,1.9249213512467231,0.18399547208566902,0.28349506648745815
2026-06-13 08:00:00,LONG,1.3865203806524236,1.383594910222102,1.3900309451688095,1.5,1.8,WIN,SL,4,0.42175524334072045,True,1.0,0.0019503136202144087,1.6796712503122648,0.07698602382442482,0.2362666833231197,0.010829043187975028
2026-06-13 09:00:00,LONG,1.386483608549615,1.3838459215161274,1.3896488329898,1.5,1.8,WIN,SL,2,0.41873004849346473,True,1.0,0.001758458022325041,1.6297991999929666,0.1062971030677683,0.20670518283332517,0.013481514854327253
2026-06-13 10:00:00,LONG,1.3858912814503208,1.3832558311148047,1.3890538218529402,1.5,1.8,WIN,SL,2,0.1089767515893244,True,1.0,0.0017569668903441344,1.5064521303218232,0.0,0.19098081864646668,0.0
2026-06-13 13:00:00,SHORT,1.3829709919470534,1.3853880105683156,1.3800705696015387,1.5,1.8,WIN,SL,6,-0.8612094113835738,True,-1.0,0.0016113457475081447,1.599024168222587,0.3667314056962607,0.18630765277301328,0.04272910238083848
2026-06-13 14:00:00,SHORT,1.3834689039120336,1.3859289314519891,1.380516870864087,1.5,1.8,WIN,SL,6,-0.6610373596447552,True,-0.9287790916193271,0.0016400183599704077,2.014874381453979,0.663921260031607,0.23885112048956128,0.07870383302057621
2026-06-13 15:00:00,SHORT,1.3838524896600806,1.3862057321153645,1.3810285987137398,1.5,1.8,WIN,SL,5,-0.30738935481573443,True,-0.5585475034560072,0.001568828303522642,1.8618004430523791,0.9385531869659116,0.21106622652310453,0.10640070492160451
2026-06-13 16:00:00,SHORT,1.3835859648374498,1.3859325414328356,1.3807700729229868,1.5,1.8,WIN,SL,4,-0.19840876133309088,True,-0.3605719458146395,0.0015643843969238885,2.0374596291485694,0.2517767310889175,0.2303702215985417,0.028467735264304926
2026-06-13 19:00:00,LONG,1.3848857094699447,1.3826793829874804,1.3875333012489017,1.5,1.8,WIN,TP,5,0.4127145201835596,True,0.5582032201693168,0.0014708843216428371,0.0,2.6982135426803593,0.0,0.2865767167091306
2026-06-13 20:00:00,LONG,1.3861159251784574,1.384001690593968,1.3886530066798446,1.5,1.8,WIN,TP,4,0.7189314414767922,True,0.7524316182655493,0.0014094897229928658,0.0,1.9429331361461133,0.0,0.19756964321058987
2026-06-13 21:00:00,LONG,1.3870131597757076,1.3849365424616578,1.3895051005525674,1.5,1.8,WIN,SL,6,0.87998970319445,True,1.0,0.0013844115426999229,1.6513091281768022,1.3300305825383736,0.16482117718215397,0.13275358475385937
2026-06-13 22:00:00,LONG,1.3871479863180451,1.3852039216918532,1.3894808638694756,1.5,1.8,WIN,SL,5,0.419746459808948,True,1.0,0.001296043084127991,1.867930155717087,1.316687052437496,0.17452485126530573,0.12302098731383833
2026-06-13 23:00:00,LONG,1.3872770669966012,1.385299264672572,1.3896504297854364,1.5,1.8,WIN,SL,4,0.6834030286708894,True,1.0,0.0013185348826862317,1.9339637289779403,1.1963297220493427,0.1838132193757084,0.11370493373262451
2026-06-14 00:00:00,LONG,1.3883504974260081,1.3863358192717767,1.390768111211086,1.5,1.8,WIN,SL,1,0.1561599133576434,True,1.0,0.0013431187694876248,1.5780980960137274,0.0,0.15266844912566346,0.0
2026-06-14 03:00:00,SHORT,1.3857479208191543,1.3877950046431102,1.3832914202304072,1.5,1.8,WIN,SL,2,-0.3061680794304448,True,-0.5848893456050991,0.001364722549303992,1.7232082737600884,0.23902386905719725,0.16970627579635428,0.023539726022566577
2026-06-14 04:00:00,SHORT,1.386188162898452,1.38818477382946,1.3837922297812426,1.5,1.8,WIN,TP,3,-0.5528962463560139,True,-0.590260926896061,0.0013310739540051924,1.4360277303137945,2.169047620414643,0.13789319229599512,0.20828072766787706
2026-06-14 05:00:00,SHORT,1.3869465228385771,1.3889934494188416,1.3844902109422597,1.5,1.8,WIN,TP,2,-0.7565525525873174,True,-0.6006889698917579,0.001364617720176407,0.0,2.671460789901426,0.0,0.2628452267355545
2026-06-14 07:00:00,SHORT,1.3835510557788595,1.385781877829343,1.3808740693182795,1.5,1.8,LOSS,SL,3,-1.0,True,-1.0,0.001487214700322283,1.683508150189368,1.3254117098796934,0.18096463145442374,0.14247192184770635
2026-06-14 08:00:00,SHORT,1.3828766808984236,1.3851995534384671,1.3800892338503716,1.5,1.8,WIN,SL,2,-0.10184206890615738,True,-1.0,0.0015485816933622498,2.0522733564088664,0.0,0.2298189703687188,0.0
2026-06-14 09:00:00,SHORT,1.384186511638326,1.386519707912066,1.3813866761098381,1.5,1.8,WIN,SL,18,-0.5635852070194353,True,-0.7926565772929063,0.001555464182493273,1.8354663705784509,1.426572278308861,0.20625848999399066,0.16030947159143072
2026-06-14 10:00:00,SHORT,1.3856525845721432,1.388008586296309,1.3828253825031445,1.5,1.8,WIN,TP,4,-0.20440517790856133,True,-1.0,0.001570667816110435,0.09226565311677867,2.193188131400736,0.010458515611810531,0.24860271983183896
2026-06-14 11:00:00,SHORT,1.3851604550420582,1.3874936408752516,1.3823606320422261,1.5,1.8,WIN,TP,3,-0.46868446643352357,True,-0.6421284388460641,0.0015554572221289245,0.40955688970736026,1.8982460208968388,0.045990933371587626,0.21316234316636112
2026-06-14 17:00:00,LONG,1.3858612382767062,1.3831181666892798,1.3891529241816178,1.5,1.8,WIN,SL,3,0.019747019757778067,True,0.3064522192554158,0.0018287143916175808,1.7535311078085853,0.0,0.23138734848996595,0.0
2026-06-14 18:00:00,LONG,1.3843092246191109,1.381409444457904,1.387788960812559,1.5,1.8,WIN,TP,15,0.6142544185934091,True,0.6256343318553529,0.001933186774137912,1.007293740208807,1.8952161151622133,0.14066849383159793,0.2646667856289632
2026-06-14 20:00:00,LONG,1.3830262813858587,1.3803041743915687,1.3862928097790068,1.5,1.8,WIN,TP,5,0.269429817305035,True,0.4468014027012791,0.001814737996193345,0.36608243415024566,1.8046367472377502,0.04803550821360349,0.23679541875787502
2026-06-14 22:00:00,SHORT,1.3847663173462836,1.3873909869505132,1.3816167138212083,1.5,1.8,WIN,SL,11,-0.2918036848654633,True,-0.4152708943387159,0.0017497797361529788,1.8326386656197458,0.974486429383503,0.23157076833996781,0.12313533236127426
2026-06-15 01:00:00,LONG,1.38552269062455,1.3827766828185897,1.3888178999917022,1.5,1.8,WIN,TP,17,0.311449174432861,True,0.7877420424812581,0.0018306718706401531,1.1658563467260872,1.8216075251701813,0.15404297840814615,0.24068647004057858
2026-06-15 02:00:00,LONG,1.3854834190505438,1.382830395674058,1.388667047102327,1.5,1.8,WIN,TP,16,0.9151812512626876,True,0.9190974992303846,0.0017686822509906466,1.1845139758592784,1.9076559556086092,0.15121284140580826,0.2435277956623788
2026-06-15 03:00:00,LONG,1.3861102498441824,1.3835374514949632,1.3891976078632453,1.5,1.8,WIN,SL,4,0.3236595647997944,True,0.759125446887597,0.0017151988994794326,1.5869061247749907,0.2731927839878962,0.19636674926090544,0.03380538903701467
2026-06-15 04:00:00,LONG,1.385354242039147,1.3828444698337174,1.3883659686856624,1.5,1.8,WIN,TP,13,0.6664449730268558,True,0.3932586870340289,0.0016731814702863573,1.1749184823444783,1.90165616559533,0.141902466105864,0.2296752529119552
2026-06-15 05:00:00,LONG,1.3855250391483707,1.3830236771799624,1.3885266735104607,1.5,1.8,WIN,TP,12,0.5775581668814327,True,0.8944612645359906,0.0016675746456055343,1.2812913344599486,1.8056275668624115,0.15421222154836028,0.21731969216210825
2026-06-15 07:00:00,SHORT,1.3838469070706616,1.3862057207451206,1.3810163306613108,1.5,1.8,WIN,SL,1,-0.24460878534748542,True,-0.7215187466710534,0.0015725424496393517,1.612523928121473,0.0,0.1832400907263603,0.0
2026-06-15 09:00:00,LONG,1.3866954344611104,1.3841431053065438,1.3897582294465902,1.5,1.8,WIN,TP,12,0.585502810937736,True,0.719379261211827,0.0017015527697110042,1.1135895178510582,2.216186989526555,0.13664365522029487,0.27193852496470144
2026-06-15 10:00:00,LONG,1.3863895393433343,1.3838273089147188,1.389464215857673,1.5,1.8,WIN,TP,11,0.014560217321410746,True,0.36914552389426875,0.0017081536190770574,0.9302068578018262,2.386702333134015,0.11460965086313975,0.2940626795217694
2026-06-15 12:00:00,LONG,1.3854508682628535,1.3830095393444561,1.3883804629649303,1.5,1.8,WIN,TP,5,0.4774304433647878,True,0.7451326950308188,0.0016275526122649295,0.399535551270887,1.8956005551980082,0.046935271763117466,0.2226848823077885
2026-06-15 14:00:00,SHORT,1.3857420062087693,1.3882063797460575,1.3827847579640233,1.5,1.8,WIN,SL,3,-0.7473256520988938,True,-0.5701993690375995,0.001642915691525542,1.7006665064554154,0.5730075383267759,0.20162856267536625,0.06793494545604878
2026-06-15 15:00:00,SHORT,1.3856382144073323,1.387901458749652,1.3829223211965485,1.5,1.8,WIN,SL,2,-0.7590795523798545,True,-0.30064773309569265,0.0015088295615466002,1.9205903468475183,0.0,0.20913420695343946,0.0
2026-06-15 16:00:00,LONG,1.3864827315397574,1.3841947825830294,1.389228270287831,1.5,1.8,WIN,TP,5,0.13946057756146063,True,0.437167456860089,0.0015252993044852742,0.0,2.611724806970739,0.0,0.28732143148695055
2026-06-15 17:00:00,LONG,1.3877855671639354,1.3854445576815149,1.39059477854284,1.5,1.8,WIN,TP,5,0.7799308485941915,True,0.9413534488921362,0.0015606729882803791,0.7023446235670362,4.019258953178119,0.07898412466596443,0.45199698206604716
2026-06-15 18:00:00,LONG,1.38807952779002,1.3856598783904854,1.3909831070694616,1.5,1.8,WIN,TP,4,0.5154128257040543,True,1.0,0.001613099599689757,0.8617514435047481,3.7063974575373355,0.10014490385596002,0.4307237543200077
2026-06-15 20:00:00,LONG,1.3887259400408631,1.3862125529264022,1.391742004578216,1.5,1.8,WIN,TP,2,0.5237280490599164,True,1.0,0.0016755914096405597,0.0,3.182384424700125,0.0,0.3839761215985164
2026-06-15 22:00:00,LONG,1.393504574339187,1.390915148556078,1.3966118852789176,1.5,1.8,WIN,SL,3,0.6886751182622526,True,1.0,0.001726283855405916,2.633839449559204,0.0,0.32628199456477364,0.0
2026-06-15 23:00:00,LONG,1.3919704399290658,1.3894816862200536,1.3949569443798802,1.5,1.8,WIN,SL,2,0.4072675950640725,True,1.0,0.001659169139341356,1.8157402027017,0.2856486330009707,0.21642845443884573,0.03404809347779017
2026-06-16 00:00:00,LONG,1.3922831801815498,1.3898049020265466,1.3952571139675536,1.5,1.8,WIN,SL,1,0.475390250136371,True,1.0,0.0016521854366687533,2.0127040755019365,0.0,0.23884224195213855,0.0
2026-06-16 01:00:00,LONG,1.3894789343230727,1.386797861889092,1.3926962212438496,1.5,1.8,WIN,SL,7,0.42001788765931336,True,0.5837244930119414,0.00178738162265381,2.600211999240445,1.7030124700209681,0.33448302292618065,0.2190701216746907
2026-06-16 03:00:00,SHORT,1.3898221439457972,1.3925177330457534,1.3865874370258497,1.5,1.8,WIN,SL,1,-0.6623778721193334,True,-1.0,0.001797059399970832,1.502857150623453,0.0,0.19432152388029475,0.0
2026-06-16 05:00:00,SHORT,1.3900330700879426,1.3928619373062825,1.3866384294259346,1.5,1.8,LOSS,TP,3,-0.10544889531636936,True,-0.6890573294161707,0.001885911478893308,0.0,2.7581925056040912,0.0,0.3742146154110676
2026-06-16 06:00:00,SHORT,1.388040769126315,1.3910891352620494,1.3843827297634337,1.5,1.8,WIN,TP,4,-0.7861819248487381,True,-0.5077933343629173,0.002032244090489616,0.5011389562128185,2.226539199261795,0.07337224560908806,0.32598978578931714
2026-06-16 07:00:00,SHORT,1.387430887734355,1.3904648950572993,1.383790078946822,1.5,1.8,WIN,TP,3,-0.5591623247187302,True,-0.9801790465539012,0.002022671548629451,0.0,1.9355538671793213,0.0,0.28217547789904085
2026-06-16 08:00:00,SHORT,1.3856982211014952,1.3888207077764154,1.3819512370915907,1.5,1.8,WIN,TP,4,-0.8240860381088831,True,-1.0,0.002081657783280209,0.29531423755854097,2.242409416220238,0.04436342428429593,0.336864762001725
2026-06-16 09:00:00,SHORT,1.3857375791113329,1.3888111640713114,1.3820492771593587,1.5,1.8,WIN,TP,3,-0.8804174297586267,True,-1.0,0.0020490566399856375,0.0,2.297294731904707,0.0,0.33969541530598646
2026-06-16 10:00:00,SHORT,1.3836882466073765,1.3867812509566972,1.3799766413881915,1.5,1.8,WIN,TP,10,-0.3394599129465143,True,-1.0,0.0020620028995471822,0.11341845580900478,2.00441765177014,0.01690186971767294,0.29870276198323165
2026-06-16 11:00:00,SHORT,1.3838957679416828,1.3868925727039225,1.380299602226995,1.5,1.8,WIN,TP,8,-0.6257783841995721,True,-1.0,0.001997869841493099,0.0,1.9057891302699215,0.0,0.27513044810265563
2026-06-16 12:00:00,SHORT,1.3813998427725969,1.3842471642141794,1.3779830570426979,1.5,1.8,WIN,TP,10,-0.542831494683923,True,-1.0,0.00189821429438838,0.8692644297871462,2.410161520099292,0.11944768742071973,0.3311860120133538
2026-06-16 13:00:00,SHORT,1.3806511069645635,1.3834150478628287,1.3773343778866451,1.5,1.8,WIN,TP,9,-0.700905480133118,True,-1.0,0.001842627265510163,1.3018291974500567,2.0765280709902947,0.17374309571464072,0.2771349852184015
2026-06-16 14:00:00,SHORT,1.3825282200370115,1.3853880233538458,1.3790964560568102,1.5,1.8,WIN,TP,8,-0.3889473641540517,True,-1.0,0.001906535544556284,0.27362348596134956,2.991489107001826,0.037733255224023175,0.412532650762039
2026-06-16 15:00:00,SHORT,1.3827693716087297,1.3853348384724724,1.3796908113722384,1.5,1.8,WIN,TP,5,-0.014618917293392153,True,-0.43624596577820324,0.0017103112424951947,0.0,1.8793304583073673,0.0,0.23244946534122704
2026-06-16 20:00:00,SHORT,1.3809410429633835,1.3834895660326463,1.377882815280268,1.5,1.8,LOSS,TP,2,-0.24588202358550304,True,-1.0,0.0016990153795085933,0.20240244092725643,2.4226992231314943,0.02490221155622547,0.2980723370485755
2026-06-16 21:00:00,SHORT,1.380476575525686,1.3829690278568672,1.3774856327282687,1.5,1.8,WIN,TP,1,-0.4403120709687125,True,-0.4170370278592401,0.001661634887454046,0.0,2.1976764148962085,0.0,0.26452718337041614
2026-06-16 22:00:00,SHORT,1.3774932410478071,1.380098430298481,1.3743670139469988,1.5,1.8,LOSS,TP,5,-0.9446382798364941,True,-1.0,0.0017367928337824587,0.14665853714969052,1.9048730957384872,0.018491233840163785,0.24017322505532293
2026-06-16 23:00:00,SHORT,1.3762540238111247,1.3789507089309623,1.3730180016673197,1.5,1.8,WIN,TP,5,-0.725545305886421,True,-1.0,0.0017977900798917337,0.648024378038912,2.0286839830587238,0.08465092767832308,0.26500543336313276
2026-06-17 00:00:00,SHORT,1.3757556659843995,1.378340729887374,1.37265358930083,1.5,1.8,WIN,TP,4,-0.6600097753247943,True,-1.0,0.0017233759353163039,0.9651809515294901,1.8271057688147736,0.1209058894844833,0.22887713211778124
2026-06-17 01:00:00,SHORT,1.3772147979674791,1.379876619119885,1.374020612584592,1.5,1.8,WIN,TP,3,-0.8248008643893969,True,-1.0,0.0017745474349373078,0.11509280506731286,2.596674512955717,0.014829759476398132,0.3345826738961209
2026-06-17 02:00:00,SHORT,1.3763046574914994,1.378793060491912,1.3733185738910043,1.5,1.8,WIN,TP,2,-0.43475704576506874,True,-1.0,0.0016589353336083754,0.0,2.229008898321459,0.0,0.26867464265453056
2026-06-17 03:00:00,SHORT,1.3754279227360473,1.3780507943886418,1.372280476752934,1.5,1.8,WIN,TP,4,-0.523706684362016,True,-1.0,0.0017485811017296277,0.0,2.153061029850706,0.0,0.27371858353569006
2026-06-17 04:00:00,SHORT,1.3731664875995437,1.375873835640849,1.3699176699499773,1.5,1.8,WIN,TP,10,-0.2630884277543609,True,-1.0,0.0018048986942036066,0.7247645736096034,2.317379002296011,0.09526351278786055,0.30459775802791855
2026-06-17 05:00:00,SHORT,1.3733121204201681,1.376117219334475,1.3699460017229999,1.5,1.8,WIN,TP,9,-0.6231934716216705,True,-0.9788710422879875,0.0018700659428712177,0.6216325238797495,2.3144997492430144,0.08464891517399051,0.3151699523717224
2026-06-17 06:00:00,SHORT,1.373324347703015,1.3760721197798211,1.3700270212108476,1.5,1.8,WIN,TP,8,-0.33258056942944947,True,-1.0,0.0018318480512040975,0.627926824108378,2.3694620499976295,0.08375781955410713,0.3160574882364837
2026-06-17 07:00:00,SHORT,1.3726433888589742,1.3754539957773662,1.3692706605569036,1.5,1.8,WIN,TP,7,-0.6476812382070998,True,-1.0,0.001873737945594708,0.9773113563654398,1.9530669180571416,0.13340867613144478,0.2666049772542458
2026-06-17 08:00:00,SHORT,1.3723038465077586,1.375096917559978,1.3689521612450952,1.5,1.8,WIN,TP,8,-0.8388837085426208,True,-1.0,0.001862047368146372,1.1657961883424544,1.894568373578546,0.158184190026306,0.2570696032640858
2026-06-17 09:00:00,SHORT,1.3727756584571793,1.3754459802745587,1.369571272276324,1.5,1.8,WIN,TP,5,-0.3594612717676171,True,-0.3931110623876745,0.0017802145449195958,0.9543545072845004,2.129970909223051,0.12376062792276246,0.27621448337130233
2026-06-17 10:00:00,SHORT,1.371784266221117,1.3743077107472343,1.3687561327897761,1.5,1.8,WIN,SL,2,-0.8453893900597984,True,-0.7198184666894186,0.001682296350744921,1.599211702354592,0.17676858958048067,0.1961203432046105,0.02167812829613219
2026-06-17 12:00:00,LONG,1.3738248263054613,1.3714256311599318,1.3767038604800967,1.5,1.8,WIN,SL,2,0.30483004092531374,True,0.5241602331790262,0.0015994634303530145,3.0266231470312936,0.0,0.35237192897110664,0.0
2026-06-17 14:00:00,SHORT,1.3697625368804835,1.3724024448771943,1.3665946472844306,1.5,1.8,WIN,SL,8,-0.6132932486846181,True,-1.0,0.0017599386644738654,1.668321786294054,1.381664967138799,0.2143542356742963,0.17752314956389806
2026-06-17 15:00:00,SHORT,1.3711122974628345,1.3737595427462743,1.3679356031227068,1.5,1.8,WIN,TP,4,-0.9726936186716536,True,-0.47510884739926545,0.0017648301889598666,0.0,2.142645906117543,0.0,0.2757911358803204
2026-06-17 17:00:00,SHORT,1.3699329469404833,1.3726072354117933,1.3667238007749114,1.5,1.8,WIN,SL,5,-0.09903558673572993,True,-1.0,0.0017828589808733014,1.5512914852797437,1.459484841443686,0.2018882721712825,0.18994036626592414
2026-06-17 18:00:00,SHORT,1.3682925463779856,1.3708534852292855,1.3652194197564258,1.5,1.8,WIN,SL,3,-0.46773742875197105,True,-1.0,0.0017072925675332615,1.5875140607631035,0.5632632114764278,0.1980827100147536,0.0702813953831893
2026-06-17 19:00:00,SHORT,1.3677264090481382,1.3702483925709807,1.3647000288207272,1.5,1.8,WIN,SL,2,-0.3337280041046762,True,-0.8591333858473962,0.0016813223485616646,1.9487567565170933,0.0,0.23955728755160804,0.0
2026-06-17 20:00:00,SHORT,1.369831485696139,1.3724731407272728,1.3666614996587785,1.5,1.8,WIN,SL,2,-0.6258520996488072,True,-0.4910981331422181,0.0017611033540891885,1.628067537416234,0.00031597548923747456,0.2093100670240738,4.0622916009504385e-05
2026-06-17 23:00:00,LONG,1.3695972664710774,1.3667429093453276,1.3730224950219772,1.5,1.8,WIN,SL,2,0.16437078994674348,True,0.4253824313576415,0.0019029047504998595,3.4474055907788586,0.0,0.478979086494212,0.0
2026-06-18 01:00:00,SHORT,1.3642156278398856,1.3675786703768054,1.360179976795582,1.5,1.8,WIN,SL,25,-0.6149643886107036,True,-1.0,0.002242028357946465,2.3418273531806926,1.0106357451262211,0.3848690212968338,0.16609353784600417
2026-06-18 02:00:00,SHORT,1.3635800705995165,1.3667128004888167,1.3598207947323562,1.5,1.8,LOSS,SL,13,-0.39569125094671487,True,-1.0,0.002088486592866788,1.6332124130812185,0.780621127914614,0.25014608980931147,0.11956149806746812
2026-06-18 03:00:00,SHORT,1.3643526060115791,1.3673813319203947,1.3607181349210007,1.5,1.8,WIN,SL,23,-0.2063498315319302,True,-1.0,0.0020191506058769688,2.532483287115355,1.1900311768855307,0.37479058866611414,0.1761166549785964
2026-06-18 04:00:00,SHORT,1.3654724946274286,1.3683681549528708,1.3619977022368979,1.5,1.8,WIN,TP,7,-0.9872302033934115,True,-1.0,0.0019304402169615217,0.0,1.8248380637319466,0.0,0.25798694602277783
2026-06-18 10:00:00,SHORT,1.3628982021332485,1.365577831893509,1.359682646420936,1.5,1.8,LOSS,SL,5,-0.36977205152383963,True,-0.9151280350015666,0.0017864198401736284,2.2910687634850087,0.5309212717868691,0.30030200992895095,0.06959054550117821
2026-06-18 13:00:00,SHORT,1.3626678809705255,1.365053254773852,1.3598054324065336,1.5,1.8,WIN,SL,2,-0.021334641975749025,True,-0.3197560070687371,0.001590249202217667,2.7185247764853044,0.17848510151355937,0.3172549905510121,0.020829418103516337
2026-06-18 16:00:00,LONG,1.3659417577450244,1.3636257132657184,1.3687210111201917,1.5,1.8,WIN,TP,10,0.6313890037922473,True,1.0,0.001544029652870736,1.3413926942909906,2.282542581714338,0.15162799470664354,0.25801344823993105
2026-06-18 17:00:00,LONG,1.366163774859729,1.363864283836191,1.3689231640879749,1.5,1.8,WIN,TP,9,0.7173814935330064,True,1.0,0.0015329940156921002,1.4958748614546111,2.154148210364322,0.16785448809529585,0.24172038346876945
2026-06-18 19:00:00,LONG,1.365292800545872,1.3630926187337908,1.3679330187203693,1.5,1.8,WIN,TP,7,0.5048611385360954,True,0.8406302254622405,0.001466787874720781,0.9695968459296286,2.845176661999511,0.10416761125587645,0.30566854432916296
2026-06-18 22:00:00,SHORT,1.364692220826855,1.3668464644890574,1.3621071284322122,1.5,1.8,WIN,SL,2,-0.3931585002959471,True,-0.7293174227454438,0.0014361624414682853,1.5942587312529122,0.4378244595442933,0.167775156688521,0.0460753740043076
2026-06-18 23:00:00,SHORT,1.3651003651694102,1.3672900981366578,1.3624726856087133,1.5,1.8,WIN,SL,3,-0.43520207240454084,True,-0.3026072433069058,0.001459821978165045,2.9905742419419794,0.0,0.3198084270660482,0.0
2026-06-19 02:00:00,LONG,1.3681774060023115,1.365823437289563,1.3710021684576097,1.5,1.8,WIN,SL,6,0.3891362423226975,True,0.6162942082324453,0.001569312475165674,1.8034151445116604,0.1452060204212307,0.2068534293702606,0.01665526841157425
2026-06-19 03:00:00,LONG,1.3667291021088976,1.3643354714611515,1.369601458886193,1.5,1.8,LOSS,SL,6,0.8789712299857083,True,0.9695138858809577,0.0015957537651640605,1.5151948337464811,1.0503985948970973,0.17690981023066188,0.12264153226441854
2026-06-19 04:00:00,LONG,1.3680805375223255,1.3656790714392018,1.370962296822074,1.5,1.8,WIN,SL,4,0.22499165168504565,True,1.0,0.001600977388749203,1.7072404791014841,0.20283990366405716,0.1997874634741106,0.02373706009226249
2026-06-19 05:00:00,LONG,1.3676390290325775,1.3654673187648754,1.37024508135382,1.5,1.8,WIN,SL,3,0.3420986083782506,True,0.6793676679728048,0.0014478068451346962,1.5829079149281278,0.0,0.16756942919886816,0.0
2026-06-19 09:00:00,SHORT,1.3649764136239477,1.3672439706720658,1.362255345166206,1.5,1.8,WIN,TP,7,-0.3629672347789161,True,-1.0,0.0015117046987453658,0.636294377265479,2.6968221659405947,0.0704692909193728,0.29867173522136875
2026-06-19 10:00:00,SHORT,1.365056508471007,1.367461802755848,1.3621701553291976,1.5,1.8,WIN,TP,6,-0.40592219701333815,True,-1.0,0.001603529523227414,0.5499083989819677,2.59233991440686,0.06459764466644673,0.30452172208228534
2026-06-19 11:00:00,SHORT,1.364695925268408,1.3672506965351754,1.3616301997482874,1.5,1.8,LOSS,TP,5,-0.18968592890693342,True,-0.693824258172743,0.001703180844511503,0.7294454722413426,2.2289531946223056,0.09103695060808153,0.27817994573749266
2026-06-19 12:00:00,SHORT,1.3632257975215178,1.365784596662004,1.3601552385529345,1.5,1.8,WIN,SL,2,-0.3709221117252602,True,-1.0,0.0017058660936574471,1.5901044709269287,0.0,0.19897696384993374,0.0
2026-06-19 13:00:00,SHORT,1.3642421272648728,1.3667920891756773,1.3611821729719074,1.5,1.8,WIN,TP,3,-0.7737301191085397,True,-0.4519721148259696,0.001699974607202995,0.9977652323661144,1.9662131226522557,0.12433097652342702,0.24500873518394006
2026-06-19 15:00:00,SHORT,1.3640127915344111,1.3667038354868726,1.3607835387914573,1.5,1.8,WIN,TP,5,-0.5957527907454533,True,-0.3128838664077198,0.0017940293016409806,0.0,1.9963693062155603,0.0,0.26257415285808455
2026-06-19 17:00:00,SHORT,1.3620171693564171,1.364666568416899,1.358837890483839,1.5,1.8,WIN,TP,4,-0.15018104898426968,True,-0.6711713169818903,0.0017662660403212627,0.3919788152655605,2.44091260422195,0.05083187536145865,0.31653793632179755
2026-06-19 18:00:00,SHORT,1.3620235916599082,1.3645829224995532,1.3589523946523343,1.5,1.8,WIN,TP,3,-0.4457662945596585,True,-1.0,0.0017062205597633115,0.0,2.5305774912941734,0.0,0.31700797035815953
2026-06-19 19:00:00,SHORT,1.3610836359562304,1.3636170050700736,1.3580435930196184,1.5,1.8,WIN,TP,2,-0.5916454928229925,True,-1.0,0.0016889127425621573,0.09990695842381869,1.999965750106414,0.012397043847645024,0.2481675299600199
2026-06-19 21:00:00,SHORT,1.3585311145196706,1.3611501814030829,1.355388234259576,1.5,1.8,WIN,TP,23,-0.31865313194767214,True,-1.0,0.001746044588941485,1.1787081860829591,2.204224213583537,0.15149281663518233,0.28329669595400414
2026-06-19 22:00:00,SHORT,1.3575847057841182,1.3602681434288333,1.35436458061046,1.5,1.8,WIN,SL,16,-0.4946935805244802,True,-1.0,0.0017889584298100994,1.679460928626788,1.0106200366688818,0.2213111103125053,0.1331745434543285
2026-06-19 23:00:00,SHORT,1.3574925973248047,1.360280947522072,1.3541465770880836,1.5,1.8,WIN,SL,15,-0.6605788113531019,True,-1.0,0.0018589001315116554,1.6658206606284731,0.9230451628538809,0.22811131723440148,0.1263983890594822
2026-06-20 00:00:00,SHORT,1.3575681114308153,1.3602199504940446,1.35438590455494,1.5,1.8,WIN,SL,14,-0.6965444806241257,True,-1.0,0.0017678927088195914,1.7088594370206747,1.0132757896982645,0.22253617433031192,0.13195381252311236
2026-06-20 01:00:00,SHORT,1.3574795927391696,1.3600354078613897,1.3544126145925055,1.5,1.8,WIN,SL,13,-0.4848167458483357,True,-1.0,0.0017038767481467123,1.8250139478306755,0.9993939942178433,0.22907149745636088,0.12544160502252522
2026-06-20 03:00:00,SHORT,1.3561028469857916,1.3586951163766032,1.3529921237168179,1.5,1.8,WIN,SL,4,-0.09887180243876775,True,-0.6055342336443831,0.0017281795938743746,1.525758155095145,0.0,0.1944383580259875,0.0
2026-06-20 06:00:00,LONG,1.358377614266957,1.3560076427777978,1.3612215800539482,1.5,1.8,WIN,SL,4,0.5116372271663402,True,0.4337220255459085,0.0015799809927728367,1.6461373451133605,0.914896022625903,0.191468534924009,0.1064150580022965
2026-06-20 08:00:00,LONG,1.3587104261694083,1.3561433322553123,1.3617909388663236,1.5,1.8,WIN,SL,2,0.6740906689564932,True,1.0,0.001711395942730747,1.7142015742674175,0.44800240390561635,0.21591632497402632,0.056429205341366646
2026-06-20 09:00:00,LONG,1.3581601197189792,1.3554787383098386,1.361377777409948,1.5,1.8,WIN,SL,11,0.35014630546456704,True,0.3220742652130554,0.0017875876060937815,1.945459315333565,1.3588547171965053,0.25605809725657025,0.17885018236621097
2026-06-20 14:00:00,LONG,1.3592935277303406,1.3564130017138343,1.3627501589501483,1.5,1.8,WIN,SL,5,0.42059425025801533,True,0.4070143938843363,0.0019203506776709187,1.614103942263518,0.0979181217698866,0.22803357303794666,0.01383344565842503
2026-06-20 18:00:00,SHORT,1.3573744393047316,1.3600779113781898,1.3541302728165816,1.5,1.8,WIN,TP,3,-0.13664191323873953,True,-0.31063530213860086,0.001802314715638853,0.03223782523779332,2.0862979759172045,0.0042805216559131335,0.277017559364765
2026-06-20 19:00:00,SHORT,1.357386284496823,1.3601507557616466,1.3540689189790347,1.5,1.8,WIN,TP,2,-0.21052301323832615,True,-0.8344276282794941,0.0018429808432157532,0.0,2.0466901482887305,0.0,0.27788778908229556
2026-06-20 20:00:00,SHORT,1.3548115106937322,1.3576859268508994,1.3513622113051313,1.5,1.8,WIN,SL,7,-0.47229003156644483,True,-1.0,0.001916277438111545,1.5570891201562969,0.624772232033167,0.22023836722176973,0.08836926190497918
2026-06-20 21:00:00,SHORT,1.3543653392665258,1.3571980516096132,1.350966084454821,1.5,1.8,LOSS,SL,2,-0.1311854618590565,True,-1.0,0.0018884748953915359,1.732972547185587,0.0,0.24163902123595873,0.0
2026-06-20 22:00:00,SHORT,1.3561252561337644,1.3589187376127514,1.35277307835898,1.5,1.8,WIN,TP,17,-0.3617555007307875,True,-0.7919313345282214,0.0018623209859913409,1.4876568652178535,1.989131364191909,0.20429488998293727,0.2731606882677794
2026-06-21 00:00:00,SHORT,1.3561141414377855,1.3586329655714184,1.3530915524774259,1.5,1.8,WIN,SL,6,-0.4921864247910829,True,-0.3963557032549391,0.0016792160890886723,1.5278979916174926,0.29189041385193953,0.1891928423731483,0.036143497380778135
2026-06-21 01:00:00,LONG,1.357190224064736,1.3546983973620597,1.3601804161079476,1.5,1.8,WIN,SL,13,0.1551498254105313,True,0.38688369250842936,0.0016612178017841714,2.1167574964692837,1.0266725213551111,0.2590937639281981,0.12566600015506738
2026-06-21 02:00:00,LONG,1.3565518378425314,1.3540224614184493,1.35958708955143,1.5,1.8,WIN,SL,12,0.12381376026216079,True,0.6036672616735445,0.0016862509493880446,1.7067501216439613,1.390014275237595,0.21215621347485653,0.17278461654735605
2026-06-21 03:00:00,LONG,1.3574138905013384,1.3550331145422405,1.3602708216522559,1.5,1.8,WIN,SL,11,0.4195969849357932,True,0.6060123314342273,0.001587183972731879,2.3564134568218105,0.9336411266330542,0.27552846614940496,0.10916789955111021
2026-06-21 06:00:00,LONG,1.3577711189218062,1.3553772484485622,1.360643763489699,1.5,1.8,WIN,SL,7,0.11555307476098364,True,0.6539659674721153,0.00159591364882932,1.6354572259319335,0.704694651137595,0.19223037466093149,0.08282926307200905
2026-06-21 07:00:00,LONG,1.3568587307223239,1.3545934828240185,1.3595770282002901,1.5,1.8,WIN,SL,7,0.07960569859657607,True,0.4356527073502784,0.00151016526553687,2.1089757296533427,1.348872244631912,0.23472612296840006,0.15012764154197963
2026-06-21 08:00:00,LONG,1.3584554156130861,1.3560405322448374,1.3613532756549847,1.5,1.8,WIN,SL,5,0.2600593845597831,True,0.5262850074695726,0.0016099222454991466,2.046275967321523,0.034130123692582635,0.24250668533971942,0.0040448029977876105
2026-06-21 13:00:00,SHORT,1.3555741609305654,1.3578343444220693,1.3528619407407607,1.5,1.8,WIN,TP,2,-0.5579426830424213,True,-1.0,0.00150678899433592,0.0,2.092732222018152,0.0,0.23261773284793558
2026-06-21 14:00:00,SHORT,1.354130541430874,1.3565363644920319,1.3512435537574845,1.5,1.8,WIN,TP,2,-0.5914934475036508,True,-0.9566886382925732,0.0016038820407719661,0.0,1.8039941539154123,0.0,0.21367170568837293
2026-06-21 15:00:00,SHORT,1.3528039222270036,1.3552532647230713,1.3498647112317226,1.5,1.8,WIN,SL,14,-0.337388639041738,True,-1.0,0.001632894997378398,1.726242460042855,1.5705209970165586,0.2083652058478553,0.18956892696499322
2026-06-21 16:00:00,SHORT,1.3513851738134224,1.35383488707337,1.3484455179014851,1.5,1.8,WIN,SL,4,-0.7016055137155788,True,-1.0,0.0016331421732985105,1.6530345867281504,0.33003073846845504,0.19976839688782463,0.03988404845057888
2026-06-21 17:00:00,SHORT,1.3518371248191914,1.354284062090311,1.3489008000938478,1.5,1.8,WIN,SL,12,-0.029145569212410183,True,-1.0,0.00163129151407975,2.3205969334144023,0.9794070880060479,0.2800315227017253,0.11818720185743659
2026-06-21 18:00:00,SHORT,1.3530865366383849,1.3555876031205576,1.3500852568597776,1.5,1.8,WIN,SL,11,-0.21337559957742608,True,-0.9356489230931126,0.001667377654781786,1.5210460921145363,1.7075377509841358,0.18743503813036086,0.2104159795840308
2026-06-21 19:00:00,SHORT,1.3526452846988286,1.3549746765435695,1.3498500144851395,1.5,1.8,LOSS,SL,10,-0.7731737806576109,True,-0.6389711423243135,0.0015529278964938767,1.9172881188904045,1.5492402168593138,0.22011759025974859,0.17786321205908207
2026-06-21 22:00:00,SHORT,1.350560386272565,1.3528574641061024,1.3478038928723202,1.5,1.8,LOSS,SL,3,-0.5032566507045596,True,-0.5879341581693988,0.0015313852223582947,1.8077234664500472,0.0,0.20497572939128253,0.0
2026-06-22 02:00:00,LONG,1.3527078962492327,1.350263801997802,1.3556408093509498,1.5,1.8,WIN,TP,9,0.5112635424030155,True,0.3487391207562957,0.0016293961676205576,0.4204595458795072,1.8374345263849208,0.05064620193281714,0.22132707170903249
2026-06-22 03:00:00,LONG,1.352543090888628,1.3501433120497603,1.3554228254952692,1.5,1.8,WIN,TP,2,0.09874325200027917,True,0.7434862655687298,0.0015998525592450439,0.0,1.924929892974023,0.0,0.22768990033570488
2026-06-22 05:00:00,LONG,1.3541558996124108,1.3517740289052351,1.3570141444610218,1.5,1.8,WIN,TP,9,0.868558794932188,True,1.0,0.0015879138047838154,0.8635923540106029,2.0198782413195486,0.10126679070199282,0.23685548645409232
2026-06-22 06:00:00,LONG,1.354241155291411,1.3518254750609846,1.3571399715679229,1.5,1.8,WIN,TP,8,0.39381612503687236,True,0.5243912260392593,0.0016104534869509754,0.9044445626288583,1.9386693808118047,0.10755587318759818,0.23054511762357607
2026-06-22 07:00:00,LONG,1.353772840346812,1.351334652858824,1.3566986653323976,1.5,1.8,WIN,TP,7,0.3805888097165846,True,0.45843905423248993,0.0016254583253253621,0.607982954495298,2.2088857973359444,0.07299976226344747,0.2652181888988741
2026-06-22 12:00:00,LONG,1.354587831481186,1.3523029564807145,1.357329681481752,1.5,1.8,WIN,TP,2,0.18171983658759236,True,0.4339133075778405,0.0015232500003143276,0.0,1.8220651068608007,0.0,0.20489337125991955
2026-06-22 13:00:00,LONG,1.3560478912055707,1.3537360003840162,1.358822160191436,1.5,1.8,WIN,SL,4,0.5662779986342492,True,1.0,0.0015412605477030145,3.3988251245791568,1.3157975874079273,0.38630457722245065,0.14955127495030435
2026-06-22 14:00:00,LONG,1.3567136678013214,1.3543952235940333,1.359495800850067,1.5,1.8,WIN,SL,2,0.9525516590036901,True,1.0,0.0015456294715254146,1.714273635276321,0.8813304479368651,0.19529779317665916,0.10040514419608525
2026-06-22 15:00:00,LONG,1.3566071132701534,1.3542577482151705,1.3594263513361329,1.5,1.8,WIN,SL,1,0.6932114437042786,True,0.9522099511770153,0.0015662433699885942,1.6236795446371632,0.0,0.18745864568289572,0.0
2026-06-22 17:00:00,SHORT,1.351131853271861,1.3537794674182784,1.3479547162961603,1.5,1.8,WIN,TP,18,-0.9210463583360156,True,-1.0,0.0017650760976114985,1.1618055188056395,2.189919262459769,0.15177461373226503,0.28608415503686513
2026-06-22 18:00:00,SHORT,1.3516304428477652,1.3542003613144016,1.3485465406878014,1.5,1.8,WIN,TP,17,-0.32358387145166445,True,-1.0,0.0017132789777576374,0.9059152628161844,2.5471413461703487,0.11483061687650711,0.3228666345052471
2026-06-22 19:00:00,SHORT,1.352488516076088,1.3550050133865517,1.3494687193035315,1.5,1.8,WIN,TP,12,-0.7771904031902686,True,-1.0,0.0016776648736424355,0.4136775812580468,2.0297570791834105,0.051313733080965096,0.25177678873404225
2026-06-22 20:00:00,SHORT,1.351207610310606,1.3537478949092632,1.3481592687922175,1.5,1.8,WIN,TP,15,-0.8547130812856296,True,-1.0,0.0016935230657714184,1.1661595596114844,2.3271789231973545,0.14615948707674226,0.291674732627198
2026-06-22 21:00:00,SHORT,1.3511151653535896,1.3535527599541224,1.3481900518329502,1.5,1.8,WIN,TP,14,-0.1052752439377797,True,-1.0,0.0016250630670218305,1.2721740537597626,2.3683303778779217,0.15301161015740666,0.28485256670093384
2026-06-23 05:00:00,SHORT,1.3511512467707179,1.3534421942891095,1.348402109748648,1.5,1.8,WIN,TP,6,-0.1505548623947871,True,-0.3482035695749349,0.0015272983455943809,0.10525839101600631,2.5435551972733417,0.01189807335358608,0.2875153802365388
2026-06-23 06:00:00,SHORT,1.3504268406065163,1.3525724657270668,1.3478520904618556,1.5,1.8,WIN,TP,5,-0.29606440933009126,True,-0.3050776187369919,0.001430416747033655,0.37843105758771717,2.2093991048943264,0.04008466849844366,0.23402685621255878
2026-06-23 08:00:00,SHORT,1.3501001751895967,1.352092613781658,1.3477092488791231,1.5,1.8,WIN,TP,3,-0.419965013350037,True,-0.6086130018771551,0.0013282923947075215,0.09551026791232863,2.1333375655036804,0.00939675179781441,0.2098878376343042
2026-06-23 09:00:00,SHORT,1.3499885368037916,1.351890550759478,1.3477061200569678,1.5,1.8,WIN,TP,2,-0.6354921415248407,True,-0.6302545601255453,0.0012680093037910067,0.0,2.1467174331127525,0.0,0.20163561419877038
2026-06-23 11:00:00,SHORT,1.3479734549522255,1.3499190832509411,1.345638700993767,1.5,1.8,WIN,TP,7,-0.6707185499861319,True,-1.0,0.00129708553247703,0.26956120916211507,3.5633146739574144,0.025938488865389867,0.3428794457541507
2026-06-23 12:00:00,SHORT,1.346454926224954,1.3486153133699332,1.3438624616509793,1.5,1.8,WIN,TP,6,-0.2640709675649814,True,-1.0,0.0014402580966526818,1.2971096473156176,2.1547493405483853,0.13874750913722786,0.23048637748927883
2026-06-23 13:00:00,SHORT,1.3475266067115632,1.3497094190878818,1.3449072318599808,1.5,1.8,WIN,TP,5,-0.27293023916169057,True,-0.9510930419750234,0.001455208250879065,0.059247160254503564,2.869057173135774,0.006398163569764857,0.3098325220293491
2026-06-23 14:00:00,SHORT,1.3470951548528578,1.3492891301453618,1.344462384501853,1.5,1.8,WIN,TP,4,-0.5175686151635163,True,-1.0,0.0014626501950026746,0.3539252357929456,2.5594799253273863,0.038428526246571205,0.27790344270776074
2026-06-23 15:00:00,SHORT,1.3466691579696661,1.3488249399337033,1.3440822196128215,1.5,1.8,WIN,TP,3,-0.7918990293568089,True,-1.0,0.001437187976024799,0.6566056174159829,2.3084154501975984,0.07007405588491589,0.24635797954233626
2026-06-23 18:00:00,SHORT,1.3441541261019074,1.3464268819842455,1.3414268190431018,1.5,1.8,WIN,TP,4,-0.507115328761071,True,-1.0,0.001515170588225415,0.40123481564472263,1.8721054165483304,0.045228384143712344,0.21102930163504663
2026-06-23 19:00:00,SHORT,1.3446821744899078,1.346947091238424,1.3419642743916882,1.5,1.8,LOSS,TP,2,-0.26816556006210257,True,-1.0,0.0015099444990108418,0.0,1.9353279360351312,0.0,0.21731810135036372
2026-06-23 21:00:00,SHORT,1.3428887259296125,1.345222301674282,1.3400884350360092,1.5,1.8,WIN,TP,4,-0.8263547347832865,True,-1.0,0.0015557171631129796,0.0,1.8914739383839583,0.0,0.21912451960513835
2026-06-23 22:00:00,SHORT,1.3413883820943822,1.343776352199248,1.338522817968543,1.5,1.8,WIN,SL,4,-0.5751375811987783,True,-1.0,0.0015919800699106337,1.9296171140485288,0.9059501821372948,0.2290098847678545,0.10751954121166697
2026-06-23 23:00:00,SHORT,1.3419592748684952,1.3444012490238932,1.3390289058820177,1.5,1.8,WIN,SL,3,-0.640510038621044,True,-0.9661334267069198,0.0016279827702653238,1.5362688473681343,1.2365901194884428,0.1863707238251159,0.15001553669389858
2026-06-24 00:00:00,SHORT,1.3425210541942547,1.345039393905579,1.3394990465406655,1.5,1.8,WIN,TP,17,-0.36743407054874644,True,-0.8991117676019857,0.001678893140882828,1.1550704693637903,1.9287596451019984,0.1444476332190601,0.24120153113850515
2026-06-24 01:00:00,SHORT,1.341576562421236,1.3441299085011147,1.3385125471253814,1.5,1.8,WIN,SL,1,-0.7302408997932885,True,-0.5473967738000851,0.0017022307199192146,1.6940897773286816,0.0,0.2149509571086658,0.0
2026-06-24 02:00:00,LONG,1.3434210077035833,1.3408140865316405,1.3465493131099147,1.5,1.8,WIN,SL,5,0.06572169141651879,True,0.6886409891080175,0.0017379474479618517,2.0355042238679113,0.3871351144238276,0.26332767992320644,0.050082623412255285
2026-06-24 07:00:00,SHORT,1.3406393921009323,1.3433934390210405,1.3373345357968025,1.5,1.8,WIN,TP,11,-0.39571985692021006,True,-1.0,0.0018360312800721637,1.2717375292397977,2.421986962378915,0.17416688615025908,0.3316957452582345
2026-06-24 08:00:00,SHORT,1.3402312327611547,1.3426608511641025,1.3373156906776174,1.5,1.8,WIN,SL,2,-0.4805012379200581,True,-1.0,0.0016197456019651582,1.6935432454179438,0.24916711174490871,0.20467432458294083,0.03011326131922051
2026-06-24 09:00:00,SHORT,1.3404768926652777,1.3429121068976972,1.3375546355863743,1.5,1.8,WIN,SL,1,-0.09593419879145465,True,-1.0,0.0016234761549463223,1.538334463226617,0.0,0.18631050882308536,0.0
2026-06-24 15:00:00,SHORT,1.341178187443063,1.3437223431950007,1.3381252005407378,1.5,1.8,WIN,TP,3,-0.4983411941476297,True,-0.6360286486704242,0.0016961038346251511,0.9275249569434639,2.9394657704357208,0.11729825692897526,0.3717357776665344
2026-06-24 17:00:00,SHORT,1.339864211958799,1.3424619631157895,1.3367469105704102,1.5,1.8,WIN,TP,1,-0.2174637143547592,True,-0.6417587972196707,0.0017318341046604266,0.0,2.120101267691098,0.0,0.27403252120254057
2026-06-24 18:00:00,SHORT,1.3363916103222337,1.3393288831197885,1.332866882965168,1.5,1.8,WIN,TP,4,-0.511027524513411,True,-1.0,0.00195818186503649,0.8140984977699492,3.2113326489316285,0.11928785712012802,0.4705487004831796
2026-06-24 19:00:00,SHORT,1.3359590622344055,1.3388560542857588,1.3324826717727816,1.5,1.8,WIN,TP,3,-0.6095208397603067,True,-1.0,0.0019313280342355688,1.0493820659093607,3.032020021511808,0.1517038253496411,0.4383237056766813
2026-06-24 20:00:00,SHORT,1.3370556545077679,1.3399345296593357,1.3336010043258866,1.5,1.8,WIN,TP,2,-0.7735030255690247,True,-1.0,0.0019192501010451796,0.0,3.6224656377433564,0.0,0.5199796671015264
2026-06-24 21:00:00,SHORT,1.335002321307396,1.3379566072637792,1.3314571781597362,1.5,1.8,WIN,TP,1,-0.38026195761343684,True,-1.0,0.0019695239709221412,0.0,2.4874459073509168,0.0,0.3669719717117817
2026-06-24 22:00:00,SHORT,1.3317704363684826,1.3351728972181311,1.3276874833489043,1.5,1.8,LOSS,TP,6,-0.6493298261101523,True,-1.0,0.002268307233099089,0.5437003472211935,1.84483277393614,0.09260450574374275,0.31421688083033616
2026-06-24 23:00:00,SHORT,1.3320939887289127,1.3354691978717923,1.3280437377574572,1.5,1.8,WIN,TP,5,-0.39386104760240326,True,-1.0,0.0022501394285863808,0.4042980884885467,2.0035202388502444,0.06829300916508513,0.3384295645466784
2026-06-25 00:00:00,SHORT,1.331773202502518,1.3350713297184333,1.3278154498434196,1.5,1.8,WIN,TP,4,-1.0,True,-1.0,0.002198751477276931,0.0,1.904450640414775,0.0,0.31442393127782337
2026-06-25 01:00:00,SHORT,1.3309233791196928,1.3342408602928022,1.3269424017119615,1.5,1.8,WIN,TP,4,-0.3990736511090317,True,-1.0,0.0022116541154062635,0.0,1.9004075966667133,0.0,0.3157991172186986
2026-06-25 02:00:00,SHORT,1.329198912756007,1.3326335340690345,1.3250773671803742,1.5,1.8,WIN,TP,5,-0.2759279291611284,True,-1.0,0.0022897475420182883,0.0,2.3386883456403535,0.0,0.402874681854318
2026-06-25 03:00:00,SHORT,1.328450730406656,1.3317750666729382,1.3244615268871174,1.5,1.8,WIN,TP,4,-0.3141407421908756,True,-1.0,0.002216224177521447,0.18143098428143614,2.0786812039826192,0.030267718983672573,0.3467816634957522
2026-06-25 04:00:00,SHORT,1.328760066363765,1.3320357611530231,1.3248292326166555,1.5,1.8,WIN,TP,3,-0.5590161276052084,True,-1.0,0.002183796526171955,0.0,2.251198515894929,0.0,0.3699809787472154
2026-06-25 05:00:00,SHORT,1.3273732934773645,1.3306032817714786,1.3234973075244276,1.5,1.8,WIN,TP,3,-0.22540450537268686,True,-1.0,0.002153325529409373,0.3665780274400632,1.9951989361577618,0.05946796043630649,0.32367027622077094
2026-06-25 06:00:00,SHORT,1.3274204826945435,1.3305952007345263,1.323610821046564,1.5,1.8,WIN,TP,2,-0.8818876648867542,True,-1.0,0.002116478693321877,0.0,2.05223045068345,0.0,0.32721372611645694
2026-06-25 07:00:00,SHORT,1.3245271733583797,1.327772622402204,1.3206326345057906,1.5,1.8,WIN,TP,4,-0.5267618195619591,True,-1.0,0.00216363269588287,0.0,2.03244810832401,0.0,0.33200309274933126
2026-06-25 08:00:00,SHORT,1.323201596864938,1.3262090311593808,1.3195926757116065,1.5,1.8,WIN,TP,5,-0.5580187403482098,True,-1.0,0.0020049561962952123,0.0,2.4127891088220976,0.0,0.3655933068360894
2026-06-25 09:00:00,SHORT,1.3222684868135763,1.3252136499109597,1.3187342910967164,1.5,1.8,WIN,TP,4,-0.18908009328767394,True,-1.0,0.0019634420649222084,0.19762437333368635,1.988562072942809,0.029345326726519586,0.2952824227198944
2026-06-25 10:00:00,SHORT,1.3215680036685296,1.3244627576711134,1.318094298865429,1.5,1.8,WIN,TP,10,-1.0,True,-1.0,0.001929836001722553,0.6591673061320679,3.369323238878617,0.09625572009922807,0.49200958783648474
2026-06-25 11:00:00,SHORT,1.3213941451164275,1.3241763624681553,1.3180554842943542,1.5,1.8,WIN,TP,9,-0.8174389153781899,True,-1.0,0.0018548115678185104,0.77956347465247,3.4118736617376726,0.1094255908411636,0.47891711637399026
2026-06-25 13:00:00,SHORT,1.3192926854976719,1.3219656628148968,1.3160851127170021,1.5,1.8,WIN,SL,3,-1.0,True,-1.0,0.0017819848781499084,1.9907031832238704,0.18842131024717362,0.2688867306235121,0.02545029842676622
2026-06-25 14:00:00,SHORT,1.3194215155668372,1.3219837625461326,1.3163468191916827,1.5,1.8,WIN,SL,2,-0.25567280849374985,True,-1.0,0.001708164652863545,2.001313453298348,0.07436331668657359,0.25909634335134063,0.009627309205969077
2026-06-25 15:00:00,SHORT,1.3194652449187838,1.32197202362786,1.3164571104678924,1.5,1.8,WIN,SL,1,-0.6294530691505739,True,-0.8387098404848624,0.0016711858060507615,2.019430476287431,0.0,0.2557735841299566,0.0
2026-06-25 18:00:00,LONG,1.3210412332647288,1.318353530655473,1.3242664763958356,1.5,1.8,WIN,SL,2,0.38969063844278384,True,0.6034571542382695,0.0017918017395037891,3.334895123878171,0.0,0.45233038406077997,0.0
2026-06-25 20:00:00,SHORT,1.3162302550147487,1.3193083528882619,1.312536537566533,1.5,1.8,WIN,TP,22,-0.6477047542360405,True,-1.0,0.0020520652490087577,1.2252770978236738,2.075979248045323,0.19102649732224028,0.3236549878979499
2026-06-25 21:00:00,SHORT,1.3169635614016466,1.3197666202803469,1.3135998907472064,1.5,1.8,WIN,TP,14,-0.6080528767528722,True,-1.0,0.0018687059191335096,0.9530885238369449,2.123947402948096,0.1352385303703279,0.301377593135007
2026-06-25 22:00:00,SHORT,1.3167625557855247,1.3194470323050134,1.3135411839621383,1.5,1.8,WIN,TP,13,-0.26394732534568244,True,-1.0,0.0017896510129924753,1.1075051882657523,2.1054537674330853,0.1505243123268963,0.28615846123051386
2026-06-25 23:00:00,SHORT,1.317690794197594,1.3204089750781758,1.3144289771408957,1.5,1.8,WIN,TP,12,-0.6318291380846994,True,-1.0,0.001812120587054584,0.5815337994243787,2.5915857439697105,0.07997394947626568,0.3564012058401355
2026-06-26 00:00:00,SHORT,1.3155131336560826,1.318320197418448,1.312144657141244,1.5,1.8,LOSS,SL,2,-0.3207960856885992,True,-1.0,0.0018713758415769435,1.683411924006772,0.0,0.23947282056040828,0.0
2026-06-26 02:00:00,LONG,1.3185667438654984,1.3156956482151654,1.322012058645898,1.5,1.8,WIN,SL,8,0.5346124324466694,True,0.5482227283209058,0.0019140637668886612,1.8739043947622822,0.09292255836889116,0.27202054968510436,0.01348886606824918
2026-06-26 04:00:00,LONG,1.3182194331772836,1.3155462273263103,1.3214272801984515,1.5,1.8,WIN,SL,6,0.06743433679038498,True,0.33969713981048305,0.001782137233982176,1.81773982084115,0.23601351840874915,0.2457452632605392,0.031907318940488046
2026-06-26 05:00:00,LONG,1.3183424335378948,1.315642764383146,1.3215820365235933,1.5,1.8,WIN,SL,5,0.5557974799016411,True,0.9424954693703891,0.0017997794364991318,1.868263470975554,0.0,0.2550522604359183,0.0
2026-06-26 08:00:00,SHORT,1.3162889384775864,1.3188656933952014,1.3131968325764485,1.5,1.8,WIN,TP,3,-0.2340848199689784,True,-0.6452120864995128,0.0017178366117432794,0.7959634714536482,1.9177668802936816,0.10387804325506275,0.2502801674811213
2026-06-26 09:00:00,SHORT,1.317114423855405,1.319553085646725,1.3141880297058206,1.5,1.8,WIN,TP,2,-0.4310836305634914,True,-0.5462263886964411,0.0016257745275467686,0.0,2.534112490858372,0.0,0.3127970860357023
2026-06-26 10:00:00,SHORT,1.3153472328841087,1.317576956812137,1.3126715641704747,1.5,1.8,LOSS,SL,4,-0.5580316641367592,True,-1.0,0.001486482618685511,1.5294094027878171,1.5827326446372685,0.17283956945067627,0.17886566432505968
2026-06-26 11:00:00,SHORT,1.313963380757289,1.3163370146162123,1.311115020126581,1.5,1.8,WIN,SL,3,-0.8543104184020565,True,-1.0,0.0015824225726154908,2.311198465068053,0.408995222423901,0.2783405286995228,0.04925580739415017
2026-06-26 12:00:00,SHORT,1.3151553779699376,1.3176638284673943,1.3121452373729896,1.5,1.8,WIN,TP,6,-0.6433525360721964,True,-1.0,0.001672300331637804,1.4741941753099457,1.9046625582180314,0.18745278691516662,0.24218946910156877
2026-06-26 13:00:00,SHORT,1.3143962023268554,1.3169531581636547,1.3113278553226961,1.5,1.8,WIN,SL,1,-0.9140225134492288,True,-0.9120378652389683,0.001704637224532893,1.8915878434105942,0.0,0.24531956541287664,0.0
2026-06-26 14:00:00,SHORT,1.316125753039367,1.3187725675944149,1.3129495755733098,1.5,1.8,WIN,TP,2,-0.21476881205770448,True,-0.4994356415310236,0.0017645430366985324,0.0,1.995169097416133,0.0,0.26749432793573097
2026-06-26 18:00:00,SHORT,1.3127634831485013,1.3156821802094123,1.3092610466754082,1.5,1.8,WIN,SL,8,-0.31546918766973264,True,-0.4836914855113608,0.00194579804060727,1.5205820272584647,0.9746504426349202,0.22538298537417908,0.14446417392778016
2026-06-26 19:00:00,SHORT,1.3137915993513645,1.3167320053943374,1.3102631120997967,1.5,1.8,WIN,TP,25,-0.3204733949376752,True,-0.8128785563231224,0.0019602706953153787,1.1862629173948742,1.8972791778615228,0.17699888133373493,0.28308757454608513
2026-06-26 20:00:00,SHORT,1.313893545588984,1.3166484171104673,1.310587699763204,1.5,1.8,WIN,TP,24,-0.5756075172100921,True,-0.7680351355129068,0.0018365810143221742,1.2106464016288485,2.0805654534242026,0.16922605364442111,0.29082470369398045
2026-06-26 21:00:00,SHORT,1.311962533842427,1.3148759128570806,1.3084664790248426,1.5,1.8,WIN,SL,3,-0.4428551594898896,True,-0.6371015065373992,0.001942252676435758,1.6584774251170755,0.3957364514310912,0.24552394863806407,0.05858552833091355
2026-06-26 22:00:00,SHORT,1.3123076398752573,1.315253773275179,1.3087722797953514,1.5,1.8,WIN,SL,3,-0.37974117525863166,True,-0.9541304330263849,0.001964088933281118,1.5561843085351772,0.0,0.23290913545471756,0.0
2026-06-27 02:00:00,LONG,1.3156621455011908,1.3127610173762594,1.3191434992511084,1.5,1.8,LOSS,SL,9,0.3445921461443443,True,1.0,0.001934085416620958,1.5437758434702258,0.23517590287034895,0.22694233132701924,0.03457196709942105
2026-06-27 03:00:00,LONG,1.3149896887823282,1.3121255272257624,1.3184266826502073,1.5,1.8,WIN,SL,16,0.10035164502863403,True,1.0,0.00190944103771064,2.120771562937865,0.31998078593270546,0.30794828951344044,0.046463059684108916
2026-06-27 08:00:00,SHORT,1.3137319976760315,1.316030037178679,1.3109743502728546,1.5,1.8,WIN,TP,11,-0.43669103210689986,True,-0.6117503806905922,0.001532026335098318,1.219741141144018,1.822290572705743,0.14224176266857805,0.21250887947657768
2026-06-27 10:00:00,LONG,1.3147855079536024,1.3123854167012021,1.3176656174564827,1.5,1.8,LOSS,SL,9,0.0912918098492971,True,0.35196458779628276,0.0016000608349334858,2.4032257656736395,0.0,0.29246652034843745,0.0
2026-06-27 19:00:00,SHORT,1.3118852730855164,1.3141362767386666,1.3091840687017362,1.5,1.8,WIN,TP,5,-0.3231086273671591,True,-1.0,0.0015006691021001003,0.0,3.5463798670214324,0.0,0.40567134946426153
2026-06-27 20:00:00,SHORT,1.310354953429894,1.3126063372978178,1.3076532927883853,1.5,1.8,LOSS,TP,4,-0.3992526464092949,True,-1.0,0.0015009225786158772,0.9877412633165451,2.5261949477920727,0.1131390513739673,0.28935846926069847
2026-06-27 21:00:00,SHORT,1.310744319691541,1.3129759683908442,1.3080663412523772,1.5,1.8,WIN,TP,3,-0.5695812253673859,True,-1.0,0.0014877657995354676,0.7347641024122955,2.8102469475228653,0.08339970548586036,0.31897825029349586
2026-06-27 22:00:00,SHORT,1.3106091538019071,1.3128445832443978,1.3079266384709183,1.5,1.8,WIN,TP,2,-0.4608639724372348,True,-1.0,0.001490286294993751,0.3753277002586642,2.7147960903422415,0.04267830162824824,0.30869793602488205
2026-06-27 23:00:00,SHORT,1.3102123430680956,1.312360554322084,1.3076344895633096,1.5,1.8,WIN,TP,1,-0.5331008325130139,True,-1.0,0.0014321408359922857,0.0,2.5479426196236425,0.0,0.2785054417044618
2026-06-28 00:00:00,SHORT,1.3078537049013605,1.3102714784702494,1.3049523766186941,1.5,1.8,WIN,TP,2,-0.6846041451899215,True,-1.0,0.001611849045925833,0.10764202823264478,2.4036488674242658,0.013266216233366544,0.29623490144035003
2026-06-28 01:00:00,SHORT,1.3062987079627948,1.3087419020731477,1.3033668750303713,1.5,1.8,WIN,TP,3,-0.20597516436264113,True,-1.0,0.0016287960735686471,0.0,2.0708628384584564,0.0,0.2582114825360775
2026-06-28 02:00:00,SHORT,1.3051110298764057,1.3076453938465318,1.3020697931122545,1.5,1.8,LOSS,TP,3,-0.6269221259725994,True,-1.0,0.0016895759800840127,0.2795807479930487,1.8816141278339829,0.036194078931944235,0.24359077207983526
2026-06-28 03:00:00,SHORT,1.3044909190683203,1.307097055717729,1.30136355508903,1.5,1.8,WIN,TP,3,-0.526055043875444,True,-1.0,0.001737424432939148,0.002034136554039846,1.922678887357486,0.0002709224339750561,0.2560776182311009
2026-06-28 04:00:00,SHORT,1.3036938112010652,1.306363875663279,1.3004897338464088,1.5,1.8,WIN,TP,19,-0.9245375298972518,True,-1.0,0.001780042974809112,1.1519604642924373,1.8323724289297771,0.15728686552807042,0.2501892423916182
2026-06-28 05:00:00,SHORT,1.3019571052373717,1.3046356124004266,1.298742896641706,1.5,1.8,LOSS,SL,3,-0.41778661884655616,True,-1.0,0.0017856714420365152,1.8453397832233989,0.45176028784030264,0.25309363407599395,0.06196021676885802
2026-06-28 06:00:00,SHORT,1.3022508444855196,1.3049699307224276,1.2989879410012302,1.5,1.8,WIN,SL,2,-0.6831744791436383,True,-1.0,0.0018127241579386183,1.6557573254946405,0.25368490824854606,0.2304802731607171,0.03531276356117538
2026-06-28 07:00:00,SHORT,1.3022831229391434,1.3049324616994884,1.2991039164267293,1.5,1.8,WIN,SL,1,-0.6430545977473707,True,-1.0,0.0017662258402300704,1.6810720250800202,0.0,0.22799595554022817,0.0
2026-06-28 09:00:00,SHORT,1.3028399685807308,1.3055584493023826,1.2995777917147486,1.5,1.8,WIN,SL,9,-0.2668894225139558,True,-0.45938097629490243,0.0018123204811012167,1.6025762453951857,0.7264345223961071,0.22292697661247823,0.10105094983780935
2026-06-28 11:00:00,LONG,1.3040875280767696,1.3013830572363632,1.3073328930852575,1.5,1.8,WIN,SL,10,0.6584294552267222,True,0.9074447027054887,0.001802980560270982,1.50808316040227,0.9189351746355708,0.20850169662210372,0.12704839363509499
2026-06-28 12:00:00,LONG,1.3030770611496556,1.3003209891697116,1.3063843475255883,1.5,1.8,LOSS,SL,12,0.19509689424111162,True,0.41339265328976016,0.0018373813199626468,2.0883577472723807,1.4516797107665267,0.2944652798087175,0.20469159212870694
2026-06-28 13:00:00,SHORT,1.3025735698505805,1.3053398548874589,1.2992540278063265,1.5,1.8,WIN,SL,5,-0.3413130936418036,True,-0.40225482656228295,0.001844190024585595,1.7193350142531085,0.5694279976398251,0.24342429138724486,0.0806198941290953
2026-06-28 15:00:00,SHORT,1.302595262781607,1.305017875639134,1.2996881273525749,1.5,1.8,WIN,SL,2,-0.05365496882529927,True,-0.3671499495385807,0.0016150752383512173,1.5007388894868339,0.0,0.1860751600205431,0.0
2026-06-28 17:00:00,LONG,1.3047104573190165,1.3024207555949994,1.307458099387837,1.5,1.8,WIN,SL,3,0.6227043012561477,True,0.4617564803633068,0.0015264678160114484,2.1342353638644957,0.6773107188540765,0.24969843511693846,0.07924310010474052
2026-06-28 18:00:00,LONG,1.3042036091459157,1.301897339061263,1.3069711332474991,1.5,1.8,WIN,SL,2,0.44263973679407015,True,0.593488096190271,0.001537513389768533,1.7892484318761135,0.0,0.21093281772417571,0.0
2026-06-28 19:00:00,LONG,1.3037968304159546,1.3016020072602266,1.3064306182028282,1.5,1.8,WIN,SL,1,0.7627751024541151,True,0.6047567916959561,0.0014632154371519673,1.6020981136131363,0.0,0.17979907888891744,0.0
2026-06-28 21:00:00,SHORT,1.301722914706005,1.3040162017783206,1.2989709702192265,1.5,1.8,WIN,TP,5,-0.10578579747964745,True,-0.8582652516565881,0.0015288580482103306,1.4021178450508882,2.255654345580357,0.16467706973027496,0.26492391439540713
2026-06-28 22:00:00,SHORT,1.3028836576558749,1.305088496831972,1.3002378506445584,1.5,1.8,WIN,TP,2,-0.16094472758387657,True,-0.5995520823466833,0.0014698927840646986,0.0,2.4788923790624215,0.0,0.2796647267041877
2026-06-28 23:00:00,SHORT,1.301200735024085,1.303447602133323,1.2985044944929995,1.5,1.8,WIN,TP,3,-0.6352944236611389,True,-1.0,0.0014979114061586252,0.0,1.9536506673688523,0.0,0.22489962843796324
2026-06-29 00:00:00,SHORT,1.2996558624593773,1.3019968723415032,1.296846650600826,1.5,1.8,WIN,TP,4,-0.44383699445475966,True,-1.0,0.0015606732547506854,0.0,2.081080522100365,0.0,0.2499035941467275
2026-06-29 01:00:00,SHORT,1.299417657066403,1.3016774462454404,1.2967059100515586,1.5,1.8,WIN,TP,3,-0.7501958799376809,True,-1.0,0.0015065261193581345,0.0,1.9977624550796256,0.0,0.23161770216707822
2026-06-29 03:00:00,SHORT,1.2981870115856,1.3004753529648712,1.2954410019304747,1.5,1.8,WIN,TP,2,-0.5302595329116241,True,-1.0,0.0015255609195140415,0.0,2.1320929133561406,0.0,0.2505523161425108
2026-06-29 04:00:00,SHORT,1.2968369889097746,1.29918167395965,1.2940233668499241,1.5,1.8,WIN,TP,2,-0.4921369125444047,True,-1.0,0.0015631233665835647,0.0,1.907216433553697,0.0,0.2298835241371549
2026-06-29 05:00:00,SHORT,1.2949364262692755,1.2973205351417714,1.2920754956222804,1.5,1.8,WIN,TP,4,-0.3830042415099444,True,-1.0,0.0015894059149972964,0.0,2.8162702692757735,0.0,0.34566921845838483
2026-06-29 06:00:00,SHORT,1.2944167123150632,1.2967316354851932,1.291638804510907,1.5,1.8,WIN,TP,3,-0.8260835972950182,True,-1.0,0.001543282113420062,0.0,2.5636807655585683,0.0,0.30565757011352424
2026-06-29 07:00:00,SHORT,1.2940334695494526,1.296289017374356,1.2913268121595687,1.5,1.8,WIN,TP,2,-0.10358866830002739,True,-1.0,0.0015036985499355632,0.0,2.37630069174981,0.0,0.2761319539624559
2026-06-29 08:00:00,SHORT,1.2928212593762063,1.295050248217321,1.2901464727668686,1.5,1.8,WIN,TP,2,-0.8075988652304154,True,-1.0,0.001485992560743126,0.0,2.545167431799343,0.0,0.29254623112590183
2026-06-29 09:00:00,SHORT,1.2908529478373167,1.2932575748615327,1.2879673954082576,1.5,1.8,WIN,TP,6,-0.8754411687084183,True,-1.0,0.0016030846828107054,0.35394934298367264,2.437765152254786,0.04395626714713502,0.3027412210210844
2026-06-29 10:00:00,SHORT,1.2898553186195842,1.2922031142479724,1.2870379638655185,1.5,1.8,WIN,TP,5,-0.5499572038109077,True,-1.0,0.0015651970855920755,0.9998996307666398,1.8593918842085984,0.12133453770888492,0.22563110111074344
2026-06-29 11:00:00,SHORT,1.290679624642709,1.2931247928824057,1.287745422755073,1.5,1.8,WIN,TP,4,-0.8837892493368753,True,-1.0,0.0016301121597977078,0.29706737527937044,2.291020748980296,0.037519236491870986,0.2893530439279589
2026-06-29 12:00:00,SHORT,1.290091729359123,1.2924286698250782,1.2872874007999768,1.5,1.8,WIN,TP,3,-0.03141783914258711,True,-1.0,0.0015579603106368031,0.3618711179159896,2.0197725681403185,0.043700833549173354,0.24391486481653352
2026-06-29 13:00:00,SHORT,1.2896799901229252,1.291930207249748,1.2869797295707377,1.5,1.8,WIN,TP,2,-0.5692109809049165,True,-1.0,0.0015001447512152616,0.650283964055047,1.823148239036421,0.07564047538518849,0.21206704627689468
2026-06-29 14:00:00,SHORT,1.2895265778940952,1.2916983816065783,1.2869204134391155,1.5,1.8,WIN,TP,6,-1.0,True,-0.6421222392754112,0.0014478691416554318,0.0,2.066699652604731,0.0,0.2320472259643601
2026-06-29 15:00:00,SHORT,1.2873215455607592,1.2897285547241455,1.2844331345646958,1.5,1.8,WIN,TP,13,-0.44001544456248737,True,-1.0,0.001604672775590843,1.2536470110303506,1.8966580692978714,0.15626967759053081,0.23642232812014535
2026-06-29 16:00:00,SHORT,1.2877050789983828,1.290162586662161,1.284756069801849,1.5,1.8,LOSS,TP,12,-0.3339482039437879,True,-1.0,0.0016383384425188005,0.9937872108246658,2.0917833074598744,0.12643887313421323,0.2661361721657805
2026-06-29 17:00:00,SHORT,1.287939648009522,1.2902650120473977,1.2851492111640712,1.5,1.8,WIN,TP,11,-0.6127067972099467,True,-0.9725542453857626,0.0015502426919171539,0.8989500723367366,2.361964379036388,0.10820311201632639,0.28430043463827953
2026-06-29 18:00:00,SHORT,1.2876357413593138,1.2898634158748719,1.2849625319406441,1.5,1.8,WIN,TP,10,-0.8810781468493313,True,-0.9486204782419373,0.0014851163437053108,1.1430063627280638,2.260907962661192,0.1318305616815682,0.26076562331339065
2026-06-29 19:00:00,SHORT,1.2881719302421075,1.2902581998488731,1.285668406713989,1.5,1.8,WIN,TP,8,-0.3002580393849567,True,-0.5385318687700146,0.0013908464045103708,0.8349653446181297,2.034909345243076,0.09015167309495903,0.21971029486754534
2026-06-30 03:00:00,SHORT,1.2863336819561502,1.2885924693960342,1.2836231370282893,1.5,1.8,WIN,SL,5,-0.09518536070302722,True,-0.559657524139644,0.0015058582932560652,1.5872492892439185,1.567165838689833,0.18581279019592897,0.183461702682767
2026-06-30 04:00:00,SHORT,1.284555728746245,1.2869030940906614,1.2817388903329452,1.5,1.8,WIN,SL,4,-0.1388129742753083,True,-0.741110355766846,0.0015649102296109638,2.6634918966655947,0.3718912779669244,0.3244799444899195,0.045305661106782524
2026-06-30 06:00:00,SHORT,1.285510275330516,1.2879001198598103,1.282642461895363,1.5,1.8,LOSS,SL,2,-0.5346978102380688,True,-0.499462966821001,0.0015932296861961928,2.017021876474812,0.1317832733518138,0.24998470980565138,0.016332893425860372
2026-06-30 07:00:00,SHORT,1.2853826314519932,1.2878443491833957,1.2824285701743101,1.5,1.8,WIN,SL,1,-0.33507317983530427,True,-0.636184776051832,0.0016411451542684022,2.0359094996196236,0.0,0.25993995313717927,0.0
2026-06-30 08:00:00,LONG,1.2881469881731629,1.2854202037224658,1.2914191295139994,1.5,1.8,WIN,SL,8,0.4439244914092536,True,0.5473344326362081,0.0018178563004646994,2.248377702304002,0.028509765094139716,0.31729512310968017,0.004023349553815322
2026-06-30 09:00:00,LONG,1.286895617793431,1.2840908581758004,1.2902613293345877,1.5,1.8,WIN,SL,7,0.19207763557566462,True,0.7006874900350959,0.0018698397450870954,1.516631144287553,0.6969565382579539,0.2203641968327063,0.10126672418603438
2026-06-30 10:00:00,LONG,1.2877145450219325,1.284875134025642,1.2911218382174812,1.5,1.8,WIN,SL,6,0.44040805350348294,True,0.549670196798989,0.0018929406641937016,1.9307443122017056,0.20286008926421906,0.28381945632718314,0.02982043758026077
2026-06-30 11:00:00,LONG,1.2861500351854473,1.283276213107389,1.2895986216791175,1.5,1.8,WIN,SL,7,0.1483344180224588,True,0.31108463177566226,0.0019158813853723058,2.3382292505881663,1.0170316197402316,0.34830850004906116,0.15149958366361224
2026-06-30 13:00:00,SHORT,1.2864616550044619,1.2892986970618627,1.2830572045355808,1.5,1.8,WIN,TP,5,-0.42353156732954494,True,-0.39031779144476214,0.0018913613716006195,0.8654571009851911,2.5333020896448573,0.12723986939005733,0.3724471457280081
2026-06-30 15:00:00,SHORT,1.28653986045084,1.2894819318752417,1.283009374741558,1.5,1.8,WIN,TP,3,-0.5905425795502572,True,-0.5832339616625114,0.0019613809496011087,0.0,2.4827380740686347,0.0,0.3785032482103681
2026-06-30 16:00:00,SHORT,1.284245206608787,1.287152499053474,1.2807564556751627,1.5,1.8,WIN,TP,12,-0.7498659899394696,True,-0.798931809377171,0.001938194963124624,0.870074927668853,1.8311969434638218,0.13131252767544913,0.2763659676552692
2026-06-30 17:00:00,SHORT,1.2844422538691402,1.287119351811077,1.281229736338816,1.5,1.8,WIN,TP,2,-0.3498864451101006,True,-0.9064002090592869,0.0017847319612911575,0.0,1.9553279567242658,0.0,0.271692735789387
2026-06-30 18:00:00,SHORT,1.2819903117211382,1.284744160014771,1.278685693768779,1.5,1.8,WIN,SL,4,-0.5091718353027483,True,-1.0,0.0018358988624218586,1.511756559922696,0.5652784978584637,0.21649400336689745,0.08095179360416527
2026-06-30 19:00:00,SHORT,1.2821159832391522,1.2847438157169282,1.278962584265821,1.5,1.8,WIN,SL,3,-0.8934864132280216,True,-1.0,0.0017518883185173425,1.512516866856781,0.08677691275285439,0.20667089914224923,0.011857231463931247
2026-06-30 20:00:00,SHORT,1.2829594691215234,1.2854706787174597,1.2799460176063997,1.5,1.8,WIN,SL,3,-0.6558260522268573,True,-1.0,0.0016741397306242467,1.775307207185296,0.34608785226342725,0.23166065656365278,0.04516116352119435
2026-06-30 21:00:00,SHORT,1.2828658474030186,1.285334929550836,1.2799029488256375,1.5,1.8,WIN,SL,2,-0.6155904651444235,True,-0.7411120433325151,0.0016460547652117352,1.8624739060385536,0.0,0.23897542009738756,0.0
2026-06-30 23:00:00,LONG,1.2852334223605666,1.2829001744681081,1.2880333198315168,1.5,1.8,WIN,SL,4,1.0,True,1.0,0.0015554985949723932,2.4993096317654135,0.0,0.30248766900814383,0.0
2026-07-01 00:00:00,LONG,1.283891930901187,1.281612281586518,1.2866275100787896,1.5,1.8,WIN,SL,3,0.40922602859779134,True,1.0,0.001519766209779275,1.6753768736588732,0.4063045573313235,0.19831740506735537,0.048095008797044606
2026-07-01 01:00:00,LONG,1.284014085141337,1.2818864878906546,1.2865672018421561,1.5,1.8,WIN,SL,2,0.06301810241801936,True,0.6547867713393277,0.001418398167121669,1.881231563346819,0.3492204857867808,0.2078120039539009,0.03857696754991478
2026-07-01 02:00:00,LONG,1.2836255268826644,1.2814509149663502,1.2862350611822415,1.5,1.8,WIN,SL,1,0.8829894557870983,True,0.5529064170944069,0.0014497412775428423,1.5725406857241886,0.0,0.1776045345753143,0.0
2026-07-01 03:00:00,SHORT,1.2814446208872157,1.2837393727279858,1.2786909186782915,1.5,1.8,WIN,TP,3,-0.20758604039595036,True,-0.9481249597073381,0.0015298345605133498,0.0,2.3930931615513003,0.0,0.28569604689858513
2026-07-01 04:00:00,SHORT,1.2811620766217893,1.283361657624112,1.278522579419002,1.5,1.8,WIN,TP,2,-0.2825523318243772,True,-1.0,0.0014663873348818182,0.0,2.303956314458501,0.0,0.2637053048394516
2026-07-01 05:00:00,SHORT,1.2798442518065882,1.282121150658006,1.277111973184887,1.5,1.8,LOSS,TP,2,-0.74992828829041,True,-1.0,0.001517932567611743,0.0,1.890369262754022,0.0,0.2242033016670661
2026-07-01 06:00:00,SHORT,1.2781351561992877,1.280367115875149,1.2754568045882542,1.5,1.8,WIN,TP,3,-0.1425549926940482,True,-1.0,0.0014879731172408198,0.0,1.9514364019982453,0.0,0.22718136592166424
2026-07-01 07:00:00,SHORT,1.2778832216101992,1.2801557810038287,1.275156150337844,1.5,1.8,WIN,TP,3,-0.25511762353014844,True,-1.0,0.001515039595752927,0.036332466185810756,2.3115077934572454,0.004307523876359993,0.2740489720622884
2026-07-01 08:00:00,SHORT,1.2773248219184523,1.279497285542247,1.2747178655698987,1.5,1.8,WIN,TP,2,-0.45587312544859554,True,-1.0,0.0014483090825297815,0.0,2.0324571438098444,0.0,0.23045243392445908
2026-07-01 09:00:00,SHORT,1.27542846499081,1.2777001614709682,1.2727024292146203,1.5,1.8,WIN,SL,12,-1.0,True,-1.0,0.0015144643201054592,1.7263177647259578,0.7345065650120628,0.2049857543253523,0.08721649360413208
2026-07-01 10:00:00,SHORT,1.2752611321275897,1.2775474273982022,1.2725175778028548,1.5,1.8,LOSS,SL,11,-0.5059760007433484,True,-1.0,0.0015241968470749276,1.8250789118219937,0.6200321987197916,0.21813411018189063,0.07410647894497965
2026-07-01 12:00:00,SHORT,1.2760171109647995,1.2782563968426746,1.2733299679113494,1.5,1.8,WIN,TP,14,-0.2670543926021434,True,-0.6663384770495112,0.0014928572519167555,1.3569955755992087,1.811422758670652,0.15875968029304227,0.21192471310387748
2026-07-01 13:00:00,SHORT,1.2755615479949736,1.2777251782713155,1.2729651916633633,1.5,1.8,WIN,SL,8,-0.461868528086949,True,-0.6978571399247802,0.0014424201842279422,1.7202779625593958,0.863456434800314,0.19453108002342906,0.09764068160530494
2026-07-01 15:00:00,LONG,1.276073774193524,1.2738913595006387,1.2786926718249862,1.5,1.8,WIN,SL,11,0.14056289820153153,True,0.376677180491353,0.0014549431285901645,1.8975716480191511,1.3534119777148115,0.21635573789907525,0.154312195497653
2026-07-01 21:00:00,LONG,1.2780070691019416,1.2757848105974472,1.280673779307335,1.5,1.8,WIN,SL,3,0.6253509932898669,True,0.48516355584931736,0.0014815056696630175,1.8399566148319157,0.0,0.21329351164880148,0.0
2026-07-01 22:00:00,LONG,1.2767107254965442,1.274458638783542,1.279413229552147,1.5,1.8,WIN,SL,4,0.5339909225696698,True,0.6112970575476896,0.001501391142001556,2.26310788591936,0.3543874577934124,0.2661378231934022,0.04167539124890981
2026-07-01 23:00:00,LONG,1.276623647444918,1.2744962918426217,1.2791764741676734,1.5,1.8,WIN,SL,3,0.44400205845907037,True,0.5080009943511434,0.0014182370681974524,2.3343996260758013,0.3865494527693339,0.25933501140396353,0.04294286446174917
2026-07-02 02:00:00,SHORT,1.2736554896327101,1.2759275788978741,1.2709289825145134,1.5,1.8,WIN,TP,6,-0.6216734554871347,True,-1.0,0.001514726176775949,0.0,2.6114413446533393,0.0,0.31057209709056377
2026-07-02 03:00:00,SHORT,1.2728825723744286,1.2751710355051997,1.270136416617503,1.5,1.8,WIN,TP,5,-0.25012447906360225,True,-1.0,0.001525642087180788,0.490584513951138,2.0861389000228208,0.05880011228426357,0.2500388782637549
2026-07-02 04:00:00,SHORT,1.2722953397818197,1.2746369759015843,1.2694853764381024,1.5,1.8,WIN,TP,11,-0.8620611031624843,True,-1.0,0.0015610907465096746,0.8556126396868324,2.227825560271189,0.10498261941609265,0.27335145844151904
2026-07-02 05:00:00,SHORT,1.2723440779798623,1.2746814289932278,1.2695392567638235,1.5,1.8,WIN,TP,10,-0.8122325316187629,True,-1.0,0.0015582340089104038,0.8259034066835779,2.263187714331537,0.10114801480529076,0.2771715706508299
2026-07-02 06:00:00,SHORT,1.2727734613171058,1.2752249667084319,1.2698316548475144,1.5,1.8,WIN,TP,2,-0.40814077257022824,True,-1.0,0.0016343369275507566,0.28785797712985733,1.8806344006820994,0.03696313100577564,0.2414876128133905
2026-07-02 07:00:00,SHORT,1.2732373157694026,1.2756370521703682,1.270357632088244,1.5,1.8,WIN,TP,1,-0.41903754201692456,True,-0.3643554876383872,0.0015998242673103441,0.0,2.211145794469701,0.0,0.277830743471118
2026-07-02 08:00:00,SHORT,1.270202059986704,1.272810994968647,1.2670713380083727,1.5,1.8,WIN,SL,1,-0.25283169388977,True,-1.0,0.0017392899879619275,1.5246499130662046,0.0,0.2087705895368199,0.0
2026-07-02 11:00:00,SHORT,1.271614460339786,1.2742808987071284,1.2684147342989753,1.5,1.8,WIN,TP,7,-0.14794730953610258,True,-0.4927375578626439,0.001777625578228137,0.1290209990484748,2.24675029487788,0.018036207922315733,0.31407953563215457
2026-07-02 12:00:00,SHORT,1.2712783755840487,1.273845750530941,1.268197525647778,1.5,1.8,WIN,TP,6,-0.4940432175784085,True,-0.698829628418331,0.0017115832979281986,0.0,2.137083272988647,0.0,0.28772581258205054
2026-07-02 13:00:00,LONG,1.271204607965464,1.268664299874923,1.2742529776741132,1.5,1.8,WIN,SL,5,0.11599983976371363,True,0.37578765732018327,0.0016935387270273297,2.1162955181045433,0.0,0.28193953949557915,0.0
2026-07-02 14:00:00,SHORT,1.270911873379137,1.2734132392740027,1.267910234305298,1.5,1.8,WIN,TP,4,-0.5863202865297316,True,-0.7646336850354901,0.001667577263243831,0.08322795054374829,1.973697953290038,0.010920429724534749,0.2589710506572235
2026-07-02 15:00:00,SHORT,1.2705673097134709,1.2731821424016851,1.2674295104876139,1.5,1.8,WIN,TP,4,-0.4084092822879529,True,-0.805655741184564,0.0017432217921428286,0.0,2.8118709473185026,0.0,0.3857894559843754
2026-07-02 16:00:00,SHORT,1.270024394072415,1.272573884573875,1.266965005470663,1.5,1.8,LOSS,TP,3,-0.6554374566431451,True,-0.7338625692335343,0.0016996603343067327,0.31397993148000264,2.564511851587628,0.042019605119055524,0.3432059329999352
2026-07-02 17:00:00,SHORT,1.2690461673254605,1.271677855145878,1.2658881419409593,1.5,1.8,WIN,TP,2,-0.5520504343016397,True,-0.9699962177050443,0.001754458546945051,0.0,1.9268465076789383,0.0,0.2663868668523824
2026-07-02 18:00:00,SHORT,1.2678105798834498,1.2704307460945448,1.264666380430136,1.5,1.8,WIN,TP,10,-0.27545269766143526,True,-1.0,0.0017467774740632974,0.35994784021876997,1.865922629456955,0.04959327435094315,0.25708506216914506
2026-07-02 19:00:00,SHORT,1.2662353027831457,1.2689861375654405,1.2629343010443919,1.5,1.8,WIN,TP,26,-0.8410253237182013,True,-1.0,0.0018338898548632132,1.2018311097535446,3.5210350450059495,0.1740613197714234,0.5099518575624566
2026-07-02 20:00:00,SHORT,1.2663891458031393,1.2690373113406295,1.2632113471581512,1.5,1.8,WIN,TP,24,-0.6461208235933682,True,-1.0,0.0017654436916600957,1.1612847632169556,1.8508107070956514,0.16189201133291015,0.2580172214936935
2026-07-02 21:00:00,SHORT,1.266557866861435,1.2692295288903876,1.2633518724266917,1.5,1.8,WIN,TP,8,-0.3445212770045153,True,-1.0,0.0017811080193018216,1.0563434562964877,1.8579768701137502,0.14854921755837272,0.2612796137958805
2026-07-02 22:00:00,SHORT,1.2667308243541882,1.269196160947294,1.2637724204424612,1.5,1.8,WIN,TP,7,-1.0,True,-0.78720966417786,0.001643557728737239,1.0395158493801082,2.118705619464589,0.13487508755181446,0.2748977863995192
2026-07-03 00:00:00,LONG,1.2676566848922504,1.2653369965026655,1.2704403109597522,1.5,1.8,WIN,SL,4,0.6055232469207065,True,0.5838917454228528,0.0015464589263899375,2.0081080546576935,0.3767658357035647,0.24497615665907868,0.04596298798614131
2026-07-03 03:00:00,SHORT,1.2659701357445416,1.2683491044068613,1.263115373349758,1.5,1.8,WIN,TP,18,-0.18136004991461924,True,-0.38049065222967543,0.0015859791082131838,1.017543677840646,3.9042276010977006,0.12747559908279843,0.48911291303160004
2026-07-03 04:00:00,SHORT,1.2654747510084476,1.2678421123181762,1.2626339174367733,1.5,1.8,WIN,TP,17,-0.8360732587706345,True,-1.0,0.0015782408731523606,1.3364168845981093,3.6094862133292875,0.16667165813959395,0.4501582246833935
2026-07-03 05:00:00,SHORT,1.263517550874201,1.265884160164047,1.2606776197263858,1.5,1.8,LOSS,SL,3,-0.21155201294047649,True,-1.0,0.0015777395265639418,1.8114455784569365,0.0,0.22619308195391594,0.0
2026-07-03 06:00:00,SHORT,1.2648259976907883,1.2672365272557031,1.2619333622128903,1.5,1.8,LOSS,SL,7,-0.36488860646485094,True,-0.9661785102087147,0.0016070197099432898,1.7161837228495147,0.3417983398335046,0.21804904971420863,0.04342705399328913
2026-07-03 07:00:00,SHORT,1.2655732818310526,1.2678990010906381,1.2627824187195498,1.5,1.8,WIN,TP,14,-0.4246870549769459,True,-0.9234015197562542,0.0015504795063904547,1.296796842493978,3.737662749927214,0.15887321240929733,0.4579086473109316
2026-07-03 09:00:00,LONG,1.2662789691776175,1.2641058310169098,1.268886734970467,1.5,1.8,WIN,SL,11,0.8193849900907395,True,0.6787653963078673,0.0014487587738052365,2.1793313827424075,0.900750080185014,0.24933885333558686,0.10305545724425316
2026-07-03 10:00:00,LONG,1.2658445525519106,1.2636041831495795,1.268532995834708,1.5,1.8,WIN,SL,10,0.5829545311112976,True,0.7138378017895841,0.0014935796015541466,1.8230758060949448,1.1645754973961593,0.2151060989740784,0.13740914742447002
2026-07-03 11:00:00,LONG,1.2659568918122015,1.2637482949619818,1.268607208032465,1.5,1.8,WIN,SL,9,0.3848016689418186,True,0.4077038524712498,0.0014723979001463844,1.9255991169773308,1.1050321023468295,0.22396087218282223,0.12852309250125563
2026-07-03 17:00:00,LONG,1.2665245623631647,1.2642222683359365,1.2692873151958386,1.5,1.8,WIN,SL,3,0.11381609402413795,True,0.3215099938514359,0.0015348626848188068,2.21708344399946,0.0,0.26868161490488185,0.0
2026-07-03 18:00:00,SHORT,1.265393858265756,1.2677271065796412,1.2625939602890939,1.5,1.8,LOSS,TP,3,-0.7203000583723567,True,-0.31388075292056233,0.001555498875923386,0.0,3.6102539302260412,0.0,0.4437943090668283
2026-07-03 20:00:00,SHORT,1.2635034546077581,1.2656731601828919,1.2608998079175977,1.5,1.8,WIN,TP,1,-0.8338761466631398,True,-0.573062299581806,0.0014464703834225251,0.0,2.5754708253701786,0.0,0.29484227040940103
2026-07-03 21:00:00,SHORT,1.26088104501666,1.2633527736805539,1.2579149706199877,1.5,1.8,WIN,TP,6,-0.7899561800037724,True,-1.0,0.001647819109262467,0.9281228190364335,3.2268873242502765,0.12129443320567784,0.4217151663395953
2026-07-03 22:00:00,SHORT,1.2609039834390545,1.2633464482361938,1.2579730256824873,1.5,1.8,WIN,TP,5,-0.6358473891284364,True,-1.0,0.00162830986475956,0.9251556642622225,3.2796368395885245,0.11947302208115945,0.4235266990088767
2026-07-03 23:00:00,SHORT,1.2611959712668916,1.2636492169934803,1.2582520763949854,1.5,1.8,WIN,TP,4,-1.0,True,-1.0,0.0016354971510590558,0.7425584727755863,3.4437558285692256,0.09629370013760018,0.4465803074926015
2026-07-04 00:00:00,SHORT,1.2609884948068382,1.2634331203714195,1.2580549441293407,1.5,1.8,WIN,TP,3,-0.8301867868411124,True,-1.0,0.0016297503763875096,0.0,3.328593424558072,0.0,0.43020030784226065
2026-07-04 01:00:00,SHORT,1.259692205720938,1.2622665476237604,1.2566029954375513,1.5,1.8,WIN,TP,2,-0.42655397276479057,True,-1.0,0.001716227935214944,0.0,2.4055588514222475,0.0,0.3277377824411996
2026-07-04 02:00:00,SHORT,1.2590871383895998,1.2616191121863642,1.2560487698334826,1.5,1.8,WIN,TP,1,-0.5684855039923786,True,-0.9289802930634351,0.0016879825311762067,0.0,2.0873557067092543,0.0,0.2798392471693991
2026-07-04 03:00:00,SHORT,1.2559758986344796,1.2586296562550108,1.2527913894898421,1.5,1.8,WIN,TP,11,-0.5792458621175453,True,-1.0,0.0017691717470208004,1.2916244979397886,2.708858999463417,0.18193864802655924,0.38157076212402946
2026-07-04 04:00:00,SHORT,1.2575779461866534,1.260338969296704,1.2542647184545928,1.5,1.8,LOSS,TP,7,-0.774501935296577,True,-1.0,0.0018406820733670884,0.3259064238259004,1.8242327817321375,0.04770202226832578,0.26700790906558586
2026-07-04 05:00:00,SHORT,1.2559723690768194,1.258749166377934,1.2526402123154818,1.5,1.8,WIN,TP,9,-0.48614560287263314,True,-1.0,0.001851198200743103,1.1913728205225127,2.5869230258171267,0.1755983870398838,0.3812908125019957
2026-07-04 06:00:00,SHORT,1.2572275935525978,1.2600564554777678,1.253832959242394,1.5,1.8,WIN,TP,6,-0.5202345004591571,True,-0.8453201858003548,0.001885907950113262,0.5038648603872881,2.253809083083362,0.07558239660505356,0.3380832945142139
2026-07-04 07:00:00,SHORT,1.2579541714549856,1.2606547484902781,1.2547134790126346,1.5,1.8,WIN,TP,3,-0.6446186439433929,True,-0.3046580472757656,0.0018003846901949924,0.0,1.8799920526828142,0.0,0.2690645642061464
2026-07-04 09:00:00,SHORT,1.2562171901956667,1.259017006904145,1.2528574101454928,1.5,1.8,WIN,TP,5,-0.770815009471558,True,-0.7964829227922318,0.0018665444723188842,0.0,2.6968167350693952,0.0,0.40070526092043
2026-07-04 11:00:00,SHORT,1.2544755948263075,1.2570174543194739,1.2514253634345078,1.5,1.8,LOSS,TP,3,-0.6174520204095812,True,-1.0,0.0016945729954442879,0.5611960840713688,1.942750775087479,0.07580759108734163,0.262431012123239
2026-07-04 13:00:00,SHORT,1.254253617993894,1.2569790026803151,1.2509831563701885,1.5,1.8,WIN,TP,2,-0.20992923904356436,True,-1.0,0.0018169231242808179,0.0,3.0486979844187436,0.0,0.44163714478244404
2026-07-04 14:00:00,SHORT,1.2514576661001489,1.254306089664166,1.2480395578233283,1.5,1.8,WIN,TP,4,-0.5390807525861506,True,-1.0,0.001898949042678114,0.0,1.8688598772644809,0.0,0.28357888332651937
2026-07-04 15:00:00,SHORT,1.2492931485558978,1.2522249420098028,1.2457749964112117,1.5,1.8,WIN,TP,13,-0.3261563500328244,True,-1.0,0.0019545289692700007,0.781187162025106,1.9424524659010365,0.12221734669439523,0.3038982179980836
2026-07-04 16:00:00,SHORT,1.2499845248163217,1.2529508292075726,1.2464249595468206,1.5,1.8,LOSS,TP,8,-1.0,True,-1.0,0.001977536260833888,0.42248362000889805,1.8154729095377016,0.06683896173024463,0.2872166365179569
2026-07-04 17:00:00,SHORT,1.2488646606997733,1.2516288374100777,1.2455476486474082,1.5,1.8,WIN,TP,11,-0.21128617792707333,True,-1.0,0.0018427844735362045,1.061079482058027,1.8277187637932801,0.15656947115700579,0.2696922946015469
2026-07-04 18:00:00,SHORT,1.248098919181827,1.2507206771819463,1.2449528095816838,1.5,1.8,LOSS,SL,2,-0.7460871491472476,True,-1.0,0.0017478386667462312,1.556826933996264,0.19109618752907265,0.21801816112896072,0.026761124498854177
2026-07-04 19:00:00,SHORT,1.2491777494072445,1.2517757437561245,1.2460601561885885,1.5,1.8,WIN,TP,9,-0.47308008888669395,True,-1.0,0.0017319962325867172,0.9481845608870234,2.1253975026737755,0.131466645802208,0.29468828348303333
2026-07-04 23:00:00,LONG,1.2484682155978892,1.2460545774675649,1.2513645813542784,1.5,1.8,WIN,SL,5,0.18189258619782453,True,0.3176855073916782,0.0016090920868828526,1.8467847068850252,0.27385206274152385,0.23802341308319538,0.035295507056453526
2026-07-05 00:00:00,SHORT,1.2476317563299129,1.2501069656439607,1.2446615051530556,1.5,1.8,WIN,TP,5,-0.27375923253548756,True,-0.5313689365973997,0.001650139542698516,0.7739420952374806,2.147212761310588,0.1023629327027645,0.283994108521917
2026-07-05 01:00:00,SHORT,1.2474537115101065,1.249889443997521,1.2445308325252091,1.5,1.8,WIN,TP,4,-0.4627503068547968,True,-0.9243098392267766,0.0016238216582763001,0.8961312145948903,2.07236789032072,0.11665020204678275,0.2697619826025814
2026-07-05 02:00:00,SHORT,1.2479724226457913,1.2502735815250376,1.2452110319906957,1.5,1.8,WIN,TP,3,-0.7792553301349308,True,-0.5831010357809957,0.001534105919497605,0.6104181773436471,2.5316811248442708,0.07503740645538422,0.3112141686328191
2026-07-05 04:00:00,SHORT,1.2458637155020376,1.2481235006174247,1.243151973363573,1.5,1.8,WIN,TP,2,-0.430405901279597,True,-1.0,0.0015065234102580474,0.0,1.808171108609291,0.0,0.21864767959587375
2026-07-05 05:00:00,SHORT,1.2447501666539034,1.2469062226853322,1.2421628994161888,1.5,1.8,WIN,TP,13,-0.32912147678639087,True,-0.920783360955061,0.0014373706876192247,1.3590237751402365,2.226155461188983,0.15693277177181014,0.25706448504426604
2026-07-05 06:00:00,SHORT,1.2439462916054993,1.2461169535482242,1.2413414972742294,1.5,1.8,WIN,SL,7,-0.6019973332385182,True,-1.0,0.0014471079618165739,1.5068930242211094,0.340272750367866,0.1752999231294611,0.039584619494386006
2026-07-05 07:00:00,SHORT,1.2436048881725945,1.2456723380707537,1.2411239482948035,1.5,1.8,WIN,SL,2,-0.7622464083672864,True,-1.0,0.0013782999321060782,1.635860257881903,0.10956103952717514,0.18130405435176591,0.012142761320572994
2026-07-05 08:00:00,SHORT,1.2441974755746872,1.2463042748349864,1.2416693164623283,1.5,1.8,WIN,SL,6,-0.4546892807089476,True,-1.0,0.001404532840199432,1.7843028981967646,0.2734490551165613,0.20142397542020585,0.030868747572029603
2026-07-05 12:00:00,LONG,1.244983542087305,1.2428004058448785,1.2476033055782167,1.5,1.8,WIN,SL,6,0.6804432017757303,True,0.47467296115733143,0.0014554241616175911,2.3588903702013635,1.1818173355394013,0.2757615601602367,0.13815809178318839
2026-07-05 14:00:00,LONG,1.245979433979243,1.2438579183147316,1.2485252527766564,1.5,1.8,WIN,SL,3,0.014441510474089675,True,0.30513390543405505,0.001414343776340865,1.9397649301499742,0.16613792925259271,0.2201877801273238,0.018858749979694927
2026-07-05 15:00:00,LONG,1.2456147509553739,1.2435312570165273,1.2481149436819898,1.5,1.8,WIN,SL,2,0.41511457742237623,True,0.6287388828721319,0.0013889959592310477,1.712612205128196,0.0,0.19097489258442985,0.0
2026-07-05 16:00:00,LONG,1.2450635460090476,1.2430153425278434,1.2475213901864926,1.5,1.8,WIN,SL,2,0.058046041714422195,True,0.35626347487630466,0.0013654689874694759,2.5728815472048425,0.0,0.28216953041488896,0.0
2026-07-05 17:00:00,SHORT,1.243695050412006,1.2458359255841593,1.2411260002054219,1.5,1.8,WIN,SL,6,-0.3468077505045577,True,-0.6673194109616738,0.0014272501147689315,2.143637154576746,1.575096784995051,0.24600133078274025,0.18075629282368175
2026-07-05 18:00:00,SHORT,1.241795424835703,1.2438462864214685,1.2393343909327843,1.5,1.8,WIN,SL,3,-1.0,True,-1.0,0.0013672410571770202,2.381109989824914,0.25484276457651356,0.26216486827318664,0.0280586869531756
2026-07-05 19:00:00,SHORT,1.24193502105624,1.2439335974565124,1.2395367293759132,1.5,1.8,WIN,SL,2,-0.22573609970500863,True,-1.0,0.00133238426684823,2.3386309766151423,0.0,0.2508951810180754,0.0
2026-07-05 20:00:00,SHORT,1.2427742348124886,1.2447567145671012,1.2403952591069536,1.5,1.8,WIN,SL,1,-1.0,True,-1.0,0.0013216531697417386,1.722646617949175,0.0,0.18319830739820017,0.0
2026-07-05 22:00:00,LONG,1.2454453964179504,1.2433512896718582,1.2479583245132613,1.5,1.8,WIN,TP,11,0.11033259460168116,True,0.8294676597783498,0.0013960711640615489,1.157889911792241,1.8642232569102317,0.12979266065458633,0.20896848146298774
2026-07-05 23:00:00,LONG,1.246329730710458,1.244273440926294,1.2487972784514545,1.5,1.8,LOSS,SL,2,0.4707398138693602,True,1.0,0.0013708598561092014,1.8242791182290368,0.18052178506747074,0.2006556489744415,0.019855906683787544
2026-07-06 00:00:00,LONG,1.2461394892621753,1.2441726962724533,1.2484996408498417,1.5,1.8,WIN,SL,1,0.013182393446342255,True,1.0,0.0013111953264812895,1.7622008823327184,0.0,0.18541981705466523,0.0
2026-07-06 04:00:00,SHORT,1.2444876319887563,1.246710865588764,1.241819751668747,1.5,1.8,WIN,SL,3,-0.14559954767996497,True,-0.5513272825787671,0.0014821557333384622,1.6838412539191363,0.0,0.20054156460677638,0.0
2026-07-06 06:00:00,LONG,1.24564363556982,1.243374213844423,1.2483669416402963,1.5,1.8,WIN,TP,4,0.21341733626418594,True,0.4591362872627096,0.001512947816931311,0.0,1.8011553443363548,0.0,0.21876674582945832
2026-07-06 07:00:00,LONG,1.2463333212774252,1.2441161740269064,1.248993897978048,1.5,1.8,WIN,TP,4,0.27853188030435894,True,0.638583724395539,0.0014780981670125934,0.0,1.8236058883324227,0.0,0.21627188127609512
2026-07-06 08:00:00,LONG,1.2470988381406525,1.244941215903626,1.2496879848250844,1.5,1.8,WIN,SL,13,0.2614188587280831,True,1.0,0.0014384148246843198,2.3287428051097847,1.6516663115193084,0.2685992538282736,0.19050465249917053
2026-07-06 09:00:00,LONG,1.2478408069841118,1.2457076769623892,1.2504005630101789,1.5,1.8,WIN,SL,9,0.48467686876464244,True,1.0,0.0014220866811484045,1.8370156899182346,1.1488838803710053,0.2093532709518636,0.13093116167682006
2026-07-06 11:00:00,LONG,1.2490085446770125,1.2470727826683208,1.2513314590874425,1.5,1.8,WIN,SL,3,0.6315826233008395,True,1.0,0.0012905080057944124,1.6480533110808437,0.3611560482138299,0.17028114026840424,0.03731557910851162
2026-07-06 12:00:00,LONG,1.248438771143066,1.2464438319880917,1.2508326981290352,1.5,1.8,WIN,SL,4,0.2455435112453827,True,0.7307826530226511,0.0013299594366495654,1.6944032411723757,0.7788570665861988,0.1805044534161275,0.08297149443373142
2026-07-06 13:00:00,LONG,1.248452922103267,1.24640923550005,1.2509053460271273,1.5,1.8,WIN,SL,3,0.1773448922985384,True,0.5090214196911634,0.0013624577354779716,1.6643734930186675,0.0,0.18163588711599055,0.0
2026-07-06 16:00:00,SHORT,1.2463999283938456,1.248439506257725,1.2439524349571904,1.5,1.8,WIN,TP,5,-0.5519395908511463,True,-0.9128756682656256,0.0013597185759195282,0.25897302712695747,1.9495125490562388,0.028251801658910832,0.21267559204338984
2026-07-06 17:00:00,SHORT,1.2464258184517734,1.2483324424910478,1.2441378696046441,1.5,1.8,WIN,TP,4,-0.6367760955477992,True,-0.6036005736283784,0.00127108269284959,0.1373218616706181,2.1058256082985487,0.014003837142608238,0.21474831837104721
2026-07-06 18:00:00,SHORT,1.2453620800045209,1.2472740784272112,1.2430676818972926,1.5,1.8,WIN,TP,9,-0.10140157856372273,True,-1.0,0.0012746656151268545,0.8701392650463535,2.294878734452797,0.08906137575044143,0.2348877535826523
2026-07-06 19:00:00,SHORT,1.2461793506541283,1.2481053329916432,1.2438681718491107,1.5,1.8,WIN,TP,2,-0.6317354532221438,True,-0.45939770528767626,0.001283988225009842,0.1462095931977887,1.8927048082579445,0.015064556795207549,0.19501291575302357
2026-07-06 20:00:00,SHORT,1.2459408760508284,1.2479035945767971,1.243585613819666,1.5,1.8,WIN,TP,5,-0.26545801024492366,True,-0.908536162050538,0.0013084790173124266,0.0,2.009430542857588,0.0,0.21102909075507445
2026-07-06 21:00:00,SHORT,1.2438630942257254,1.245917101112029,1.2413982859621613,1.5,1.8,WIN,TP,7,-0.9792181832619096,True,-1.0,0.0013693379242023043,1.4304894604157614,1.9168469841877402,0.15747902461390362,0.21102091399978137
2026-07-06 22:00:00,SHORT,1.2442963245635141,1.2462582052916085,1.241942067689801,1.5,1.8,WIN,TP,6,-0.22463800905646242,True,-1.0,0.0013079204853962331,1.166426512593438,2.3380944348489234,0.12260689840624633,0.24576473849206004
2026-07-06 23:00:00,SHORT,1.243984164092242,1.2458852496736703,1.241702861394528,1.5,1.8,WIN,TP,5,-0.1494964256201033,True,-0.9053533629703477,0.0012673903876189163,1.4500296197251623,2.1665630130085374,0.14773126980627005,0.22073280481519775
2026-07-07 00:00:00,SHORT,1.2439232474046353,1.2458047204999525,1.2416654796902546,1.5,1.8,WIN,SL,2,-0.9589292961459568,True,-0.770292086378833,0.0012543153968780998,1.5137104225418074,0.4876517161514841,0.15263564640105368,0.049172572114802325
2026-07-07 01:00:00,SHORT,1.243441877058728,1.2453286930987628,1.2411776978106863,1.5,1.8,WIN,SL,1,-0.24286565766599957,True,-0.75533234694476,0.0012578773600231566,1.8921086514129302,0.0,0.1914074698003646,0.0
2026-07-07 03:00:00,SHORT,1.2430508420529338,1.245069256670883,1.2406287445113948,1.5,1.8,LOSS,TP,8,-0.039855487999241074,True,-0.5015405588100978,0.0013456097452994825,1.183741344705721,2.416546859837632,0.12814068704698264,0.2615925989961969
2026-07-07 04:00:00,SHORT,1.242095785367528,1.2441400595225525,1.2396426563814986,1.5,1.8,WIN,SL,5,-0.1432456244931044,True,-0.5056354139972,0.0013628494366829985,1.8695466323535805,0.8918966007050223,0.20512995895898348,0.09786047051843559
2026-07-07 05:00:00,SHORT,1.2418560246667196,1.2438811958495424,1.2394258192473324,1.5,1.8,LOSS,SL,4,-0.7886947078370667,True,-1.0,0.0013501141218818275,2.064767141075884,0.623922260010616,0.22447620498618218,0.06783123304674761
2026-07-07 06:00:00,SHORT,1.242573200571483,1.244594392512984,1.2401477702416817,1.5,1.8,WIN,SL,3,-0.4175288389746965,True,-0.7047178974674705,0.0013474612943340672,1.5365898668162528,0.1725022379132415,0.16662964965352384,0.01870634974802257
2026-07-07 09:00:00,LONG,1.2443824291079448,1.24221902122862,1.2469785185631348,1.5,1.8,WIN,SL,1,0.38328030465207497,True,0.5728458342934465,0.0014422719195499628,2.457879035042478,0.0,0.2848746358813154,0.0
2026-07-07 11:00:00,SHORT,1.24016891229696,1.2425194859440354,1.2373482239204694,1.5,1.8,WIN,TP,2,-0.7849374145102702,True,-0.9754231437041535,0.0015670490980502613,0.0,1.88050778752815,0.0,0.23761666681875782
2026-07-07 12:00:00,SHORT,1.2391768035667434,1.2416044468650247,1.2362636316088058,1.5,1.8,WIN,TP,2,-0.9250359941347439,True,-1.0,0.0016184288655208348,0.0,2.40346095121653,0.0,0.3139044056832593
2026-07-07 13:00:00,SHORT,1.2373045115554253,1.2398889680560934,1.2342031637546236,1.5,1.8,WIN,TP,9,-0.8798307000953374,True,-1.0,0.0017229710004454152,0.0,2.0696805637460955,0.0,0.28820711136316757
2026-07-07 14:00:00,SHORT,1.2357803580257827,1.2384773436169185,1.2325439753164196,1.5,1.8,WIN,TP,13,-0.3815085915270801,True,-1.0,0.0017979903940905967,0.5950758910740531,2.0716398243458314,0.08658017008907072,0.3014118552701275
2026-07-07 15:00:00,SHORT,1.2359779012760508,1.2387247924938354,1.2326816318147094,1.5,1.8,WIN,TP,12,-0.8823811318975082,True,-1.0,0.0018312608118564086,0.476391718748989,2.1418750016723433,0.07058358282435803,0.3173464307418394
2026-07-07 16:00:00,SHORT,1.2355258469032155,1.2382568915388494,1.2322485933404548,1.5,1.8,WIN,TP,11,-0.540608012189623,True,-1.0,0.0018206964237559614,0.7274424452050825,1.9060164760818696,0.1071974221982372,0.2808745272565749
2026-07-07 17:00:00,SHORT,1.235458446192629,1.2381174489890505,1.2322676428369232,1.5,1.8,WIN,TP,10,-0.08861858110903398,True,-1.0,0.0017726685309476123,0.7851736208774884,1.9196350652293697,0.1126587926408252,0.2754343281655872
2026-07-07 18:00:00,SHORT,1.2361005427116198,1.238684973043825,1.2329992263129737,1.5,1.8,LOSS,TP,9,-0.2742209550928807,True,-0.5176570355405827,0.0017229535548034366,0.4351574353113772,2.347697173118502,0.06065494061058758,0.3272365839394496
2026-07-07 20:00:00,LONG,1.236592895422063,1.2341102811550178,1.2395720325425175,1.5,1.8,WIN,SL,2,0.20828301117017597,True,0.34132021871232054,0.0016550761780302744,1.7246236131286963,0.11425915011542995,0.23082644811602057,0.01529263172852765
2026-07-07 21:00:00,LONG,1.2359870004508875,1.2335450830130665,1.2389173013762727,1.5,1.8,WIN,SL,4,0.1797795713708009,True,0.4007628551825971,0.0016279449585472974,1.8042899578614913,0.21730502885223557,0.23764689592905186,0.028621710912648774
2026-07-08 00:00:00,SHORT,1.2347842569460812,1.2370507127664367,1.2320645099616545,1.5,1.8,WIN,TP,3,-0.10074158128480767,True,-0.43954447787180073,0.0015109705469037607,0.0,1.805917018091049,0.0,0.22098495418434813
2026-07-08 02:00:00,SHORT,1.2335443586361674,1.2357284277603016,1.2309234756872065,1.5,1.8,WIN,TP,5,-0.36340942895673733,True,-1.0,0.0014560460827560684,0.0,2.299480951120141,0.0,0.2714251990866761
2026-07-08 03:00:00,SHORT,1.2326259235803452,1.2347600694701009,1.2300649485126383,1.5,1.8,WIN,TP,5,-0.7301993878124132,True,-1.0,0.0014227639265037878,0.4092059861586937,1.8554353656722422,0.047232782020752984,0.21416444808900367
2026-07-08 05:00:00,SHORT,1.2319279596985517,1.2340557051427083,1.2293746651655637,1.5,1.8,WIN,SL,6,-0.5374454052035651,True,-1.0,0.0014184969627710922,2.1788492544284392,1.3689720002296257,0.2508824501798856,0.15762956016677815
2026-07-08 06:00:00,SHORT,1.2326189004703674,1.2346916600357618,1.230131588991894,1.5,1.8,WIN,TP,2,-0.6746643348040707,True,-0.7163933304735385,0.0013818397102629237,0.0,1.9053030367459058,0.0,0.2135958969358125
2026-07-08 08:00:00,SHORT,1.2306394039785273,1.2328726725528618,1.227959481689326,1.5,1.8,WIN,SL,3,-0.6374754542059442,True,-0.8350807767036007,0.0014888457162229862,2.941370433517312,0.037332731915376435,0.35585133676116293,0.004516569013426389
2026-07-08 11:00:00,LONG,1.2338825594932947,1.2314155740726513,1.2368429419980669,1.5,1.8,WIN,SL,15,0.32004633186204073,True,0.5413168157307585,0.0016446569470956066,1.748081363274526,1.7914236653093238,0.2330038735111428,0.23878102123044598
2026-07-08 12:00:00,LONG,1.2348747189753382,1.2324866534276377,1.2377403976325787,1.5,1.8,WIN,SL,5,0.7792584192346661,True,1.0,0.0015920436984668987,1.5383199227177002,1.2274272974923814,0.19832558732929342,0.1582442222090731
2026-07-08 14:00:00,LONG,1.2339158961663665,1.231337875219715,1.2370095213023484,1.5,1.8,WIN,SL,12,0.7779501455934505,True,1.0,0.001718680631101017,1.6921880532315625,0.9591231244768487,0.23569927580197886,0.13359308701678282
2026-07-08 15:00:00,LONG,1.2346390790057569,1.232079292536695,1.237710822768631,1.5,1.8,WIN,SL,11,0.33363961930111075,True,1.0,0.001706524312707918,2.1280175404576864,0.542180085334352,0.29413564922830493,0.07494040268304282
2026-07-08 18:00:00,SHORT,1.233401682817621,1.235976608401385,1.2303117721171044,1.5,1.8,WIN,TP,19,-0.34246513887963353,True,-0.812915173680667,0.0017166170558425525,1.2598265164990115,2.0097759753555677,0.17533944665005732,0.2797155027254905
2026-07-09 02:00:00,SHORT,1.2319642684104772,1.2342760135864839,1.2291901741992692,1.5,1.8,WIN,SL,3,-0.07834934665116028,True,-0.457336642042676,0.00154116345067106,1.7960269100985042,0.35193896746183145,0.22467948959565393,0.044026883524706725
2026-07-09 03:00:00,SHORT,1.2326059260740703,1.2349152877455043,1.2298346920683494,1.5,1.8,WIN,TP,17,-0.4269197902307782,True,-0.447422126838647,0.0015395744476226967,1.3811046097548356,1.9270212407015797,0.17250552846560674,0.2406927144719939
2026-07-09 04:00:00,SHORT,1.231870007127881,1.2340355893260837,1.2292713084900377,1.5,1.8,WIN,SL,1,-0.651274291224482,True,-0.6111851137088578,0.0014437214654684347,1.9825377549076388,0.0,0.2323485673244926,0.0
2026-07-09 06:00:00,SHORT,1.231544741857097,1.234033182541691,1.2285586130355841,1.5,1.8,WIN,TP,18,-0.5341279511978556,True,-0.5252656904219927,0.0016589604563960192,1.3169422018119368,1.8135686123708565,0.17739956673199114,0.24429795448173497
2026-07-09 08:00:00,SHORT,1.2312995888654281,1.233692137901669,1.228428530021939,1.5,1.8,WIN,SL,8,-0.3031615004569052,True,-0.8406297955992734,0.001595032690827217,1.5234220852074503,0.8450746955073042,0.19734498815784304,0.10947147044587573
2026-07-09 10:00:00,SHORT,1.2312222796146675,1.2334093823544576,1.2285977563269193,1.5,1.8,WIN,SL,6,-0.5954780492929597,True,-1.0,0.0014580684931933938,1.719546983080005,0.8714354097189976,0.20363644486512916,0.10319927894433546
2026-07-09 15:00:00,LONG,1.23253786678988,1.230389661596647,1.2351157130217598,1.5,1.8,WIN,SL,5,0.4844897565042555,True,0.5912805785599857,0.0014321367954886874,2.02406179853163,0.832064441843672,0.23518412343548112,0.09668101366213244
2026-07-09 16:00:00,LONG,1.2336671938019854,1.231554416450834,1.236202526623367,1.5,1.8,WIN,SL,2,0.7191665858211402,True,0.9714549020296058,0.0014085182341008354,1.6943004255573382,0.0,0.19344382791663686,0.0
2026-07-09 17:00:00,LONG,1.232302806792231,1.2302136576735856,1.2348097857346054,1.5,1.8,WIN,SL,3,0.4384261158700748,True,0.4095900619245168,0.0013927660790969013,1.9125059264067392,0.26869362964114235,0.21615412751552732,0.030368134436676998
2026-07-09 18:00:00,LONG,1.2316425883136781,1.229566366423423,1.234134054581984,1.5,1.8,WIN,SL,4,0.027829764494550963,True,0.471813337363098,0.001384147926836705,2.0925260366362646,0.7473520940428772,0.23516283075494443,0.08398912650486091
2026-07-09 20:00:00,SHORT,1.2296555669814186,1.231471101846919,1.2274769251428181,1.5,1.8,WIN,TP,15,-0.45229529404070057,True,-0.970809366897264,0.0012103565770002409,1.1506045668973361,2.0319146896626017,0.11325462531669639,0.20000245390453283
2026-07-09 22:00:00,SHORT,1.229342993802421,1.2313115227029001,1.2269807591218458,1.5,1.8,WIN,TP,16,-0.8471275395746998,True,-1.0,0.001312352600319509,1.0583420242127857,1.8269067200111067,0.11298050377356998,0.19502659523295682
2026-07-09 23:00:00,SHORT,1.2299975960401812,1.2320037235746228,1.2275902429988514,1.5,1.8,WIN,TP,12,-0.5703876852768285,True,-0.7036250367007774,0.001337418356294354,0.5490545768920087,2.0946103768614255,0.05970057763582928,0.22775413352983417
2026-07-10 00:00:00,SHORT,1.229254489161768,1.2313089636852361,1.2267891197336063,1.5,1.8,WIN,TP,15,-0.6088793318678046,True,-1.0,0.0013696496823121082,1.0786864460567254,1.9555017257422396,0.1201885013381915,0.21788428198053714
2026-07-10 02:00:00,SHORT,1.2297621813014739,1.231909361553786,1.2271855649986996,1.5,1.8,WIN,TP,12,-0.6464736150349054,True,-0.4175913573592803,0.0014314535015413274,0.6774445746271189,1.9677434723291547,0.07885511712710873,0.22904699188420904
2026-07-10 13:00:00,SHORT,1.2279028354062744,1.2297827210005166,1.225646972693184,1.5,1.8,WIN,TP,3,-0.25234723107393386,True,-0.6261451345221191,0.001253257062828052,0.0,2.3950115994396026,0.0,0.24444647540533349
2026-07-10 14:00:00,SHORT,1.227200475215342,1.2290263495159162,1.2250094260546531,1.5,1.8,WIN,TP,2,-0.31274824128369894,True,-0.9362781390969421,0.0012172495337161107,0.01428756403267975,1.88885265340888,0.0014171711149041674,0.18735366046993637
2026-07-10 15:00:00,SHORT,1.227008603953067,1.2287932437841562,1.2248670361557599,1.5,1.8,WIN,TP,7,-0.2801944771344543,True,-0.7827719334561439,0.0011897598873928622,0.9059825015737625,2.119287981548967,0.08784792833396733,0.2054952037139252
2026-07-10 16:00:00,SHORT,1.2255655061686743,1.2273662012346864,1.2234046720894598,1.5,1.8,WIN,SL,1,-0.5500780380962353,True,-1.0,0.0012004633773414289,1.8699630703161358,0.0,0.1831662340035296,0.0
2026-07-10 17:00:00,SHORT,1.2273156626832429,1.2292498728933416,1.2249946104311245,1.5,1.8,WIN,TP,4,-0.48536256731371524,True,-0.7281032489631918,0.001289473473399107,0.5977966393092505,1.8131884025350093,0.06280722493112668,0.19050179333914558
2026-07-10 18:00:00,SHORT,1.2267149394617833,1.2286675177358586,1.2243718455328931,1.5,1.8,WIN,SL,8,-0.023200326772685353,True,-0.7198214207260462,0.0013017188493834597,1.6650804986548122,1.7114135975308715,0.17668869931516015,0.18160529943285142
2026-07-10 22:00:00,SHORT,1.225954873383669,1.2280281391693364,1.2234669544408678,1.5,1.8,WIN,SL,4,-0.6757924255007655,True,-0.5631527481829214,0.0013821771904449934,2.1180589357082824,0.17258446758528387,0.238796126392003,0.019457674968336263
2026-07-11 00:00:00,SHORT,1.2258375880075694,1.2280913544680325,1.2231330682550137,1.5,1.8,WIN,SL,2,-0.47620839912717783,True,-0.4277720659995914,0.0015025109736421,2.026486447332284,0.0,0.2483867483622103,0.0
2026-07-11 02:00:00,LONG,1.2283073441978847,1.2259794258702268,1.231100846191074,1.5,1.8,WIN,SL,4,0.21603881590484247,True,0.7884497430219839,0.0015519455517718811,1.7440153713440472,0.6034866114392872,0.22035339205324608,0.07624951251827745
2026-07-11 03:00:00,LONG,1.2285550716944083,1.2263023205888126,1.231258373021123,1.5,1.8,WIN,SL,3,0.30989156858743316,True,1.0,0.0015018340703970884,1.967157659115843,0.23986771907033783,0.24047309415508406,0.02932237399756366
2026-07-11 04:00:00,LONG,1.2277962911633435,1.2254495956871931,1.230612325734724,1.5,1.8,WIN,SL,5,0.23758325406985664,True,0.6599407490236144,0.001564463650766885,2.3487776707791657,0.0,0.2992823252614025,0.0
2026-07-11 07:00:00,SHORT,1.2259054517623622,1.228053091112394,1.2233282845423241,1.5,1.8,WIN,TP,3,-0.4590462750549318,True,-0.7711209709176037,0.0014317595666878402,1.186566182644242,1.8489071510972757,0.1385814445206078,0.21593757476936595
2026-07-11 08:00:00,SHORT,1.2268274648481376,1.228984033656023,1.2242395822786754,1.5,1.8,LOSS,TP,1,-0.36350874065818267,True,-0.922629965292922,0.0014377125385902159,0.0,1.881983290703028,0.0,0.22054861437227025
2026-07-11 09:00:00,SHORT,1.22418795250018,1.2265615170019009,1.221339675098115,1.5,1.8,WIN,SL,8,-0.4977406063854387,True,-1.0,0.0015823763344805983,1.909159571804774,0.9066737771593864,0.24677656065811862,0.11719598490910141
2026-07-11 10:00:00,SHORT,1.2234429258681783,1.225799136602783,1.2206154729866527,1.5,1.8,WIN,SL,5,-0.3378257688521122,True,-1.0,0.0015708071564030565,1.8889268170948184,0.43905612045255626,0.24252375811553692,0.05637144827005584
2026-07-11 11:00:00,SHORT,1.2234555390325281,1.225672042175229,1.2207957352612873,1.5,1.8,WIN,SL,4,-0.4191124866924507,True,-0.8662301771784175,0.0014776687618005071,1.9994512127767392,0.47526595849774866,0.2414903119569574,0.057401812980849794
2026-07-11 12:00:00,SHORT,1.2235930866775042,1.2257416194426,1.2210148473593891,1.5,1.8,WIN,SL,3,-0.694046532595091,True,-1.0,0.0014323551767306344,1.966676281589614,0.0,0.23022187552050907,0.0
2026-07-11 13:00:00,SHORT,1.2248970669640142,1.227073182222989,1.2222857286532445,1.5,1.8,WIN,SL,4,-0.6531704287564277,True,-0.7554210659285038,0.00145074350598324,1.5935928382942122,0.5609220860266154,0.18874193788927146,0.06643448626117018
2026-07-11 15:00:00,LONG,1.226141801266842,1.2240303495013523,1.2286755433854295,1.5,1.8,WIN,TP,4,0.7991487744042334,True,0.8342704548680835,0.0014076345103264229,0.9414144820112157,2.293004510524661,0.10807620391303079,0.26324135414140587
2026-07-11 16:00:00,LONG,1.226023602836398,1.2239469395613125,1.2285155987665006,1.5,1.8,WIN,TP,3,0.27269688505445644,True,0.6828685463147538,0.001384442183390368,0.0,2.4167933857654913,0.0,0.27290752837480725
2026-07-11 17:00:00,LONG,1.22694207620192,1.224838757902537,1.2294660581611796,1.5,1.8,WIN,SL,10,0.2897409038515393,True,1.0,0.0014022121995886452,3.011781651013894,1.7311483575614341,0.3442018213787218,0.19784449432077356
2026-07-11 18:00:00,LONG,1.2279233008296833,1.2259029559098942,1.23034771473343,1.5,1.8,WIN,SL,4,0.42314879741852923,True,1.0,0.001346896613192729,2.0885473126294802,1.0737369923881241,0.22909063619630773,0.1177771215457948
2026-07-11 19:00:00,LONG,1.2290987770861144,1.2270355322387902,1.2315746709029034,1.5,1.8,WIN,SL,1,0.3315816467292533,True,1.0,0.0013754965648827516,1.5007400918663771,0.0,0.16794930396382604,0.0
2026-07-11 20:00:00,LONG,1.2270822973176585,1.2249364393789592,1.2296573268440976,1.5,1.8,WIN,SL,7,0.152211579347771,True,0.7046114701626905,0.0014305719591328123,3.050093398959345,0.588353341073445,0.3555896861054436,0.06859212243886566
2026-07-12 00:00:00,SHORT,1.2275463690105182,1.2296117607148078,1.2250678989653707,1.5,1.8,WIN,TP,3,-0.5995089144112977,True,-0.5498753345037645,0.0013769278028597112,0.0,3.5059570822238992,0.0,0.3932600758729981
2026-07-12 01:00:00,SHORT,1.2270795443534896,1.2292086205915334,1.2245246528678373,1.5,1.8,WIN,TP,2,-0.4863785658804876,True,-0.44575328160026284,0.0014193841586957706,0.19822776380646137,3.072195147735991,0.022929348717064525,0.35536613296051295
2026-07-12 02:00:00,SHORT,1.2271883102909307,1.22937403916063,1.2245654356472913,1.5,1.8,WIN,TP,1,-0.4416050848385763,True,-0.3143729729842249,0.0014571525797996143,0.0,3.0672086949014816,0.0,0.3641976561445521
2026-07-12 03:00:00,SHORT,1.2244306954893867,1.2269532548844935,1.2214036242152586,1.5,1.8,WIN,TP,8,-0.9131297106054792,True,-0.9942526409832375,0.0016817062634044858,0.9204671599862149,1.975210044147455,0.12642245852781908,0.2712871471630808
2026-07-12 04:00:00,SHORT,1.225937931006044,1.2284781607204347,1.2228896553487754,1.5,1.8,WIN,TP,5,-0.5904130827786973,True,-0.6074709033738345,0.0016934864762603624,0.0,2.355654589507882,0.0,0.32540547846484613
2026-07-12 05:00:00,SHORT,1.2249928529566927,1.2275288004528484,1.221949715961306,1.5,1.8,WIN,TP,4,-0.5593569286477876,True,-1.0,0.00169063166410377,0.4828964273916966,1.8006235215845352,0.06664528602436275,0.24850684911126375
2026-07-12 06:00:00,SHORT,1.2245683853017473,1.22704850113299,1.221592246304256,1.5,1.8,WIN,TP,5,-0.7672830496304085,True,-0.7293314156339138,0.0016534105541618255,0.7504897331476428,2.09228912107468,0.10133102082907693,0.28250059013979917
2026-07-12 07:00:00,SHORT,1.224842856087431,1.227366507871256,1.2218144739468408,1.5,1.8,WIN,TP,4,-0.4822083256406278,True,-0.881891170802354,0.0016824345225500453,0.5744038457009267,2.2193337397565402,0.07889966089035719,0.30484593858462866
2026-07-12 09:00:00,SHORT,1.2228789335644379,1.2255846693646921,1.2196320506041327,1.5,1.8,WIN,TP,18,-0.7786946176460885,True,-1.0,0.0018038238668362278,0.9472443641405237,3.381134968587227,0.13972454221468913,0.49873881918588325
2026-07-12 10:00:00,SHORT,1.2226331344703265,1.2251807186737471,1.2195760334262216,1.5,1.8,LOSS,TP,17,-0.3868373550880602,True,-1.0,0.0016983894689471337,1.150773201087834,3.446307791138934,0.15985670850650371,0.47873501005324504
2026-07-12 11:00:00,SHORT,1.2221691676731283,1.22479276890658,1.2190208461929861,1.5,1.8,WIN,TP,16,-0.6920376815941707,True,-1.0,0.0017490674889678592,1.3826955782589467,3.0811881737067015,0.19787996187767945,0.44095418249529905
2026-07-12 12:00:00,SHORT,1.2219223995733655,1.224435107259031,1.2189071503505668,1.5,1.8,WIN,SL,1,-0.641004159820295,True,-1.0,0.0016751384571103303,1.5637379630997363,0.0,0.21437348228875536,0.0
2026-07-12 13:00:00,SHORT,1.2235691881784296,1.2262636076086655,1.2203358848621466,1.5,1.8,LOSS,TP,10,-0.11059795699993497,True,-1.0,0.001796279620157239,0.566953700494519,1.947635878248993,0.08323251252241604,0.28592568931831713
2026-07-12 17:00:00,LONG,1.224408314793573,1.2218723826433042,1.2274514333738953,1.5,1.8,LOSS,SL,5,0.14842726408314694,True,0.9785353078894728,0.0016906214335124117,2.177189485116062,0.0,0.30061893274349616,0.0
2026-07-12 22:00:00,SHORT,1.2213635360857222,1.2239525067813006,1.2182567712510282,1.5,1.8,WIN,TP,5,-0.4322993145034536,True,-0.902942738908332,0.0017259804637189363,0.2574323741697775,2.655635200377882,0.03637927901219364,0.3752833893589276
2026-07-12 23:00:00,SHORT,1.2205364674529335,1.222964522413737,1.2176228014999693,1.5,1.8,WIN,TP,4,-0.04700285541047233,True,-0.849979299714419,0.0016187033072023263,0.7517770907249556,2.320688309657178,0.09970239279903821,0.30777497780685603
2026-07-13 00:00:00,SHORT,1.221046217096372,1.2235228284550403,1.2180742834659701,1.5,1.8,WIN,TP,3,-0.7623042178310409,True,-0.3959862069415905,0.0016510742391122285,0.42829958995492085,2.583927108910812,0.05791381273663024,0.3493934484651584
2026-07-13 01:00:00,SHORT,1.2216143459481918,1.224000526629807,1.2187509291302534,1.5,1.8,WIN,TP,2,-0.17525498141675427,True,-0.5001748808694211,0.001590787121076869,0.0,3.038988858429762,0.0,0.3957373579575813
2026-07-13 02:00:00,SHORT,1.2211258838230599,1.2234242435485245,1.218367852152502,1.5,1.8,WIN,TP,1,-0.38040872605489573,True,-0.946781288085152,0.0015322398169764773,0.0,2.8363198526780593,0.0,0.3558946927198129
2026-07-13 03:00:00,SHORT,1.2179347660211388,1.2204181019551523,1.2149547629003226,1.5,1.8,WIN,TP,3,-0.4033572597263048,True,-1.0,0.0016555572893423656,0.3435796249846881,2.420574434136434,0.046703302055427505,0.3290323718996943
2026-07-13 04:00:00,SHORT,1.2184889820112457,1.2207849962528157,1.2157337649213618,1.5,1.8,WIN,TP,2,-0.9830453497966127,True,-1.0,0.0015306761610466766,0.0,2.9801311048170804,0.0,0.3743665889705271
2026-07-13 05:00:00,SHORT,1.2168771729034125,1.2192738493343478,1.2140011611862902,1.5,1.8,WIN,TP,1,-0.8050737205035421,True,-1.0,0.0015977842872901668,0.0,1.8461857176645846,0.0,0.24240791073974147
2026-07-13 06:00:00,SHORT,1.2146508063205808,1.2172653465570913,1.2115133580367683,1.5,1.8,WIN,TP,11,-0.5499423266473179,True,-1.0,0.001743026824340291,0.755613619580118,2.143112382845664,0.10843073588817079,0.30753714165731405
2026-07-13 07:00:00,SHORT,1.2117694636247163,1.2144300593867703,1.2085767487102517,1.5,1.8,WIN,SL,5,-0.1655625485115566,True,-1.0,0.0017737305080359439,1.6134526546742245,0.13831512728835285,0.2361695258689536,0.02024591049359913
2026-07-13 09:00:00,SHORT,1.212614535325186,1.2153007791541999,1.2093910427303693,1.5,1.8,WIN,SL,4,-0.6993305754750267,True,-1.0,0.0017908292193426093,1.8724989334218518,0.6088829965954368,0.27653683058157175,0.08992185312800834
2026-07-13 10:00:00,SHORT,1.2116013309693547,1.2143611518715822,1.2082895458866818,1.5,1.8,WIN,SL,2,-0.8929540375913287,True,-1.0,0.0018398806014849572,1.6468258047741353,0.0,0.2500791947632337,0.0
2026-07-13 11:00:00,SHORT,1.2132226502020447,1.216062566703486,1.2098147504003152,1.5,1.8,WIN,TP,28,-0.059789557921620384,True,-0.6090359776983139,0.0018932776676274957,1.4499779790574345,1.814320461158937,0.22627428904693744,0.28313124639238996
2026-07-13 12:00:00,LONG,1.213869857687517,1.2111671668133093,1.2171130867365665,1.5,1.8,WIN,SL,5,1.0,True,0.7878847009848795,0.0018017939161385024,1.6397845010733498,1.164397005693627,0.24339954724971455,0.1728359451008585
2026-07-13 13:00:00,LONG,1.2157985144478987,1.2130571628255404,1.2190881363947286,1.5,1.8,WIN,SL,2,0.8320821899903553,True,1.0,0.0018275677482388261,1.690763418237549,0.0,0.25415269523307144,0.0
2026-07-13 14:00:00,LONG,1.2140551411451914,1.2111796745378507,1.2175057010740005,1.5,1.8,WIN,SL,3,0.0252372805354239,True,0.4996541954672635,0.0019169777382272038,1.6379100982102042,0.10877441447622097,0.25862393634977365,0.01717534269843163
2026-07-13 15:00:00,LONG,1.2133031976421742,1.2103368765596396,1.2168627829412157,1.5,1.8,WIN,SL,24,1.0,True,0.5769874697875572,0.001977547388356379,1.7777373487283619,0.8837131219304029,0.2897511403574302,0.1440352732710036
2026-07-13 16:00:00,SHORT,1.212555478010893,1.21558265611835,1.2089228642819443,1.5,1.8,WIN,TP,25,-0.10913010727015166,True,-0.6303399868216515,0.002018118738304756,1.2364506410099045,1.9152798494244114,0.20578886928162465,0.31876992214505445
2026-07-13 17:00:00,SHORT,1.2114712490708037,1.2142085255906787,1.2081865172469537,1.5,1.8,WIN,SL,6,-0.7262702245055705,True,-0.9779325208561248,0.0018248510132500284,1.9615481602112392,0.6160570262555126,0.29546992142369904,0.09279727351717512
2026-07-13 19:00:00,SHORT,1.211212849955524,1.2137816632426783,1.2081302740109388,1.5,1.8,WIN,SL,4,-0.7179621566583494,True,-0.9139292264773947,0.0017125421914362551,2.24107311467828,0.5055718788313386,0.3168668713447802,0.07148315618796137
2026-07-13 20:00:00,SHORT,1.2107471499492817,1.21314832997996,1.2078657339124677,1.5,1.8,WIN,SL,3,-0.6268207522615894,True,-0.8809883933260128,0.0016007866871188428,2.688448313477731,0.0,0.35545260374162657,0.0
2026-07-13 22:00:00,LONG,1.211488805800193,1.2091781037317075,1.2142616482823754,1.5,1.8,WIN,TP,1,0.19013613605844829,True,0.3952154628504494,0.0015404680456569478,0.0,2.3122689421265985,0.0,0.2940164532480612
2026-07-13 23:00:00,LONG,1.2149927277269754,1.2124249386684793,1.2180740745971708,1.5,1.8,WIN,SL,2,0.5111021396014301,True,1.0,0.0017118593723307596,1.7523392542070615,0.0,0.24689517125171934,0.0
2026-07-14 00:00:00,LONG,1.2139858184896102,1.2114630150567023,1.2170131826090995,1.5,1.8,WIN,SL,3,0.5033263315936214,True,0.9834377622015645,0.0016818689552718924,1.60462913045327,0.3008042437820752,0.22230703836326438,0.041673742108498966
2026-07-14 01:00:00,LONG,1.2125931433006014,1.2100669334172203,1.2156245951606588,1.5,1.8,WIN,SL,14,0.6279493667568414,True,0.5872107779915864,0.0016841399222541037,1.665838730212871,1.1273341859260395,0.2313641244871443,0.15657259145240063
2026-07-14 04:00:00,SHORT,1.2135012415692261,1.2160039006004677,1.2104980507317362,1.5,1.8,WIN,TP,6,-0.3058807900717763,True,-0.43763955389524195,0.0016684393541611029,0.06285741813704601,1.8217938742729751,0.00864224827534507,0.2504779138978128
2026-07-14 05:00:00,SHORT,1.2132518069627474,1.215661383696346,1.2103603148824293,1.5,1.8,LOSS,TP,10,-0.43770792929098284,True,-0.42391823906359616,0.0016063844890656296,0.26121883465328233,2.15650063562896,0.03458621547733796,0.2855276334108027
2026-07-14 07:00:00,SHORT,1.2113475649484169,1.213743135946308,1.2084728797509476,1.5,1.8,WIN,TP,23,-1.0,True,-0.5594884928973306,0.0015970473319273845,1.455097699430599,1.926993127135208,0.19184088578807448,0.25405584007301335
2026-07-14 10:00:00,SHORT,1.2111209782076489,1.2136443001059647,1.2080929919296697,1.5,1.8,WIN,SL,1,-0.12477449483543193,True,-0.7487819164873876,0.0016822145988772646,1.5161244237444802,0.0,0.2105856215216236,0.0
2026-07-14 16:00:00,SHORT,1.2107117287149665,1.2130822233815666,1.2078671351150463,1.5,1.8,WIN,TP,15,-0.703491347517823,True,-0.8257473620438242,0.0015803297777334008,0.9849543517677387,1.9826096952656547,0.1285650956284004,0.25878803886510376
2026-07-14 17:00:00,SHORT,1.2091626041941426,1.2115569311795336,1.2062894118116734,1.5,1.8,WIN,SL,1,-0.7115589045743702,True,-0.9041906006311282,0.0015962179902606463,1.8451776952276726,0.0,0.24358227935051074,0.0
2026-07-14 19:00:00,SHORT,1.2095352968468525,1.2121016815415497,1.2064556352132159,1.5,1.8,WIN,SL,4,-0.8627813124490882,True,-1.0,0.0017109231297981634,1.5973742550567236,0.3597882473654961,0.2259532704043693,0.05089310215682874
2026-07-14 20:00:00,SHORT,1.2093985956002,1.2119270737171561,1.2063644218598526,1.5,1.8,WIN,SL,3,-0.007344577989664786,True,-0.30161717528867205,0.0016856520779707784,1.7024188111390588,0.0,0.2372820521714704,0.0
2026-07-14 22:00:00,LONG,1.2114808605225278,1.208934867242014,1.2145360524591444,1.5,1.8,WIN,SL,6,0.26942131303797046,True,0.7190318465002902,0.0016973288536759057,1.6043715392584963,0.46391769193106513,0.22477830185656775,0.06499655998739441
2026-07-14 23:00:00,LONG,1.2109389373725052,1.2083119843526735,1.2140912809963034,1.5,1.8,WIN,SL,7,0.4209470899354751,True,0.49080393943033673,0.0017513020132211724,1.5239356982826653,0.6612377086719845,0.22039688163079152,0.09563049751523292
2026-07-15 00:00:00,LONG,1.2106796884737212,1.2081344940964454,1.2137339217264522,1.5,1.8,WIN,SL,7,0.3832901419528777,True,0.784559858191023,0.0016967962515171964,1.8276424732981984,0.8352657709679498,0.25614842037331437,0.11706447565712189
2026-07-15 04:00:00,SHORT,1.2092940930626483,1.211756958689986,1.206338654309843,1.5,1.8,WIN,TP,4,-0.21440946247936646,True,-0.7179099520580543,0.001641910418225098,0.6722742879592823,2.57013139541815,0.09127756131758606,0.34895775465644757
2026-07-15 06:00:00,SHORT,1.2089744174150743,1.2114267824119167,1.2060315794188632,1.5,1.8,WIN,TP,2,-0.15647513670898305,True,-0.4448379852556837,0.0016349099978949985,0.0,2.385605245421523,0.0,0.3226081388148461
2026-07-15 07:00:00,SHORT,1.2078784467109003,1.210263778098657,1.2050160490455923,1.5,1.8,WIN,TP,14,-0.21588267750250623,True,-1.0,0.0015902209251710423,0.2838017830935296,2.415304619451781,0.03736365486983496,0.31798464133318505
2026-07-15 08:00:00,SHORT,1.2068711125846014,1.2092413339720272,1.2040268469196904,1.5,1.8,WIN,SL,28,-0.9971623815713828,True,-1.0,0.0015801475916172075,1.5582785597211999,1.7932083276573438,0.2040242812622278,0.23478346533189076
2026-07-15 09:00:00,SHORT,1.2057618742832088,1.2081120307714097,1.2029416864973677,1.5,1.8,WIN,SL,8,-0.6398593851040579,True,-1.0,0.0015667709921339495,1.6389631762777253,0.25456596737609605,0.21296742056089576,0.03307838651860572
2026-07-15 11:00:00,SHORT,1.2058504997039228,1.2079541127261457,1.2033261640772552,1.5,1.8,WIN,SL,6,-0.114959351301884,True,-1.0,0.0014024086814820194,1.7678545304166924,0.3475962466719849,0.2056021489946249,0.04042557465482231
2026-07-15 12:00:00,SHORT,1.2062785339277677,1.2084762435085874,1.203641282430784,1.5,1.8,WIN,SL,24,-0.11336119935815622,True,-0.606905297720839,0.001465139720546468,2.0850494510560953,1.529516353939358,0.2532490369449633,0.18577427189101853
2026-07-15 17:00:00,LONG,1.2075503761554185,1.2053905390031385,1.2101421807381545,1.5,1.8,WIN,SL,4,0.5442815484494938,True,0.49110562866531,0.001439891434853299,2.4396265621168958,0.5033451533098146,0.29090276152426137,0.060019224815548534
2026-07-15 22:00:00,SHORT,1.205088527650299,1.2069167532385037,1.2028946569444534,1.5,1.8,WIN,SL,4,-0.5824689136406358,True,-1.0,0.0012188170588031122,1.8851618208205143,0.00788444074802639,0.19066378387158062,0.0007974261361158309
2026-07-15 23:00:00,SHORT,1.2057201653057767,1.2074864956173414,1.2036005689318992,1.5,1.8,WIN,SL,8,-0.8016949792348804,True,-0.9377881591370548,0.0011775535410430812,1.770055506882791,0.5326697665463318,0.17287055404303026,0.052022615848359086
2026-07-16 00:00:00,SHORT,1.205486491143798,1.2072967612744299,1.2033141669870395,1.5,1.8,WIN,SL,2,-0.46586473251935545,True,-0.5186263251962465,0.0012068467537546454,1.574105317357988,0.19748970119426157,0.15758815269003335,0.01977125472058391
2026-07-16 02:00:00,LONG,1.207051437456025,1.2052461519063946,1.2092177801155817,1.5,1.8,WIN,SL,4,0.48233703490715174,True,0.9681358996706653,0.0012035236997536916,1.6273209413760241,0.3218862940067204,0.162256492082831,0.03209455466781516
2026-07-16 03:00:00,LONG,1.206696203031654,1.2049156155373613,1.2088329080248053,1.5,1.8,LOSS,TP,9,0.6500881330134016,True,0.5092888842230041,0.0011870583295284787,1.3506369955023654,2.221642863335333,0.1328656617674253,0.2185487664197554
2026-07-16 04:00:00,LONG,1.2073487640193137,1.205578375849624,1.2094732298229414,1.5,1.8,WIN,SL,2,0.3515444485598201,True,0.6610033272331955,0.0011802587797931086,1.911314638757097,0.0,0.18684293640475133,0.0
2026-07-16 12:00:00,LONG,1.2090500035244334,1.206883811380487,1.211649434097169,1.5,1.8,WIN,TP,2,0.3556153332854589,True,1.0,0.0014441280959642336,0.085981576933941,1.893745461965269,0.010269915274278,0.22619503083054618
2026-07-16 13:00:00,LONG,1.210047745442973,1.2078119337886302,1.2127307194281844,1.5,1.8,WIN,SL,9,0.5384978252175205,True,1.0,0.0014905411028952756,1.692592325618184,1.4996615439603431,0.20849412275508475,0.18472884066950457
2026-07-16 14:00:00,LONG,1.2106328244745963,1.2083051019987783,1.213426091445578,1.5,1.8,WIN,SL,7,0.36192909883187985,True,1.0,0.0015518149838786538,1.7970090960056828,1.0634180989516853,0.23034445993632222,0.13631120078023345
2026-07-16 15:00:00,LONG,1.2108418966462267,1.2084611140488812,1.2136988357630412,1.5,1.8,WIN,SL,6,1.0,True,1.0,0.0015871883982302912,1.8886843025822437,0.907993008301666,0.2475713651205156,0.11902098634366046
2026-07-16 16:00:00,LONG,1.211793589582292,1.209396397037484,1.2146702206360618,1.5,1.8,WIN,SL,5,0.31512416173201263,True,1.0,0.0015981283632054025,2.4712600314045883,0.30627266473361203,0.32591282731615295,0.04039161756533169
2026-07-16 17:00:00,LONG,1.2122042032777072,1.209838011800898,1.215043633049878,1.5,1.8,WIN,SL,4,0.1835493169249217,True,1.0,0.0015774609845393694,2.7639380543740515,0.0,0.3596757404956692,0.0
2026-07-16 18:00:00,LONG,1.2119468286932806,1.2096102011969099,1.2147507816889256,1.5,1.8,WIN,SL,3,0.5917436404037766,True,0.698205624986162,0.001557751664247193,2.633686712839969,0.08781014970180835,0.33851566445828574,0.011286502311596463
2026-07-16 21:00:00,SHORT,1.2086697577015304,1.2110684634376714,1.2057913108181613,1.5,1.8,WIN,TP,7,-0.6806430867622183,True,-1.0,0.0015991371574273533,0.30085850399640385,1.8172979214867486,0.039805249515266004,0.24043859903397968
2026-07-16 22:00:00,SHORT,1.2081913084411238,1.210525127722603,1.2053907253033487,1.5,1.8,WIN,TP,12,-1.0,True,-1.0,0.0015558795209861412,0.6167336611430565,2.401151979212929,0.07942146798865574,0.30921453954614264
2026-07-16 23:00:00,SHORT,1.2075952017386835,1.209896021374261,1.2048342181759903,1.5,1.8,WIN,TP,11,-0.13378354326676695,True,-1.0,0.0015338797570517387,1.0142059496930123,2.046963899456802,0.1288237957119826,0.26000405469248566
2026-07-17 00:00:00,SHORT,1.2090097467379102,1.2113260407228803,1.206230193955946,1.5,1.8,WIN,TP,4,-0.23943172702348686,True,-1.0,0.0015441959899800287,0.0913905860425835,2.1021280263697046,0.011672774092157537,0.26849226629505585
2026-07-17 01:00:00,SHORT,1.2089232299026955,1.2111394021761364,1.2062638231745666,1.5,1.8,WIN,TP,3,-0.627741894719258,True,-0.9915507975890586,0.0014774481822938629,0.0,2.138539186277625,0.0,0.2613549607930343
2026-07-17 05:00:00,SHORT,1.2069408800050783,1.2089291365527366,1.2045549721478883,1.5,1.8,WIN,TP,5,-0.7950258601621965,True,-0.9673007385518569,0.0013255043651055262,0.9330086849433642,1.8751162354635924,0.1024662520809298,0.20593177315998906
2026-07-17 06:00:00,SHORT,1.2067451354418537,1.2087272219516405,1.2043666316301096,1.5,1.8,WIN,TP,20,-0.6149471608224828,True,-0.8578574252330138,0.0013213910065245557,1.1731188484756385,2.026492529329134,0.1284570080651338,0.22190178558824156
2026-07-17 10:00:00,SHORT,1.2047818107755897,1.2070003651643904,1.2021195455090288,1.5,1.8,WIN,SL,6,-0.23734480388998305,True,-0.5947305058576557,0.0014790362592004755,2.355538863371155,0.0,0.2891749657673701,0.0
2026-07-17 11:00:00,SHORT,1.2054514407873427,1.2074431827728063,1.2030613504047862,1.5,1.8,WIN,SL,5,-0.47922902064601625,True,-0.43009376596733273,0.0013278279903091242,2.119474357874933,0.06302489859068745,0.23346418461208446,0.006942314024731603
2026-07-17 15:00:00,LONG,1.2067910546784417,1.2048650269413292,1.2091022879629767,1.5,1.8,WIN,SL,6,1.0,True,0.6105677855001943,0.0012840184914083722,1.5349696789293532,1.171501399268954,0.1633198592130458,0.12464705083291593
2026-07-17 16:00:00,LONG,1.2081783766228025,1.2063494920104585,1.2103730381576154,1.5,1.8,WIN,SL,3,0.22428986146584773,True,0.9725813552203222,0.001219256408229365,2.3367505020769452,0.09588427358043775,0.23581766394913717,0.009676345585504982
2026-07-17 17:00:00,LONG,1.2076798733515133,1.2058621475693376,1.2098611442901241,1.5,1.8,WIN,SL,2,0.4286720237450704,True,0.6519131075673628,0.001211817188117137,1.9397271930542144,0.5078412753467861,0.19463723828385182,0.05095810569341488
2026-07-17 18:00:00,LONG,1.2078716824606426,1.206116914992843,1.209977403422002,1.5,1.8,WIN,SL,1,0.21552363902956112,True,0.510009461012674,0.0011698449785331189,2.1732827071827554,0.0,0.21048625436365015,0.0
2026-07-17 20:00:00,SHORT,1.20558617146429,1.2074826392781377,1.2033104100876728,1.5,1.8,WIN,TP,8,-0.302450480586047,True,-0.4365086046810341,0.0012643118758984512,1.2830435211440538,1.9658498032661231,0.13455422760089633,0.20616089594684053
2026-07-17 21:00:00,SHORT,1.2052326421155968,1.2071126423443617,1.202976641841079,1.5,1.8,WIN,SL,1,-0.42539255674457416,True,-1.0,0.0012533334858432696,1.5763534064047215,0.0,0.16392656826005944,0.0
2026-07-17 22:00:00,SHORT,1.2068233569990519,1.208732056303558,1.2045329178336444,1.5,1.8,WIN,TP,4,-0.17294583174868705,True,-0.4820126552041701,0.0012724662030041253,0.0,2.1658811477556767,0.0,0.2283690106144547
2026-07-17 23:00:00,SHORT,1.2060839761302395,1.208055987668565,1.2037175622842489,1.5,1.8,WIN,TP,5,-0.3496552730904976,True,-0.6390712842122904,0.0013146743588836923,0.0,2.2691945714866852,0.0,0.2473502656111456
2026-07-18 02:00:00,SHORT,1.204949285592319,1.206827893395122,1.2026949562289553,1.5,1.8,WIN,TP,6,-0.03759915135531683,True,-0.36430934553768235,0.0012524052018687084,0.37690230454169465,2.2878675152604653,0.03917462854648557,0.23779732570986378
2026-07-18 03:00:00,SHORT,1.2050100231563354,1.206814947040482,1.2028441144953594,1.5,1.8,WIN,TP,5,-0.2792463467789196,True,-0.6866543164720176,0.0012032825894310634,0.0,2.4317436045498084,0.0,0.24282575954436675
2026-07-18 04:00:00,SHORT,1.2034357462550134,1.205322443207262,1.201171709912315,1.5,1.8,WIN,TP,18,-0.6813613177131915,True,-1.0,0.0012577979681657509,1.2197753285682054,2.8834600299698128,0.12748756505415365,0.3013713177682732
2026-07-18 05:00:00,SHORT,1.2041629290693543,1.2061583649827698,1.2017684059732556,1.5,1.8,WIN,TP,10,-0.36825617708154906,True,-0.5751351183279722,0.001330290608943693,0.6066705350883514,1.8342676137089688,0.06702150482033291,0.20263943706458845
2026-07-18 06:00:00,SHORT,1.2034235732598908,1.2054017768897345,1.2010497289040785,1.5,1.8,WIN,TP,16,-0.17199276634660612,True,-0.6772392443389883,0.001318802419895729,1.1725819589689854,2.7408481492977574,0.12850038501617517,0.30036283584416684
2026-07-18 08:00:00,SHORT,1.2027000084223374,1.2048983457990545,1.2000620035702767,1.5,1.8,WIN,TP,14,-0.025757456377498766,True,-0.7985203420420144,0.0014655582511447734,1.4193297056847038,1.9726765087971905,0.17295338377769875,0.2403818337125982
2026-07-18 12:00:00,SHORT,1.203690466726695,1.2056977079209983,1.2012817772935311,1.5,1.8,WIN,TP,10,-0.27778617315480925,True,-0.43952886057853463,0.001338160796202145,0.2187659891664544,2.9006459086838015,0.02432054405490292,0.32246916844163515
2026-07-18 14:00:00,SHORT,1.2021078429940142,1.2041807162927,1.199620395035591,1.5,1.8,WIN,TP,13,-0.11556973094333864,True,-0.5698725451693303,0.0013819155324573198,1.090780266316159,3.553420605998522,0.12539359104137696,0.40849306136734953
2026-07-18 15:00:00,SHORT,1.2022833002154572,1.2044119089958785,1.1997289696789515,1.5,1.8,WIN,TP,12,-0.2354344060318504,True,-0.9375711104672141,0.0014190725202808871,0.9385771002130552,3.584020039525196,0.11078162450052995,0.42302711426789197
2026-07-18 16:00:00,SHORT,1.20192069555094,1.204078700456982,1.1993310896636897,1.5,1.8,WIN,TP,11,-0.6631243505235618,True,-0.6800539653352144,0.0014386699373612557,1.1778334916084816,3.2831572851049775,0.14098381381290945,0.39298596847473466
2026-07-18 20:00:00,LONG,1.2028930851846735,1.2007332777210005,1.2054848541410812,1.5,1.8,WIN,SL,2,0.18158163733365207,True,0.38498967276637786,0.0014398716424486788,2.1419611343955394,0.0,0.2563942826365028,0.0
2026-07-18 22:00:00,SHORT,1.2005075574605173,1.202636316733641,1.197953046332769,1.5,1.8,WIN,TP,5,-0.4523018926234021,True,-1.0,0.0014191728487490713,1.0566104797461087,2.3325147449122756,0.12490657765881863,0.2757368393655644
2026-07-18 23:00:00,SHORT,1.2007528094897035,1.2028604264311002,1.1982236691600274,1.5,1.8,WIN,TP,4,-0.39490917422703087,True,-0.9512912634299361,0.0014050779609311448,0.8926628345533023,2.5304600337737706,0.10445620992602185,0.2961053762583842
2026-07-19 00:00:00,SHORT,1.201092781595094,1.203144478130614,1.19863074575247,1.5,1.8,WIN,TP,3,-0.16780376294952695,True,-0.5714211958818894,0.0013677976903466885,0.6684385976342262,2.8479838483100073,0.07612141076798963,0.3243267955278013
2026-07-19 01:00:00,SHORT,1.2014991005011844,1.2035237969832948,1.1990694647226516,1.5,1.8,WIN,TP,2,-0.04224707594978644,True,-0.34928745853750076,0.001349797654740351,0.0,3.186984820166197,0.0,0.3580347779002928
2026-07-19 03:00:00,SHORT,1.197349452083374,1.1995906838205346,1.1946599739987815,1.5,1.8,WIN,TP,9,-0.7425938422446772,True,-1.0,0.0014941544914403185,0.8126350178187702,1.9510253128108044,0.10140750970093994,0.2434655337234855
2026-07-19 04:00:00,SHORT,1.1979609977222625,1.20014847081135,1.1953360300153577,1.5,1.8,WIN,TP,3,-0.727544544805171,True,-1.0,0.0014583153927248643,0.17193180538137567,1.9307233915625583,0.02092979644273575,0.23503299743172515
2026-07-19 05:00:00,SHORT,1.1976866861545545,1.1997567111044989,1.1952026562146214,1.5,1.8,WIN,TP,2,-0.3034508308471575,True,-1.0,0.0013800166332961692,0.0,1.8414937994129794,0.0,0.21218337839765647
2026-07-19 06:00:00,SHORT,1.1961052338599023,1.19821790218761,1.193570031866653,1.5,1.8,WIN,SL,3,-0.5395944575947142,True,-1.0,0.0014084455518052089,1.7454849298905408,0.6814887358756688,0.20553546758706928,0.08024710129826795
2026-07-19 07:00:00,SHORT,1.1952275799532843,1.1973173040688194,1.1927199110146423,1.5,1.8,LOSS,SL,1,-0.16240201788251685,True,-1.0,0.0013931494103566994,1.9772369449186395,0.0,0.2304654385616292,0.0
2026-07-19 13:00:00,SHORT,1.1947580380133882,1.1969104903402767,1.1921750952211219,1.5,1.8,WIN,TP,8,-0.5215022473742236,True,-1.0,0.00143496821792569,0.2130195755559175,2.991680269646956,0.025584788801842444,0.3593167795110188
2026-07-19 14:00:00,SHORT,1.1944724843054046,1.1966360406686438,1.1918762166695176,1.5,1.8,LOSS,TP,7,-0.3396537540456288,True,-1.0,0.0014423709088261358,0.0,2.7783508199126064,0.0,0.3354964178589286
2026-07-19 15:00:00,SHORT,1.1938812436053345,1.1960419152360238,1.1912884376485076,1.5,1.8,WIN,TP,6,-0.3012178439974388,True,-1.0,0.0014404477537928015,0.2618652443943252,2.371604029434637,0.031594700486717926,0.28613999217952163
2026-07-19 16:00:00,SHORT,1.1937244419325315,1.195870046600127,1.1911497163314166,1.5,1.8,WIN,TP,5,-0.6603645545287768,True,-1.0,0.0014304031117304192,0.1285347612980674,2.2786373977745384,0.01540192326368347,0.2730420782040268
2026-07-19 17:00:00,SHORT,1.1934420274644633,1.195261093691933,1.1912591479914996,1.5,1.8,WIN,TP,4,-0.5373125207125294,True,-0.46922164630996577,0.0012127108183131055,0.3844865433319663,2.454794260312429,0.03906942942047264,0.2494428290361548
2026-07-19 18:00:00,SHORT,1.193830431447886,1.1956226221416266,1.1916798026153974,1.5,1.8,LOSS,TP,3,-0.27392846922075786,True,-0.46029092843408403,0.0011947937958270507,0.0,2.816686487149883,0.0,0.2818959419182369
2026-07-19 19:00:00,SHORT,1.1923903640315403,1.1942787949834153,1.1901242468892903,1.5,1.8,WIN,TP,3,-1.0,True,-0.8541325932385936,0.0012589539679166587,0.6825865273981682,3.3835232849065284,0.07206910111290081,0.35724039656519785
2026-07-19 20:00:00,SHORT,1.1929958987928149,1.1947734704270794,1.1908628128316976,1.5,1.8,WIN,TP,1,-0.2272481498198415,True,-0.5028966549114138,0.0011850477561762749,0.0,2.135632822707061,0.0,0.21214045137341503
2026-07-19 21:00:00,SHORT,1.1907563412304283,1.1927022329117551,1.1884212712128361,1.5,1.8,WIN,TP,1,-0.6222314225408491,True,-1.0,0.0012972611208845583,0.0,2.024015999314847,0.0,0.22050499947338528
2026-07-19 22:00:00,SHORT,1.1882149456510178,1.190147025630203,1.1858964496759956,1.5,1.8,WIN,SL,2,-0.24149748665219584,True,-1.0,0.001288053319456742,2.075670560192241,0.0,0.2250076356083378,0.0
2026-07-19 23:00:00,SHORT,1.1892198744758462,1.1911212017141999,1.1869382817898217,1.5,1.8,WIN,TP,4,-1.0,True,-1.0,0.0012675514922357697,1.3164321453975993,1.9008375011924574,0.14031429899044745,0.20260419984960049
2026-07-20 00:00:00,SHORT,1.189656239562131,1.1916160543775014,1.1873044617836865,1.5,1.8,WIN,TP,3,-0.4980964070598088,True,-1.0,0.0013065432102469243,0.34738546672422815,2.1780944366021,0.038151703642898854,0.23920981564107116
2026-07-20 01:00:00,SHORT,1.189779913869039,1.1916768538581546,1.1875035858821004,1.5,1.8,WIN,TP,1,-0.02713271458485822,True,-1.0,0.0012646266594103744,0.0,1.9316765042378534,0.0,0.20531945245839098
2026-07-20 02:00:00,SHORT,1.1875590335931048,1.189444062157458,1.185296999315881,1.5,1.8,WIN,TP,3,-0.2973796016146944,True,-1.0,0.0012566857095687803,0.11004815943697464,2.488389798984386,0.011645395758589068,0.2633236590149891
2026-07-20 04:00:00,SHORT,1.1871938950817986,1.1891425711105357,1.184855483847314,1.5,1.8,WIN,TP,1,-0.36909418233672836,True,-0.9420284782514253,0.0012991173524914412,0.0,2.1260476458245545,0.0,0.23264821360321716
2026-07-20 05:00:00,SHORT,1.1852548397065426,1.1874043679627153,1.1826754057991353,1.5,1.8,LOSS,TP,18,-0.9984602209701978,True,-1.0,0.00143301883744846,1.4800003875095795,1.8588628699832797,0.17893775782913945,0.2247436939029141
2026-07-20 06:00:00,SHORT,1.184674941278079,1.186785399996745,1.1821423908156798,1.5,1.8,WIN,SL,4,-0.45004124806925677,True,-1.0,0.0014069724791107177,1.9195591266310967,0.08533059871222412,0.22797535164220264,0.010134240189516981
2026-07-20 07:00:00,SHORT,1.1850056226969428,1.1872210162126917,1.182347150478044,1.5,1.8,WIN,SL,3,-0.37745319198079874,True,-1.0,0.0014769290104992758,1.6047389058535928,0.0,0.20000626148405803,0.0
2026-07-20 08:00:00,SHORT,1.1862419417267525,1.1885797568775032,1.1834365635458517,1.5,1.8,WIN,TP,12,-0.5174724091013109,True,-0.3880100916881574,0.0015585434338338017,0.7274525623796269,2.153862744318327,0.09557632171325649,0.2829851583775674
2026-07-20 09:00:00,SHORT,1.1858480673468874,1.1880846019295994,1.1831642258476331,1.5,1.8,WIN,TP,11,-0.2622746829693684,True,-0.4486170599231367,0.0014910230551412765,1.0245588015019929,1.9872357086998813,0.12882264064444576,0.24986457702804418
2026-07-20 13:00:00,SHORT,1.1841265811307442,1.1862273006764412,1.1816057176759076,1.5,1.8,WIN,TP,21,-0.007233271049919832,True,-0.8558101554678486,0.0014004796971314182,1.2836461410347058,1.8084893569050167,0.15181825891481315,0.2138920506627897
2026-07-20 14:00:00,SHORT,1.1850920868376131,1.187165520269381,1.1826039667194919,1.5,1.8,WIN,TP,9,-0.4656613925132083,True,-0.5693889234492007,0.0013822889545118677,0.6020554886406881,1.8093414056638604,0.07022362744586466,0.2110412066512122
2026-07-20 15:00:00,SHORT,1.1845431667092683,1.1866599594134604,1.1820030154642376,1.5,1.8,WIN,TP,19,-0.5613818401292118,True,-0.9629494451011361,0.0014111951361281167,0.9786986540256357,2.0899577456310476,0.11659640772171996,0.24898528717541427
2026-07-20 16:00:00,LONG,1.1849073480884436,1.1829423578313045,1.1872653363970105,1.5,1.8,WIN,SL,4,0.13052079357802188,True,0.3085788535221288,0.0013099935047593706,1.5437442948231648,0.7763041552695694,0.17067115015280782,0.08582556288147339
2026-07-20 21:00:00,SHORT,1.1845280630013117,1.186464476568127,1.1822043667211337,1.5,1.8,WIN,TP,13,-0.2599539073764869,True,-0.5127809437634522,0.0012909423778767312,0.41960198233442647,2.272939945017017,0.045729771860710644,0.2477133796185988
2026-07-20 23:00:00,SHORT,1.1833585264354765,1.1853328775331555,1.1809893051182616,1.5,1.8,WIN,TP,14,-1.0,True,-0.7511231297058891,0.0013162340651193816,1.3000868098005671,2.374799870647864,0.14460693935475644,0.2641458541734905
2026-07-21 00:00:00,SHORT,1.183466985194957,1.185420119233465,1.1811232243487475,1.5,1.8,WIN,TP,13,-1.0,True,-0.6650004675994956,0.0013020893590053,1.2309138202432248,2.483893462994868,0.13542919297636655,0.27328614042711563
2026-07-21 01:00:00,SHORT,1.1833583395473837,1.1852633517881626,1.1810723248584492,1.5,1.8,LOSS,TP,12,-0.34127785792922916,True,-0.5073685801071581,0.0012700081605192062,1.3475546756053987,2.4610909572559176,0.144622755218783,0.26413010286389976
2026-07-21 02:00:00,SHORT,1.183357517445411,1.1852893019626012,1.1810393760247828,1.5,1.8,WIN,TP,11,-0.048807805034927515,True,-0.40116484287019144,0.0012878563447934319,1.3295174913410264,2.42634476287301,0.14469232767741078,0.26406081437400164
2026-07-21 04:00:00,LONG,1.1850150175202476,1.18310509634854,1.1873069229262965,1.5,1.8,WIN,SL,3,0.4816686382166505,True,0.6130297783837917,0.0012732807811382926,1.6836028122050228,0.0,0.18090058540666637,0.0
2026-07-21 06:00:00,LONG,1.1845521804411083,1.1825364315396145,1.186971079122901,1.5,1.8,WIN,SL,4,0.4363376317051994,True,0.47307553519757795,0.0013438326009958931,2.201428909371201,0.057152982028092686,0.24974433258703807,0.006483803901731262
2026-07-21 10:00:00,SHORT,1.1818802841822547,1.184011329824728,1.1793230294112866,1.5,1.8,WIN,TP,14,-0.29714819775908385,True,-0.5610718009959011,0.001420697094982223,0.8985015591024859,2.509669151696928,0.10800574067762808,0.3016785812320482
2026-07-21 11:00:00,SHORT,1.1822504105736367,1.1844529968596746,1.179607307030391,1.5,1.8,WIN,TP,12,-0.73947317767594,True,-0.8644078230110439,0.0014683908573586782,0.3909768446859561,1.945118666581512,0.048560509604495795,0.24158963625143917
2026-07-21 12:00:00,SHORT,1.1818417415430935,1.1839292041372087,1.1793367864301554,1.5,1.8,WIN,TP,12,-0.5261413230031632,True,-0.5814449655896918,0.0013916417294100552,0.7061988972805321,2.534371425838403,0.08315629920430583,0.2984271844567084
2026-07-21 13:00:00,SHORT,1.1808506124140006,1.1830182809419238,1.1782494101804926,1.5,1.8,WIN,TP,13,-0.34569074013597356,True,-1.0,0.0014451123519489168,1.3659180071015455,3.1869178457502327,0.1671595850534098,0.39001159800605195
2026-07-21 14:00:00,SHORT,1.1822654163105577,1.1844696151938547,1.1796203776506011,1.5,1.8,LOSS,TP,9,-0.5496351456836666,True,-0.8215416124485235,0.0014694659221980671,0.38047911068155066,1.9539073074333104,0.047290657371973785,0.2428558057941893
2026-07-21 15:00:00,SHORT,1.181712390628226,1.1840168130147446,1.1789470837644038,1.5,1.8,WIN,TP,9,-0.3846411545564711,True,-0.3267451726113424,0.0015362815910123942,0.6344266258015254,2.211564689071601,0.08247844008378732,0.2875137932121972
2026-07-21 16:00:00,SHORT,1.1806394668383784,1.1829167634364761,1.1779067109206611,1.5,1.8,WIN,TP,10,-0.20417693048566204,True,-0.6778924688823199,0.0015181977320651535,1.34869239537687,2.8944245371388337,0.17342989061664016,0.3721973465519818
2026-07-21 17:00:00,SHORT,1.1807102011978634,1.1829657287663693,1.1780035681156562,1.5,1.8,WIN,TP,9,-0.11794058820096422,True,-0.4638209705601787,0.0015036850456706663,1.3146685086224057,2.9694005006290705,0.16742866915387894,0.3781658804059635
2026-07-21 19:00:00,SHORT,1.1811495187979664,1.1835140557345387,1.1783120744740796,1.5,1.8,WIN,TP,7,-0.2850362248027184,True,-0.48071119117245414,0.001576357957714888,0.9753684236513978,3.111197367008772,0.13017232381311233,0.41521929691822257
2026-07-21 21:00:00,LONG,1.1822044301176362,1.1799731721573727,1.1848819396699524,1.5,1.8,WIN,SL,1,0.6692553435010897,True,0.7571364171718451,0.001487505306842369,1.7211446030843864,0.0,0.21656252215840302,0.0
2026-07-21 23:00:00,SHORT,1.1798678957148172,1.182241746415955,1.1770192748734518,1.5,1.8,WIN,TP,3,-0.6572570892903231,True,-0.5992938323543786,0.0015825671340918676,0.0,2.2891525839980087,0.0,0.30704603943494063
2026-07-22 00:00:00,SHORT,1.1795374953359894,1.181788306942649,1.1768365214079979,1.5,1.8,WIN,TP,2,-0.44768993142197977,True,-0.7625233671858889,0.001500541071106357,0.15380523561589585,2.194100067585256,0.019566234554256493,0.27912103502831787
2026-07-22 01:00:00,SHORT,1.1795701993240004,1.1817089708433177,1.1770036735008196,1.5,1.8,WIN,TP,1,-0.622144951338025,True,-1.0,0.001425847679544853,0.0,2.3319750778718045,0.0,0.28188583057163424
2026-07-22 02:00:00,SHORT,1.1764979199026606,1.178941960026384,1.1735650717541928,1.5,1.8,WIN,SL,1,-0.8158958319123337,True,-1.0,0.001629360082482188,1.8836189975188173,0.0,0.26086689600064933,0.0
2026-07-22 03:00:00,SHORT,1.1788614896497471,1.1814437858341704,1.1757627342284394,1.5,1.8,WIN,SL,1,-0.05812740378546691,True,-0.4150144669321943,0.0017215307896154552,1.5662903092095541,0.0,0.22873060291261996,0.0
2026-07-22 07:00:00,LONG,1.1830759081274815,1.1803753034786904,1.186316633706031,1.5,1.8,WIN,SL,10,0.547235281123752,True,1.0,0.0018004030991940637,2.469860166646688,1.5322357354218274,0.3758629406666532,0.23317539878870544
2026-07-22 08:00:00,LONG,1.1837535906867696,1.181110697237115,1.186925062826355,1.5,1.8,WIN,SL,7,0.4981174301467619,True,1.0,0.0017619289664363436,1.7290172993294286,1.181068843921818,0.2573513345282144,0.1757932921034724
2026-07-22 09:00:00,LONG,1.1846059761525942,1.1820865847432076,1.1876292458438582,1.5,1.8,WIN,SL,5,0.5922209280025658,True,1.0,0.0016795942729243801,1.8289545914587744,0.7314706661255577,0.25931843322536147,0.10371161098029191
2026-07-22 10:00:00,LONG,1.1844453922846696,1.181882359894024,1.1875210311534443,1.5,1.8,WIN,SL,4,0.5389179474494579,True,1.0,0.0017086882604303577,1.7038320311248798,0.45496549964845706,0.24579586431694167,0.06563360482585352
2026-07-22 11:00:00,LONG,1.1844874884368888,1.181859932733855,1.1876405552805294,1.5,1.8,WIN,SL,3,0.49623621652510824,True,1.0,0.0017517038020225608,1.6860235949350464,0.10787398013311639,0.24934108383406778,0.01595316649463743
2026-07-22 12:00:00,LONG,1.1838101452688685,1.1813100025950074,1.186810316477502,1.5,1.8,WIN,SL,3,0.15333127155839577,True,0.3862967988015201,0.0016667617825740619,1.8616699025009869,0.07230179798655774,0.26211637547271366,0.010179831130608729
2026-07-22 14:00:00,SHORT,1.1823233305330634,1.184788888169186,1.1793646613697164,1.5,1.8,WIN,TP,3,-0.7178717498946272,True,-0.9186550952776829,0.0016437050907483566,0.0,2.2474629573037355,0.0,0.3124497511626495
2026-07-22 15:00:00,SHORT,1.1810099579715247,1.183623946440125,1.1778731718092044,1.5,1.8,WIN,TP,33,-0.5519512612295147,True,-1.0,0.0017426589790668595,1.2441176287638942,2.471367299352909,0.1835778557282109,0.36466673170027597
2026-07-22 16:00:00,SHORT,1.1812009899523528,1.1835775576166174,1.1783491087552354,1.5,1.8,WIN,TP,13,-0.17558879995821197,True,-1.0,0.0015843784428430613,1.2478336756495274,1.9533285040965902,0.16737547570396819,0.2620055011811631
2026-07-22 17:00:00,SHORT,1.179248845036895,1.1815721339995506,1.1764608982817084,1.5,1.8,WIN,SL,5,-0.7433167772094227,True,-1.0,0.0015488593084370355,1.7312682006608722,0.41056087724843693,0.22738973875448093,0.053924245004151036
2026-07-22 18:00:00,SHORT,1.1796935465989375,1.181781505214609,1.1771879962601317,1.5,1.8,WIN,SL,4,-0.728026378323196,True,-1.0,0.001391972410447703,1.6069207185167091,0.7763103566839599,0.189607658056682,0.09160028056136023
2026-07-22 19:00:00,SHORT,1.1797432939800827,1.1819015688881902,1.1771533640903535,1.5,1.8,WIN,SL,3,-0.2798177166644572,True,-1.0,0.0014388499387383766,1.5199930624624811,0.7855926800713976,0.18538286557480713,0.0958132150750018
2026-07-22 20:00:00,SHORT,1.1796276293730394,1.1816459987864265,1.177205586076975,1.5,1.8,WIN,SL,2,-0.7768327259616665,True,-0.6993171475351074,0.0013455796089246424,1.7113120001056161,0.7540879527460269,0.19520622224438985,0.08601743018600527
2026-07-22 21:00:00,SHORT,1.178983636964259,1.18085563223628,1.1767372426378337,1.5,1.8,WIN,SL,1,-0.23815315783954977,True,-0.8726849894949958,0.0012479968480139738,2.36114293503216,0.0,0.24993552482356704,0.0
2026-07-22 22:00:00,LONG,1.1817667010087498,1.1796662530144189,1.184287238601947,1.5,1.8,WIN,SL,6,0.34768794387658075,True,0.9891566353013396,0.0014002986628872988,2.0891953130853658,1.007877645648583,0.2475528715546529,0.11942540929195296
2026-07-22 23:00:00,LONG,1.1831456627684767,1.180986109098426,1.1857371271725374,1.5,1.8,WIN,SL,1,0.6230001846561267,True,1.0,0.0014397024467004574,1.6353601577480774,0.0,0.19899764622702074,0.0
2026-07-23 00:00:00,LONG,1.1816881967625814,1.1794740648980666,1.1843451549999993,1.5,1.8,WIN,SL,4,0.1213990732962843,True,0.9752388868259444,0.0014760879096766028,1.9287422778763905,0.3994913231694391,0.24092591980314532,0.049901853447182544
2026-07-23 01:00:00,LONG,1.1821033648652606,1.1799531964250758,1.1846835669934823,1.5,1.8,WIN,SL,3,0.8555228799675105,True,1.0,0.001433445626789804,2.275748168586075,0.0,0.27596243754085287,0.0
2026-07-23 02:00:00,LONG,1.1813649049771104,1.1792511968648618,1.183901354711809,1.5,1.8,WIN,SL,2,0.12318589128119994,True,0.9767149724961256,0.0014091387414991244,1.7909530818091197,0.0,0.21362589671930196,0.0
2026-07-23 03:00:00,SHORT,1.1800722969536879,1.1822202355128073,1.1774947706827446,1.5,1.8,WIN,SL,13,-0.09308049939604618,True,-0.6211312109200847,0.0014319590394129872,1.611329786488481,1.435670759751909,0.19552685536250086,0.17421150613862246
2026-07-23 04:00:00,SHORT,1.1791050033421744,1.1812252478261067,1.1765607099614555,1.5,1.8,LOSS,SL,5,-0.8526387151327955,True,-1.0,0.0014134963226215863,2.113871710401642,0.7700961743680357,0.25340829533223735,0.09231816568064222
2026-07-23 06:00:00,SHORT,1.178472904654162,1.1805923361236146,1.1759295868908188,1.5,1.8,WIN,SL,3,-0.5214145345565386,True,-1.0,0.001412954312968411,2.5620422004684102,0.0,0.30718131599481013,0.0
2026-07-23 09:00:00,LONG,1.181765979802794,1.1796138062847998,1.184348588024387,1.5,1.8,WIN,SL,1,0.3672047911853613,True,1.0,0.0014347823453293757,1.5901103392429046,0.0,0.193055332516184,0.0
2026-07-23 10:00:00,LONG,1.1808748428371094,1.1785526734892124,1.1836614460545858,1.5,1.8,LOSS,SL,12,0.6574126738656786,True,0.5883938254920557,0.001548112898597988,1.91054051722774,1.0295538037683798,0.25046959345058445,0.13497328129923666
2026-07-23 11:00:00,LONG,1.1811178061081475,1.1787662512572534,1.1839396719292206,1.5,1.8,WIN,SL,11,0.07214119346746523,True,1.0,0.0015677032339294072,2.041646416094963,0.8617078941594883,0.27098869160214745,0.11437489515356909
2026-07-23 12:00:00,LONG,1.1817313656022461,1.179614861465539,1.1842711705662945,1.5,1.8,WIN,SL,7,0.24618344434436104,True,0.9119268822106873,0.0014110027578047024,1.8360927522079875,0.5225664898238307,0.21923188402724514,0.06239512462309705
2026-07-23 13:00:00,LONG,1.1814201356676148,1.1793318442290606,1.1839260853938798,1.5,1.8,WIN,SL,6,0.3179647709848559,True,0.33888848415611267,0.0013921942923694594,1.6373447404670718,0.7531798533122875,0.19294592444298198,0.08875527521938585
2026-07-23 14:00:00,SHORT,1.1802350211673813,1.1822023563307564,1.1778742189713314,1.5,1.8,WIN,SL,1,-0.5553480636809505,True,-0.4994277813441011,0.0013115567755833351,1.5043654025033388,0.0,0.16717523215459518,0.0
2026-07-23 15:00:00,LONG,1.1814284242141466,1.1793128701588658,1.1839670890804836,1.5,1.8,WIN,SL,4,0.3888424394104799,True,0.46459442560953307,0.0014103693701872841,1.6221215500074289,0.7375969503925811,0.19364614071927153,0.08805308261219584
2026-07-23 16:00:00,LONG,1.182276850938412,1.1801069933126556,1.18488068008932,1.5,1.8,WIN,SL,3,0.23544407201032888,True,0.3686455130076268,0.0014465717505043013,2.168034369552215,0.13262903968982007,0.2652692785642651,0.016227791482132457
2026-07-23 20:00:00,SHORT,1.1799991515652353,1.1821963558510604,1.177362506422245,1.5,1.8,WIN,TP,4,-0.1635845530336565,True,-0.7899365642510752,0.0014648028572168087,0.0,2.2500939237396946,0.0,0.27931748968870945
2026-07-23 21:00:00,SHORT,1.1792115515841275,1.181315420099849,1.1766869093652617,1.5,1.8,WIN,TP,4,-0.42471084618587507,True,-0.9265069313183187,0.0014025790104810673,0.027812686593881253,2.8664606386971183,0.0033080994151780067,0.3409428546392514
2026-07-23 22:00:00,SHORT,1.1784048085070191,1.1805333271851215,1.1758505860932962,1.5,1.8,WIN,TP,3,-0.6365037394117226,True,-1.0,0.0014190124520683087,0.5960149019956077,2.2647401327692207,0.0717709705055911,0.2727156598393341
2026-07-23 23:00:00,SHORT,1.1787253944133422,1.1807799786916622,1.1762598932793582,1.5,1.8,WIN,TP,2,-0.8316207574882651,True,-1.0,0.0013697228522132937,0.0,2.5802886691351716,0.0,0.2998391628934491
2026-07-24 00:00:00,SHORT,1.1771226405015065,1.1791494452742624,1.1746904747741995,1.5,1.8,WIN,TP,5,-0.40121920237755515,True,-1.0,0.0013512031818372666,0.25678919462023264,1.8636418645083375,0.029476484853308147,0.2139249327543266
2026-07-24 01:00:00,SHORT,1.1756324985876714,1.1777281508293267,1.1731177158976849,1.5,1.8,WIN,TP,12,-0.7617574380432581,True,-1.0,0.0013971014944369159,1.3149483398182413,2.5762229791976,0.15626620503213368,0.30615391957636334
2026-07-24 02:00:00,SHORT,1.176362372040079,1.178561013487081,1.1737240023036768,1.5,1.8,WIN,TP,4,-0.13761395718422703,True,-1.0,0.0014657609646678996,0.7554047794624974,1.9455681482112936,0.09412429915957632,0.2424200155946645
2026-07-24 05:00:00,SHORT,1.175577596256356,1.1776943296261693,1.1730375162125801,1.5,1.8,WIN,TP,8,-0.20899398420762783,True,-0.5865264306604406,0.00141115557987551,0.6854286957430383,2.5116597301318997,0.08227840779586072,0.3014979746306206
2026-07-24 06:00:00,SHORT,1.1743495082920423,1.1765229632696776,1.17174136231888,1.5,1.8,WIN,SL,3,-0.3957665409929132,True,-0.5489471986868008,0.0014489699850901744,1.5151000472805352,0.3212758408352578,0.18694047022773172,0.039640588003646476
2026-07-24 07:00:00,SHORT,1.1740264655129042,1.1761597416083038,1.171466534198425,1.5,1.8,WIN,SL,2,-0.5663659889745588,True,-0.9545904295467235,0.001422184063599666,1.770781529981471,0.0,0.21450770881524067,0.0
2026-07-24 08:00:00,SHORT,1.174243299290792,1.1763680800808276,1.1716935623427494,1.5,1.8,WIN,SL,1,-0.5801372144937116,True,-0.9382218793060707,0.001416520526690406,1.62478654618993,0.0,0.19600226763554957,0.0
2026-07-24 09:00:00,SHORT,1.1758041484361665,1.1778984562546662,1.173290979053967,1.5,1.8,WIN,TP,4,-0.13718473682029164,True,-0.42317279663804747,0.001396205212333095,0.0,2.7008170356516477,0.0,0.3207077324697471
2026-07-24 13:00:00,SHORT,1.173007608166051,1.1752310011732072,1.1703395365574634,1.5,1.8,WIN,SL,3,-0.7142358225307401,True,-0.5865352467413452,0.001482262004770894,2.1422756700042833,0.5170225518823556,0.2707070105331275,0.06533315546546886
2026-07-24 14:00:00,SHORT,1.1726110233841218,1.174703617722525,1.170099910178038,1.5,1.8,WIN,SL,1,-0.6222262779385705,True,-1.0,0.0013950628922687772,1.7478005653399953,0.0,0.2079369597563033,0.0
2026-07-24 20:00:00,LONG,1.174921884527429,1.1727029084737919,1.1775846557917935,1.5,1.8,WIN,TP,4,0.2692106244756437,True,0.30105461948401246,0.0014793173690914438,1.2934820835932288,2.7987779928819565,0.16285938138242106,0.3523877588480233
2026-07-24 23:00:00,LONG,1.1763734173145797,1.174051777993076,1.179159384500384,1.5,1.8,WIN,TP,3,0.42123673698762826,True,1.0,0.0015477595476691061,0.0,2.2057574600018035,0.0,0.29021245450730876
2026-07-25 00:00:00,LONG,1.1781486163402586,1.1756772245718587,1.1811142864623383,1.5,1.8,WIN,TP,4,0.11118522811808934,True,1.0,0.0016475945122665608,0.7284905476508771,1.810862263845743,0.10187653848595642,0.2532419668454773
2026-07-25 01:00:00,LONG,1.177809059914776,1.1752732979925684,1.180851974221425,1.5,1.8,WIN,TP,3,0.47034525166917907,True,1.0,0.001690507948138393,0.0,1.9657542323447674,0.0,0.2821444720510105
2026-07-25 02:00:00,LONG,1.1789456201252273,1.1762625022441222,1.1821653615825536,1.5,1.8,WIN,TP,15,0.10035505391316768,True,1.0,0.0017887452540701185,1.2653405581601938,1.8531459448401373,0.19198272418630016,0.2811669984897169
2026-07-25 03:00:00,LONG,1.1804868812549776,1.1778758617232308,1.1836201046930737,1.5,1.8,WIN,SL,8,0.40702273357393104,True,1.0,0.00174067968783114,2.185716921119633,0.370718299394808,0.32229354754853784,0.05466403938160025
2026-07-25 04:00:00,LONG,1.180631239874826,1.1780369450717842,1.183744393638476,1.5,1.8,WIN,SL,7,0.48108270548251886,True,1.0,0.0017295298686944571,2.283274628134108,0.09010578225398021,0.33448138033420605,0.01319977284074411
2026-07-25 06:00:00,LONG,1.1798244508431568,1.177638855179308,1.1824471656397753,1.5,1.8,WIN,SL,5,0.6724879559842805,True,0.5119825892158287,0.001457063775899143,2.156530611834024,0.6606640624398911,0.2663279807326768,0.08159092420330799
2026-07-25 08:00:00,SHORT,1.1781450434174536,1.1804725449057965,1.1753520416314422,1.5,1.8,WIN,SL,5,-0.3953361574093008,True,-0.6790967941161846,0.001551667658895203,1.587753540240691,0.9427245596259513,0.20911396541986638,0.1241608763361318
2026-07-25 09:00:00,SHORT,1.1784716085699776,1.1808283143391698,1.175643561646947,1.5,1.8,WIN,SL,8,-0.29435022628450896,True,-0.9090004000565277,0.0015711371794614776,2.4115128956979213,1.1388950540620968,0.3215026600241454,0.15183737562528624
2026-07-25 11:00:00,SHORT,1.1769708207772285,1.1794359144716398,1.1740127083439351,1.5,1.8,WIN,SL,2,-0.7195111591973735,True,-0.9637305145710476,0.0016433957962741338,2.213641088264146,0.0,0.3090890950474599,0.0
2026-07-25 12:00:00,SHORT,1.1787376010333852,1.181363921613999,1.1755860163366487,1.5,1.8,WIN,SL,5,-0.9814622626991264,True,-0.45741336881451566,0.0017508803870758577,2.0120307085383704,0.0,0.29886423430335607,0.0
2026-07-25 13:00:00,LONG,1.180338832452808,1.1777286231289106,1.1834710836414846,1.5,1.8,WIN,TP,20,0.5667956688919927,True,0.4863931081772133,0.0017401395492648377,0.7851792826082657,1.9401966846602234,0.11575672047413252,0.2860376098373228
2026-07-25 16:00:00,LONG,1.1798383899826466,1.177475337121557,1.182674053415954,1.5,1.8,WIN,TP,9,0.6264769100406937,True,1.0,0.00157536857405971,0.19289749817515892,2.212792994529424,0.02575646454802638,0.2954611897763733
2026-07-25 19:00:00,LONG,1.1804379834174648,1.1778696203883317,1.1835200190524244,1.5,1.8,WIN,TP,14,0.09670895507035931,True,0.46990463417099987,0.0017122420194220262,0.6095481022020313,1.913901178981177,0.0884158158336866,0.2776140776312165
2026-07-25 23:00:00,SHORT,1.179739294892435,1.1822279716317416,1.1767528828052671,1.5,1.8,WIN,SL,1,-0.380693408413105,True,-0.7082966255714488,0.0016591178262043785,1.685895832714435,0.0,0.23709474129495917,0.0
2026-07-26 00:00:00,LONG,1.1817135165136392,1.1791371086877427,1.184805205904715,1.5,1.8,WIN,TP,26,0.35299240405288645,True,0.5243921497192097,0.001717605217264273,1.3502677718443858,1.9129898270652592,0.19625966337983863,0.27805058177168146
2026-07-26 01:00:00,LONG,1.1831697168055482,1.1807909003333572,1.1860242965721774,1.5,1.8,WIN,SL,2,0.48620749973737376,True,0.7028824122374364,0.0015858776481273745,1.76013907805282,0.0,0.23592263914731748,0.0
2026-07-26 06:00:00,SHORT,1.1814024627944846,1.1836437140310987,1.1787129613105476,1.5,1.8,WIN,SL,3,-0.6649917678911035,True,-0.7495387064648793,0.0014941674910760514,1.5477398996197256,0.0,0.19574892684605813,0.0
2026-07-26 08:00:00,LONG,1.1829576561346211,1.1808473033058144,1.1854900795291892,1.5,1.8,WIN,SL,14,0.6744096266191437,True,0.8645695172499503,0.0014069018858711146,2.310653831501464,1.0809026888209041,0.27480808093817155,0.12855270207340622
2026-07-26 09:00:00,LONG,1.1834400248563466,1.1814412507421292,1.1858385537934073,1.5,1.8,WIN,SL,11,0.5712666851567855,True,1.0,0.0013325160761448501,1.7042425112670447,0.7792441143553955,0.1918923220624102,0.08774042518511765
2026-07-26 10:00:00,LONG,1.1840854710819775,1.1821025544241563,1.1864649710713628,1.5,1.8,WIN,SL,1,0.4253701083737057,True,1.0,0.0013219444385474796,1.5643333605854075,0.0,0.17464632719211853,0.0
2026-07-26 11:00:00,LONG,1.182683809293839,1.1805841817884426,1.1852033623003146,1.5,1.8,WIN,SL,11,0.1665966057231212,True,0.7175832081156381,0.0013997516702642296,2.1268175317059104,1.282063747627936,0.25171701590555484,0.15173716406914625
2026-07-26 18:00:00,SHORT,1.182405801401033,1.1843898025021489,1.180025000079694,1.5,1.8,WIN,TP,4,-0.3159018525229448,True,-0.4384580923190285,0.0013226674007438901,0.3988636196618421,2.0405798903251577,0.04461783817741063,0.22826414555379995
2026-07-26 20:00:00,SHORT,1.181990496416077,1.1839722334598082,1.1796124119635996,1.5,1.8,WIN,SL,6,-0.27959650296119365,True,-0.7493684905336456,0.0013211580291541125,2.27738191700608,1.7285619617002117,0.2545520809368534,0.1932082805669804
2026-07-26 21:00:00,SHORT,1.1816666734128958,1.1836457365030708,1.1792917977046857,1.5,1.8,WIN,SL,5,-0.6325268142977765,True,-0.7156678446543486,0.0013193753934500618,2.525895529679165,1.4854608636321862,0.2820257593166232,0.16585730608352078
2026-07-26 22:00:00,SHORT,1.1808248003376627,1.1828929824174812,1.1783429818418805,1.5,1.8,WIN,SL,3,-0.7007932304721718,True,-0.6787134084620948,0.0013787880532123748,1.770802603556862,0.0,0.206767462343558,0.0
2026-07-27 00:00:00,SHORT,1.1816570731392186,1.1838829086788534,1.178986070491657,1.5,1.8,WIN,SL,2,-0.37293457852805834,True,-0.42690280147891463,0.0014838903597564266,2.252325894555945,0.0,0.2828404922150853,0.0
2026-07-27 01:00:00,LONG,1.1831108834268187,1.1809341914350306,1.1857229138169645,1.5,1.8,WIN,SL,4,0.0963480453016458,True,0.39970552276933347,0.0014511279945253871,1.6662119455243838,1.3013286226201628,0.20436687996308175,0.15961262978932675
2026-07-27 03:00:00,LONG,1.1841957989362373,1.1821104287596378,1.1866982431481565,1.5,1.8,WIN,SL,2,0.7889248346529902,True,1.0,0.0013902467843996164,2.5195543321427816,0.0,0.2957958735817329,0.0
2026-07-27 04:00:00,LONG,1.1836697097037248,1.1816155920369456,1.18613465090386,1.5,1.8,LOSS,SL,1,0.4554719589280912,True,0.5965341907067664,0.0013694117778528803,2.173716572334684,0.0,0.25148173104929644,0.0
2026-07-27 06:00:00,SHORT,1.180211009894897,1.1825240278270868,1.1774353883762692,1.5,1.8,WIN,TP,5,-0.38380231388067676,True,-1.0,0.0015420119547932304,0.3285830205315356,1.8015654323367185,0.042931216668349786,0.23538463975631366
2026-07-27 07:00:00,SHORT,1.1785095189230603,1.1808587952685752,1.1756903873084426,1.5,1.8,WIN,SL,13,-0.9547870861070793,True,-1.0,0.0015661842303431753,1.802802715647181,1.2881495447059237,0.23958407957931832,0.17118907152194765
2026-07-27 08:00:00,SHORT,1.1796210539112901,1.1819758215905518,1.1767953326961762,1.5,1.8,WIN,TP,4,-0.4313003105962544,True,-1.0,0.0015698451195077987,0.6126983648208167,1.9931994899299461,0.08153817995662023,0.2652559040970854
2026-07-27 09:00:00,SHORT,1.180095266468974,1.1825170735032402,1.177189098027854,1.5,1.8,WIN,TP,3,-0.6827400507034848,True,-1.0,0.0016145380228442807,0.18851591404825463,2.2317387377523823,0.025791655961205702,0.30533357361369057
2026-07-27 10:00:00,SHORT,1.1800366744020927,1.1823432864912653,1.1772687398950856,1.5,1.8,WIN,TP,2,-0.48881743570357206,True,-0.3999206082670205,0.0015377413927817013,0.0,2.305091739686121,0.0,0.3003834591895667
2026-07-27 11:00:00,SHORT,1.178394887375547,1.1808927176803778,1.1753974910097498,1.5,1.8,WIN,SL,9,-0.19555233881814113,True,-0.6911336225037149,0.0016652202032206218,1.7644229426818576,1.1427004981374886,0.24933515603784523,0.1614779541318893
2026-07-27 14:00:00,SHORT,1.1777893958337935,1.180282520336335,1.174797646430744,1.5,1.8,WIN,SL,3,-0.18557870600316284,True,-0.7444444231126952,0.0016620830016942526,1.658216894175556,0.19237289423075604,0.23400568239793879,0.027147444069260986
2026-07-27 15:00:00,SHORT,1.1788463930876416,1.1812841883549707,1.1759210387668466,1.5,1.8,WIN,SL,5,-0.4856864981246055,True,-0.953236100573693,0.0016251968448861248,1.5300589752618072,0.847120135427192,0.21093901916874389,0.11678679931571248
2026-07-27 17:00:00,LONG,1.180111606026467,1.1775567029692795,1.183177489695092,1.5,1.8,WIN,TP,12,0.2286489240670319,True,1.0,0.0017032687047916653,0.6801789397493229,2.8397211376746183,0.09817101160747457,0.40986023012030987
2026-07-27 18:00:00,LONG,1.1802177285819369,1.1776279136397212,1.1833255065125956,1.5,1.8,WIN,TP,11,0.3253399207698596,True,0.8125197517637253,0.001726543294810447,0.4917478677521562,2.7399750720910814,0.07193791139071812,0.4008315986195761
2026-07-27 19:00:00,LONG,1.1802472522641463,1.1778478084811843,1.1831265848037007,1.5,1.8,WIN,TP,10,0.636904909014222,True,0.7286954422755576,0.001599629188641332,0.4794292955494277,2.9389073041672837,0.0649786808297502,0.3983200890693579
2026-07-27 20:00:00,LONG,1.1803714706221715,1.1779009034588603,1.183336151218145,1.5,1.8,WIN,TP,9,0.9781559934204332,True,0.8624285076259044,0.0016470447755408005,0.07953873216289485,2.7788822844413237,0.011098527584115798,0.3877545046068818
2026-07-27 21:00:00,LONG,1.1822939782142883,1.1798005639855238,1.1852860752888057,1.5,1.8,WIN,TP,9,0.2550556079107883,True,1.0,0.0016622761525097055,1.2353611897026884,2.2984845798652827,0.17368873420808398,0.3231612589105865
2026-07-27 23:00:00,LONG,1.1812942022463178,1.1788946046919275,1.184173719311586,1.5,1.8,WIN,TP,6,0.07707560131330549,True,0.4726756002939939,0.0015997317029268368,0.6586951271143696,2.2842654912695983,0.08920178185963532,0.30933969855578475
2026-07-28 00:00:00,LONG,1.1809836798852793,1.178570217148858,1.183879835168985,1.5,1.8,WIN,TP,5,0.47199480588544435,True,0.4016171440482078,0.0016089751576142516,0.46191708607349846,2.464136420355295,0.06293170083789969,0.33571457022245327
2026-07-28 01:00:00,LONG,1.1815243276423015,1.1792416067086209,1.1842635927627183,1.5,1.8,WIN,TP,4,0.8962130498896554,True,0.5490597253838693,0.001521813955787115,0.8436385200108185,2.2500033695189368,0.10866139979986356,0.2898024567242402
2026-07-28 05:00:00,LONG,1.1847691093324906,1.1823507190486648,1.1876711776730815,1.5,1.8,WIN,timeout,48,0.2535831879352975,True,1.0,0.00161226018921715,0.2871877531207864,0.8345954299550193,0.03908114902221224,0.11357360478255234
2026-07-28 06:00:00,LONG,1.1849097842715288,1.1824781317216002,1.1878277673314432,1.5,1.8,WIN,timeout,48,0.10285710882013765,True,1.0,0.0016211016999524114,0.37239879536449355,0.2455787152192218,0.05094871594775103,0.03359817582726458
