entry_time,direction,entry_price,sl_price,tp_price,sl_pct,tp_pct,result,bars_to_resolution,volume_delta,vol_favorable,micro_trend,rejection_speed,atr,asset,vol_decile
2026-01-01 02:00:00,LONG,1.1607687731621876,1.1491610854305658,1.1723764608938094,1.0,1.0,WIN,1,0.009640352607876296,True,0.37149774899130417,-0.31898713771924764,0.001,SYNTHETIC,4
2026-01-01 03:00:00,LONG,1.162381932808156,1.1507581134800744,1.1740057521362375,1.0,1.0,WIN,1,0.5042705669640171,True,0.9187397873732193,1.5837870952648856,0.001,SYNTHETIC,8
2026-01-01 04:00:00,LONG,1.1624691733590347,1.1508444816254444,1.174093865092625,1.0,1.0,WIN,1,0.5381709866024964,True,0.46184457724086586,1.3819193205414213,0.001,SYNTHETIC,8
2026-01-01 05:00:00,LONG,1.1617049098925745,1.1500878607936487,1.1733219589915003,1.0,1.0,WIN,1,0.5103538105253516,True,0.6042260550276445,1.2825204387278557,0.001,SYNTHETIC,8
2026-01-01 06:00:00,LONG,1.163670105099982,1.1520334040489821,1.175306806150982,1.0,1.0,WIN,1,0.14620256046575436,True,1.0,1.5562709026930732,0.001,SYNTHETIC,5
2026-01-01 07:00:00,LONG,1.163889810432728,1.1522509123284006,1.1755287085370554,1.0,1.0,WIN,1,0.38848632135030425,True,1.0,-0.33783813822901604,0.001,SYNTHETIC,7
2026-01-01 08:00:00,LONG,1.163438001909807,1.1518036218907088,1.175072381928905,1.0,1.0,WIN,1,0.2969935159299893,True,0.5481616786384387,1.8209370051194376,0.001,SYNTHETIC,6
2026-01-01 09:00:00,LONG,1.1644127503105186,1.1527686228074134,1.1760568778136238,1.0,1.0,WIN,1,0.3455809048230989,True,0.8484860843140974,-0.2833830964922942,0.001,SYNTHETIC,7
2026-01-01 10:00:00,LONG,1.164014609089104,1.152374462998213,1.175654755179995,1.0,1.0,WIN,1,0.2996423247903545,True,0.7608617851016857,0.0784352000660109,0.001,SYNTHETIC,6
2026-01-01 13:00:00,SHORT,1.161654651130504,1.150038104619199,1.1732711976418089,1.0,1.0,WIN,1,-0.5122814864768358,True,-0.7827990634701077,0.4000755550597128,0.001,SYNTHETIC,1
2026-01-01 14:00:00,SHORT,1.1604170827471831,1.1488129119197112,1.172021253574655,1.0,1.0,WIN,1,-1.0,True,-1.0,1.811302176400746,0.001,SYNTHETIC,0
2026-01-01 15:00:00,SHORT,1.1596845980615513,1.1480877520809358,1.1712814440421668,1.0,1.0,WIN,1,-0.3078067039970437,True,-1.0,1.712604642365998,0.001,SYNTHETIC,3
2026-01-01 16:00:00,SHORT,1.158442262892646,1.1468578402637195,1.1700266855215726,1.0,1.0,WIN,1,-0.9118037299133208,True,-1.0,0.09780854206490441,0.001,SYNTHETIC,0
2026-01-01 17:00:00,SHORT,1.1591675700694437,1.1475758943687493,1.1707592457701381,1.0,1.0,WIN,1,-0.29394856002045866,True,-1.0,-1.2621500709688265,0.001,SYNTHETIC,3
2026-01-01 18:00:00,SHORT,1.158007824455928,1.1464277462113688,1.1695879027004872,1.0,1.0,WIN,1,-0.320325198658727,True,-1.0,2.174011890179512,0.001,SYNTHETIC,3
2026-01-01 19:00:00,SHORT,1.1574050386571675,1.1458309882705957,1.1689790890437393,1.0,1.0,WIN,1,-0.6631079129337153,True,-1.0,-1.1437112842522197,0.001,SYNTHETIC,1
2026-01-01 20:00:00,SHORT,1.1587020160769548,1.1471149959161853,1.1702890362377243,1.0,1.0,WIN,1,0.01016710998690612,False,-0.5799947754471104,0.4800243713635916,0.001,SYNTHETIC,4
2026-01-01 22:00:00,SHORT,1.1585242455615439,1.1469390031059283,1.1701094880171594,1.0,1.0,WIN,1,-0.27783876075948255,True,-0.3703006390181807,2.4232782532652437,0.001,SYNTHETIC,3
2026-01-01 23:00:00,SHORT,1.1568545902488399,1.1452860443463515,1.1684231361513282,1.0,1.0,LOSS,1,-0.41020007779159573,True,-0.5673443864681725,1.048568844342825,0.001,SYNTHETIC,2
2026-01-02 01:00:00,SHORT,1.1568683245558473,1.145299641310289,1.1684370078014057,1.0,1.0,WIN,1,-0.306105895294552,True,-0.7514200942337025,0.7805555078897902,0.001,SYNTHETIC,3
2026-01-02 02:00:00,SHORT,1.1554734835446312,1.1439187487091849,1.1670282183800775,1.0,1.0,WIN,1,-0.18659084948955734,True,-1.0,0.4059241959148346,0.001,SYNTHETIC,3
2026-01-02 03:00:00,SHORT,1.1556944270044167,1.1441374827343724,1.167251371274461,1.0,1.0,WIN,1,-1.0,True,-0.9859693263279957,1.2859571313161429,0.001,SYNTHETIC,0
2026-01-02 04:00:00,SHORT,1.1547502466912705,1.1432027442243577,1.1662977491581832,1.0,1.0,WIN,1,-0.30461607651651856,True,-0.6683232112447144,0.2642801003383883,0.001,SYNTHETIC,3
2026-01-02 05:00:00,SHORT,1.154943700592892,1.143394263586963,1.166493137598821,1.0,1.0,WIN,1,-0.7584044700419011,True,-0.5703634879021786,1.0420264105421586,0.001,SYNTHETIC,0
2026-01-02 06:00:00,SHORT,1.1546528456295049,1.1431063171732099,1.1661993740857999,1.0,1.0,WIN,1,-0.42881360378838784,True,-0.8421541030847178,-0.47380544327149443,0.001,SYNTHETIC,2
2026-01-02 07:00:00,LONG,1.1564121286826248,1.1448480073957985,1.167976249969451,1.0,1.0,WIN,1,0.3682764526908854,True,0.30826078037424043,0.5261277226216379,0.001,SYNTHETIC,7
2026-01-02 10:00:00,LONG,1.1554166475458614,1.1438624810704028,1.16697081402132,1.0,1.0,WIN,1,0.04901640194809828,True,0.41345568707738634,0.23089087440820777,0.001,SYNTHETIC,5
2026-01-02 12:00:00,SHORT,1.1549776250243124,1.1434278487740692,1.1665274012745557,1.0,1.0,WIN,1,-0.5176011901455246,True,-0.45048371941391485,-1.6660123704057705,0.001,SYNTHETIC,1
2026-01-02 13:00:00,SHORT,1.1531817120610426,1.1416498949404321,1.164713529181653,1.0,1.0,LOSS,1,-0.20643208136322289,True,-1.0,1.6433789560478367,0.001,SYNTHETIC,3
2026-01-02 14:00:00,SHORT,1.152231548928821,1.1407092334395328,1.1637538644181094,1.0,1.0,WIN,1,-0.5210283636096871,True,-1.0,2.038227766317704,0.001,SYNTHETIC,1
2026-01-02 15:00:00,SHORT,1.1528091242997578,1.1412810330567602,1.1643372155427554,1.0,1.0,WIN,1,-0.4634128929871862,True,-1.0,-0.5381167300966077,0.001,SYNTHETIC,2
2026-01-02 16:00:00,SHORT,1.152993413307907,1.141463479174828,1.164523347440986,1.0,1.0,WIN,1,-0.20595659698557575,True,-0.7840170700356467,1.6405089449377852,0.001,SYNTHETIC,3
2026-01-02 17:00:00,SHORT,1.1530762940095938,1.1415455310694977,1.1646070569496898,1.0,1.0,WIN,1,-0.42027677342767095,True,-0.7975266370300963,1.1320136558312797,0.001,SYNTHETIC,2
2026-01-02 19:00:00,LONG,1.1528255983975821,1.1412973424136064,1.164353854381558,1.0,1.0,WIN,1,0.1323941887622296,True,0.3026005205035394,0.6664562264268661,0.001,SYNTHETIC,5
2026-01-02 20:00:00,SHORT,1.1512191056198136,1.1397069145636154,1.1627312966760117,1.0,1.0,WIN,1,-0.4249968306268831,True,-0.3362848455457327,-0.9412723307507875,0.001,SYNTHETIC,2
2026-01-02 21:00:00,SHORT,1.150838905913951,1.1393305168548116,1.1623472949730904,1.0,1.0,WIN,1,-0.4135411531389689,True,-0.8918708397478295,-0.2563595502738163,0.001,SYNTHETIC,2
2026-01-02 22:00:00,SHORT,1.1505273351777152,1.1390220618259381,1.1620326085294923,1.0,1.0,LOSS,1,-0.20091868375946104,True,-1.0,2.3862945707911374,0.001,SYNTHETIC,3
2026-01-02 23:00:00,SHORT,1.1514554004170698,1.139940846412899,1.1629699544212406,1.0,1.0,WIN,1,-0.6944891868375718,True,-0.6839913983117446,2.312481002294476,0.001,SYNTHETIC,0
2026-01-03 00:00:00,SHORT,1.1518626166939638,1.1403439905270243,1.1633812428609034,1.0,1.0,WIN,1,-0.6781811029022293,True,-0.43693960493920314,1.8696291782290042,0.001,SYNTHETIC,0
2026-01-03 01:00:00,SHORT,1.1502540682167435,1.138751527534576,1.1617566088989109,1.0,1.0,WIN,1,-0.2572483649922995,True,-0.5440466915364035,0.3589029064437681,0.001,SYNTHETIC,3
2026-01-03 04:00:00,SHORT,1.149340745015983,1.1378473375658231,1.1608341524661427,1.0,1.0,WIN,1,-0.29143325399658654,True,-0.7751086203589935,0.9152639881995333,0.001,SYNTHETIC,3
2026-01-03 05:00:00,SHORT,1.1498103294696775,1.1383122261749807,1.1613084327643743,1.0,1.0,WIN,1,-0.979253562131458,True,-0.6722953869057925,0.7578709558026719,0.001,SYNTHETIC,0
2026-01-03 06:00:00,LONG,1.150781209394326,1.1392733973003826,1.1622890214882693,1.0,1.0,WIN,1,0.404084935304302,True,0.3942602140134788,0.9248609383061623,0.001,SYNTHETIC,7
2026-01-03 07:00:00,LONG,1.1520891578951133,1.1405682663161623,1.1636100494740644,1.0,1.0,WIN,1,-0.037456030923979144,False,0.6268890399251911,0.9024821338770186,0.001,SYNTHETIC,4
2026-01-03 08:00:00,LONG,1.1511602580091504,1.139648655429059,1.1626718605892419,1.0,1.0,WIN,1,0.22046142334355925,True,0.45433161702593244,-0.4826488794399435,0.001,SYNTHETIC,6
2026-01-03 09:00:00,LONG,1.1504986663930379,1.1389936797291076,1.1620036530569682,1.0,1.0,WIN,1,0.0998332840349391,True,0.5952959693329363,1.0205969839166407,0.001,SYNTHETIC,5
2026-01-03 10:00:00,LONG,1.1514271377537468,1.1399128663762093,1.1629414091312844,1.0,1.0,WIN,1,0.07922222771623846,True,0.48961866430305356,2.4278206349835116,0.001,SYNTHETIC,5
2026-01-03 11:00:00,LONG,1.1518226840643115,1.1403044572236685,1.1633409109049546,1.0,1.0,WIN,1,0.7431022050562276,True,0.4698296463416623,0.7337780753273615,0.001,SYNTHETIC,9
2026-01-03 15:00:00,SHORT,1.1500926225792516,1.138591696353459,1.1615935488050442,1.0,1.0,WIN,1,-0.1647771907718468,True,-0.7015625263366659,0.26327933198860776,0.001,SYNTHETIC,4
2026-01-03 16:00:00,SHORT,1.1500010026827356,1.1385009926559082,1.161501012709563,1.0,1.0,WIN,1,-0.256422286502621,True,-0.7632715902913132,-0.8276509426494849,0.001,SYNTHETIC,3
2026-01-03 19:00:00,LONG,1.1526953761019063,1.1411684223408873,1.1642223298629253,1.0,1.0,WIN,1,0.44085016615723943,True,0.7877970600079168,0.7619032471994148,0.001,SYNTHETIC,7
2026-01-03 20:00:00,LONG,1.1529998896092177,1.1414698907131255,1.16452988850531,1.0,1.0,WIN,1,1.0,True,1.0,0.9669544739607772,0.001,SYNTHETIC,9
2026-01-03 21:00:00,LONG,1.152279517663451,1.1407567224868165,1.1638023128400856,1.0,1.0,WIN,1,0.7021479243674065,True,0.8279769050473502,2.4437224174318257,0.001,SYNTHETIC,9
2026-01-03 22:00:00,LONG,1.1526204907362538,1.1410942858288913,1.1641466956436164,1.0,1.0,WIN,1,-0.11685704701200925,False,0.45001032461979534,2.534865067280741,0.001,SYNTHETIC,4
2026-01-03 23:00:00,LONG,1.1538843177055045,1.1423454745284494,1.1654231608825596,1.0,1.0,WIN,1,0.4470350873051053,True,1.0,0.529829538393576,0.001,SYNTHETIC,7
2026-01-04 00:00:00,LONG,1.1544673875059477,1.1429227136308882,1.1660120613810072,1.0,1.0,WIN,1,0.4542390508776357,True,0.6702315420608704,2.755961351806217,0.001,SYNTHETIC,7
2026-01-04 01:00:00,LONG,1.1557995287496587,1.144241533462162,1.1673575240371554,1.0,1.0,WIN,1,0.513349050713611,True,1.0,0.9757898469574027,0.001,SYNTHETIC,8
2026-01-04 02:00:00,LONG,1.1535383358963838,1.14200295253742,1.1650737192553475,1.0,1.0,WIN,1,0.39393614967228785,True,0.37574824796127493,0.09628295317641289,0.001,SYNTHETIC,7
2026-01-04 03:00:00,LONG,1.1539912286650038,1.1424513163783538,1.1655311409516538,1.0,1.0,LOSS,1,0.5154911948906746,True,0.552772366881025,1.717001951383169,0.001,SYNTHETIC,8
2026-01-04 06:00:00,SHORT,1.1541721569267374,1.1426304353574699,1.1657138784960048,1.0,1.0,WIN,1,-0.48024073322747596,True,-0.6623909871633252,3.6364945466147143,0.001,SYNTHETIC,2
2026-01-04 07:00:00,SHORT,1.1519865842328632,1.1404667183905346,1.1635064500751917,1.0,1.0,WIN,1,-0.38795051309435036,True,-0.4183583226698464,1.4189763976681318,0.001,SYNTHETIC,2
2026-01-04 08:00:00,SHORT,1.1526196299436777,1.1410934336442409,1.1641458262431146,1.0,1.0,WIN,1,-0.5874081777593776,True,-0.815342919895431,-0.24472113814268298,0.001,SYNTHETIC,1
2026-01-04 09:00:00,SHORT,1.1521131985341388,1.1405920665487974,1.1636343305194803,1.0,1.0,WIN,1,-0.1131252527591694,True,-0.7113963491126886,0.6234365262667882,0.001,SYNTHETIC,4
2026-01-04 17:00:00,LONG,1.154013828843235,1.1424736905548025,1.1655539671316673,1.0,1.0,WIN,1,0.3792346296682315,True,0.3599532971723076,2.4149059384541847,0.001,SYNTHETIC,7
2026-01-04 18:00:00,LONG,1.1536063105197134,1.1420702474145163,1.1651423736249105,1.0,1.0,WIN,1,0.4609808805361021,True,0.5896362205122679,0.4067752506159408,0.001,SYNTHETIC,7
2026-01-04 19:00:00,LONG,1.1543480717725914,1.1428045910548654,1.1658915524903173,1.0,1.0,WIN,1,0.6827138812906204,True,0.611377464053291,1.5583263272271755,0.001,SYNTHETIC,9
2026-01-04 23:00:00,SHORT,1.1526144548715043,1.1410883103227891,1.1641405994202194,1.0,1.0,WIN,1,-0.33188098472672767,True,-0.6442283129206042,1.1809839621469709,0.001,SYNTHETIC,2
2026-01-05 00:00:00,SHORT,1.1526754521534675,1.1411486976319327,1.1642022066750022,1.0,1.0,WIN,1,-1.0,True,-0.9005425945146742,0.5086061115223286,0.001,SYNTHETIC,0
2026-01-05 01:00:00,SHORT,1.1528588813210343,1.141330292507824,1.1643874701342447,1.0,1.0,WIN,1,-0.6308706262287511,True,-0.5313855303116557,2.446125886683438,0.001,SYNTHETIC,1
2026-01-05 02:00:00,SHORT,1.152713465687845,1.1411863310309667,1.1642406003447234,1.0,1.0,WIN,1,-0.2518037780952,True,-0.40323554989973254,-0.09741809130310841,0.001,SYNTHETIC,3
2026-01-05 03:00:00,SHORT,1.1524919257091972,1.1409670064521051,1.1640168449662893,1.0,1.0,WIN,1,-0.22288250579566932,True,-0.3420271505068536,1.0611370636712767,0.001,SYNTHETIC,3
2026-01-05 04:00:00,SHORT,1.1517824079430667,1.140264583863636,1.1633002320224974,1.0,1.0,WIN,1,-0.00746370585008671,True,-0.32232244422327355,1.5093491999953743,0.001,SYNTHETIC,4
2026-01-05 05:00:00,SHORT,1.1511082424765873,1.1395971600518213,1.1626193249013532,1.0,1.0,WIN,1,-0.15836236359902686,True,-0.5949097049195625,1.5259148874517265,0.001,SYNTHETIC,4
2026-01-05 06:00:00,SHORT,1.150203194580646,1.1387011626348393,1.1617052265264525,1.0,1.0,WIN,1,-0.9433992658357597,True,-0.8243830304116785,0.6078071447907009,0.001,SYNTHETIC,0
2026-01-05 07:00:00,SHORT,1.149906540537647,1.1384074751322706,1.1614056059430233,1.0,1.0,WIN,1,-0.344420979662741,True,-1.0,2.6962090781396055,0.001,SYNTHETIC,2
2026-01-05 08:00:00,SHORT,1.1497547531129049,1.138257205581776,1.1612523006440338,1.0,1.0,WIN,1,-0.44642383806387087,True,-1.0,-1.872088598109019,0.001,SYNTHETIC,2
2026-01-05 09:00:00,SHORT,1.1502605241593393,1.138757918917746,1.1617631294009327,1.0,1.0,WIN,1,-0.016464059075623788,True,-0.40695202713802503,1.3762393254129182,0.001,SYNTHETIC,4
2026-01-05 10:00:00,LONG,1.1523513865758868,1.140827872710128,1.1638749004416455,1.0,1.0,WIN,1,0.5567307891315427,True,0.4733422256781319,-1.2389383214869443,0.001,SYNTHETIC,8
2026-01-05 11:00:00,LONG,1.152375918017204,1.140852158837032,1.163899677197376,1.0,1.0,WIN,1,0.2929500696575082,True,0.6716299229877994,-0.304239065557816,0.001,SYNTHETIC,6
2026-01-05 12:00:00,LONG,1.1526712579348253,1.141144545355477,1.1641979705141736,1.0,1.0,WIN,1,0.8736764710940239,True,1.0,3.149116431045152,0.001,SYNTHETIC,9
2026-01-05 13:00:00,LONG,1.1530371377063513,1.1415067663292877,1.1645675090834149,1.0,1.0,WIN,1,0.23317986383208605,True,1.0,1.2462898820913813,0.001,SYNTHETIC,6
2026-01-05 15:00:00,SHORT,1.1514960169882413,1.1399810568183588,1.1630109771581238,1.0,1.0,WIN,1,-0.1228925418342732,True,-0.5030483977498711,0.6841628363014736,0.001,SYNTHETIC,4
2026-01-05 16:00:00,SHORT,1.1509022277619085,1.1393932054842895,1.1624112500395276,1.0,1.0,WIN,1,-0.3835415950725648,True,-0.5458226629620218,1.5893285039787794,0.001,SYNTHETIC,2
2026-01-05 19:00:00,LONG,1.153647282584264,1.1421108097584214,1.1651837554101068,1.0,1.0,WIN,1,0.6180485220511927,True,1.0,0.9265346634789378,0.001,SYNTHETIC,8
2026-01-05 20:00:00,LONG,1.1537572349904026,1.1422196626404986,1.1652948073403067,1.0,1.0,WIN,1,0.5636508616592358,True,1.0,0.22332757729371688,0.001,SYNTHETIC,8
2026-01-05 21:00:00,LONG,1.152729076825958,1.1412017860576984,1.1642563675942175,1.0,1.0,WIN,1,0.05427034022523436,True,0.6300729076415771,1.2381590722210771,0.001,SYNTHETIC,5
2026-01-05 23:00:00,LONG,1.1541540393329397,1.1426124989396103,1.1656955797262691,1.0,1.0,WIN,1,0.22317665139849527,True,0.48988127196109693,1.4597222842085094,0.001,SYNTHETIC,6
2026-01-06 00:00:00,LONG,1.1559446504974575,1.144385203992483,1.1675040970024322,1.0,1.0,WIN,1,0.6591440415673697,True,0.6781659351698216,-0.6248388289756328,0.001,SYNTHETIC,8
2026-01-06 01:00:00,LONG,1.1543314253362864,1.1427881110829234,1.1658747395896494,1.0,1.0,LOSS,1,0.07527529626310535,True,0.3443133967626151,1.1515852247982608,0.001,SYNTHETIC,5
2026-01-06 02:00:00,LONG,1.1560108291711,1.144450720879389,1.167570937462811,1.0,1.0,WIN,1,0.6204387497616107,True,1.0,1.5718398204651756,0.001,SYNTHETIC,8
2026-01-06 03:00:00,LONG,1.1541314418226567,1.1425901274044301,1.1656727562408833,1.0,1.0,WIN,1,0.6060653417116527,True,0.3562323197921559,0.27622010696442145,0.001,SYNTHETIC,8
2026-01-06 05:00:00,LONG,1.1572217149847033,1.1456494978348561,1.1687939321345504,1.0,1.0,WIN,1,0.5441196621127127,True,0.830949791664356,-0.5100900771673829,0.001,SYNTHETIC,8
2026-01-06 06:00:00,LONG,1.1565288938684117,1.1449636049297276,1.1680941828070959,1.0,1.0,WIN,1,0.4511264035368946,True,0.8001889198793835,0.3074718775956612,0.001,SYNTHETIC,7
2026-01-06 08:00:00,LONG,1.1561285868669784,1.1445673009983086,1.1676898727356482,1.0,1.0,WIN,1,0.12270425083397193,True,0.6235252881741081,-0.22151361839230632,0.001,SYNTHETIC,5
2026-01-06 10:00:00,SHORT,1.1543913383200224,1.1428474249368221,1.1659352517032227,1.0,1.0,WIN,1,-0.7556994834302456,True,-1.0,2.891599220520571,0.001,SYNTHETIC,0
2026-01-06 11:00:00,SHORT,1.1541373960658052,1.1425960221051472,1.1656787700264633,1.0,1.0,WIN,1,-0.33404851889993964,True,-0.8171689955715379,1.020788992969664,0.001,SYNTHETIC,2
2026-01-06 12:00:00,SHORT,1.1532667822404057,1.1417341144180015,1.1647994500628098,1.0,1.0,LOSS,1,0.0734944550458303,False,-1.0,0.5636198626558707,0.001,SYNTHETIC,5
2026-01-06 13:00:00,SHORT,1.153925424732551,1.1423861704852254,1.1654646789798766,1.0,1.0,LOSS,1,0.024352558973338045,False,-0.8619518376502938,-0.6697850520884885,0.001,SYNTHETIC,5
2026-01-06 14:00:00,SHORT,1.152922166676013,1.1413929450092528,1.1644513883427732,1.0,1.0,WIN,1,-0.42683604145063786,True,-1.0,2.3846152264259466,0.001,SYNTHETIC,2
2026-01-06 20:00:00,SHORT,1.1537721958753047,1.1422344739165515,1.1653099178340578,1.0,1.0,WIN,1,-0.034186977567903176,True,-0.3657277812556712,0.8670072721852231,0.001,SYNTHETIC,4
2026-01-06 21:00:00,LONG,1.1553010341511456,1.143748023809634,1.1668540444926572,1.0,1.0,WIN,1,-0.009507511273242258,False,0.43450060950617014,3.3379417946508596,0.001,SYNTHETIC,4
2026-01-07 01:00:00,LONG,1.155309721897337,1.1437566246783635,1.1668628191163104,1.0,1.0,LOSS,1,-0.23335275659710072,False,0.4879268871801565,1.0157323980926287,0.001,SYNTHETIC,3
2026-01-07 02:00:00,SHORT,1.1535993677053664,1.1420633740283128,1.16513536138242,1.0,1.0,WIN,1,-0.011837618308001313,True,-0.48418357793642947,2.2033584660462133,0.001,SYNTHETIC,4
2026-01-07 03:00:00,SHORT,1.1527293771327678,1.14120208336144,1.1642566709040956,1.0,1.0,WIN,1,0.17512568449113752,False,-0.37295561267373345,-0.7779370256456537,0.001,SYNTHETIC,6
2026-01-07 06:00:00,SHORT,1.1539694589894793,1.1424297643995844,1.1655091535793742,1.0,1.0,WIN,1,-0.21892566139800532,True,-0.43064638081390677,1.4451050695540293,0.001,SYNTHETIC,3
2026-01-07 08:00:00,LONG,1.153662561154407,1.1421259355428628,1.165199186765951,1.0,1.0,WIN,1,-0.2308850216851828,False,0.4216776579806802,1.9645316709356115,0.001,SYNTHETIC,3
2026-01-07 09:00:00,LONG,1.1536827003076724,1.1421458733045957,1.165219527310749,1.0,1.0,WIN,1,0.5522640406827103,True,0.31203263126650166,0.9269313145774092,0.001,SYNTHETIC,8
2026-01-07 10:00:00,LONG,1.1544343948171243,1.142890050868953,1.1659787387652956,1.0,1.0,WIN,1,0.2158357562883951,True,0.31152145667668973,0.05354299184349787,0.001,SYNTHETIC,6
2026-01-07 12:00:00,LONG,1.155311958093576,1.1437588385126403,1.1668650776745118,1.0,1.0,WIN,1,0.6288295765288793,True,0.5251441606691125,-1.3451656511284877,0.001,SYNTHETIC,8
2026-01-07 13:00:00,LONG,1.155952624038602,1.144393097798216,1.167512150278988,1.0,1.0,WIN,1,0.8842436960044593,True,0.9675627383761565,0.09643167128391428,0.001,SYNTHETIC,9
2026-01-07 14:00:00,LONG,1.1552344304646527,1.143682086160006,1.1667867747692993,1.0,1.0,WIN,1,0.017219557885242875,True,0.4234075812818074,2.245548798929793,0.001,SYNTHETIC,5
2026-01-07 15:00:00,LONG,1.1561099530454915,1.1445488535150365,1.1676710525759464,1.0,1.0,WIN,1,0.21937424656114046,True,0.5635256978582036,-1.1547252090498006,0.001,SYNTHETIC,6
2026-01-07 16:00:00,LONG,1.154531022754138,1.1429857125265968,1.1660763329816795,1.0,1.0,WIN,1,0.04870874710443815,True,0.46443873904658506,-1.4491374144026512,0.001,SYNTHETIC,5
2026-01-07 18:00:00,LONG,1.1569679958038466,1.145398315845808,1.168537675761885,1.0,1.0,WIN,1,0.25806737160073645,True,0.31640120558322854,3.694532408764876,0.001,SYNTHETIC,6
2026-01-07 19:00:00,LONG,1.1561752534329295,1.1446135008986003,1.1677370059672587,1.0,1.0,WIN,1,0.5502749407792149,True,0.45906296315048717,2.507920920876085,0.001,SYNTHETIC,8
2026-01-07 20:00:00,LONG,1.1564809270400414,1.144916117769641,1.1680457363104417,1.0,1.0,WIN,1,0.622697354285404,True,0.5777514267364686,0.046429135951984835,0.001,SYNTHETIC,8
2026-01-07 21:00:00,LONG,1.1577647376296747,1.146187090253378,1.1693423850059714,1.0,1.0,WIN,1,-0.018177847281672377,False,1.0,2.2510849235435018,0.001,SYNTHETIC,4
2026-01-07 22:00:00,LONG,1.158884318682823,1.1472954754959948,1.1704731618696513,1.0,1.0,WIN,1,0.9052310391661618,True,1.0,0.9329654240442327,0.001,SYNTHETIC,9
2026-01-07 23:00:00,LONG,1.1603278193810953,1.1487245411872844,1.1719310975749062,1.0,1.0,WIN,1,0.7852582873297151,True,1.0,1.2780266107809817,0.001,SYNTHETIC,9
2026-01-08 00:00:00,LONG,1.159856550603586,1.1482579850975503,1.1714551161096218,1.0,1.0,WIN,1,0.38923253504435074,True,1.0,2.327540441858936,0.001,SYNTHETIC,7
2026-01-08 01:00:00,LONG,1.159377803886856,1.1477840258479874,1.1709715819257247,1.0,1.0,WIN,1,0.5919342334158937,True,0.97399280691401,1.948012559713171,0.001,SYNTHETIC,8
2026-01-08 02:00:00,LONG,1.1592645843073257,1.1476719384642524,1.170857230150399,1.0,1.0,WIN,1,0.20037856507344906,True,0.4749588730965205,0.6262855566359445,0.001,SYNTHETIC,6
2026-01-08 04:00:00,SHORT,1.1582774579491655,1.1466946833696738,1.1698602325286571,1.0,1.0,WIN,1,-0.5661015665008713,True,-0.9093653045788168,1.606428108561176,0.001,SYNTHETIC,1
2026-01-08 05:00:00,SHORT,1.1585927992752925,1.1470068712825394,1.1701787272680455,1.0,1.0,WIN,1,-0.1979796136351385,True,-0.6833155719717415,-0.3333331792801358,0.001,SYNTHETIC,3
2026-01-08 07:00:00,LONG,1.1596186406110127,1.1480224542049027,1.1712148270171228,1.0,1.0,WIN,1,0.05714229557342618,True,0.3736009332440355,-1.3821769376081867,0.001,SYNTHETIC,5
2026-01-08 08:00:00,LONG,1.1597442760118504,1.148146833251732,1.1713417187719688,1.0,1.0,WIN,1,0.40339212389218765,True,0.69270250084314,0.6688314584189853,0.001,SYNTHETIC,7
2026-01-08 09:00:00,LONG,1.1613475984042043,1.1497341224201623,1.1729610743882464,1.0,1.0,WIN,1,1.0,True,1.0,-0.45172970813969804,0.001,SYNTHETIC,9
2026-01-08 10:00:00,LONG,1.1614494268359548,1.1498349325675952,1.1730639211043143,1.0,1.0,LOSS,1,0.2943390110522955,True,1.0,1.3539768570191422,0.001,SYNTHETIC,6
2026-01-08 11:00:00,LONG,1.1639486442181204,1.1523091577759392,1.1755881306603015,1.0,1.0,WIN,1,0.42501692262152924,True,1.0,1.2447654420294276,0.001,SYNTHETIC,7
2026-01-08 12:00:00,LONG,1.1639035389839594,1.1522645035941197,1.175542574373799,1.0,1.0,WIN,1,0.2995662801100908,True,1.0,0.525930758869343,0.001,SYNTHETIC,6
2026-01-08 13:00:00,LONG,1.1636461878531383,1.152009725974607,1.1752826497316697,1.0,1.0,WIN,1,0.3310350843417249,True,1.0,2.6494134620330305,0.001,SYNTHETIC,7
2026-01-08 14:00:00,LONG,1.162874598716259,1.1512458527290963,1.1745033447034217,1.0,1.0,WIN,1,0.5500756451147788,True,0.6106866781983428,-0.29251531118881235,0.001,SYNTHETIC,8
2026-01-08 15:00:00,LONG,1.1633731323755068,1.1517394010517517,1.1750068636992619,1.0,1.0,WIN,1,0.6644008509928833,True,0.8992722262041258,1.925892264754182,0.001,SYNTHETIC,8
2026-01-08 18:00:00,LONG,1.1639909393305192,1.152351029937214,1.1756308487238245,1.0,1.0,WIN,1,0.39627305030406046,True,0.31648012331153486,0.5346833266883996,0.001,SYNTHETIC,7
2026-01-08 19:00:00,LONG,1.164061662899444,1.1524210462704496,1.1757022795284384,1.0,1.0,WIN,1,0.30235904795033564,True,0.7021186075163998,1.517852207549337,0.001,SYNTHETIC,6
2026-01-08 21:00:00,SHORT,1.1629258351593288,1.1512965768077355,1.1745550935109221,1.0,1.0,WIN,1,0.09567301610994461,False,-0.30652377254951235,0.12024052751552164,0.001,SYNTHETIC,5
2026-01-08 22:00:00,SHORT,1.1617724170564094,1.1501546928858453,1.1733901412269736,1.0,1.0,WIN,1,-0.32548715791937294,True,-0.7527730884399308,0.9557055412623945,0.001,SYNTHETIC,2
2026-01-08 23:00:00,SHORT,1.1628134135928638,1.1511852794569353,1.1744415477287924,1.0,1.0,WIN,1,-0.295701777894452,True,-0.6047376340092592,2.2769815872242574,0.001,SYNTHETIC,3
2026-01-09 00:00:00,SHORT,1.1634738727888936,1.1518391340610046,1.1751086115167826,1.0,1.0,WIN,1,-0.3864839404515139,True,-0.4933390688971986,0.44807398191250136,0.001,SYNTHETIC,2
2026-01-09 01:00:00,SHORT,1.162095735215506,1.1504747778633508,1.173716692567661,1.0,1.0,WIN,1,-0.09956810454122408,True,-0.6459255785522378,1.4791486086367618,0.001,SYNTHETIC,4
2026-01-09 03:00:00,LONG,1.1629525500790334,1.151323024578243,1.1745820755798237,1.0,1.0,WIN,1,0.09234879101208016,True,0.32679440770553836,0.5779688059388318,0.001,SYNTHETIC,5
2026-01-09 04:00:00,SHORT,1.1621365080252437,1.1505151429449914,1.173757873105496,1.0,1.0,WIN,1,-0.5389060266427907,True,-0.34253932495423467,0.8743481984802461,0.001,SYNTHETIC,1
2026-01-09 05:00:00,SHORT,1.162579212977117,1.150953420847346,1.1742050051068882,1.0,1.0,WIN,1,0.1378729900190385,False,-0.3650114810899688,0.03318202614727048,0.001,SYNTHETIC,5
2026-01-09 07:00:00,SHORT,1.1615465648064704,1.1499310991584057,1.1731620304545352,1.0,1.0,WIN,1,-0.1072298102874058,True,-0.367701360542169,1.53063329063268,0.001,SYNTHETIC,4
2026-01-09 08:00:00,SHORT,1.161964325055177,1.1503446818046252,1.1735839683057288,1.0,1.0,WIN,1,-0.9858250529452091,True,-0.3775857088220195,1.3630321099505773,0.001,SYNTHETIC,0
2026-01-09 10:00:00,LONG,1.1637284804693857,1.1520911956646918,1.1753657652740797,1.0,1.0,WIN,1,0.1968564360403436,True,0.5384350941660853,2.2032833909527882,0.001,SYNTHETIC,6
2026-01-09 11:00:00,LONG,1.164679196996448,1.1530324050264835,1.1763259889664126,1.0,1.0,WIN,1,0.27603507639270786,True,0.92316756381802,0.24215690898394837,0.001,SYNTHETIC,6
2026-01-09 12:00:00,LONG,1.1634714152366037,1.1518367010842376,1.1751061293889697,1.0,1.0,WIN,1,0.6426099642894632,True,0.8326787614403557,0.9511908353348719,0.001,SYNTHETIC,8
2026-01-09 13:00:00,LONG,1.1630243331465269,1.1513940898150616,1.174654576477992,1.0,1.0,WIN,1,0.38165755646281707,True,0.3343990924252678,0.1333336428154831,0.001,SYNTHETIC,7
2026-01-09 14:00:00,LONG,1.1636848398730348,1.1520479914743045,1.1753216882717652,1.0,1.0,WIN,1,0.28994539652938855,True,0.31779596274334443,2.05134348788782,0.001,SYNTHETIC,6
2026-01-09 17:00:00,LONG,1.1678940504132722,1.1562151099091396,1.1795729909174049,1.0,1.0,LOSS,1,0.363903782969208,True,1.0,0.40846145353219754,0.001,SYNTHETIC,7
2026-01-09 18:00:00,LONG,1.1686275158239587,1.1569412406657191,1.1803137909821984,1.0,1.0,WIN,1,0.5224376789557418,True,1.0,2.0505619312379855,0.001,SYNTHETIC,8
2026-01-09 19:00:00,LONG,1.1699840741542695,1.1582842334127268,1.1816839148958123,1.0,1.0,WIN,1,0.31339939423162544,True,1.0,0.598567382971672,0.001,SYNTHETIC,6
2026-01-09 20:00:00,LONG,1.171047120308633,1.1593366491055466,1.1827575915117194,1.0,1.0,LOSS,1,0.7181507665110627,True,1.0,1.3039833773092113,0.001,SYNTHETIC,9
2026-01-09 21:00:00,LONG,1.1715332089649353,1.159817876875286,1.1832485410545845,1.0,1.0,WIN,1,0.3433397455604914,True,1.0,0.2915965195609713,0.001,SYNTHETIC,7
2026-01-09 22:00:00,LONG,1.1708274015003068,1.1591191274853037,1.18253567551531,1.0,1.0,LOSS,1,0.8895110013340264,True,1.0,1.695149391622801,0.001,SYNTHETIC,9
2026-01-09 23:00:00,LONG,1.171901463327174,1.1601824486939023,1.1836204779604458,1.0,1.0,WIN,1,0.2206521794749431,True,1.0,2.171955467968643,0.001,SYNTHETIC,6
2026-01-10 00:00:00,LONG,1.1717972163891293,1.160079244225238,1.1835151885530206,1.0,1.0,WIN,1,0.9862523453967846,True,0.6933145010931988,1.8710249129823853,0.001,SYNTHETIC,9
2026-01-10 04:00:00,LONG,1.1738759001714516,1.162137141169737,1.1856146591731662,1.0,1.0,WIN,1,0.15574577807432002,True,0.5517483924538042,-1.6511161777844992,0.001,SYNTHETIC,5
2026-01-10 06:00:00,LONG,1.1720137572959746,1.1602936197230147,1.1837338948689344,1.0,1.0,WIN,1,0.19019294674731144,True,0.48597289236868535,2.2285363063557035,0.001,SYNTHETIC,6
2026-01-10 09:00:00,SHORT,1.1722191195074092,1.1604969283123352,1.1839413107024832,1.0,1.0,WIN,1,-0.40078693993624814,True,-0.6403458122301301,0.27378042498786237,0.001,SYNTHETIC,2
2026-01-10 11:00:00,SHORT,1.1712352717808432,1.1595229190630347,1.1829476244986517,1.0,1.0,LOSS,1,0.11271389934986076,False,-0.5727620569220084,-0.09877512984599651,0.001,SYNTHETIC,5
2026-01-10 14:00:00,SHORT,1.1710671531899137,1.1593564816580146,1.1827778247218128,1.0,1.0,WIN,1,-0.3764539940844699,True,-0.48054305983602374,1.2688861941876757,0.001,SYNTHETIC,2
2026-01-10 15:00:00,SHORT,1.1707676230863797,1.1590599468555158,1.1824752993172436,1.0,1.0,WIN,1,-0.31156359661482974,True,-0.4207598115107924,0.3293882767689153,0.001,SYNTHETIC,3
2026-01-10 18:00:00,LONG,1.1724355977634797,1.160711241785845,1.1841599537411145,1.0,1.0,WIN,1,0.30919810007097104,True,0.6106059028001926,1.210741647099853,0.001,SYNTHETIC,6
2026-01-10 19:00:00,LONG,1.173595634481638,1.1618596781368216,1.1853315908264546,1.0,1.0,WIN,1,0.3800115951332405,True,1.0,0.5887750643381922,0.001,SYNTHETIC,7
2026-01-10 21:00:00,LONG,1.1719860617108107,1.1602662010937026,1.1837059223279187,1.0,1.0,WIN,1,0.004694064112030966,True,0.32633590521195394,1.784553190656606,0.001,SYNTHETIC,4
2026-01-10 22:00:00,LONG,1.171099808625928,1.1593888105396688,1.1828108067121874,1.0,1.0,WIN,1,0.3165001193973054,True,0.32304925705255416,0.6396961461034956,0.001,SYNTHETIC,6
2026-01-11 00:00:00,SHORT,1.172265213272444,1.1605425611397195,1.1839878654051685,1.0,1.0,WIN,1,-0.8128998916285348,True,-0.7302421867788236,0.9607698661996777,0.001,SYNTHETIC,0
2026-01-11 03:00:00,LONG,1.1734356697534327,1.1617013130558984,1.185170026450967,1.0,1.0,WIN,1,0.649845454661432,True,0.7319149612251074,2.2263950542131408,0.001,SYNTHETIC,8
2026-01-11 07:00:00,SHORT,1.171404054392048,1.1596900138481276,1.1831180949359685,1.0,1.0,WIN,1,0.07448655193388831,False,-0.4739149137442774,1.5540646068321573,0.001,SYNTHETIC,5
2026-01-11 09:00:00,LONG,1.1734818781617802,1.1617470593801624,1.185216696943398,1.0,1.0,WIN,1,-0.23531471011973015,False,0.500396519161017,1.4060370960482094,0.001,SYNTHETIC,3
2026-01-11 11:00:00,LONG,1.1736584071046456,1.1619218230335993,1.185394991175692,1.0,1.0,WIN,1,0.4726409157155091,True,0.6827017733872324,0.7180668011154074,0.001,SYNTHETIC,7
2026-01-11 12:00:00,LONG,1.1756305526010615,1.163874247075051,1.1873868581270721,1.0,1.0,WIN,1,0.11725814217034441,True,1.0,0.6117176446355098,0.001,SYNTHETIC,5
2026-01-11 13:00:00,LONG,1.1763472254958203,1.164583753240862,1.1881106977507785,1.0,1.0,WIN,1,1.0,True,1.0,2.095994252082109,0.001,SYNTHETIC,9
2026-01-11 14:00:00,LONG,1.1752601468300135,1.1635075453617134,1.1870127482983135,1.0,1.0,WIN,1,0.08459948597015471,True,0.7314411425559078,1.4704225999919749,0.001,SYNTHETIC,5
2026-01-11 15:00:00,LONG,1.1745223225839239,1.1627770993580846,1.1862675458097631,1.0,1.0,WIN,1,0.4998917823928172,True,1.0,1.792772203345414,0.001,SYNTHETIC,8
2026-01-11 16:00:00,LONG,1.1764006858581848,1.164636678999603,1.1881646927167666,1.0,1.0,WIN,1,0.5477335898480916,True,1.0,-0.8392538593769006,0.001,SYNTHETIC,8
2026-01-11 19:00:00,LONG,1.1770191695882806,1.1652489778923978,1.1887893612841633,1.0,1.0,WIN,1,0.4263041439799561,True,0.7380712293901757,3.0728464395841937,0.001,SYNTHETIC,7
2026-01-11 20:00:00,LONG,1.1762815241685247,1.1645187089268394,1.18804433941021,1.0,1.0,WIN,1,0.05702818928717118,True,0.5660003726356972,-0.10548583130881051,0.001,SYNTHETIC,5
2026-01-11 22:00:00,SHORT,1.173560351909186,1.161824748390094,1.1852959554282778,1.0,1.0,WIN,1,-0.5048029538250867,True,-0.936207276306948,3.3005313179604787,0.001,SYNTHETIC,1
2026-01-11 23:00:00,SHORT,1.172503543651035,1.1607785082145246,1.1842285790875453,1.0,1.0,WIN,1,-0.421012625578459,True,-1.0,-1.238551090195874,0.001,SYNTHETIC,2
2026-01-12 00:00:00,SHORT,1.1726410868374817,1.160914675969107,1.1843674977058565,1.0,1.0,LOSS,1,-0.03143896380318212,True,-1.0,1.0485586837489458,0.001,SYNTHETIC,4
2026-01-12 01:00:00,SHORT,1.171484438958572,1.159769594568986,1.1831992833481577,1.0,1.0,WIN,1,-0.6638549038181367,True,-1.0,2.5126893250166087,0.001,SYNTHETIC,1
2026-01-12 02:00:00,SHORT,1.1728975988929284,1.1611686229039992,1.1846265748818576,1.0,1.0,WIN,1,-0.6406533963027488,True,-1.0,0.07327800161622722,0.001,SYNTHETIC,1
2026-01-12 03:00:00,SHORT,1.171757279295319,1.1600397065023658,1.1834748520882723,1.0,1.0,WIN,1,-0.8313736770639286,True,-0.6632689724755234,1.167363923871248,0.001,SYNTHETIC,0
2026-01-12 04:00:00,SHORT,1.1714551354160956,1.1597405840619346,1.1831696867702566,1.0,1.0,WIN,1,-0.27613643015395034,True,-0.4351624896483239,1.9105914582651278,0.001,SYNTHETIC,3
2026-01-12 06:00:00,LONG,1.173102036143656,1.1613710157822195,1.1848330565050924,1.0,1.0,WIN,1,0.23463925922488613,True,0.7593754449923884,0.17003102350968757,0.001,SYNTHETIC,6
2026-01-12 07:00:00,SHORT,1.1718661299349697,1.1601474686356201,1.1835847912343194,1.0,1.0,WIN,1,-0.09078962303009473,True,-0.43143754630348413,0.8618593853778574,0.001,SYNTHETIC,4
2026-01-12 08:00:00,LONG,1.1737392882781021,1.162001895395321,1.1854766811608832,1.0,1.0,WIN,1,0.23511706041571226,True,0.5767392361249392,1.8644706057443732,0.001,SYNTHETIC,6
2026-01-12 09:00:00,LONG,1.1735781276040116,1.1618423463279715,1.1853139088800517,1.0,1.0,WIN,1,-0.014492816767950945,False,0.752374109245492,2.6111351372015834,0.001,SYNTHETIC,4
2026-01-12 10:00:00,LONG,1.1722974933060413,1.1605745183729808,1.1840204682391018,1.0,1.0,WIN,1,0.25405228308557476,True,0.32091352346128676,1.354918004923484,0.001,SYNTHETIC,6
2026-01-12 12:00:00,LONG,1.1734047454543948,1.1616706979998508,1.1851387929089388,1.0,1.0,WIN,1,0.32579177861224856,True,0.5779288643788824,0.18649226519660833,0.001,SYNTHETIC,7
2026-01-12 18:00:00,LONG,1.1757509928843448,1.1639934829555014,1.1875085028131882,1.0,1.0,WIN,1,0.7396191536483494,True,1.0,2.5682587584885854,0.001,SYNTHETIC,9
2026-01-12 19:00:00,LONG,1.1744815272197888,1.1627367119475909,1.1862263424919868,1.0,1.0,WIN,1,0.43293017809038004,True,0.5388578005001472,1.625527185341216,0.001,SYNTHETIC,7
2026-01-12 20:00:00,LONG,1.1765771703559247,1.1648113986523654,1.188342942059484,1.0,1.0,WIN,1,0.4467557595495757,True,1.0,-0.3620078011568635,0.001,SYNTHETIC,7
2026-01-12 21:00:00,LONG,1.174917658475741,1.1631684818909835,1.1866668350604985,1.0,1.0,WIN,1,-0.2501889097427868,False,0.7152362496003318,4.562858561966236,0.001,SYNTHETIC,3
2026-01-12 22:00:00,LONG,1.1747838627081229,1.1630360240810416,1.1865317013352041,1.0,1.0,LOSS,1,-0.04246773962825995,False,0.3996214773140874,-0.6266779513998688,0.001,SYNTHETIC,4
2026-01-13 00:00:00,LONG,1.1757105811481106,1.1639534753366294,1.1874676869595917,1.0,1.0,WIN,1,0.21990891036602303,True,0.6048084525059945,2.824860331860803,0.001,SYNTHETIC,6
2026-01-13 01:00:00,SHORT,1.1752034452617117,1.1634514108090945,1.186955479714329,1.0,1.0,WIN,1,-0.24348599705610363,True,-0.46695629447823506,-0.6208316066071863,0.001,SYNTHETIC,3
2026-01-13 04:00:00,SHORT,1.1743309201199088,1.1625876109187097,1.186074229321108,1.0,1.0,WIN,1,0.15965154130855827,False,-0.3762188322648263,-0.1350577138388399,0.001,SYNTHETIC,5
2026-01-13 08:00:00,LONG,1.1757493467942872,1.1639918533263443,1.1875068402622302,1.0,1.0,WIN,1,0.36516655973544926,True,0.5828973488557451,1.103409149385559,0.001,SYNTHETIC,7
2026-01-13 09:00:00,LONG,1.1772762218316102,1.165503459613294,1.1890489840499263,1.0,1.0,WIN,1,0.8510153392316242,True,0.932896529699163,0.37291963413307344,0.001,SYNTHETIC,9
2026-01-13 10:00:00,LONG,1.1780321002500231,1.1662517792475229,1.1898124212525234,1.0,1.0,WIN,1,0.7011461772973052,True,0.9200277609462949,2.625385075854118,0.001,SYNTHETIC,9
2026-01-13 11:00:00,LONG,1.1785729674099084,1.1667872377358093,1.1903586970840074,1.0,1.0,WIN,1,0.10417903414957325,True,1.0,1.6584261636123943,0.001,SYNTHETIC,5
2026-01-13 12:00:00,LONG,1.1783336378741112,1.16655030149537,1.1901169742528523,1.0,1.0,WIN,1,0.4530066986021289,True,0.9746120566398617,0.9786627899372365,0.001,SYNTHETIC,7
2026-01-13 13:00:00,LONG,1.1771198115248442,1.1653486134095958,1.1888910096400926,1.0,1.0,WIN,1,0.19905682806871686,True,0.40649786547531075,3.1819865757960546,0.001,SYNTHETIC,6
2026-01-13 14:00:00,LONG,1.1787633186621043,1.1669756854754831,1.1905509518487254,1.0,1.0,WIN,1,0.9349597401995915,True,0.5789948421821796,-0.6075907442698032,0.001,SYNTHETIC,9
2026-01-13 15:00:00,LONG,1.178661870239393,1.1668752515369991,1.1904484889417868,1.0,1.0,WIN,1,0.15161406894413199,True,0.5011028466355459,1.2797880587924693,0.001,SYNTHETIC,5
2026-01-13 17:00:00,LONG,1.1789267926264804,1.1671375247002156,1.1907160605527451,1.0,1.0,WIN,1,0.4406317971452177,True,0.6182683366044492,0.4986589692903712,0.001,SYNTHETIC,7
2026-01-13 18:00:00,LONG,1.180628120936107,1.1688218397267458,1.192434402145468,1.0,1.0,WIN,1,0.6490957158871338,True,1.0,0.3156120447410755,0.001,SYNTHETIC,8
2026-01-13 19:00:00,LONG,1.180306333467225,1.1685032701325528,1.1921093968018972,1.0,1.0,WIN,1,0.38526404736614334,True,0.814791812970102,0.1811637089770543,0.001,SYNTHETIC,7
2026-01-13 20:00:00,LONG,1.1808016856199797,1.1689936687637799,1.1926097024761795,1.0,1.0,WIN,1,0.32954462509255833,True,0.7912458519676506,2.1654149225539925,0.001,SYNTHETIC,7
2026-01-13 21:00:00,LONG,1.1809892616207123,1.1691793690045051,1.1927991542369194,1.0,1.0,WIN,1,0.6452206408297037,True,0.721098908022156,-0.8442975197643189,0.001,SYNTHETIC,8
2026-01-13 22:00:00,LONG,1.1807421561965414,1.168934734634576,1.192549577758507,1.0,1.0,WIN,1,0.03936590637830528,True,0.5908907053125028,-0.9503136859455017,0.001,SYNTHETIC,5
2026-01-13 23:00:00,LONG,1.181736886163125,1.1699195173014938,1.1935542550247562,1.0,1.0,WIN,1,0.15885575615014585,True,0.5222835180214134,0.7409931363337716,0.001,SYNTHETIC,5
2026-01-14 00:00:00,LONG,1.1826381737607965,1.1708117920231884,1.1944645554984046,1.0,1.0,WIN,1,0.3433550413659837,True,1.0,2.5190253520134265,0.001,SYNTHETIC,7
2026-01-14 01:00:00,LONG,1.1839332297750094,1.1720938974772592,1.1957725620727595,1.0,1.0,WIN,1,0.8281683792861765,True,1.0,1.3994846669211438,0.001,SYNTHETIC,9
2026-01-14 02:00:00,LONG,1.1848876074382866,1.1730387313639037,1.1967364835126695,1.0,1.0,WIN,1,0.5856482609859031,True,1.0,2.854987994253746,0.001,SYNTHETIC,8
2026-01-14 03:00:00,LONG,1.185488783504667,1.1736338956696204,1.1973436713397136,1.0,1.0,WIN,1,0.1805017708036189,True,1.0,0.27313957484224693,0.001,SYNTHETIC,6
2026-01-14 04:00:00,LONG,1.186358333190533,1.1744947498586276,1.1982219165224384,1.0,1.0,WIN,1,0.21064808202116936,True,1.0,0.9425456643766545,0.001,SYNTHETIC,6
2026-01-14 05:00:00,LONG,1.1853767023720896,1.1735229353483687,1.1972304693958105,1.0,1.0,WIN,1,1.0,True,1.0,-0.18580057091640073,0.001,SYNTHETIC,9
2026-01-14 06:00:00,LONG,1.1866177392639832,1.1747515618713433,1.198483916656623,1.0,1.0,WIN,1,0.824965324432112,True,1.0,1.1570218109164196,0.001,SYNTHETIC,9
2026-01-14 07:00:00,LONG,1.1868947131362473,1.1750257660048848,1.1987636602676097,1.0,1.0,WIN,1,0.5081040724778663,True,0.5112779760416448,0.11267871110937482,0.001,SYNTHETIC,8
2026-01-14 08:00:00,LONG,1.1866086410986267,1.1747425546876404,1.198474727509613,1.0,1.0,WIN,1,0.27462539316168544,True,0.5419026217393654,1.0009820115013104,0.001,SYNTHETIC,6
2026-01-14 09:00:00,LONG,1.187409619783158,1.1755355235853264,1.1992837159809897,1.0,1.0,LOSS,1,0.7069555017155686,True,0.508827059358892,-1.386096588389866,0.001,SYNTHETIC,9
2026-01-14 10:00:00,LONG,1.1868946123606183,1.1750256662370122,1.1987635584842244,1.0,1.0,WIN,1,-0.17620074634688038,False,0.3096413788931943,3.470239276577772,0.001,SYNTHETIC,3
2026-01-14 11:00:00,LONG,1.1886447220557628,1.1767582748352052,1.2005311692763203,1.0,1.0,WIN,1,0.7258902536613472,True,1.0,0.5026435350003255,0.001,SYNTHETIC,9
2026-01-14 12:00:00,LONG,1.1879569222447977,1.1760773530223496,1.1998364914672457,1.0,1.0,WIN,1,0.19768626985172272,True,0.6613366436187834,1.5518840280241577,0.001,SYNTHETIC,6
2026-01-14 14:00:00,LONG,1.1881676067707532,1.1762859307030455,1.2000492828384608,1.0,1.0,WIN,1,0.40185660793949485,True,0.3682396569795575,0.5792048682743868,0.001,SYNTHETIC,7
2026-01-14 15:00:00,LONG,1.1891619467716676,1.1772703273039509,1.2010535662393844,1.0,1.0,WIN,1,0.45693274739554773,True,1.0,3.1150945365117586,0.001,SYNTHETIC,7
2026-01-14 16:00:00,LONG,1.1899005419682853,1.1780015365486025,1.2017995473879681,1.0,1.0,WIN,1,0.08284174046604534,True,0.42650339660884545,-1.6935065613013371,0.001,SYNTHETIC,5
2026-01-14 17:00:00,LONG,1.1907957193083316,1.1788877621152483,1.202703676501415,1.0,1.0,WIN,1,0.3514527055736224,True,1.0,-0.410721862787942,0.001,SYNTHETIC,7
2026-01-14 18:00:00,LONG,1.1903987476306053,1.1784947601542992,1.2023027351069113,1.0,1.0,WIN,1,-0.09590372365333732,False,1.0,2.395411763110469,0.001,SYNTHETIC,4
2026-01-14 19:00:00,LONG,1.1897542545399644,1.1778567119945647,1.2016517970853642,1.0,1.0,WIN,1,0.5971939190457741,True,0.7364656665261546,1.7036978220213612,0.001,SYNTHETIC,8
2026-01-14 20:00:00,LONG,1.1906610039142393,1.1787543938750968,1.2025676139533819,1.0,1.0,WIN,1,-0.07425292570820322,False,0.45547219226286956,1.012946014139286,0.001,SYNTHETIC,4
2026-01-15 02:00:00,LONG,1.1902661764591254,1.1783635146945342,1.2021688382237166,1.0,1.0,WIN,1,0.46235873122713,True,0.3315840229471731,0.9609452857586445,0.001,SYNTHETIC,7
2026-01-15 04:00:00,SHORT,1.1892556529735647,1.177363096443829,1.2011482095033004,1.0,1.0,WIN,1,-0.7283771812076145,True,-0.539931098743261,0.6338155863128152,0.001,SYNTHETIC,0
2026-01-15 10:00:00,SHORT,1.1888821489844996,1.1769933274946547,1.2007709704743446,1.0,1.0,LOSS,1,0.23100466124516614,False,-0.4684698465430824,-0.20990086891574777,0.001,SYNTHETIC,6
2026-01-15 11:00:00,SHORT,1.1878347090124615,1.1759563619223368,1.1997130561025862,1.0,1.0,WIN,1,0.28253963448394404,False,-1.0,0.728583994349192,0.001,SYNTHETIC,6
2026-01-15 12:00:00,SHORT,1.1871219999434615,1.1752507799440268,1.198993219942896,1.0,1.0,WIN,1,-0.46880602279727324,True,-1.0,0.02779326975367291,0.001,SYNTHETIC,2
2026-01-15 13:00:00,SHORT,1.1867814937098815,1.1749136787727827,1.1986493086469803,1.0,1.0,LOSS,1,-0.36397362634842445,True,-1.0,0.7566329253027175,0.001,SYNTHETIC,2
2026-01-15 14:00:00,SHORT,1.1873245922645614,1.1754513463419158,1.199197838187207,1.0,1.0,WIN,1,-0.48312687631315476,True,-1.0,0.964233011557136,0.001,SYNTHETIC,2
2026-01-15 16:00:00,LONG,1.1897570926823693,1.1778595217555456,1.201654663609193,1.0,1.0,WIN,1,0.7372459232996957,True,0.9770220760453047,0.5036968858498134,0.001,SYNTHETIC,9
2026-01-15 17:00:00,LONG,1.1895449727716456,1.1776495230439292,1.201440422499362,1.0,1.0,WIN,1,0.1800858288089469,True,1.0,0.7080410776157842,0.001,SYNTHETIC,6
2026-01-15 18:00:00,LONG,1.190118770586669,1.1782175828808021,1.2020199582925357,1.0,1.0,WIN,1,0.31618939685160646,True,1.0,1.3559472161854815,0.001,SYNTHETIC,6
2026-01-15 19:00:00,LONG,1.1898486019269456,1.1779501159076762,1.201747087946215,1.0,1.0,WIN,1,0.07615121795343022,True,0.7578805117103926,-1.1814834084058687,0.001,SYNTHETIC,5
2026-01-15 23:00:00,SHORT,1.1889724236992671,1.1770826994622745,1.2008621479362598,1.0,1.0,WIN,1,-0.40622046043899107,True,-0.4071096965030781,-0.43930160901662596,0.001,SYNTHETIC,2
2026-01-16 01:00:00,LONG,1.1909807426712262,1.179070935244514,1.2028905500979385,1.0,1.0,WIN,1,0.6741247753478559,True,0.8052974609002315,0.0385929773676774,0.001,SYNTHETIC,9
2026-01-16 02:00:00,LONG,1.1913066268027857,1.1793935605347579,1.2032196930708134,1.0,1.0,WIN,1,0.6778447045726615,True,0.876824781294677,0.37069730722200855,0.001,SYNTHETIC,9
2026-01-16 03:00:00,LONG,1.1914147093394802,1.1795005622460855,1.203328856432875,1.0,1.0,LOSS,1,0.3268075861218107,True,0.9089495874334531,1.766842683433012,0.001,SYNTHETIC,7
2026-01-16 04:00:00,LONG,1.1923087690575784,1.1803856813670026,1.2042318567481543,1.0,1.0,WIN,1,0.5917530933242533,True,1.0,0.5565209466697953,0.001,SYNTHETIC,8
2026-01-16 05:00:00,LONG,1.1925327585770815,1.1806074309913106,1.2044580861628524,1.0,1.0,WIN,1,0.5332745292900153,True,1.0,1.2297567201784612,0.001,SYNTHETIC,8
2026-01-16 06:00:00,LONG,1.1924227632962157,1.1804985356632536,1.2043469909291777,1.0,1.0,WIN,1,0.034664395697298955,True,0.631085014857654,1.3985330379337357,0.001,SYNTHETIC,5
2026-01-16 07:00:00,LONG,1.1930317213829156,1.1811014041690864,1.2049620385967448,1.0,1.0,WIN,1,0.06188626419208548,True,0.679668834109784,0.17846337238473575,0.001,SYNTHETIC,5
2026-01-16 08:00:00,LONG,1.1927311366849727,1.180803825318123,1.2046584480518223,1.0,1.0,WIN,1,0.40379718984207646,True,0.5604153529582718,-0.2087990344509918,0.001,SYNTHETIC,7
2026-01-16 12:00:00,LONG,1.1949768168642754,1.1830270486956327,1.206926585032918,1.0,1.0,WIN,1,0.8648645750166699,True,0.8300995765348226,-0.2356220938856205,0.001,SYNTHETIC,9
2026-01-16 13:00:00,LONG,1.1957908302056186,1.1838329219035624,1.2077487385076748,1.0,1.0,WIN,1,0.26722868416518597,True,1.0,0.83091599113612,0.001,SYNTHETIC,6
2026-01-16 14:00:00,LONG,1.19820896941198,1.1862268797178601,1.2101910591060998,1.0,1.0,LOSS,1,0.6890708596176146,True,1.0,2.2512988542224286,0.001,SYNTHETIC,9
2026-01-16 15:00:00,LONG,1.1977526875969042,1.1857751607209353,1.2097302144728732,1.0,1.0,LOSS,1,0.7247596449586056,True,1.0,2.286626232157848,0.001,SYNTHETIC,9
2026-01-16 16:00:00,LONG,1.1988547137317955,1.1868661665944775,1.2108432608691135,1.0,1.0,LOSS,1,0.4063608762423666,True,1.0,2.508316579513427,0.001,SYNTHETIC,7
2026-01-16 17:00:00,LONG,1.199137661967354,1.1871462853476804,1.2111290385870275,1.0,1.0,WIN,1,0.5365589550707806,True,1.0,1.33791414667321,0.001,SYNTHETIC,8
2026-01-16 18:00:00,LONG,1.2011167465106785,1.1891055790455716,1.2131279139757853,1.0,1.0,WIN,1,0.41403243299117787,True,1.0,1.7002804560791909,0.001,SYNTHETIC,7
2026-01-16 19:00:00,LONG,1.2005039375482998,1.1884988981728168,1.2125089769237827,1.0,1.0,LOSS,1,1.0,True,0.9850250805613006,1.241900537353804,0.001,SYNTHETIC,9
2026-01-16 20:00:00,LONG,1.2005730014268208,1.1885672714125526,1.212578731441089,1.0,1.0,WIN,1,0.509627197865187,True,0.9563427814657102,-0.21830280882161107,0.001,SYNTHETIC,8
2026-01-16 21:00:00,LONG,1.1997516212444481,1.1877541050320037,1.2117491374568925,1.0,1.0,WIN,1,0.3217726912041236,True,0.3726423171814111,1.1984288129214704,0.001,SYNTHETIC,7
2026-01-16 22:00:00,SHORT,1.197332410548845,1.1853590864433565,1.2093057346543334,1.0,1.0,WIN,1,-0.3509889736608136,True,-0.5435873691713003,1.9749886713084193,0.001,SYNTHETIC,2
2026-01-16 23:00:00,SHORT,1.1972796549568956,1.1853068584073265,1.2092524515064647,1.0,1.0,WIN,1,-0.643890369875237,True,-1.0,0.5050772798909715,0.001,SYNTHETIC,1
2026-01-17 00:00:00,SHORT,1.1965850756951613,1.1846192249382097,1.2085509264521128,1.0,1.0,WIN,1,-0.8906007985105031,True,-1.0,1.8154396962572539,0.001,SYNTHETIC,0
2026-01-17 01:00:00,SHORT,1.1969441324603018,1.1849746911356989,1.2089135737849048,1.0,1.0,WIN,1,-0.17003941258240013,True,-1.0,0.8994207686841597,0.001,SYNTHETIC,4
2026-01-17 02:00:00,SHORT,1.1971149383306867,1.18514378894738,1.2090860877139935,1.0,1.0,WIN,1,-0.18566082796154396,True,-0.8323841543610484,1.777215901128539,0.001,SYNTHETIC,3
2026-01-17 03:00:00,LONG,1.199305382975652,1.1873123291458954,1.2112984368054085,1.0,1.0,WIN,1,0.2879087174763619,True,0.7564753016165947,1.1835597777594156,0.001,SYNTHETIC,6
2026-01-17 04:00:00,LONG,1.2010167516768826,1.1890065841601138,1.2130269191936514,1.0,1.0,WIN,1,0.2298890290808172,True,1.0,-1.2712465738031544,0.001,SYNTHETIC,6
2026-01-17 05:00:00,LONG,1.2002668323193304,1.188264163996137,1.2122695006425237,1.0,1.0,WIN,1,0.5539725579260429,True,1.0,0.49194807862356826,0.001,SYNTHETIC,8
2026-01-17 06:00:00,LONG,1.1986799091556135,1.1866931100640574,1.2106667082471696,1.0,1.0,WIN,1,0.3505622800578981,True,0.9997426438939777,3.243432804347079,0.001,SYNTHETIC,7
2026-01-17 07:00:00,LONG,1.2003791162539892,1.1883753250914493,1.212382907416529,1.0,1.0,WIN,1,0.43338722941036356,True,1.0,0.8818336374828346,0.001,SYNTHETIC,7
2026-01-17 10:00:00,LONG,1.202338710944275,1.190315323834832,1.2143620980537178,1.0,1.0,WIN,1,0.49181578131533565,True,0.8414296414374217,0.7776913290383356,0.001,SYNTHETIC,8
2026-01-17 11:00:00,LONG,1.2015937883960925,1.1895778505121317,1.2136097262800534,1.0,1.0,WIN,1,0.8284168652719053,True,1.0,-1.8518616005110151,0.001,SYNTHETIC,9
2026-01-17 13:00:00,LONG,1.2022496158201796,1.1902271196619778,1.2142721119783815,1.0,1.0,WIN,1,0.3999312568388491,True,1.0,0.9232182253052106,0.001,SYNTHETIC,7
2026-01-17 14:00:00,LONG,1.2017907332134714,1.1897728258813367,1.213808640545606,1.0,1.0,WIN,1,-0.2535223277799058,False,0.42701186411052344,1.6545735950679932,0.001,SYNTHETIC,3
2026-01-17 15:00:00,LONG,1.2026814643772543,1.1906546497334818,1.2147082790210268,1.0,1.0,WIN,1,0.55591868784818,True,0.4512608066787825,-0.016892673430498162,0.001,SYNTHETIC,8
2026-01-17 17:00:00,LONG,1.201412892626812,1.1893987637005439,1.21342702155308,1.0,1.0,WIN,1,0.2321923866858065,True,0.4471417085275319,1.4405748509089087,0.001,SYNTHETIC,6
2026-01-17 20:00:00,SHORT,1.201420833259939,1.1894066249273396,1.2134350415925383,1.0,1.0,WIN,1,-0.5118038610812109,True,-0.6953441649038481,-0.5597481863049121,0.001,SYNTHETIC,1
2026-01-18 01:00:00,LONG,1.2024642074013785,1.1904395653273647,1.2144888494753923,1.0,1.0,LOSS,1,-0.07243665601407531,False,0.35861463547436373,0.738922795963857,0.001,SYNTHETIC,4
2026-01-18 02:00:00,LONG,1.2032586831111425,1.191226096280031,1.215291269942254,1.0,1.0,WIN,1,0.04069856097784655,True,0.3947244578629804,1.2344633966036478,0.001,SYNTHETIC,5
2026-01-18 03:00:00,LONG,1.2023919490487869,1.190368029558299,1.2144158685392747,1.0,1.0,WIN,1,0.47763519741932614,True,0.3722275873256291,2.051407200689476,0.001,SYNTHETIC,8
2026-01-18 07:00:00,SHORT,1.2022991253585786,1.1902761341049928,1.2143221166121645,1.0,1.0,LOSS,1,0.0780162793472913,False,-0.3737821760251296,3.3717075101993617,0.001,SYNTHETIC,5
2026-01-18 08:00:00,LONG,1.2043814743047758,1.192337659561728,1.2164252890478235,1.0,1.0,WIN,1,0.17062812729946378,True,0.6929380128567618,1.8799372832924246,0.001,SYNTHETIC,6
2026-01-18 09:00:00,LONG,1.204354978950856,1.1923114291613475,1.2163985287403647,1.0,1.0,WIN,1,0.42273021961841195,True,1.0,0.3633525229470261,0.001,SYNTHETIC,7
2026-01-18 10:00:00,LONG,1.205842890833348,1.1937844619250146,1.2179013197416815,1.0,1.0,WIN,1,0.40211203267856277,True,1.0,1.6202787680390422,0.001,SYNTHETIC,7
2026-01-18 11:00:00,LONG,1.2058310044640437,1.1937726944194031,1.2178893145086842,1.0,1.0,WIN,1,0.5071595054673482,True,1.0,-0.5872403270265882,0.001,SYNTHETIC,8
2026-01-18 12:00:00,LONG,1.2082903539197216,1.1962074503805245,1.2203732574589188,1.0,1.0,WIN,1,0.11405267410637648,True,1.0,0.1684702461591211,0.001,SYNTHETIC,5
2026-01-18 13:00:00,LONG,1.2099643313061728,1.197864687993111,1.2220639746192345,1.0,1.0,WIN,1,0.4324985290629915,True,1.0,0.31620818278671564,0.001,SYNTHETIC,7
2026-01-18 14:00:00,LONG,1.2097807769428253,1.197682969173397,1.2218785847122535,1.0,1.0,WIN,1,0.9354971904556216,True,1.0,3.963470392358325,0.001,SYNTHETIC,9
2026-01-18 15:00:00,LONG,1.2108824982072588,1.1987736732251861,1.2229913231893315,1.0,1.0,WIN,1,0.17224155145656983,True,1.0,0.1347507548700424,0.001,SYNTHETIC,6
2026-01-18 16:00:00,LONG,1.2114035480470453,1.1992895125665748,1.2235175835275158,1.0,1.0,WIN,1,0.10120361542549028,True,1.0,-1.3903871780999926,0.001,SYNTHETIC,5
2026-01-18 17:00:00,LONG,1.213325281654601,1.2011920288380549,1.225458534471147,1.0,1.0,WIN,1,0.12539350170133162,True,1.0,-0.7179708565535473,0.001,SYNTHETIC,5
2026-01-18 18:00:00,LONG,1.212399842050302,1.2002758436297989,1.224523840470805,1.0,1.0,WIN,1,1.0,True,1.0,1.5859587981451173,0.001,SYNTHETIC,9
2026-01-18 19:00:00,LONG,1.2131012709962916,1.2009702582863286,1.2252322837062546,1.0,1.0,WIN,1,0.6394555942611133,True,1.0,-0.49192911733307143,0.001,SYNTHETIC,8
2026-01-18 20:00:00,LONG,1.2147680707732065,1.2026203900654744,1.2269157514809386,1.0,1.0,WIN,1,0.4189203846975852,True,1.0,0.13206164080233265,0.001,SYNTHETIC,7
2026-01-18 21:00:00,LONG,1.2125441522812455,1.200418710758433,1.224669593804058,1.0,1.0,WIN,1,0.27457101584331367,True,0.5081497838817455,2.8456117657887883,0.001,SYNTHETIC,6
2026-01-18 22:00:00,SHORT,1.211808293758573,1.1996902108209873,1.2239263766961588,1.0,1.0,WIN,1,-0.18982489039799957,True,-0.5162334203440897,1.0897258022952034,0.001,SYNTHETIC,3
2026-01-18 23:00:00,SHORT,1.210423868322816,1.1983196296395877,1.222528107006044,1.0,1.0,WIN,1,-0.6655342778491388,True,-0.9467985702606493,1.1680016322405065,0.001,SYNTHETIC,0
2026-01-19 00:00:00,SHORT,1.2101275104435851,1.1980262353391493,1.222228785548021,1.0,1.0,LOSS,1,-0.6551650246127309,True,-1.0,1.670247304996869,0.001,SYNTHETIC,1
2026-01-19 01:00:00,SHORT,1.2108880912209299,1.1987792103087205,1.2229969721331393,1.0,1.0,WIN,1,-0.547304939660609,True,-1.0,-0.2756493323070427,0.001,SYNTHETIC,1
2026-01-19 03:00:00,LONG,1.2128256492117253,1.200697392719608,1.2249539057038425,1.0,1.0,WIN,1,0.05532546367128567,True,0.34881169155528446,1.956596985985575,0.001,SYNTHETIC,5
2026-01-19 04:00:00,LONG,1.2140840352937816,1.201943194940844,1.2262248756467193,1.0,1.0,WIN,1,0.6059274731991037,True,1.0,1.0293601610838292,0.001,SYNTHETIC,8
2026-01-19 05:00:00,LONG,1.2132565315742145,1.2011239662584723,1.2253890968899568,1.0,1.0,WIN,1,0.20085404611397017,True,1.0,0.5630055515049174,0.001,SYNTHETIC,6
2026-01-19 06:00:00,LONG,1.212348062268639,1.2002245816459525,1.2244715428913253,1.0,1.0,WIN,1,0.9850660045796743,True,0.4041623565906372,-2.7587433239210672,0.001,SYNTHETIC,9
2026-01-19 09:00:00,SHORT,1.2125271981715247,1.2004019261898093,1.22465247015324,1.0,1.0,WIN,1,-1.0,True,-0.7625599393807057,0.7262042837364837,0.001,SYNTHETIC,0
2026-01-19 10:00:00,SHORT,1.2108277081815837,1.1987194310997678,1.2229359852633996,1.0,1.0,LOSS,1,-0.7062509855413336,True,-1.0,2.011885055884015,0.001,SYNTHETIC,0
2026-01-19 11:00:00,SHORT,1.2107710344937097,1.1986633241487725,1.222878744838647,1.0,1.0,WIN,1,0.011200377155511587,False,-0.38821563545332527,0.15156105573162204,0.001,SYNTHETIC,5
2026-01-19 12:00:00,SHORT,1.2099921951284636,1.1978922731771788,1.2220921170797483,1.0,1.0,WIN,1,-0.2972977785938894,True,-0.8888774938578418,1.4277134987675226,0.001,SYNTHETIC,3
2026-01-19 13:00:00,SHORT,1.2107304799603686,1.198623175160765,1.2228377847599723,1.0,1.0,LOSS,1,-0.4204286745558278,True,-0.7743482429024879,2.4686139879941122,0.001,SYNTHETIC,2
2026-01-19 14:00:00,SHORT,1.211427527159235,1.1993132518876426,1.2235418024308273,1.0,1.0,WIN,1,-0.4873489371826176,True,-0.6138323976793839,0.3549638529669603,0.001,SYNTHETIC,1
2026-01-19 16:00:00,SHORT,1.210045080558299,1.1979446297527159,1.222145531363882,1.0,1.0,WIN,1,-0.2857242380479117,True,-0.32989863343011905,-0.05768101850931395,0.001,SYNTHETIC,3
2026-01-19 18:00:00,SHORT,1.2095402008989062,1.197444798889917,1.2216356029078954,1.0,1.0,WIN,1,-0.3816519070589977,True,-0.5239771603929257,0.77614437506212,0.001,SYNTHETIC,2
2026-01-19 20:00:00,SHORT,1.209994327126108,1.1978943838548468,1.2220942703973692,1.0,1.0,WIN,1,-0.38423637625378265,True,-0.3057288729579256,-0.6335861456389953,0.001,SYNTHETIC,2
2026-01-19 22:00:00,LONG,1.2097674911148657,1.197669816203717,1.2218651660260145,1.0,1.0,WIN,1,0.3866465042115869,True,0.3152387206326521,0.3688084984251654,0.001,SYNTHETIC,7
2026-01-20 00:00:00,SHORT,1.2093817243598237,1.1972879071162255,1.221475541603422,1.0,1.0,LOSS,1,-0.4541300584749651,True,-0.4022369922142281,-0.3737692705668329,0.001,SYNTHETIC,2
2026-01-20 01:00:00,SHORT,1.2094745862723357,1.1973798404096123,1.2215693321350591,1.0,1.0,WIN,1,0.10998158815327091,False,-0.4214028858855319,-0.41593219590801545,0.001,SYNTHETIC,5
2026-01-20 02:00:00,SHORT,1.20822754730357,1.1961452718305343,1.2203098227766056,1.0,1.0,WIN,1,-0.7001235180411374,True,-0.8447886122918562,0.7885147333980965,0.001,SYNTHETIC,0
2026-01-20 03:00:00,SHORT,1.2078571486099363,1.195778577123837,1.2199357200960357,1.0,1.0,WIN,1,-0.517245724763241,True,-1.0,0.39456348924278495,0.001,SYNTHETIC,1
2026-01-20 07:00:00,LONG,1.2092965791808268,1.1972036133890185,1.221389544972635,1.0,1.0,LOSS,1,0.4986051836227727,True,0.49277202252679286,3.4602454408797114,0.001,SYNTHETIC,8
2026-01-20 08:00:00,LONG,1.2095335255209816,1.1974381902657718,1.2216288607761914,1.0,1.0,WIN,1,0.4471223270261408,True,0.9277979052406926,0.6319775106637738,0.001,SYNTHETIC,7
2026-01-20 11:00:00,LONG,1.2115970460756047,1.1994810756148486,1.2237130165363608,1.0,1.0,WIN,1,0.3936639798568945,True,0.870887557538756,1.9410041726703553,0.001,SYNTHETIC,7
2026-01-20 12:00:00,LONG,1.211280803610118,1.1991679955740167,1.2233936116462192,1.0,1.0,WIN,1,-0.3395067318079578,False,0.5727904803397775,0.17939716011904638,0.001,SYNTHETIC,2
2026-01-20 13:00:00,LONG,1.2108221880121486,1.1987139661320272,1.22293040989227,1.0,1.0,WIN,1,0.24203783183689462,True,0.3872625507346919,0.6889632371628902,0.001,SYNTHETIC,6
2026-01-20 14:00:00,LONG,1.2106114377968984,1.1985053234189293,1.2227175521748674,1.0,1.0,WIN,1,0.11212101063182017,True,0.36594876022725953,0.7725890369863802,0.001,SYNTHETIC,5
2026-01-20 15:00:00,SHORT,1.20843636710747,1.1963520034363953,1.2205207307785448,1.0,1.0,WIN,1,0.006762920500291869,False,-0.8029120669848142,1.6471957444235983,0.001,SYNTHETIC,4
2026-01-20 16:00:00,SHORT,1.2069799418729474,1.194910142454218,1.219049741291677,1.0,1.0,WIN,1,-0.2864517894206998,True,-1.0,2.997476097119887,0.001,SYNTHETIC,3
2026-01-20 17:00:00,SHORT,1.2083466781852032,1.1962632114033511,1.2204301449670554,1.0,1.0,WIN,1,-0.6345033728800232,True,-0.9533541332360067,2.234292905771716,0.001,SYNTHETIC,1
2026-01-20 20:00:00,LONG,1.2107818695544352,1.198674050858891,1.2228896882499796,1.0,1.0,WIN,1,0.32823182223401814,True,1.0,1.3109981258293923,0.001,SYNTHETIC,7
2026-01-20 21:00:00,LONG,1.2118880892425088,1.1997692083500837,1.2240069701349339,1.0,1.0,WIN,1,0.49028816408463655,True,1.0,-0.18857187607527237,0.001,SYNTHETIC,8
2026-01-20 22:00:00,LONG,1.2152719210357201,1.203119201825363,1.2274246402460773,1.0,1.0,WIN,1,0.8950094193544607,True,1.0,-0.06808709449549388,0.001,SYNTHETIC,9
2026-01-20 23:00:00,LONG,1.2161020060977203,1.2039409860367432,1.2282630261586975,1.0,1.0,WIN,1,0.25126094494088647,True,1.0,1.5453010316558757,0.001,SYNTHETIC,6
2026-01-21 00:00:00,LONG,1.2163675092784973,1.2042038341857124,1.2285311843712823,1.0,1.0,WIN,1,0.3656976902130813,True,1.0,0.5514635216735699,0.001,SYNTHETIC,7
2026-01-21 01:00:00,LONG,1.2152252783339546,1.203073025550615,1.227377531117294,1.0,1.0,WIN,1,0.40777029636520506,True,1.0,0.4799152301937969,0.001,SYNTHETIC,7
2026-01-21 02:00:00,LONG,1.2135274601400545,1.201392185538654,1.225662734741455,1.0,1.0,WIN,1,1.0,True,0.9791730386694202,1.2611644034986949,0.001,SYNTHETIC,9
2026-01-21 04:00:00,SHORT,1.2139100911813396,1.2017709902695262,1.226049192093153,1.0,1.0,WIN,1,-0.12483680701836541,True,-0.928914617465436,0.7619993352356803,0.001,SYNTHETIC,4
2026-01-21 05:00:00,SHORT,1.212566430067436,1.2004407657667615,1.2246920943681103,1.0,1.0,LOSS,1,-0.2695622864364847,True,-1.0,1.9909416842540488,0.001,SYNTHETIC,3
2026-01-21 06:00:00,SHORT,1.212030171337177,1.1999098696238053,1.2241504730505488,1.0,1.0,WIN,1,-0.24938184020441023,True,-1.0,1.810999745346383,0.001,SYNTHETIC,3
2026-01-21 07:00:00,SHORT,1.2115140385002467,1.1993988981152444,1.2236291788852491,1.0,1.0,WIN,1,-0.3579279388003135,True,-1.0,4.649417334167639,0.001,SYNTHETIC,2
2026-01-21 08:00:00,SHORT,1.2127646065186724,1.2006369604534857,1.224892252583859,1.0,1.0,WIN,1,-0.14826343405522358,True,-0.5156883881459025,3.4964791479693433,0.001,SYNTHETIC,4
2026-01-21 10:00:00,LONG,1.2139717076135303,1.201831990537395,1.2261114246896656,1.0,1.0,WIN,1,0.4635074222350002,True,0.7122961106642367,2.0782517219659447,0.001,SYNTHETIC,7
2026-01-21 11:00:00,LONG,1.215911310349346,1.2037521972458525,1.2280704234528395,1.0,1.0,WIN,1,0.4674969222821126,True,1.0,2.490533668103338,0.001,SYNTHETIC,7
2026-01-21 12:00:00,LONG,1.2158280323524346,1.2036697520289104,1.227986312675959,1.0,1.0,WIN,1,0.6636370708548486,True,1.0,-0.11973723130730057,0.001,SYNTHETIC,8
2026-01-21 13:00:00,LONG,1.2152919867098373,1.2031390668427389,1.2274449065769357,1.0,1.0,WIN,1,0.4787422500078659,True,1.0,0.6985151542179298,0.001,SYNTHETIC,8
2026-01-21 14:00:00,LONG,1.216950553000382,1.2047810474703782,1.2291200585303856,1.0,1.0,WIN,1,0.7289492878183976,True,1.0,0.49790893513907486,0.001,SYNTHETIC,9
2026-01-21 15:00:00,LONG,1.2177897526504065,1.2056118551239023,1.2299676501769106,1.0,1.0,WIN,1,0.781979771344754,True,1.0,0.29171295705220635,0.001,SYNTHETIC,9
2026-01-21 16:00:00,LONG,1.216605619531356,1.2044395633360423,1.2287716757266696,1.0,1.0,LOSS,1,-0.6347791657741351,False,0.47773768323918836,1.6178861102503763,0.001,SYNTHETIC,1
2026-01-21 17:00:00,LONG,1.2170649702255951,1.2048943205233391,1.2292356199278511,1.0,1.0,LOSS,1,0.05494198592139066,True,0.37021966274235624,1.286054930846362,0.001,SYNTHETIC,5
2026-01-21 18:00:00,LONG,1.2167359996078297,1.2045686396117514,1.228903359603908,1.0,1.0,WIN,1,-0.37493376918871657,False,0.3645646051554427,1.1909643653124444,0.001,SYNTHETIC,2
2026-01-21 19:00:00,SHORT,1.2152507499879317,1.2030982424880523,1.227403257487811,1.0,1.0,WIN,1,-0.3311725243698453,True,-0.8057117815248872,0.20286904177065357,0.001,SYNTHETIC,2
2026-01-21 20:00:00,SHORT,1.2167464964191943,1.2045790314550024,1.2289139613833862,1.0,1.0,WIN,1,-0.41518326738059746,True,-0.6499415080487947,0.28694191170316763,0.001,SYNTHETIC,2
2026-01-21 21:00:00,LONG,1.2187298124638009,1.2065425143391628,1.230917110588439,1.0,1.0,WIN,1,0.6758771223909279,True,0.5382571624298926,3.16141426930354,0.001,SYNTHETIC,9
2026-01-21 23:00:00,LONG,1.217918001982081,1.2057388219622602,1.2300971820019018,1.0,1.0,LOSS,1,0.16998081713556287,True,0.6312796201493537,2.695504207650189,0.001,SYNTHETIC,6
2026-01-22 00:00:00,LONG,1.217454750792844,1.2052802032849155,1.2296292983007724,1.0,1.0,LOSS,1,0.7447806539579171,True,0.9264183840084838,1.4224370608285897,0.001,SYNTHETIC,9
2026-01-22 01:00:00,LONG,1.2173828708331578,1.2052090421248263,1.2295566995414893,1.0,1.0,WIN,1,0.0832807567843184,True,0.3574829882651025,-0.34052114755964036,0.001,SYNTHETIC,5
2026-01-22 02:00:00,SHORT,1.2166546580586313,1.204488111478045,1.2288212046392175,1.0,1.0,WIN,1,-0.47465083160815214,True,-0.6505031296801033,-1.3825701790021694,0.001,SYNTHETIC,2
2026-01-22 03:00:00,SHORT,1.2155647660332831,1.2034091183729503,1.227720413693616,1.0,1.0,WIN,1,-0.09894531716914519,True,-0.4340658831234038,2.4084933050232604,0.001,SYNTHETIC,4
2026-01-22 04:00:00,SHORT,1.2164912870718594,1.2043263742011407,1.228656199942578,1.0,1.0,WIN,1,0.16323721668146657,False,-0.6413084006007496,0.4925160212853934,0.001,SYNTHETIC,6
2026-01-22 05:00:00,SHORT,1.2153954812474945,1.2032415264350196,1.2275494360599695,1.0,1.0,WIN,1,-0.10065371958814362,True,-0.7134385841201806,0.18416104339343276,0.001,SYNTHETIC,4
2026-01-22 06:00:00,SHORT,1.215894169212049,1.2037352275199287,1.2280531109041695,1.0,1.0,WIN,1,-0.03383530513563515,True,-0.40782918944015595,1.4482876183859146,0.001,SYNTHETIC,4
2026-01-22 09:00:00,SHORT,1.215159043183001,1.203007452751171,1.2273106336148312,1.0,1.0,WIN,1,-0.3872405756779427,True,-0.3216504491906212,3.3201014447379347,0.001,SYNTHETIC,2
2026-01-22 14:00:00,LONG,1.2158579636551479,1.2036993840185963,1.2280165432916994,1.0,1.0,WIN,1,-0.2780054718985075,False,0.3074625498480178,0.9479580081600675,0.001,SYNTHETIC,3
2026-01-22 15:00:00,LONG,1.2178508433700495,1.205672334936349,1.23002935180375,1.0,1.0,WIN,1,0.38506815975015424,True,0.8428671499330156,-0.9485798923949557,0.001,SYNTHETIC,7
2026-01-22 20:00:00,SHORT,1.2163099013612415,1.2041468023476292,1.2284730003748539,1.0,1.0,WIN,1,0.22765353483490142,False,-0.4096263758369374,0.1702248682151593,0.001,SYNTHETIC,6
2026-01-22 21:00:00,SHORT,1.2146504471464048,1.2025039426749407,1.226796951617869,1.0,1.0,WIN,1,-0.8661214153439202,True,-0.46347661319022754,1.50591097776329,0.001,SYNTHETIC,0
2026-01-22 22:00:00,SHORT,1.213118429972348,1.2009872456726245,1.2252496142720717,1.0,1.0,WIN,1,-0.44592908436220563,True,-1.0,1.4573995096778727,0.001,SYNTHETIC,2
2026-01-22 23:00:00,SHORT,1.2132416626098574,1.201109245983759,1.225374079235956,1.0,1.0,WIN,1,-0.5339926710847409,True,-1.0,-0.9331225428856011,0.001,SYNTHETIC,1
2026-01-23 00:00:00,SHORT,1.2142872989773477,1.2021444259875742,1.2264301719671211,1.0,1.0,WIN,1,-0.46778109331281487,True,-1.0,0.7458489684820139,0.001,SYNTHETIC,2
2026-01-23 01:00:00,SHORT,1.2132772683490796,1.2011444956655888,1.2254100410325703,1.0,1.0,WIN,1,-0.5950299426848605,True,-1.0,1.005695063788664,0.001,SYNTHETIC,1
2026-01-23 04:00:00,SHORT,1.2126499524760306,1.2005234529512703,1.2247764520007909,1.0,1.0,WIN,1,0.194391860193803,False,-0.3068140386108138,1.4878366858011416,0.001,SYNTHETIC,6
2026-01-23 05:00:00,SHORT,1.2120276441247546,1.199907367683507,1.2241479205660022,1.0,1.0,WIN,1,-0.4800211317447192,True,-0.897648750151309,2.175683002087267,0.001,SYNTHETIC,2
2026-01-23 06:00:00,SHORT,1.2108755468118146,1.1987667913436966,1.2229843022799327,1.0,1.0,WIN,1,-0.544262380848728,True,-0.7955368342134503,0.8173991135595496,0.001,SYNTHETIC,1
2026-01-23 07:00:00,SHORT,1.2112293562000702,1.1991170626380696,1.2233416497620708,1.0,1.0,WIN,1,-0.6828321887017639,True,-1.0,1.5260209020441966,0.001,SYNTHETIC,0
2026-01-23 08:00:00,SHORT,1.211256229395953,1.1991436671019935,1.2233687916899125,1.0,1.0,WIN,1,-1.0,True,-0.7100840224701648,-0.18359233868602431,0.001,SYNTHETIC,0
2026-01-23 09:00:00,SHORT,1.2104132351927512,1.1983091028408237,1.2225173675446788,1.0,1.0,WIN,1,-0.31270558868045994,True,-0.8377032221223668,1.615424741376489,0.001,SYNTHETIC,3
2026-01-23 12:00:00,LONG,1.212141504774079,1.200020089726338,1.2242629198218198,1.0,1.0,LOSS,1,0.173906326676065,True,0.39961451411198157,-0.17513366794014118,0.001,SYNTHETIC,6
2026-01-23 14:00:00,LONG,1.2123642924410423,1.2002406495166318,1.2244879353654528,1.0,1.0,WIN,1,0.07336321725870754,True,0.658662022971961,0.024578023374954766,0.001,SYNTHETIC,5
2026-01-23 15:00:00,LONG,1.2131133553262945,1.2009822217730315,1.2252444888795575,1.0,1.0,WIN,1,0.26730567038003367,True,0.8343444771822661,2.81610427161532,0.001,SYNTHETIC,6
2026-01-23 17:00:00,SHORT,1.211269946118618,1.1991572466574318,1.2233826455798043,1.0,1.0,WIN,1,-0.08245506501482147,True,-0.5829160748885803,1.7361383217088076,0.001,SYNTHETIC,4
2026-01-23 20:00:00,SHORT,1.2123194320820707,1.20019623776125,1.2244426264028914,1.0,1.0,WIN,1,-0.6240502434088164,True,-0.6212291642783835,1.7641617810725307,0.001,SYNTHETIC,1
2026-01-23 22:00:00,LONG,1.2121107215941742,1.1999896143782325,1.224231828810116,1.0,1.0,WIN,1,0.8460701621934658,True,0.48524565683357873,2.8465345032632894,0.001,SYNTHETIC,9
2026-01-24 00:00:00,LONG,1.2132962715158284,1.2011633088006701,1.2254292342309867,1.0,1.0,LOSS,1,0.6368696076370064,True,0.7422347669943253,1.519664822277563,0.001,SYNTHETIC,8
2026-01-24 01:00:00,LONG,1.2136862904339798,1.20154942752964,1.2258231533383197,1.0,1.0,WIN,1,0.7486998283604578,True,0.6958233230485524,0.9555963480125509,0.001,SYNTHETIC,9
2026-01-24 02:00:00,LONG,1.2149257293730538,1.2027764720793233,1.2270749866667843,1.0,1.0,WIN,1,0.39199554205235415,True,1.0,2.468982250325678,0.001,SYNTHETIC,7
2026-01-24 03:00:00,LONG,1.2139811114408479,1.2018413003264394,1.2261209225552563,1.0,1.0,WIN,1,0.22696766086848957,True,0.8743700683684034,2.429648192054076,0.001,SYNTHETIC,6
2026-01-24 04:00:00,LONG,1.2142200789316495,1.202077878142333,1.2263622797209661,1.0,1.0,WIN,1,0.5429995244579965,True,0.7410250392160415,1.4780980209902446,0.001,SYNTHETIC,8
2026-01-24 09:00:00,LONG,1.2171292517259926,1.2049579592087327,1.2293005442432525,1.0,1.0,WIN,1,0.14233254531316936,True,1.0,-0.47963495049307553,0.001,SYNTHETIC,5
2026-01-24 10:00:00,LONG,1.2180019805363809,1.205821960731017,1.2301820003417447,1.0,1.0,LOSS,1,0.5199920006505273,True,1.0,2.6903746266277144,0.001,SYNTHETIC,8
2026-01-24 11:00:00,LONG,1.2178214178360103,1.20564320365765,1.2299996320143705,1.0,1.0,WIN,1,0.5724670382616143,True,1.0,2.2416082135440267,0.001,SYNTHETIC,8
2026-01-24 12:00:00,LONG,1.219901771768067,1.2077027540503862,1.2321007894857476,1.0,1.0,WIN,1,0.8801505911264746,True,1.0,2.4535075907167196,0.001,SYNTHETIC,9
2026-01-24 13:00:00,LONG,1.2186019207692473,1.2064159015615548,1.23078793997694,1.0,1.0,WIN,1,0.44097068137168904,True,1.0,2.165814208763053,0.001,SYNTHETIC,7
2026-01-24 15:00:00,SHORT,1.2166315786601716,1.20446526287357,1.2287978944467732,1.0,1.0,WIN,1,-0.7325392571675557,True,-0.6423621166351573,3.295565543612395,0.001,SYNTHETIC,0
2026-01-24 16:00:00,SHORT,1.2146722155742735,1.2025254934185308,1.2268189377300163,1.0,1.0,WIN,1,-0.335776162380761,True,-1.0,1.584323948527263,0.001,SYNTHETIC,2
2026-01-24 17:00:00,SHORT,1.2151378384145,1.202986460030355,1.2272892167986449,1.0,1.0,WIN,1,0.5044621556616926,False,-1.0,-0.5033007069097672,0.001,SYNTHETIC,8
2026-01-24 18:00:00,SHORT,1.2143344059119225,1.2021910618528033,1.2264777499710418,1.0,1.0,WIN,1,-0.5667772952011816,True,-1.0,0.057263701127968414,0.001,SYNTHETIC,1
2026-01-24 20:00:00,LONG,1.2168533231597116,1.2046847899281146,1.2290218563913087,1.0,1.0,LOSS,1,-0.00564687233284436,False,0.31740596732328913,-0.10023351386329443,0.001,SYNTHETIC,4
2026-01-24 21:00:00,LONG,1.2173064832928382,1.2051334184599098,1.2294795481257665,1.0,1.0,WIN,1,0.10722111325422712,True,0.9832131785059585,3.592936037961765,0.001,SYNTHETIC,5
2026-01-24 22:00:00,LONG,1.2178614748190204,1.2056828600708303,1.2300400895672106,1.0,1.0,WIN,1,0.6302707817601592,True,1.0,0.3763790032746694,0.001,SYNTHETIC,8
2026-01-24 23:00:00,LONG,1.216351823642332,1.2041883054059088,1.2285153418787553,1.0,1.0,WIN,1,0.2884507890140358,True,0.5599886079657563,2.7554257394766797,0.001,SYNTHETIC,6
2026-01-25 02:00:00,SHORT,1.216458012789329,1.2042934326614356,1.2286225929172223,1.0,1.0,WIN,1,-0.04947162000610862,True,-0.34852186581448674,0.6266242066061245,0.001,SYNTHETIC,4
2026-01-25 04:00:00,LONG,1.2178558865257811,1.2056773276605233,1.230034445391039,1.0,1.0,WIN,1,0.27693874505085636,True,0.8070636085570978,-0.44119924539499633,0.001,SYNTHETIC,6
2026-01-25 05:00:00,LONG,1.2187820435593175,1.2065942231237243,1.2309698639949107,1.0,1.0,WIN,1,0.3939669009489099,True,0.5447573356019646,0.9212260914092413,0.001,SYNTHETIC,7
2026-01-25 06:00:00,LONG,1.218630979189061,1.2064446693971704,1.2308172889809517,1.0,1.0,WIN,1,0.380205995300054,True,0.489574419150487,1.8527622125389063,0.001,SYNTHETIC,7
2026-01-25 07:00:00,LONG,1.220531426200941,1.2083261119389317,1.2327367404629503,1.0,1.0,WIN,1,0.6203964121180137,True,1.0,0.9721097840474535,0.001,SYNTHETIC,8
2026-01-25 08:00:00,LONG,1.2213065222954411,1.2090934570724867,1.2335195875183955,1.0,1.0,LOSS,1,0.8203979133510468,True,1.0,0.7068763736949984,0.001,SYNTHETIC,9
2026-01-25 09:00:00,LONG,1.2216187779903516,1.209402590210448,1.2338349657702552,1.0,1.0,WIN,1,0.8885813701500036,True,1.0,0.924060823447666,0.001,SYNTHETIC,9
2026-01-25 10:00:00,LONG,1.2219781995536263,1.20975841755809,1.2341979815491626,1.0,1.0,WIN,1,1.0,True,1.0,1.9008703354522944,0.001,SYNTHETIC,9
2026-01-25 11:00:00,LONG,1.2211941888260889,1.208982246937828,1.2334061307143498,1.0,1.0,WIN,1,0.2306901547310023,True,0.9634856189312376,1.3181710428270734,0.001,SYNTHETIC,6
2026-01-25 12:00:00,LONG,1.2222225442228987,1.2100003187806696,1.2344447696651277,1.0,1.0,WIN,1,0.019355854560956343,True,0.38276461738224304,2.613532797686946,0.001,SYNTHETIC,5
2026-01-25 16:00:00,LONG,1.2220948858093357,1.2098739369512423,1.234315834667429,1.0,1.0,WIN,1,0.3535294094334852,True,0.42192106996299245,2.3041355585447674,0.001,SYNTHETIC,7
2026-01-25 18:00:00,LONG,1.223948408837039,1.2117089247486685,1.2361878929254093,1.0,1.0,WIN,1,0.8769222879728065,True,0.9882878042782951,2.1899517796725103,0.001,SYNTHETIC,9
2026-01-25 19:00:00,LONG,1.223692471343916,1.2114555466304768,1.235929396057355,1.0,1.0,WIN,1,0.31859773684730675,True,0.7527641219491739,1.674830313949952,0.001,SYNTHETIC,7
2026-01-25 20:00:00,LONG,1.2236233887998302,1.211387154911832,1.2358596226878285,1.0,1.0,WIN,1,0.5573997232540338,True,0.8369076683852852,-1.651153251207408,0.001,SYNTHETIC,8
2026-01-25 23:00:00,SHORT,1.223144081372039,1.2109126405583186,1.2353755221857592,1.0,1.0,WIN,1,-0.4127274286659302,True,-0.33584935820705,3.556459100831521,0.001,SYNTHETIC,2
2026-01-26 02:00:00,LONG,1.2240621918122911,1.2118215698941681,1.2363028137304142,1.0,1.0,WIN,1,0.08139925746528237,True,0.662490142861086,2.6594422141365697,0.001,SYNTHETIC,5
2026-01-26 03:00:00,LONG,1.225488114814298,1.213233233666155,1.2377429959624409,1.0,1.0,WIN,1,-0.03307564744810798,False,1.0,2.497574105407443,0.001,SYNTHETIC,4
2026-01-26 04:00:00,LONG,1.2264921610089952,1.2142272393989053,1.238757082619085,1.0,1.0,WIN,1,0.4904716030129436,True,1.0,1.1043271468299698,0.001,SYNTHETIC,8
2026-01-26 05:00:00,LONG,1.2279291820894442,1.2156498902685497,1.2402084739103387,1.0,1.0,WIN,1,0.9365720906449249,True,1.0,1.0255534066086098,0.001,SYNTHETIC,9
2026-01-26 06:00:00,LONG,1.228047791862509,1.2157673139438838,1.2403282697811342,1.0,1.0,WIN,1,-0.3384551315206725,False,1.0,1.586845887938163,0.001,SYNTHETIC,2
2026-01-26 07:00:00,LONG,1.2268530502368058,1.2145845197344378,1.2391215807391738,1.0,1.0,WIN,1,0.4135009180539464,True,1.0,3.7472308587349534,0.001,SYNTHETIC,7
2026-01-26 12:00:00,LONG,1.228857360354553,1.2165687867510073,1.2411459339580986,1.0,1.0,WIN,1,0.02178469661203325,True,0.647876261628198,2.2000867762997505,0.001,SYNTHETIC,5
2026-01-26 13:00:00,LONG,1.2273395731047332,1.215066177373686,1.2396129688357804,1.0,1.0,WIN,1,0.335756127855497,True,0.9129631803322062,1.0136039552540435,0.001,SYNTHETIC,7
2026-01-26 14:00:00,LONG,1.230191759979854,1.2178898423800555,1.2424936775796525,1.0,1.0,WIN,1,0.16305563296034897,True,1.0,2.5603209786151266,0.001,SYNTHETIC,5
2026-01-26 15:00:00,LONG,1.2305489666390301,1.2182434769726398,1.2428544563054205,1.0,1.0,WIN,1,0.13810978905445626,True,1.0,0.3397494083568261,0.001,SYNTHETIC,5
2026-01-26 16:00:00,LONG,1.2308769025784985,1.2185681335527134,1.2431856716042835,1.0,1.0,WIN,1,0.48223047453739876,True,1.0,1.482737498606606,0.001,SYNTHETIC,8
2026-01-26 17:00:00,LONG,1.231600396750369,1.2192843927828654,1.2439164007178727,1.0,1.0,LOSS,1,1.0,True,1.0,2.7375477128892003,0.001,SYNTHETIC,9
2026-01-26 18:00:00,LONG,1.2327279994560536,1.220400719461493,1.2450552794506142,1.0,1.0,WIN,1,0.7273229952343568,True,1.0,0.6069300663367274,0.001,SYNTHETIC,9
2026-01-26 19:00:00,LONG,1.2322077942924714,1.2198857163495467,1.2445298722353961,1.0,1.0,WIN,1,0.8031598301115065,True,1.0,-0.19871325219670577,0.001,SYNTHETIC,9
2026-01-26 20:00:00,LONG,1.2320600024887358,1.2197394024638484,1.2443806025136233,1.0,1.0,WIN,1,0.5958650493746063,True,0.7133726356979055,3.203523336087159,0.001,SYNTHETIC,8
2026-01-26 21:00:00,LONG,1.2329789650718164,1.2206491754210982,1.2453087547225345,1.0,1.0,WIN,1,0.22143561003520706,True,0.8613793876779444,0.008198743187934121,0.001,SYNTHETIC,6
2026-01-26 22:00:00,LONG,1.2350353883887233,1.2226850345048361,1.2473857422726105,1.0,1.0,WIN,1,0.5932496687348481,True,1.0,1.3397280730873968,0.001,SYNTHETIC,8
2026-01-26 23:00:00,LONG,1.2368280479161116,1.2244597674369504,1.2491963283952727,1.0,1.0,WIN,1,0.8293082782827002,True,1.0,0.6696719916501269,0.001,SYNTHETIC,9
2026-01-27 00:00:00,LONG,1.2385564157847602,1.2261708516269125,1.2509419799426078,1.0,1.0,WIN,1,0.7485012403345374,True,1.0,-0.725733837179538,0.001,SYNTHETIC,9
2026-01-27 01:00:00,LONG,1.2378072308168597,1.2254291585086912,1.2501853031250283,1.0,1.0,WIN,1,0.5583653022105155,True,1.0,3.002429308489427,0.001,SYNTHETIC,8
2026-01-27 02:00:00,LONG,1.2374960464479567,1.2251210859834771,1.2498710069124364,1.0,1.0,WIN,1,0.6560139482581682,True,1.0,0.8463503257225109,0.001,SYNTHETIC,8
2026-01-27 03:00:00,LONG,1.2369715351322317,1.2246018197809094,1.249341250483554,1.0,1.0,WIN,1,1.0,True,0.9457716795476623,1.1518450730898773,0.001,SYNTHETIC,9
2026-01-27 04:00:00,LONG,1.2377131075158165,1.2253359764406584,1.2500902385909747,1.0,1.0,WIN,1,0.4609805200715643,True,0.4182951098493211,1.4818663972171517,0.001,SYNTHETIC,7
2026-01-27 07:00:00,LONG,1.2389821315991414,1.22659231028315,1.2513719529151328,1.0,1.0,WIN,1,0.06488688433481349,True,0.762264606624495,1.0000783276637386,0.001,SYNTHETIC,5
2026-01-27 08:00:00,LONG,1.2388936129691477,1.2265046768394563,1.251282549098839,1.0,1.0,WIN,1,1.0,True,0.7490716656211196,1.1522448003383268,0.001,SYNTHETIC,9
2026-01-27 09:00:00,LONG,1.2383128890729,1.225929760182171,1.250696017963629,1.0,1.0,WIN,1,0.7567117129930245,True,0.5511015907199228,0.5239272490619538,0.001,SYNTHETIC,9
2026-01-27 10:00:00,SHORT,1.2380547515239875,1.2256742040087476,1.2504352990392273,1.0,1.0,LOSS,1,-0.13144509713860777,True,-0.3128180160404841,-0.7201717609893082,0.001,SYNTHETIC,4
2026-01-27 12:00:00,SHORT,1.2372980694873659,1.2249250887924923,1.2496710501822395,1.0,1.0,WIN,1,-0.1037107782920611,True,-0.5868615835571086,0.8319608814963901,0.001,SYNTHETIC,4
2026-01-27 13:00:00,SHORT,1.2374503986422438,1.2250758946558213,1.2498249026286663,1.0,1.0,WIN,1,-0.3752835435567501,True,-0.49205923654400957,-0.13909091593387168,0.001,SYNTHETIC,2
2026-01-27 14:00:00,SHORT,1.2365880519312382,1.224222171411926,1.2489539324505505,1.0,1.0,WIN,1,-0.15103929737151933,True,-0.8459501190549172,0.4759532348019394,0.001,SYNTHETIC,4
2026-01-27 15:00:00,SHORT,1.2356328348516101,1.223276506503094,1.2479891632001263,1.0,1.0,WIN,1,-0.36109614418604613,True,-0.9613783714500831,2.354740568632499,0.001,SYNTHETIC,2
2026-01-27 16:00:00,SHORT,1.2355878941211038,1.2232320151798928,1.2479437730623149,1.0,1.0,LOSS,1,0.04121685353460108,False,-0.42028035989663726,0.17904653886846617,0.001,SYNTHETIC,5
2026-01-27 22:00:00,SHORT,1.233999332990505,1.2216593396606,1.2463393263204101,1.0,1.0,LOSS,1,0.16559407107605717,False,-1.0,1.5180936404454837,0.001,SYNTHETIC,6
2026-01-27 23:00:00,SHORT,1.2336607744294854,1.2213241666851906,1.2459973821737802,1.0,1.0,WIN,1,-0.32678951053584104,True,-1.0,4.051161800267704,0.001,SYNTHETIC,2
2026-01-28 00:00:00,SHORT,1.233423264990017,1.221089032340117,1.245757497639917,1.0,1.0,WIN,1,-0.3478749911508708,True,-1.0,2.369582133061424,0.001,SYNTHETIC,2
2026-01-28 01:00:00,SHORT,1.2339621980730326,1.2216225760923023,1.246301820053763,1.0,1.0,WIN,1,-0.593783960135315,True,-0.6396437795363425,0.6337796498329509,0.001,SYNTHETIC,1
2026-01-28 03:00:00,LONG,1.2378192718392402,1.2254410791208479,1.2501974645576326,1.0,1.0,WIN,1,-0.09647827669286546,False,1.0,0.7348379581436504,0.001,SYNTHETIC,4
2026-01-28 04:00:00,LONG,1.2375656820221042,1.225190025201883,1.2499413388423253,1.0,1.0,WIN,1,0.40355419628968797,True,1.0,2.0599407126814335,0.001,SYNTHETIC,7
2026-01-28 05:00:00,LONG,1.2362883913244622,1.2239255074112176,1.2486512752377068,1.0,1.0,WIN,1,-0.11755782664997438,False,1.0,0.09603879967922213,0.001,SYNTHETIC,4
2026-01-28 06:00:00,LONG,1.2392731969987623,1.2268804650287746,1.25166592896875,1.0,1.0,WIN,1,0.8242898512591083,True,1.0,1.4613759884247433,0.001,SYNTHETIC,9
2026-01-28 07:00:00,LONG,1.2402155013854208,1.2278133463715666,1.252617656399275,1.0,1.0,WIN,1,0.6165196605651357,True,1.0,-0.01967823058415759,0.001,SYNTHETIC,8
2026-01-28 08:00:00,LONG,1.24042103713701,1.2280168267656397,1.25282524750838,1.0,1.0,LOSS,1,-0.1430153046895991,False,0.9296709384584558,1.9319663103101492,0.001,SYNTHETIC,4
2026-01-28 09:00:00,LONG,1.2399042013613195,1.2275051593477062,1.2523032433749328,1.0,1.0,LOSS,1,0.4430408923509554,True,1.0,2.7410741156679315,0.001,SYNTHETIC,7
2026-01-28 10:00:00,LONG,1.24076267026766,1.2283550435649833,1.2531702969703367,1.0,1.0,WIN,1,1.0,True,1.0,-0.2470984523077443,0.001,SYNTHETIC,9
2026-01-28 11:00:00,LONG,1.2402659389446251,1.227863279555179,1.2526685983340713,1.0,1.0,WIN,1,0.18813919743918137,True,0.4516780853798089,0.8691435021872984,0.001,SYNTHETIC,6
2026-01-28 15:00:00,SHORT,1.2392133848368923,1.2268212509885232,1.2516055186852613,1.0,1.0,WIN,1,-0.012994396018269488,True,-0.3473367727501399,0.017527003812702002,0.001,SYNTHETIC,4
2026-01-28 16:00:00,SHORT,1.2394156316393559,1.2270214753229622,1.2518097879557495,1.0,1.0,WIN,1,-0.4206351596801338,True,-0.5809467459654208,-0.6170771906486203,0.001,SYNTHETIC,2
2026-01-28 17:00:00,SHORT,1.239514590118798,1.22711944421761,1.251909736019986,1.0,1.0,WIN,1,-0.25612014120759286,True,-0.3016437974555225,1.088104672271707,0.001,SYNTHETIC,3
2026-01-28 19:00:00,LONG,1.2414223310339554,1.229008107723616,1.2538365543442949,1.0,1.0,WIN,1,0.18250331383145546,True,0.44915059734175716,1.8619506241042225,0.001,SYNTHETIC,6
2026-01-28 20:00:00,SHORT,1.238734588836606,1.2263472429482398,1.251121934724972,1.0,1.0,WIN,1,-0.5770127920006153,True,-0.41772778477940187,-0.20048378251808674,0.001,SYNTHETIC,1
2026-01-28 21:00:00,LONG,1.2398148547980798,1.2274167062500991,1.2522130033460606,1.0,1.0,WIN,1,0.25625816792624734,True,0.3228533396388677,2.6125589352872485,0.001,SYNTHETIC,6
2026-01-28 22:00:00,LONG,1.2416591994935045,1.2292426074985694,1.2540757914884395,1.0,1.0,LOSS,1,-0.03129896329371201,False,0.7910258196665926,1.2805589226161112,0.001,SYNTHETIC,4
2026-01-29 00:00:00,SHORT,1.2391625134320388,1.2267708882977184,1.251554138566359,1.0,1.0,LOSS,1,-0.0545067730374878,True,-0.7155101646740498,2.851022765136741,0.001,SYNTHETIC,4
2026-01-29 02:00:00,SHORT,1.237613142515447,1.2252370110902926,1.2499892739406016,1.0,1.0,WIN,1,-0.19634829499992598,True,-0.8041056977206815,-0.07653949180137332,0.001,SYNTHETIC,3
2026-01-29 03:00:00,SHORT,1.23732663812541,1.2249533717441559,1.2496999045066641,1.0,1.0,WIN,1,0.14511651784536583,False,-1.0,2.7542385944803645,0.001,SYNTHETIC,5
2026-01-29 04:00:00,SHORT,1.236902359632885,1.224533336036556,1.249271383229214,1.0,1.0,WIN,1,-0.5178962030913492,True,-1.0,-0.20752471444298615,0.001,SYNTHETIC,1
2026-01-29 05:00:00,SHORT,1.238557570384239,1.2261719946803966,1.2509431460880815,1.0,1.0,WIN,1,-0.18353456521665618,True,-0.37994528644829895,1.2099408884038896,0.001,SYNTHETIC,3
2026-01-29 07:00:00,LONG,1.2413254288883964,1.2289121745995124,1.2537386831772803,1.0,1.0,WIN,1,0.36697575578235586,True,1.0,0.7787439106110696,0.001,SYNTHETIC,7
2026-01-29 08:00:00,LONG,1.2417507453679049,1.2293332379142259,1.2541682528215838,1.0,1.0,WIN,1,0.1968227517818641,True,1.0,2.2839344682516556,0.001,SYNTHETIC,6
2026-01-29 09:00:00,LONG,1.241102211078892,1.2286911889681031,1.253513233189681,1.0,1.0,WIN,1,0.5252194433587557,True,1.0,1.2694550543462029,0.001,SYNTHETIC,8
2026-01-29 10:00:00,LONG,1.240696073227058,1.2282891124947874,1.2531030339593285,1.0,1.0,WIN,1,0.5713614815860165,True,0.9296937992143393,0.8078904694433502,0.001,SYNTHETIC,8
2026-01-29 11:00:00,LONG,1.2416638581404351,1.2292472195590307,1.2540804967218395,1.0,1.0,WIN,1,0.4966943524477154,True,0.7469265013796932,4.273889970892288,0.001,SYNTHETIC,8
2026-01-29 17:00:00,LONG,1.2424885439205389,1.2300636584813334,1.2549134293597444,1.0,1.0,WIN,1,-0.003982169724778273,False,0.9214207874972007,0.9234986346092828,0.001,SYNTHETIC,4
2026-01-29 18:00:00,LONG,1.2423243254262062,1.229901082171944,1.2547475686804683,1.0,1.0,WIN,1,0.6780105523775921,True,0.47977199799329306,2.2890781078875477,0.001,SYNTHETIC,9
2026-01-29 19:00:00,LONG,1.2440852422545412,1.2316443898319958,1.2565260946770866,1.0,1.0,WIN,1,0.29028361235380074,True,1.0,3.0594154142811503,0.001,SYNTHETIC,6
2026-01-29 20:00:00,LONG,1.2432642352095042,1.2308315928574092,1.2556968775615993,1.0,1.0,WIN,1,0.10450133541084389,True,0.7644029567940636,0.3753201070043345,0.001,SYNTHETIC,5
2026-01-29 21:00:00,LONG,1.243727462698576,1.23129018807159,1.2561647373255618,1.0,1.0,WIN,1,0.23756690065988967,True,0.7256567383159631,1.28764143346261,0.001,SYNTHETIC,6
2026-01-29 22:00:00,LONG,1.2447445599029523,1.2322971143039227,1.2571920055019818,1.0,1.0,WIN,1,0.3100778815137796,True,0.787189034947837,-0.08873129414502279,0.001,SYNTHETIC,6
2026-01-29 23:00:00,LONG,1.2441062427637963,1.2316651803361585,1.2565473051914342,1.0,1.0,WIN,1,0.8956101453897984,True,0.8081128292379326,0.5547203738513738,0.001,SYNTHETIC,9
2026-01-30 00:00:00,LONG,1.2453602243394257,1.2329066220960314,1.25781382658282,1.0,1.0,LOSS,1,0.1341988314931471,True,0.46528592484099673,-0.4414163513025124,0.001,SYNTHETIC,5
2026-01-30 01:00:00,LONG,1.2445398372138856,1.2320944388417467,1.2569852355860245,1.0,1.0,WIN,1,0.987332831171015,True,0.3946355231010439,0.1278241196395553,0.001,SYNTHETIC,9
2026-01-30 02:00:00,LONG,1.2451693001236335,1.232717607122397,1.2576209931248699,1.0,1.0,LOSS,1,0.27994961101582144,True,0.5216808992397334,0.2618602293251986,0.001,SYNTHETIC,6
2026-01-30 05:00:00,LONG,1.2461234972007051,1.2336622622286981,1.2585847321727122,1.0,1.0,WIN,1,0.31367410038957144,True,0.41072574887228586,2.4331887659641915,0.001,SYNTHETIC,6
2026-01-30 06:00:00,LONG,1.2453078231966173,1.232854744964651,1.2577609014285835,1.0,1.0,WIN,1,0.7913005894130596,True,0.6358922988836266,1.427074154782403,0.001,SYNTHETIC,9
2026-01-30 07:00:00,SHORT,1.2446058255064487,1.2321597672513842,1.2570518837615132,1.0,1.0,WIN,1,0.17357241692822345,False,-0.32619304250773284,-0.311093859573174,0.001,SYNTHETIC,6
2026-01-30 08:00:00,SHORT,1.2430470823414521,1.2306166115180375,1.2554775531648668,1.0,1.0,WIN,1,-0.25552829290311607,True,-0.8918640363178855,0.18944203089891287,0.001,SYNTHETIC,3
2026-01-30 09:00:00,SHORT,1.2434581656029962,1.231023583946966,1.2558927472590262,1.0,1.0,WIN,1,0.48175884694347515,False,-0.4270387119760648,-0.16466711196649775,0.001,SYNTHETIC,8
2026-01-30 10:00:00,SHORT,1.242599576283488,1.230173580520653,1.255025572046323,1.0,1.0,WIN,1,-0.6495178135860868,True,-1.0,0.3604075483660669,0.001,SYNTHETIC,1
2026-01-30 11:00:00,SHORT,1.2442619623773268,1.2318193427535535,1.2567045820011,1.0,1.0,WIN,1,-0.4858472352305082,True,-0.37474626488397716,2.9866346955322722,0.001,SYNTHETIC,1
2026-01-30 12:00:00,SHORT,1.2425964613542138,1.2301704967406717,1.2550224259677558,1.0,1.0,WIN,1,-0.5290112620625923,True,-0.6522840790380122,1.827240508301823,0.001,SYNTHETIC,1
2026-01-30 13:00:00,LONG,1.2443661420467926,1.2319224806263247,1.2568098034672606,1.0,1.0,WIN,1,0.8694534527131761,True,0.6875429913762195,0.7050699878028714,0.001,SYNTHETIC,9
2026-01-30 14:00:00,LONG,1.2452874709771142,1.232834596267343,1.2577403456868854,1.0,1.0,WIN,1,0.6976789302547601,True,0.5249018478578626,0.05915511269270557,0.001,SYNTHETIC,9
2026-01-30 15:00:00,LONG,1.2456669705823074,1.2332103008764843,1.2581236402881304,1.0,1.0,WIN,1,0.34242143015588444,True,1.0,-0.3176471920659215,0.001,SYNTHETIC,7
2026-01-30 17:00:00,LONG,1.244703318307363,1.2322562851242893,1.2571503514904367,1.0,1.0,WIN,1,0.43824648908638336,True,1.0,2.072101231403397,0.001,SYNTHETIC,7
2026-01-30 18:00:00,LONG,1.2453615929836037,1.2329079770537676,1.2578152089134398,1.0,1.0,LOSS,1,-0.1169754950017832,False,0.3740075951511968,1.8483495560385619,0.001,SYNTHETIC,4
2026-01-30 19:00:00,LONG,1.24627399364256,1.2338112537061343,1.2587367335789856,1.0,1.0,WIN,1,0.2228632278326417,True,0.7420880385589558,-0.28033601276642406,0.001,SYNTHETIC,6
2026-01-30 20:00:00,LONG,1.247050351278629,1.2345798477658427,1.2595208547914154,1.0,1.0,WIN,1,0.09820156544087127,True,0.8290485595292935,2.974504455146527,0.001,SYNTHETIC,5
2026-01-30 21:00:00,LONG,1.247604875534487,1.2351288267791423,1.2600809242898319,1.0,1.0,LOSS,1,0.017138576906292946,True,1.0,-0.01080092188579429,0.001,SYNTHETIC,5
2026-01-30 22:00:00,LONG,1.247659195277805,1.235182603325027,1.2601357872305832,1.0,1.0,WIN,1,0.965408118784473,True,0.8008936165704053,0.5058268110913012,0.001,SYNTHETIC,9
2026-01-30 23:00:00,LONG,1.2474094181314912,1.2349353239501764,1.259883512312806,1.0,1.0,LOSS,1,0.19128835110729325,True,0.7927776245806375,2.286166418562624,0.001,SYNTHETIC,6
2026-01-31 00:00:00,LONG,1.247792327140926,1.2353144038695167,1.260270250412335,1.0,1.0,WIN,1,0.6561041474683642,True,0.4646076129812282,1.813172165562955,0.001,SYNTHETIC,8
2026-01-31 02:00:00,SHORT,1.2451938931261959,1.2327419541949338,1.257645832057458,1.0,1.0,WIN,1,-0.7936819814255334,True,-0.9088814401196003,0.16410855354395593,0.001,SYNTHETIC,0
2026-01-31 03:00:00,SHORT,1.246140988839977,1.2336795789515773,1.2586023987283768,1.0,1.0,WIN,1,-0.07346129125615583,True,-0.4523636164697134,-0.06774148245575351,0.001,SYNTHETIC,4
2026-01-31 04:00:00,SHORT,1.2466743732322594,1.2342076294999367,1.259141116964582,1.0,1.0,WIN,1,-0.2966215912253146,True,-0.3586090682908717,-0.601829477792267,0.001,SYNTHETIC,3
2026-01-31 05:00:00,SHORT,1.2462809632094587,1.233818153577364,1.2587437728415534,1.0,1.0,WIN,1,-0.34318164050740013,True,-0.5621026176168519,1.195363503631273,0.001,SYNTHETIC,2
2026-01-31 07:00:00,LONG,1.2468015029403894,1.2343334879109855,1.2592695179697933,1.0,1.0,WIN,1,0.18246187953392412,True,0.8522514605170617,1.5732419097448196,0.001,SYNTHETIC,6
2026-01-31 08:00:00,LONG,1.246212565363225,1.2337504397095926,1.2586746910168574,1.0,1.0,WIN,1,-0.3251187542374452,False,0.32244430399732504,0.5075977606344966,0.001,SYNTHETIC,2
2026-01-31 11:00:00,SHORT,1.246019646861269,1.2335594503926564,1.2584798433298816,1.0,1.0,WIN,1,-0.4331042373888036,True,-0.32525371943055403,3.7242611977431785,0.001,SYNTHETIC,2
2026-01-31 12:00:00,SHORT,1.2463630382778632,1.2338994078950847,1.2588266686606417,1.0,1.0,WIN,1,-0.10412116915063273,True,-0.3006196980606466,0.8194861215083645,0.001,SYNTHETIC,4
2026-01-31 13:00:00,SHORT,1.2448514987795605,1.232402983791765,1.257300013767356,1.0,1.0,LOSS,1,0.06112967565419669,False,-0.7810449378211247,-0.14222701540040922,0.001,SYNTHETIC,5
2026-01-31 16:00:00,LONG,1.2477907980898597,1.2353128901089612,1.2602687060707582,1.0,1.0,WIN,1,0.3106697582472627,True,0.5882121043342937,-0.1992290682641581,0.001,SYNTHETIC,6
2026-01-31 17:00:00,LONG,1.2482118426280793,1.2357297242017984,1.2606939610543602,1.0,1.0,WIN,1,0.2080999431453543,True,0.8256065418265446,1.764963866680644,0.001,SYNTHETIC,6
2026-01-31 18:00:00,LONG,1.250243034500231,1.2377406041552288,1.2627454648452334,1.0,1.0,WIN,1,0.2019936444699872,True,1.0,0.8650761359272283,0.001,SYNTHETIC,6
2026-01-31 19:00:00,LONG,1.251136329818926,1.2386249665207367,1.2636476931171152,1.0,1.0,WIN,1,0.20322128920367766,True,1.0,1.7889839259374103,0.001,SYNTHETIC,6
2026-01-31 20:00:00,LONG,1.2502136408735272,1.237711504464792,1.2627157772822624,1.0,1.0,WIN,1,0.610454959102182,True,1.0,2.421364330566752,0.001,SYNTHETIC,8
2026-01-31 21:00:00,LONG,1.2488770984085242,1.236388327424439,1.2613658693926095,1.0,1.0,WIN,1,0.5369022691593464,True,0.6190811211590465,-0.9892683772273528,0.001,SYNTHETIC,8
2026-01-31 23:00:00,SHORT,1.2485006108221317,1.2360156047139104,1.260985616930353,1.0,1.0,WIN,1,-0.47565951822932173,True,-0.724193324205366,1.0550952543452443,0.001,SYNTHETIC,2
2026-02-01 00:00:00,SHORT,1.2498293072507791,1.2373310141782714,1.2623276003232868,1.0,1.0,WIN,1,-0.13734523716257774,True,-0.9306755988835433,-0.08353748708845976,0.001,SYNTHETIC,4
2026-02-01 01:00:00,SHORT,1.248769750156682,1.236282052655115,1.2612574476582488,1.0,1.0,WIN,1,-0.14187800240082907,True,-0.46817429650791403,1.6003705435724336,0.001,SYNTHETIC,4
2026-02-01 05:00:00,SHORT,1.2469214665726067,1.2344522519068806,1.2593906812383329,1.0,1.0,WIN,1,-0.9443500441983016,True,-0.9760413470542378,0.21773002780586137,0.001,SYNTHETIC,0
2026-02-01 06:00:00,SHORT,1.2463354454526938,1.2338720909981669,1.2587987999072208,1.0,1.0,WIN,1,-0.31187794788076717,True,-1.0,1.638805066965996,0.001,SYNTHETIC,3
2026-02-01 07:00:00,SHORT,1.2454085139811584,1.2329544288413468,1.25786259912097,1.0,1.0,WIN,1,-0.4714900004209902,True,-1.0,0.005289703576623228,0.001,SYNTHETIC,2
2026-02-01 08:00:00,SHORT,1.2436255606129987,1.2311893050068687,1.2560618162191286,1.0,1.0,WIN,1,-0.8215959159155326,True,-1.0,-0.1616100762472592,0.001,SYNTHETIC,0
2026-02-01 09:00:00,SHORT,1.2451983939543125,1.2327464100147694,1.2576503778938557,1.0,1.0,WIN,1,-0.4086912324597015,True,-1.0,1.3984668418016373,0.001,SYNTHETIC,2
2026-02-01 10:00:00,SHORT,1.2446040943461467,1.2321580534026852,1.2570501352896082,1.0,1.0,WIN,1,-0.8809035139789461,True,-0.9077116082340837,-0.08135434858133483,0.001,SYNTHETIC,0
2026-02-01 11:00:00,LONG,1.247586534707664,1.2351106693605873,1.2600624000547407,1.0,1.0,WIN,1,-0.03368814368565881,False,0.5588815715892329,-0.21401021650417973,0.001,SYNTHETIC,4
2026-02-01 12:00:00,LONG,1.2482253608656833,1.2357431072570264,1.26070761447434,1.0,1.0,WIN,1,0.2869336007405179,True,1.0,-1.475758896574875,0.001,SYNTHETIC,6
2026-02-01 13:00:00,LONG,1.2486057318617796,1.2361196745431617,1.2610917891803974,1.0,1.0,WIN,1,0.6620408965534595,True,1.0,3.204141958404568,0.001,SYNTHETIC,8
2026-02-01 14:00:00,LONG,1.2480957038434428,1.2356147468050083,1.2605766608818774,1.0,1.0,WIN,1,0.919832503761171,True,1.0,-0.6553424821272065,0.001,SYNTHETIC,9
2026-02-01 15:00:00,LONG,1.24859034058865,1.2361044371827636,1.2610762439945364,1.0,1.0,WIN,1,0.32419746549681955,True,1.0,1.5961640379640079,0.001,SYNTHETIC,7
2026-02-01 16:00:00,LONG,1.2487542695128402,1.2362667268177119,1.2612418122079685,1.0,1.0,WIN,1,0.580367820764996,True,0.3672604565650259,1.347746345586533,0.001,SYNTHETIC,8
2026-02-01 18:00:00,LONG,1.2514339846248053,1.238919644778557,1.2639483244710534,1.0,1.0,WIN,1,0.570841448277567,True,1.0,3.4214256424009664,0.001,SYNTHETIC,8
2026-02-01 19:00:00,LONG,1.2521030649109866,1.2395820342618766,1.2646240955600965,1.0,1.0,WIN,1,0.48085863268176676,True,1.0,0.6142315007817503,0.001,SYNTHETIC,8
2026-02-01 20:00:00,LONG,1.253429101856564,1.2408948108379982,1.2659633928751297,1.0,1.0,WIN,1,0.44080587398418036,True,1.0,2.231868027030681,0.001,SYNTHETIC,7
2026-02-01 21:00:00,LONG,1.2527248096418924,1.2401975615454734,1.2652520577383113,1.0,1.0,WIN,1,0.6317900110216774,True,1.0,1.2636614005632663,0.001,SYNTHETIC,8
2026-02-01 22:00:00,LONG,1.2516898011699351,1.2391729031582357,1.2642066991816345,1.0,1.0,WIN,1,0.7220963558546134,True,1.0,-0.2107026799581943,0.001,SYNTHETIC,9
2026-02-01 23:00:00,LONG,1.2550349014155178,1.2424845524013626,1.267585250429673,1.0,1.0,WIN,1,0.23461660890924402,True,1.0,1.3154743497980539,0.001,SYNTHETIC,6
2026-02-02 00:00:00,LONG,1.2543573265254633,1.2418137532602087,1.2669008997907178,1.0,1.0,WIN,1,0.4432098591291481,True,1.0,1.6801133664016694,0.001,SYNTHETIC,7
2026-02-02 01:00:00,LONG,1.256729037819395,1.244161747441201,1.2692963281975889,1.0,1.0,WIN,1,1.0,True,1.0,1.2954481626686722,0.001,SYNTHETIC,9
2026-02-02 02:00:00,LONG,1.2573964644089088,1.2448224997648198,1.2699704290529978,1.0,1.0,WIN,1,0.5531565962955569,True,1.0,3.1993197881055826,0.001,SYNTHETIC,8
2026-02-02 03:00:00,LONG,1.2571212392049431,1.2445500268128937,1.2696924515969925,1.0,1.0,WIN,1,0.5860081563287446,True,1.0,0.42129615949862426,0.001,SYNTHETIC,8
2026-02-02 04:00:00,LONG,1.2577336287143879,1.245156292427244,1.2703109650015318,1.0,1.0,WIN,1,0.850180561690228,True,1.0,0.08587445679789085,0.001,SYNTHETIC,9
2026-02-02 05:00:00,LONG,1.259041633139146,1.2464512168077546,1.2716320494705375,1.0,1.0,WIN,1,0.3496266502146015,True,1.0,0.10560730842583749,0.001,SYNTHETIC,7
2026-02-02 06:00:00,LONG,1.2600504909583397,1.2474499860487562,1.272650995867923,1.0,1.0,LOSS,1,0.48981181342962443,True,1.0,-0.1390478146099181,0.001,SYNTHETIC,8
2026-02-02 07:00:00,LONG,1.2581183563023755,1.2455371727393516,1.2706995398653993,1.0,1.0,WIN,1,0.45830333101867593,True,0.4264997240782041,1.872777523880016,0.001,SYNTHETIC,7
2026-02-02 08:00:00,LONG,1.2570335848074294,1.2444632489593552,1.2696039206555036,1.0,1.0,WIN,1,0.5503468319275149,True,0.3573523250880245,1.0922259171923252,0.001,SYNTHETIC,8
2026-02-02 10:00:00,SHORT,1.2576750337777158,1.2450982834399387,1.270251784115493,1.0,1.0,WIN,1,-0.44399438535607905,True,-0.4459874961749341,4.106880953664985,0.001,SYNTHETIC,2
2026-02-02 11:00:00,SHORT,1.2583906798336522,1.2458067730353157,1.2709745866319886,1.0,1.0,WIN,1,-0.5230793166177994,True,-0.4471394494260338,0.32493725774937887,0.001,SYNTHETIC,1
2026-02-02 15:00:00,LONG,1.2591870375022636,1.2465951671272408,1.2717789078772863,1.0,1.0,WIN,1,0.33865079569240863,True,0.5738553867554765,2.2721713585067356,0.001,SYNTHETIC,7
2026-02-02 16:00:00,LONG,1.260170085172142,1.2475683843204206,1.2727717860238634,1.0,1.0,WIN,1,0.540971495144309,True,0.5484288886761193,0.22012646004735692,0.001,SYNTHETIC,8
2026-02-02 17:00:00,LONG,1.261244293094418,1.2486318501634739,1.2738567360253623,1.0,1.0,WIN,1,0.7484468637131461,True,0.9250889530021512,-0.47726179528680546,0.001,SYNTHETIC,9
2026-02-02 18:00:00,LONG,1.262313851558072,1.2496907130424912,1.274936990073653,1.0,1.0,LOSS,1,0.7037258055247546,True,1.0,3.5247136868740583,0.001,SYNTHETIC,9
2026-02-02 19:00:00,LONG,1.262618056621849,1.2499918760556306,1.2752442371880675,1.0,1.0,WIN,1,0.39926283466699264,True,1.0,1.6325961678585692,0.001,SYNTHETIC,7
2026-02-02 20:00:00,LONG,1.2622289872248171,1.249606697352569,1.2748512770970652,1.0,1.0,WIN,1,0.5312832616269869,True,1.0,2.34390864686623,0.001,SYNTHETIC,8
2026-02-02 21:00:00,LONG,1.2611263250898326,1.2485150618389342,1.273737588340731,1.0,1.0,WIN,1,0.18721736637108385,True,0.6509590759340489,2.399387402139794,0.001,SYNTHETIC,6
2026-02-02 22:00:00,LONG,1.2618039097138298,1.2491858706166916,1.274421948810968,1.0,1.0,WIN,1,-0.21987338519830452,False,0.37909441798526544,2.148909946568029,0.001,SYNTHETIC,3
2026-02-03 01:00:00,SHORT,1.2617633003516096,1.2491456673480934,1.2743809333551257,1.0,1.0,WIN,1,-0.6842170399198859,True,-0.4668669013650043,0.5228112655408289,0.001,SYNTHETIC,0
2026-02-03 06:00:00,LONG,1.2632082776073406,1.250576194831267,1.275840360383414,1.0,1.0,WIN,1,0.113964490940167,True,0.6482956770769918,1.1189991720374035,0.001,SYNTHETIC,5
2026-02-03 07:00:00,LONG,1.2637789306196978,1.2511411413135007,1.276416719925895,1.0,1.0,WIN,1,0.5631536175331658,True,1.0,0.13094975349092364,0.001,SYNTHETIC,8
2026-02-03 08:00:00,LONG,1.2643670498467685,1.251723379348301,1.277010720345236,1.0,1.0,WIN,1,0.7364059955151683,True,1.0,1.369551497497178,0.001,SYNTHETIC,9
2026-02-03 09:00:00,LONG,1.2643556546198034,1.2517120980736054,1.2769992111660013,1.0,1.0,WIN,1,0.6585816714956011,True,0.8649019845726683,1.900236268181894,0.001,SYNTHETIC,8
2026-02-03 10:00:00,LONG,1.2645679428363976,1.2519222634080336,1.2772136222647616,1.0,1.0,WIN,1,0.49079164196544933,True,0.6198655109727172,1.5213439806325595,0.001,SYNTHETIC,8
2026-02-03 11:00:00,LONG,1.2642079694820871,1.2515658897872664,1.276850049176908,1.0,1.0,WIN,1,0.19668581806315413,True,0.41398905914149575,1.523511960954372,0.001,SYNTHETIC,6
2026-02-03 13:00:00,SHORT,1.263606118771639,1.2509700575839227,1.2762421799593553,1.0,1.0,LOSS,1,0.05821605976244987,False,-0.303490626875032,0.7708228487823556,0.001,SYNTHETIC,5
2026-02-03 16:00:00,LONG,1.265166509466176,1.2525148443715142,1.2778181745608377,1.0,1.0,WIN,1,0.12179056715598793,True,0.48300213620533766,0.5770568832897038,0.001,SYNTHETIC,5
2026-02-03 18:00:00,LONG,1.2644117716969712,1.2517676539800013,1.277055889413941,1.0,1.0,LOSS,1,-0.45444050040076445,False,0.34029142292940806,2.1499902459245996,0.001,SYNTHETIC,2
2026-02-03 20:00:00,LONG,1.26597744630496,1.2533176718419103,1.2786372207680097,1.0,1.0,WIN,1,0.9623784022088642,True,0.8688239949576643,1.1913453894344121,0.001,SYNTHETIC,9
2026-02-03 21:00:00,LONG,1.2664526079934755,1.2537880819135407,1.2791171340734102,1.0,1.0,WIN,1,0.25704584890419574,True,0.4250665314361339,0.9496749274632433,0.001,SYNTHETIC,6
2026-02-03 22:00:00,LONG,1.2674729424596773,1.2547982130350805,1.2801476718842741,1.0,1.0,WIN,1,0.5320219332084836,True,1.0,-0.7319022978538736,0.001,SYNTHETIC,8
2026-02-03 23:00:00,LONG,1.2661833559525633,1.2535215223930376,1.278845189512089,1.0,1.0,WIN,1,0.6429435074834056,True,0.6867245578772425,3.007155694189525,0.001,SYNTHETIC,8
2026-02-04 00:00:00,LONG,1.266765794604704,1.254098136658657,1.279433452550751,1.0,1.0,WIN,1,0.5986591989061045,True,0.9826231484387826,1.628898721420203,0.001,SYNTHETIC,8
2026-02-04 01:00:00,LONG,1.2678791314289042,1.2552003401146152,1.2805579227431931,1.0,1.0,WIN,1,0.13880670569928547,True,0.7495036939525278,1.2764357069742887,0.001,SYNTHETIC,5
2026-02-04 02:00:00,LONG,1.2680792353002754,1.2553984429472727,1.2807600276532782,1.0,1.0,WIN,1,0.3577183736156807,True,0.7012422399171673,-0.6341996033382022,0.001,SYNTHETIC,7
2026-02-04 03:00:00,LONG,1.2698601415137758,1.257161540098638,1.2825587429289136,1.0,1.0,WIN,1,0.017215846088036835,True,0.7155631669831825,-0.5673572189527682,0.001,SYNTHETIC,5
2026-02-04 04:00:00,LONG,1.2686927362983205,1.2560058089353372,1.2813796636613037,1.0,1.0,WIN,1,0.5550836511860852,True,1.0,-0.016539468465436802,0.001,SYNTHETIC,8
2026-02-04 05:00:00,LONG,1.2705845177046695,1.2578786725276228,1.2832903628817163,1.0,1.0,WIN,1,0.24867501427881772,True,1.0,4.16666770956921,0.001,SYNTHETIC,6
2026-02-04 06:00:00,LONG,1.2726389111248508,1.2599125220136023,1.2853653002360994,1.0,1.0,WIN,1,0.7784883836101231,True,1.0,0.7640072657477779,0.001,SYNTHETIC,9
2026-02-04 07:00:00,LONG,1.2730428076400004,1.2603123795636004,1.2857732357164005,1.0,1.0,WIN,1,0.34692781346860146,True,1.0,3.4148212154907975,0.001,SYNTHETIC,7
2026-02-04 08:00:00,LONG,1.2723135053389913,1.2595903702856015,1.2850366403923812,1.0,1.0,WIN,1,0.2525888272596365,True,1.0,2.3422340873844814,0.001,SYNTHETIC,6
2026-02-04 09:00:00,LONG,1.2742271474573608,1.2614848759827872,1.2869694189319343,1.0,1.0,WIN,1,0.46615040350655645,True,1.0,0.7033907258406886,0.001,SYNTHETIC,7
2026-02-04 10:00:00,LONG,1.2759869907066652,1.2632271207995986,1.2887468606137318,1.0,1.0,WIN,1,0.6096175457389139,True,1.0,0.8192150362588599,0.001,SYNTHETIC,8
2026-02-04 11:00:00,LONG,1.2758315488621108,1.2630732333734898,1.2885898643507319,1.0,1.0,WIN,1,0.13780040094804752,True,1.0,-0.2194511691604606,0.001,SYNTHETIC,5
2026-02-04 12:00:00,LONG,1.2753255681616493,1.2625723124800328,1.2880788238432659,1.0,1.0,WIN,1,0.34362002080292403,True,1.0,0.902032705314322,0.001,SYNTHETIC,7
2026-02-04 13:00:00,LONG,1.2752028342265262,1.262450805884261,1.2879548625687915,1.0,1.0,LOSS,1,0.5315486917080209,True,1.0,-0.49248642165437767,0.001,SYNTHETIC,8
2026-02-04 15:00:00,SHORT,1.2735184778786606,1.260783293099874,1.2862536626574472,1.0,1.0,WIN,1,-1.0,True,-1.0,2.908776301878953,0.001,SYNTHETIC,0
2026-02-04 16:00:00,SHORT,1.2724139374129229,1.2596897980387936,1.2851380767870522,1.0,1.0,WIN,1,-0.3154510388950286,True,-1.0,1.3007025329903459,0.001,SYNTHETIC,3
2026-02-04 17:00:00,SHORT,1.271903427445434,1.2591843931709796,1.2846224617198883,1.0,1.0,WIN,1,-0.6150696693218323,True,-1.0,0.43664772196548707,0.001,SYNTHETIC,1
2026-02-04 18:00:00,SHORT,1.2726230847653544,1.259896853917701,1.2853493156130078,1.0,1.0,WIN,1,-0.6483831040687005,True,-1.0,1.0109725657408597,0.001,SYNTHETIC,1
2026-02-04 19:00:00,SHORT,1.2724630806737236,1.2597384498669864,1.2851877114804608,1.0,1.0,WIN,1,-0.5472347936580237,True,-0.6857934112345924,1.806894296092532,0.001,SYNTHETIC,1
2026-02-04 20:00:00,LONG,1.2740781518360154,1.2613373703176551,1.2868189333543756,1.0,1.0,WIN,1,0.06838462358051596,True,0.3551065973415856,-2.4167996381452754,0.001,SYNTHETIC,5
2026-02-04 21:00:00,LONG,1.2732374262983244,1.2605050520353411,1.2859698005613076,1.0,1.0,WIN,1,0.36463516624383707,True,0.35678001194047754,4.32372312133211,0.001,SYNTHETIC,7
2026-02-04 22:00:00,LONG,1.274456785457931,1.2617122176033517,1.2872013533125102,1.0,1.0,WIN,1,0.3389640586534175,True,1.0,1.2953324116209484,0.001,SYNTHETIC,7
2026-02-04 23:00:00,LONG,1.2743998107059948,1.2616558125989348,1.287143808813055,1.0,1.0,WIN,1,0.9975776047440867,True,1.0,1.708616753808959,0.001,SYNTHETIC,9
2026-02-05 00:00:00,LONG,1.2743145826417834,1.2615714368153657,1.2870577284682012,1.0,1.0,LOSS,1,0.6367479992903569,True,0.899175928005271,-1.8164938625960576,0.001,SYNTHETIC,8
2026-02-05 01:00:00,LONG,1.2752246494081954,1.2624724029141134,1.2879768959022773,1.0,1.0,WIN,1,0.32441440112845854,True,0.5300455271651948,-0.1066365132270568,0.001,SYNTHETIC,7
2026-02-05 02:00:00,LONG,1.2743438675094623,1.2616004288343676,1.287087306184557,1.0,1.0,WIN,1,0.188477931748029,True,0.47658953418603206,3.383836017066475,0.001,SYNTHETIC,6
2026-02-05 04:00:00,LONG,1.2753884797137853,1.2626345949166475,1.2881423645109231,1.0,1.0,WIN,1,0.5920408813517173,True,0.3824699506484456,1.6835721369792802,0.001,SYNTHETIC,8
2026-02-05 05:00:00,LONG,1.2761178597604743,1.2633566811628696,1.288879038358079,1.0,1.0,WIN,1,-0.04293197176231073,False,0.6109653448279252,0.2744438390388586,0.001,SYNTHETIC,4
2026-02-05 06:00:00,LONG,1.2770391330007327,1.2642687416707254,1.28980952433074,1.0,1.0,WIN,1,0.013312127352229086,True,0.44776311794391216,2.1679650481569306,0.001,SYNTHETIC,5
2026-02-05 07:00:00,LONG,1.2797284885041376,1.2669312036190963,1.2925257733891788,1.0,1.0,LOSS,1,0.6903890619176082,True,1.0,1.6470414710651498,0.001,SYNTHETIC,9
2026-02-05 08:00:00,LONG,1.278764905583046,1.2659772565272154,1.2915525546388764,1.0,1.0,WIN,1,0.7810042833332067,True,1.0,1.9080291610697548,0.001,SYNTHETIC,9
2026-02-05 09:00:00,LONG,1.2782876638645866,1.2655047872259406,1.2910705405032326,1.0,1.0,WIN,1,0.4098978355072195,True,1.0,2.7607074873123314,0.001,SYNTHETIC,7
2026-02-05 10:00:00,LONG,1.2777514212351253,1.2649739070227741,1.2905289354474765,1.0,1.0,WIN,1,0.15729683066059671,True,0.7600605771486952,-0.07429512263487226,0.001,SYNTHETIC,5
2026-02-05 11:00:00,LONG,1.2778333881483672,1.2650550542668835,1.290611722029851,1.0,1.0,WIN,1,0.22464696936079015,True,0.40212636314165373,0.600450629358622,0.001,SYNTHETIC,6
2026-02-05 12:00:00,SHORT,1.2770787429479216,1.2643079555184424,1.2898495303774007,1.0,1.0,WIN,1,-0.010352606052760782,True,-0.9067212705531121,0.8940304609614265,0.001,SYNTHETIC,4
2026-02-05 14:00:00,LONG,1.279902473711415,1.267103448974301,1.2927014984485292,1.0,1.0,WIN,1,-0.033117354842861824,False,0.6921297522093551,0.45967430915091323,0.001,SYNTHETIC,4
2026-02-05 15:00:00,LONG,1.2795030520820432,1.2667080215612228,1.2922980826028636,1.0,1.0,WIN,1,0.3896365192619969,True,0.7135231019775414,0.4347571124945736,0.001,SYNTHETIC,7
2026-02-05 16:00:00,LONG,1.2791566971722514,1.266365130200529,1.291948264143974,1.0,1.0,WIN,1,0.5324878880062622,True,0.5953269332746123,0.5280392476181038,0.001,SYNTHETIC,8
2026-02-05 17:00:00,LONG,1.279307597248817,1.266514521276329,1.2921006732213052,1.0,1.0,WIN,1,0.46958680659507257,True,1.0,2.50826920262223,0.001,SYNTHETIC,7
2026-02-05 18:00:00,LONG,1.2796223102641224,1.2668260871614812,1.2924185333667637,1.0,1.0,WIN,1,0.540803919922026,True,0.326707752353706,2.6759261962761762,0.001,SYNTHETIC,8
2026-02-05 20:00:00,LONG,1.2804667812507413,1.267662113438234,1.2932714490632486,1.0,1.0,WIN,1,0.14160607823552646,True,0.320267510688866,3.5276493254432646,0.001,SYNTHETIC,5
2026-02-05 22:00:00,LONG,1.280878993639624,1.2680702037032279,1.2936877835760203,1.0,1.0,LOSS,1,-0.3100075065931486,False,0.4850408099236369,2.006686580990321,0.001,SYNTHETIC,3
2026-02-05 23:00:00,LONG,1.282791261969506,1.269963349349811,1.2956191745892012,1.0,1.0,WIN,1,0.8630680174736489,True,1.0,1.117077460879969,0.001,SYNTHETIC,9
2026-02-06 00:00:00,LONG,1.2824173048198095,1.2695931317716114,1.2952414778680077,1.0,1.0,WIN,1,0.3769642999115149,True,0.9516390090252164,0.6768045533824611,0.001,SYNTHETIC,7
2026-02-06 01:00:00,LONG,1.282656774684287,1.269830206937444,1.2954833424311298,1.0,1.0,WIN,1,0.2301972272146372,True,0.7003684979950837,0.7775136582942774,0.001,SYNTHETIC,6
2026-02-06 02:00:00,LONG,1.2827204259560656,1.2698932216965049,1.2955476302156264,1.0,1.0,WIN,1,0.3350439180417749,True,1.0,0.7882037270080485,0.001,SYNTHETIC,7
2026-02-06 03:00:00,LONG,1.2829325674471797,1.2701032417727078,1.2957618931216515,1.0,1.0,WIN,1,0.6121365189626677,True,0.9502545004312778,0.9313848373503375,0.001,SYNTHETIC,8
2026-02-06 04:00:00,LONG,1.283802255768386,1.270964233210702,1.2966402783260698,1.0,1.0,WIN,1,-0.10480038638405961,False,0.4676150276894763,0.6029195110837567,0.001,SYNTHETIC,4
2026-02-06 05:00:00,LONG,1.2864380515617833,1.2735736710461654,1.2993024320774011,1.0,1.0,WIN,1,0.2047481654862368,True,1.0,1.9262011768152014,0.001,SYNTHETIC,6
2026-02-06 06:00:00,LONG,1.2866411093779353,1.273774698284156,1.2995075204717146,1.0,1.0,WIN,1,0.48424246949019406,True,1.0,1.6073119833454856,0.001,SYNTHETIC,8
2026-02-06 07:00:00,LONG,1.285673397216995,1.272816663244825,1.2985301311891648,1.0,1.0,WIN,1,0.31204600052453957,True,1.0,-0.23589709984459284,0.001,SYNTHETIC,6
2026-02-06 08:00:00,LONG,1.2845473800676663,1.2717019062669896,1.297392853868343,1.0,1.0,WIN,1,0.34031819231096866,True,0.4794962405980882,1.3038146235032633,0.001,SYNTHETIC,7
2026-02-06 10:00:00,SHORT,1.2843205438223373,1.2714773383841138,1.2971637492605608,1.0,1.0,WIN,1,-0.01246810296187667,True,-0.9819579645491054,-0.07994764047810365,0.001,SYNTHETIC,4
2026-02-06 13:00:00,LONG,1.286225729299862,1.2733634720068634,1.2990879865928606,1.0,1.0,WIN,1,0.14714299766809424,True,0.6572630476289734,0.6537766738689024,0.001,SYNTHETIC,5
2026-02-06 14:00:00,LONG,1.285657508886368,1.2728009337975044,1.2985140839752316,1.0,1.0,WIN,1,1.0,True,0.9607463526530836,1.7021447944232024,0.001,SYNTHETIC,9
2026-02-06 15:00:00,LONG,1.2871849328333282,1.274313083504995,1.3000567821616615,1.0,1.0,WIN,1,0.3682966957177016,True,1.0,2.4886538244635723,0.001,SYNTHETIC,7
2026-02-06 16:00:00,LONG,1.2899628666305596,1.277063237964254,1.3028624952968653,1.0,1.0,WIN,1,0.2858569168129651,True,1.0,1.5657828712203576,0.001,SYNTHETIC,6
2026-02-06 17:00:00,LONG,1.2896178632722248,1.2767216846395026,1.302514041904947,1.0,1.0,LOSS,1,0.7120227790866044,True,1.0,1.2299518052078746,0.001,SYNTHETIC,9
2026-02-06 18:00:00,LONG,1.289354092887595,1.276460551958719,1.302247633816471,1.0,1.0,WIN,1,0.5585684398820994,True,1.0,0.75191567827295,0.001,SYNTHETIC,8
2026-02-06 19:00:00,LONG,1.2908198768235901,1.277911678055354,1.3037280755918261,1.0,1.0,WIN,1,0.2544847072276467,True,1.0,2.0629565691777776,0.001,SYNTHETIC,6
2026-02-06 20:00:00,LONG,1.2918814235297382,1.2789626092944408,1.3048002377650356,1.0,1.0,WIN,1,1.0,True,1.0,0.8357843922680167,0.001,SYNTHETIC,9
2026-02-06 21:00:00,LONG,1.2940210213322385,1.281080811118916,1.306961231545561,1.0,1.0,LOSS,1,0.7926798494578513,True,1.0,1.0108634633023803,0.001,SYNTHETIC,9
2026-02-06 22:00:00,LONG,1.2941933138766457,1.2812513807378791,1.3071352470154123,1.0,1.0,WIN,1,0.5012015903803817,True,1.0,4.842655868576564,0.001,SYNTHETIC,8
2026-02-06 23:00:00,LONG,1.2939829030698855,1.2810430740391867,1.3069227321005843,1.0,1.0,WIN,1,1.0,True,1.0,-0.2702983979030324,0.001,SYNTHETIC,9
2026-02-07 00:00:00,LONG,1.2954292176769342,1.2824749255001648,1.3083835098537036,1.0,1.0,WIN,1,0.7432340432864758,True,1.0,2.3666221916153023,0.001,SYNTHETIC,9
2026-02-07 01:00:00,LONG,1.2965332892038939,1.283567956311855,1.3094986220959328,1.0,1.0,WIN,1,0.496429709062132,True,1.0,0.2866045530408312,0.001,SYNTHETIC,8
2026-02-07 02:00:00,LONG,1.297371798557496,1.284398080571921,1.3103455165430709,1.0,1.0,WIN,1,1.0,True,1.0,2.240219917277185,0.001,SYNTHETIC,9
2026-02-07 03:00:00,LONG,1.2981827769131966,1.2852009491440646,1.3111646046823286,1.0,1.0,WIN,1,0.6976954200422619,True,1.0,1.5453417759940538,0.001,SYNTHETIC,9
2026-02-07 04:00:00,LONG,1.2992962862087667,1.286303323346679,1.3122892490708544,1.0,1.0,WIN,1,0.6845735786961109,True,1.0,-1.2519952696798546,0.001,SYNTHETIC,9
2026-02-07 05:00:00,LONG,1.3008471836127062,1.2878387117765793,1.3138556554488332,1.0,1.0,WIN,1,0.3840957118518493,True,1.0,1.3326569180884555,0.001,SYNTHETIC,7
2026-02-07 06:00:00,LONG,1.302178865692244,1.2891570770353216,1.3152006543491663,1.0,1.0,WIN,1,0.5148240457098942,True,1.0,2.4897623701871803,0.001,SYNTHETIC,8
2026-02-07 07:00:00,LONG,1.3032059605708406,1.290173900965132,1.3162380201765491,1.0,1.0,WIN,1,0.3767921012407355,True,1.0,0.7460775068081196,0.001,SYNTHETIC,7
2026-02-07 08:00:00,LONG,1.302637174568984,1.2896108028232942,1.3156635463146737,1.0,1.0,WIN,1,0.9319207238124358,True,1.0,2.1664428145229766,0.001,SYNTHETIC,9
2026-02-07 09:00:00,LONG,1.3032089737404289,1.2901768840030245,1.3162410634778332,1.0,1.0,WIN,1,0.01717575697476109,True,1.0,1.336295468605424,0.001,SYNTHETIC,5
2026-02-07 10:00:00,LONG,1.304631482885801,1.291585168056943,1.317677797714659,1.0,1.0,WIN,1,0.9097611299194543,True,1.0,-0.09487257228036827,0.001,SYNTHETIC,9
2026-02-07 11:00:00,LONG,1.3040346738921078,1.2909943271531867,1.3170750206310289,1.0,1.0,WIN,1,0.12359904000104688,True,0.7736035972208598,3.321410138955608,0.001,SYNTHETIC,5
2026-02-07 12:00:00,LONG,1.304407103206195,1.291363032174133,1.317451174238257,1.0,1.0,WIN,1,0.30883062822827645,True,0.6524139783546602,0.959199995967025,0.001,SYNTHETIC,6
2026-02-07 13:00:00,LONG,1.3042800847503921,1.2912372839028883,1.317322885597896,1.0,1.0,WIN,1,0.1884001931740414,True,0.5539302190426209,0.6841470967655865,0.001,SYNTHETIC,6
2026-02-07 14:00:00,LONG,1.3041630176197643,1.2911213874435665,1.317204647795962,1.0,1.0,WIN,1,0.09514816769645865,True,0.5023878272900414,0.4943009704213126,0.001,SYNTHETIC,5
2026-02-07 15:00:00,LONG,1.3063033045737797,1.293240271528042,1.3193663376195175,1.0,1.0,WIN,1,0.47360423358451975,True,0.5333379782877437,-1.358717191622738,0.001,SYNTHETIC,8
2026-02-07 16:00:00,LONG,1.3064647242929608,1.2934000770500311,1.3195293715358904,1.0,1.0,WIN,1,0.482731943735107,True,0.9685774154674994,0.8782427256427771,0.001,SYNTHETIC,8
2026-02-07 17:00:00,LONG,1.3061636843399305,1.2931020474965311,1.3192253211833298,1.0,1.0,WIN,1,0.2140901020623376,True,0.828799460214007,-0.3718010838235184,0.001,SYNTHETIC,6
2026-02-07 18:00:00,LONG,1.3051743597268657,1.2921226161295971,1.3182261033241343,1.0,1.0,WIN,1,0.2509510655929288,True,0.40950481307918135,3.1565281796781655,0.001,SYNTHETIC,6
2026-02-07 19:00:00,LONG,1.3064793071226837,1.2934145140514568,1.3195441001939106,1.0,1.0,WIN,1,0.15077027179539607,True,0.7191925795906978,-0.3313573514953654,0.001,SYNTHETIC,5
2026-02-07 20:00:00,LONG,1.3070362844222536,1.293965921578031,1.3201066472664762,1.0,1.0,WIN,1,0.06134144159502375,True,0.44534818259090064,0.773351863656805,0.001,SYNTHETIC,5
2026-02-07 21:00:00,LONG,1.309407883279138,1.2963138044463467,1.3225019621119294,1.0,1.0,WIN,1,0.05082107328835839,True,1.0,-0.46572711252089616,0.001,SYNTHETIC,5
2026-02-07 22:00:00,LONG,1.3094390203324726,1.296344630129148,1.3225334105357973,1.0,1.0,LOSS,1,0.3649073019545711,True,1.0,2.2294228372084315,0.001,SYNTHETIC,7
2026-02-07 23:00:00,LONG,1.3099576693971224,1.2968580927031512,1.3230572460910937,1.0,1.0,WIN,1,0.6482613579183603,True,1.0,0.5940677011688823,0.001,SYNTHETIC,8
2026-02-08 00:00:00,LONG,1.3098166129374702,1.2967184468080954,1.322914779066845,1.0,1.0,WIN,1,0.5111374753874112,True,1.0,1.9801165209096965,0.001,SYNTHETIC,8
2026-02-08 01:00:00,LONG,1.3122520565077838,1.299129535942706,1.3253745770728615,1.0,1.0,LOSS,1,1.0,True,1.0,2.6275646175563687,0.001,SYNTHETIC,9
2026-02-08 02:00:00,LONG,1.3118836552301016,1.2987648186778007,1.3250024917824026,1.0,1.0,WIN,1,1.0,True,1.0,0.21903364385568214,0.001,SYNTHETIC,9
2026-02-08 03:00:00,LONG,1.3125794610611443,1.299453666450533,1.3257052556717557,1.0,1.0,WIN,1,0.36073448110378303,True,1.0,1.6078320397279158,0.001,SYNTHETIC,7
2026-02-08 04:00:00,LONG,1.3133685177964878,1.300234832618523,1.3265022029744526,1.0,1.0,WIN,1,0.25000467268871346,True,1.0,1.9635268518879434,0.001,SYNTHETIC,6
2026-02-08 05:00:00,LONG,1.3135655541414009,1.300429898599987,1.3267012096828148,1.0,1.0,WIN,1,0.8389449639076831,True,1.0,0.04920974096437686,0.001,SYNTHETIC,9
2026-02-08 06:00:00,LONG,1.3130955316704405,1.299964576353736,1.326226486987145,1.0,1.0,WIN,1,0.3779129176823981,True,0.5547008901452689,-0.38166110681272536,0.001,SYNTHETIC,7
2026-02-08 07:00:00,LONG,1.3136873451802324,1.3005504717284302,1.3268242186320347,1.0,1.0,WIN,1,0.680722732209174,True,0.6799208982093642,1.0541912338629909,0.001,SYNTHETIC,9
2026-02-08 08:00:00,LONG,1.3155737753305374,1.302418037577232,1.3287295130838428,1.0,1.0,WIN,1,0.6196492193613528,True,1.0,0.6746986113951472,0.001,SYNTHETIC,8
2026-02-08 09:00:00,LONG,1.3137061475151974,1.3005690860400454,1.3268432089903495,1.0,1.0,WIN,1,0.09822431333332333,True,0.31306333467211145,2.106426428080366,0.001,SYNTHETIC,5
2026-02-08 12:00:00,LONG,1.315268234368916,1.3021155520252268,1.328420916712605,1.0,1.0,WIN,1,0.24305953527174604,True,0.6127874079724078,1.7825299029979043,0.001,SYNTHETIC,6
2026-02-08 13:00:00,SHORT,1.3134650460968045,1.3003303956358365,1.3265996965577724,1.0,1.0,WIN,1,0.1063686498278506,False,-0.5189634462630204,0.32308292815582695,0.001,SYNTHETIC,5
2026-02-08 14:00:00,SHORT,1.3131299435388983,1.2999986441035094,1.3262612429742873,1.0,1.0,WIN,1,-0.5486052340409665,True,-0.31580812438121547,0.28426567283151283,0.001,SYNTHETIC,1
2026-02-08 16:00:00,LONG,1.3153892549084487,1.3022353623593643,1.328543147457533,1.0,1.0,LOSS,1,-0.17437851090546058,False,0.7752834269387007,1.43600058734897,0.001,SYNTHETIC,3
2026-02-08 18:00:00,LONG,1.315240844778692,1.302088436330905,1.328393253226479,1.0,1.0,WIN,1,0.22405856233568594,True,0.6467427630455012,2.2012151696204767,0.001,SYNTHETIC,6
2026-02-08 19:00:00,LONG,1.3180852448193412,1.3049043923711479,1.3312660972675345,1.0,1.0,WIN,1,0.0450932889046457,True,1.0,-1.1125951569828476,0.001,SYNTHETIC,5
2026-02-08 20:00:00,LONG,1.3157565602502608,1.302598994647758,1.3289141258527635,1.0,1.0,LOSS,1,-0.1618101583264826,False,0.9123913333542772,1.6149774545673552,0.001,SYNTHETIC,4
2026-02-08 21:00:00,SHORT,1.313992625389179,1.3008526991352871,1.3271325516430708,1.0,1.0,WIN,1,-0.69353934499528,True,-0.7285698879274588,-0.3918191728501098,0.001,SYNTHETIC,0
2026-02-08 22:00:00,SHORT,1.3146508562680888,1.3015043477054078,1.3277973648307697,1.0,1.0,WIN,1,-0.2408949805717123,True,-0.5092005570796282,2.034547113175448,0.001,SYNTHETIC,3
2026-02-08 23:00:00,SHORT,1.31385667477221,1.3007181080244878,1.3269952415199322,1.0,1.0,WIN,1,-0.42398071484044003,True,-0.48665095241304906,2.8882783859676615,0.001,SYNTHETIC,2
2026-02-09 00:00:00,SHORT,1.3134862337181923,1.3003513713810104,1.3266210960553741,1.0,1.0,WIN,1,-0.8122846703513534,True,-1.0,2.0325473731559183,0.001,SYNTHETIC,0
2026-02-09 01:00:00,SHORT,1.3140370308771372,1.3008966605683658,1.3271774011859085,1.0,1.0,WIN,1,-0.000631921911266653,True,-0.8126324935759646,1.4477666275541439,0.001,SYNTHETIC,4
2026-02-09 04:00:00,SHORT,1.3125720167152313,1.2994462965480789,1.3256977368823837,1.0,1.0,WIN,1,-0.5297420395115043,True,-0.5260858739936859,1.1821093652850612,0.001,SYNTHETIC,1
2026-02-09 08:00:00,LONG,1.3172389493714245,1.3040665598777101,1.3304113388651388,1.0,1.0,WIN,1,0.08856027302057595,True,1.0,1.391929731272396,0.001,SYNTHETIC,5
2026-02-09 09:00:00,LONG,1.3163497719337733,1.3031862742144356,1.3295132696531111,1.0,1.0,WIN,1,0.5862365781520105,True,1.0,1.1054766036493886,0.001,SYNTHETIC,8
2026-02-09 11:00:00,SHORT,1.314174715810039,1.3010329686519386,1.3273164629681393,1.0,1.0,WIN,1,-0.4192113526262748,True,-0.36996258310491864,0.05893631400508359,0.001,SYNTHETIC,2
2026-02-09 12:00:00,SHORT,1.3137830103739978,1.3006451802702579,1.3269208404777377,1.0,1.0,WIN,1,-0.05352506240545438,True,-0.34743507823554776,1.3809446865038053,0.001,SYNTHETIC,4
2026-02-09 13:00:00,SHORT,1.3151257534163499,1.3019744958821864,1.3282770109505133,1.0,1.0,LOSS,1,0.15204484898334325,False,-1.0,2.047492404760257,0.001,SYNTHETIC,5
2026-02-09 14:00:00,SHORT,1.3140929329002327,1.3009520035712303,1.327233862229235,1.0,1.0,WIN,1,-0.6162267805541751,True,-0.6858433671157909,-0.827233984940508,0.001,SYNTHETIC,1
2026-02-09 17:00:00,LONG,1.3154116088576175,1.3022574927690413,1.3285657249461937,1.0,1.0,WIN,1,0.12481877535635788,True,0.5344836235907937,0.2424751312119251,0.001,SYNTHETIC,5
2026-02-09 18:00:00,LONG,1.315156140800322,1.3020045793923187,1.3283077022083254,1.0,1.0,WIN,1,0.5174133438383024,True,0.3920010818265125,1.847763396330543,0.001,SYNTHETIC,8
2026-02-09 19:00:00,LONG,1.3166377603362196,1.3034713827328575,1.3298041379395817,1.0,1.0,LOSS,1,0.23855117126176145,True,0.983216029039457,0.7200301384304744,0.001,SYNTHETIC,6
2026-02-09 20:00:00,LONG,1.3165076146905426,1.303342538543637,1.329672690837448,1.0,1.0,WIN,1,0.1431279546754306,True,0.9787238454277143,2.5891273273833213,0.001,SYNTHETIC,5
2026-02-09 21:00:00,LONG,1.3178821688937958,1.304703347204858,1.3310609905827337,1.0,1.0,WIN,1,0.6380527385657258,True,1.0,1.3857604005076938,0.001,SYNTHETIC,8
2026-02-09 22:00:00,LONG,1.3186636456382832,1.3054770091819003,1.331850282094666,1.0,1.0,WIN,1,0.9784351389460241,True,1.0,1.8404912775477937,0.001,SYNTHETIC,9
2026-02-09 23:00:00,LONG,1.319208363649642,1.3060162800131454,1.3324004472861384,1.0,1.0,LOSS,1,0.7249984115873455,True,1.0,-0.2044320499020278,0.001,SYNTHETIC,9
2026-02-10 00:00:00,LONG,1.319042948444176,1.305852518959734,1.3322333779286177,1.0,1.0,WIN,1,0.07789478577904002,True,1.0,0.9424317984647372,0.001,SYNTHETIC,5
2026-02-10 01:00:00,LONG,1.3211272194976589,1.3079159473026822,1.3343384916926355,1.0,1.0,WIN,1,0.3154000868093247,True,1.0,-0.12791925077930522,0.001,SYNTHETIC,6
2026-02-10 02:00:00,LONG,1.3216390253962855,1.3084226351423227,1.3348554156502483,1.0,1.0,WIN,1,0.7938794724730427,True,1.0,0.8570966316785842,0.001,SYNTHETIC,9
2026-02-10 03:00:00,LONG,1.3228583121106228,1.3096297289895165,1.336086895231729,1.0,1.0,WIN,1,0.97433306537258,True,1.0,0.9051164868532429,0.001,SYNTHETIC,9
2026-02-10 04:00:00,LONG,1.322901904230057,1.3096728851877564,1.3361309232723575,1.0,1.0,WIN,1,0.5686133975823264,True,1.0,1.5312489293092746,0.001,SYNTHETIC,8
2026-02-10 05:00:00,LONG,1.324418826766426,1.3111746384987617,1.3376630150340905,1.0,1.0,WIN,1,0.32624823976766204,True,1.0,2.269935863265146,0.001,SYNTHETIC,7
2026-02-10 06:00:00,LONG,1.3240967462025743,1.3108557787405486,1.3373377136646,1.0,1.0,WIN,1,0.9837948048720009,True,0.9799783061228304,1.0416604726263667,0.001,SYNTHETIC,9
2026-02-10 07:00:00,LONG,1.3256139317978934,1.3123577924799146,1.3388700711158723,1.0,1.0,WIN,1,0.4776219244534496,True,1.0,1.609808847957614,0.001,SYNTHETIC,8
2026-02-10 08:00:00,LONG,1.326230123478334,1.3129678222435506,1.3394924247131175,1.0,1.0,WIN,1,0.3182574277536918,True,1.0,-0.9333663296302206,0.001,SYNTHETIC,7
2026-02-10 09:00:00,LONG,1.3248066490332646,1.311558582542932,1.3380547155235973,1.0,1.0,WIN,1,0.14970842348267127,True,0.7643763698703623,2.490685751209154,0.001,SYNTHETIC,5
2026-02-10 13:00:00,SHORT,1.3249709504539284,1.3117212409493892,1.3382206599584676,1.0,1.0,WIN,1,-0.44988514064970053,True,-0.5059942916692345,1.8515911803597074,0.001,SYNTHETIC,2
2026-02-10 15:00:00,SHORT,1.3226883903065416,1.3094615064034762,1.335915274209607,1.0,1.0,WIN,1,-0.32020320695751947,True,-0.9603877179569296,-0.9689429860409127,0.001,SYNTHETIC,3
2026-02-10 16:00:00,SHORT,1.3225041874143835,1.3092791455402397,1.3357292292885272,1.0,1.0,WIN,1,-0.28805429862873366,True,-0.8605733980489562,2.1160203153469572,0.001,SYNTHETIC,3
2026-02-10 17:00:00,SHORT,1.319649046084528,1.3064525556236828,1.3328455365453733,1.0,1.0,WIN,1,-0.7153751090348086,True,-1.0,-1.5660247849890307,0.001,SYNTHETIC,0
2026-02-10 18:00:00,SHORT,1.318640874957236,1.3054544662076637,1.3318272837068084,1.0,1.0,WIN,1,-0.6542381534437838,True,-1.0,0.15999889781946575,0.001,SYNTHETIC,1
2026-02-10 19:00:00,SHORT,1.3193518869979486,1.3061583681279691,1.332545405867928,1.0,1.0,WIN,1,-0.5127272103749723,True,-1.0,1.1656353502758086,0.001,SYNTHETIC,1
2026-02-10 20:00:00,SHORT,1.3194504554859587,1.3062559509310991,1.3326449600408183,1.0,1.0,WIN,1,-1.0,True,-1.0,-0.1352604323456168,0.001,SYNTHETIC,0
2026-02-10 21:00:00,SHORT,1.3208690942489603,1.3076604033064707,1.3340777851914498,1.0,1.0,WIN,1,-0.4548509254468158,True,-0.6176097648541901,1.743367230619676,0.001,SYNTHETIC,2
2026-02-10 23:00:00,LONG,1.3201351398965209,1.3069337884975556,1.3333364912954861,1.0,1.0,WIN,1,0.7384030478743777,True,0.691094751868413,2.398279184795257,0.001,SYNTHETIC,9
2026-02-11 00:00:00,LONG,1.3203911331967346,1.3071872218647673,1.333595044528702,1.0,1.0,WIN,1,-0.006663317290484416,False,0.3566018930601738,2.691618510371934,0.001,SYNTHETIC,4
2026-02-11 01:00:00,SHORT,1.3190608659763479,1.3058702573165843,1.3322514746361114,1.0,1.0,WIN,1,-0.0035151532708013744,True,-0.49431317321028667,3.0905442615065306,0.001,SYNTHETIC,4
2026-02-11 03:00:00,LONG,1.3217153128117978,1.3084981596836798,1.3349324659399158,1.0,1.0,LOSS,1,0.7410391203295823,True,0.7818601353755236,1.3657147125283895,0.001,SYNTHETIC,9
2026-02-11 04:00:00,LONG,1.321865870659317,1.3086472119527237,1.3350845293659102,1.0,1.0,LOSS,1,0.08248074946260742,True,0.7051696791922735,-0.060352251090615594,0.001,SYNTHETIC,5
2026-02-11 05:00:00,LONG,1.3220803593124983,1.3088595557193734,1.3353011629056233,1.0,1.0,WIN,1,0.3979417303606016,True,0.7177196792763472,0.2716583514740417,0.001,SYNTHETIC,7
2026-02-11 06:00:00,LONG,1.3221429562327354,1.308921526670408,1.3353643857950628,1.0,1.0,LOSS,1,0.6219029357537657,True,1.0,0.7124278188733644,0.001,SYNTHETIC,8
2026-02-11 08:00:00,SHORT,1.3198203623961897,1.3066221587722278,1.3330185660201517,1.0,1.0,WIN,1,-0.3971538274171546,True,-0.7302397996419301,1.4370678542026454,0.001,SYNTHETIC,2
2026-02-11 09:00:00,SHORT,1.319281809007128,1.3060889909170568,1.3324746270971994,1.0,1.0,LOSS,1,-0.8387942372337845,True,-0.9326787032435953,0.35631983106902027,0.001,SYNTHETIC,0
2026-02-11 10:00:00,SHORT,1.3180696198649131,1.304888923666264,1.3312503160635623,1.0,1.0,WIN,1,-0.7668622754868478,True,-1.0,-0.38021908167303176,0.001,SYNTHETIC,0
2026-02-11 11:00:00,SHORT,1.3183908665817978,1.3052069579159797,1.331574775247616,1.0,1.0,WIN,1,-0.20107041703351886,True,-1.0,1.235156795413023,0.001,SYNTHETIC,3
2026-02-11 13:00:00,LONG,1.321512211677952,1.3082970895611725,1.3347273337947316,1.0,1.0,WIN,1,0.2029085380214544,True,0.46779443206100413,1.250827127854167,0.001,SYNTHETIC,6
2026-02-11 14:00:00,LONG,1.3209103920099852,1.3077012880898853,1.334119495930085,1.0,1.0,WIN,1,-0.19002480906516256,False,0.515202136124024,0.2552152393694689,0.001,SYNTHETIC,3
2026-02-11 15:00:00,LONG,1.3212988108152157,1.3080858227070635,1.334511798923368,1.0,1.0,LOSS,1,0.7575720084574777,True,1.0,0.20557614155404724,0.001,SYNTHETIC,9
2026-02-11 16:00:00,LONG,1.322618494804173,1.3093923098561313,1.3358446797522148,1.0,1.0,WIN,1,0.10415508795797307,True,1.0,0.6279835292791034,0.001,SYNTHETIC,5
2026-02-11 17:00:00,LONG,1.3242326720890134,1.3109903453681233,1.3374749988099035,1.0,1.0,WIN,1,0.7747888425806322,True,1.0,-1.01343324336458,0.001,SYNTHETIC,9
2026-02-11 18:00:00,LONG,1.3246348883653165,1.3113885394816633,1.3378812372489697,1.0,1.0,WIN,1,0.18118647180696934,True,1.0,0.9946536748658066,0.001,SYNTHETIC,6
2026-02-11 19:00:00,LONG,1.323959555765281,1.3107199602076283,1.3371991513229338,1.0,1.0,WIN,1,0.8043524090983325,True,1.0,0.9334622112511909,0.001,SYNTHETIC,9
2026-02-11 20:00:00,LONG,1.3249264696260583,1.3116772049297978,1.3381757343223188,1.0,1.0,WIN,1,0.5030578745918978,True,1.0,1.2054215102248889,0.001,SYNTHETIC,8
2026-02-11 21:00:00,LONG,1.3250536097822025,1.3118030736843804,1.3383041458800247,1.0,1.0,WIN,1,0.27310754249831937,True,0.881469522864893,2.0019682870769175,0.001,SYNTHETIC,6
2026-02-11 22:00:00,LONG,1.3260434034601067,1.3127829694255058,1.3393038374947077,1.0,1.0,WIN,1,0.9143104788187049,True,0.8683799043685355,0.07316160875558075,0.001,SYNTHETIC,9
2026-02-11 23:00:00,LONG,1.3267527187245438,1.3134851915372983,1.3400202459117894,1.0,1.0,WIN,1,0.47934350215453014,True,1.0,3.0898771769821343,0.001,SYNTHETIC,8
2026-02-12 00:00:00,LONG,1.3282050115683564,1.3149229614526727,1.34148706168404,1.0,1.0,WIN,1,0.39145631202320624,True,1.0,1.5539296548454065,0.001,SYNTHETIC,7
2026-02-12 01:00:00,LONG,1.3277499607273244,1.3144724611200511,1.3410274603345977,1.0,1.0,WIN,1,0.7727353782794029,True,1.0,0.6803922316841113,0.001,SYNTHETIC,9
2026-02-12 02:00:00,LONG,1.3293607278210404,1.31606712054283,1.3426543350992508,1.0,1.0,WIN,1,0.05586286654400119,True,1.0,3.3985655618604813,0.001,SYNTHETIC,5
2026-02-12 03:00:00,LONG,1.329583786724266,1.3162879488570232,1.3428796245915087,1.0,1.0,WIN,1,-0.25814968120497794,False,1.0,2.0327673615972297,0.001,SYNTHETIC,3
2026-02-12 04:00:00,LONG,1.3319094945000574,1.3185903995550567,1.345228589445058,1.0,1.0,WIN,1,0.8473939920910629,True,1.0,2.8491414621160827,0.001,SYNTHETIC,9
2026-02-12 05:00:00,LONG,1.3310891443242767,1.317778252881034,1.3444000357675194,1.0,1.0,WIN,1,0.24910937640439046,True,1.0,0.8373735905493169,0.001,SYNTHETIC,6
2026-02-12 06:00:00,LONG,1.3336065253102996,1.3202704600571966,1.3469425905634025,1.0,1.0,WIN,1,0.7593867276159497,True,1.0,1.4712229518728868,0.001,SYNTHETIC,9
2026-02-12 07:00:00,LONG,1.3336595124755315,1.3203229173507762,1.3469961076002868,1.0,1.0,WIN,1,0.5138487115334062,True,1.0,0.9047954090199894,0.001,SYNTHETIC,8
2026-02-12 08:00:00,LONG,1.3330024980213602,1.3196724730411467,1.3463325230015737,1.0,1.0,WIN,1,0.15080316076175654,True,1.0,2.7991518674692184,0.001,SYNTHETIC,5
2026-02-12 10:00:00,LONG,1.3320099166575303,1.318689817490955,1.3453300158241057,1.0,1.0,WIN,1,0.10442374792029857,True,0.45494960997924366,1.2768589398877488,0.001,SYNTHETIC,5
2026-02-12 15:00:00,LONG,1.3359681648682558,1.3226084832195732,1.3493278465169383,1.0,1.0,WIN,1,0.2193797766664422,True,1.0,0.17838802577462845,0.001,SYNTHETIC,6
2026-02-12 16:00:00,LONG,1.3376731978204048,1.3242964658422007,1.351049929798609,1.0,1.0,WIN,1,0.4895833616885435,True,1.0,2.4457190251544585,0.001,SYNTHETIC,8
2026-02-12 17:00:00,LONG,1.3387280349195385,1.325340754570343,1.352115315268734,1.0,1.0,WIN,1,0.4454832516462881,True,1.0,1.90510150046069,0.001,SYNTHETIC,7
2026-02-12 18:00:00,LONG,1.3384392449431572,1.3250548524937256,1.351823637392589,1.0,1.0,WIN,1,0.21753299564609874,True,1.0,1.555997941882029,0.001,SYNTHETIC,6
2026-02-12 19:00:00,LONG,1.3381567088558088,1.3247751417672506,1.351538275944367,1.0,1.0,WIN,1,0.04313008575835381,True,1.0,3.6486330741757946,0.001,SYNTHETIC,5
2026-02-12 20:00:00,LONG,1.339499583072831,1.3261045872421027,1.3528945789035591,1.0,1.0,WIN,1,1.0,True,1.0,2.1355050891387735,0.001,SYNTHETIC,9
2026-02-12 21:00:00,LONG,1.3384778449272894,1.3250930664780165,1.3518626233765623,1.0,1.0,WIN,1,0.14403929714519068,True,0.31719810987733055,2.2671263849438406,0.001,SYNTHETIC,5
2026-02-12 23:00:00,SHORT,1.3367454826635388,1.3233780278369034,1.3501129374901741,1.0,1.0,WIN,1,-0.024933546793876604,True,-0.7488291638238272,2.829630928962102,0.001,SYNTHETIC,4
2026-02-13 00:00:00,SHORT,1.3365645057593178,1.3231988607017247,1.349930150816911,1.0,1.0,WIN,1,-0.4094889432003108,True,-0.6262787055063765,1.3932153200634798,0.001,SYNTHETIC,2
2026-02-13 01:00:00,SHORT,1.3382209090418051,1.324838699951387,1.3516031181322232,1.0,1.0,WIN,1,-0.25204480182136746,True,-0.6126683860466202,1.1587474147142673,0.001,SYNTHETIC,3
2026-02-13 02:00:00,SHORT,1.337214288753225,1.3238421458656928,1.3505864316407572,1.0,1.0,WIN,1,-0.14141480137797158,True,-0.37397907193623203,1.8771166050574186,0.001,SYNTHETIC,4
2026-02-13 03:00:00,LONG,1.3389737293446986,1.3255839920512515,1.3523634666381457,1.0,1.0,WIN,1,0.7715869852062105,True,0.43665355705295694,3.813987082978243,0.001,SYNTHETIC,9
2026-02-13 04:00:00,LONG,1.3380501209859827,1.324669619776123,1.3514306221958425,1.0,1.0,WIN,1,0.5647718949383295,True,0.6316435748906114,-0.5877183685323036,0.001,SYNTHETIC,8
2026-02-13 06:00:00,SHORT,1.3370293667190096,1.3236590730518196,1.3503996603861996,1.0,1.0,WIN,1,-0.08627868765507722,True,-0.38352867724298934,4.009259693984636,0.001,SYNTHETIC,4
2026-02-13 08:00:00,LONG,1.3399525407219075,1.3265530153146885,1.3533520661291265,1.0,1.0,WIN,1,-0.18176243669216602,False,0.34166655595871265,0.6856209341797086,0.001,SYNTHETIC,3
2026-02-13 09:00:00,LONG,1.339366456673102,1.325972792106371,1.352760121239833,1.0,1.0,WIN,1,0.4886916087244313,True,0.6808936105656517,0.8853277479165871,0.001,SYNTHETIC,8
2026-02-13 10:00:00,LONG,1.3409214983487334,1.3275122833652462,1.3543307133322207,1.0,1.0,WIN,1,0.903646686861536,True,1.0,2.1265237723639503,0.001,SYNTHETIC,9
2026-02-13 11:00:00,LONG,1.341405055961439,1.3279910054018247,1.3548191065210533,1.0,1.0,WIN,1,0.24275820451245617,True,1.0,3.141294325792676,0.001,SYNTHETIC,6
2026-02-13 12:00:00,LONG,1.3409785764988464,1.327568790733858,1.3543883622638349,1.0,1.0,WIN,1,0.2842044297246472,True,1.0,-0.56038764502799,0.001,SYNTHETIC,6
2026-02-13 13:00:00,LONG,1.3423103516228645,1.3288872481066358,1.3557334551390932,1.0,1.0,WIN,1,0.7453546533917947,True,0.7944258035751857,0.847204558602429,0.001,SYNTHETIC,9
2026-02-13 14:00:00,LONG,1.3433081773795994,1.3298750956058034,1.3567412591533954,1.0,1.0,LOSS,1,0.39372910612805223,True,1.0,1.1365320793769949,0.001,SYNTHETIC,7
2026-02-13 16:00:00,LONG,1.3428789048198766,1.3294501157716778,1.3563076938680754,1.0,1.0,WIN,1,0.6539744937440737,True,0.7785851616677021,2.037967653650195,0.001,SYNTHETIC,8
2026-02-13 17:00:00,LONG,1.3452262433461302,1.331773980912669,1.3586785057795914,1.0,1.0,WIN,1,0.673056271017752,True,1.0,2.6338270674368953,0.001,SYNTHETIC,9
2026-02-13 18:00:00,LONG,1.3444221709686404,1.330977949258954,1.3578663926783268,1.0,1.0,WIN,1,0.42646758587034544,True,0.7962988272430441,1.9487993102687977,0.001,SYNTHETIC,7
2026-02-13 19:00:00,LONG,1.3439452267139993,1.3305057744468594,1.3573846789811392,1.0,1.0,WIN,1,0.6781629334156057,True,0.6815762897619891,2.7144153568769376,0.001,SYNTHETIC,9
2026-02-13 20:00:00,LONG,1.345243812380342,1.3317913742565386,1.3586962505041456,1.0,1.0,WIN,1,0.8586905729583667,True,1.0,1.2053306654040878,0.001,SYNTHETIC,9
2026-02-13 21:00:00,LONG,1.3455016778012285,1.3320466610232162,1.3589566945792408,1.0,1.0,WIN,1,0.47515312735316606,True,1.0,0.41306466569786493,0.001,SYNTHETIC,8
2026-02-14 02:00:00,LONG,1.3463243862464862,1.3328611423840213,1.359787630108951,1.0,1.0,WIN,1,-0.46791753679450343,False,0.41734001819633626,0.5367808403428043,0.001,SYNTHETIC,2
2026-02-14 03:00:00,LONG,1.3464727981268991,1.3330080701456302,1.359937526108168,1.0,1.0,WIN,1,0.15076539983682552,True,0.49635979650850354,0.6220507241555719,0.001,SYNTHETIC,5
2026-02-14 04:00:00,LONG,1.3467574596010852,1.3332898850050743,1.360225034197096,1.0,1.0,WIN,1,0.13663454050998097,True,1.0,-0.7013669128523178,0.001,SYNTHETIC,5
2026-02-14 07:00:00,SHORT,1.3440505616770957,1.3306100560603247,1.3574910672938667,1.0,1.0,WIN,1,-1.0,True,-1.0,2.329093083147125,0.001,SYNTHETIC,0
2026-02-14 08:00:00,SHORT,1.3438427461828886,1.3304043187210597,1.3572811736447175,1.0,1.0,WIN,1,-0.46107927769075624,True,-1.0,-0.15108310665952218,0.001,SYNTHETIC,2
2026-02-14 09:00:00,SHORT,1.3422204819331154,1.3287982771137843,1.3556426867524465,1.0,1.0,WIN,1,-0.46289706725587576,True,-1.0,0.5444319829023232,0.001,SYNTHETIC,2
2026-02-14 10:00:00,SHORT,1.3409353639427077,1.3275260103032807,1.3543447175821348,1.0,1.0,WIN,1,-0.5247167862656433,True,-1.0,1.4325984397675102,0.001,SYNTHETIC,1
2026-02-14 11:00:00,SHORT,1.3425177753081252,1.329092597555044,1.3559429530612064,1.0,1.0,WIN,1,-0.4607663954060679,True,-1.0,1.1458440427263394,0.001,SYNTHETIC,2
2026-02-14 12:00:00,SHORT,1.342439136387927,1.3290147450240477,1.355863527751806,1.0,1.0,LOSS,1,-1.0,True,-0.7295262508029051,3.206083031335138,0.001,SYNTHETIC,0
2026-02-14 13:00:00,SHORT,1.3425621284729488,1.3291365071882193,1.3559877497576782,1.0,1.0,WIN,1,-0.4504471246839244,True,-0.4151615398892336,0.07870148180098813,0.001,SYNTHETIC,2
2026-02-14 15:00:00,LONG,1.3425576972262234,1.3291321202539612,1.3559832741984856,1.0,1.0,WIN,1,0.06507457488946888,True,0.8482718010847463,0.7442268159909613,0.001,SYNTHETIC,5
2026-02-14 16:00:00,LONG,1.3428954094875483,1.3294664553926727,1.3563243635824238,1.0,1.0,WIN,1,0.6828580460071304,True,0.36574960387574124,1.8555963141111544,0.001,SYNTHETIC,9
2026-02-14 20:00:00,SHORT,1.340931702498843,1.3275223854738545,1.3543410195238315,1.0,1.0,LOSS,1,-0.06917406238840512,True,-0.8157979057489614,0.297105498251252,0.001,SYNTHETIC,4
2026-02-14 21:00:00,SHORT,1.3404001428366055,1.3269961414082394,1.3538041442649715,1.0,1.0,WIN,1,-0.6638362489248133,True,-1.0,3.284347514419043,0.001,SYNTHETIC,1
2026-02-15 01:00:00,LONG,1.343427729029298,1.329993451739005,1.3568620063195909,1.0,1.0,WIN,1,0.7467517634506324,True,0.7290326713367205,-0.6455734291529547,0.001,SYNTHETIC,9
2026-02-15 02:00:00,LONG,1.3427863997152527,1.3293585357181001,1.3562142637124053,1.0,1.0,WIN,1,0.6190499002148414,True,0.7751890358374595,0.1293707855902339,0.001,SYNTHETIC,8
2026-02-15 03:00:00,LONG,1.344791664911104,1.331343748261993,1.358239581560215,1.0,1.0,WIN,1,0.15712904085128715,True,1.0,3.1729538392474055,0.001,SYNTHETIC,5
2026-02-15 04:00:00,LONG,1.3458557992657731,1.3323972412731153,1.359314357258431,1.0,1.0,WIN,1,0.32855434649316956,True,0.8224511631413377,0.00015116053850072753,0.001,SYNTHETIC,7
2026-02-15 05:00:00,LONG,1.3459673044423188,1.3325076313978956,1.359426977486742,1.0,1.0,WIN,1,1.0,True,1.0,3.146243515413243,0.001,SYNTHETIC,9
2026-02-15 06:00:00,LONG,1.347244945674471,1.3337724962177264,1.3607173951312157,1.0,1.0,WIN,1,0.5958685367503807,True,1.0,1.116138800233315,0.001,SYNTHETIC,8
2026-02-15 07:00:00,LONG,1.3475027903230976,1.3340277624198666,1.3609778182263286,1.0,1.0,WIN,1,0.047646210772604114,True,1.0,-0.7602187773175738,0.001,SYNTHETIC,5
2026-02-15 08:00:00,LONG,1.346369754736177,1.3329060571888152,1.359833452283539,1.0,1.0,WIN,1,0.06424687537243384,True,0.9907170921709418,0.7910708574658228,0.001,SYNTHETIC,5
2026-02-15 09:00:00,LONG,1.3477146338468478,1.3342374875083793,1.3611917801853162,1.0,1.0,WIN,1,0.6330008680700511,True,0.731914551000368,2.638676871423116,0.001,SYNTHETIC,8
2026-02-15 10:00:00,LONG,1.3473616190391282,1.333888002848737,1.3608352352295194,1.0,1.0,WIN,1,0.46436944109958,True,0.5072764918935219,0.9321443767917128,0.001,SYNTHETIC,7
2026-02-15 13:00:00,LONG,1.3483057100221187,1.3348226529218976,1.3617887671223399,1.0,1.0,WIN,1,0.6724301819114644,True,0.38522508179137926,0.6330768212151775,0.001,SYNTHETIC,9
2026-02-15 14:00:00,LONG,1.3489319799262738,1.335442660127011,1.3624212997255365,1.0,1.0,WIN,1,0.8369232486326114,True,0.7991311934688621,2.0346436778012182,0.001,SYNTHETIC,9
2026-02-15 15:00:00,LONG,1.349319766198983,1.3358265685369932,1.362812963860973,1.0,1.0,WIN,1,0.8782954105847878,True,0.7940239990761014,2.845261815782563,0.001,SYNTHETIC,9
2026-02-15 16:00:00,LONG,1.3488630858908257,1.3353744550319175,1.3623517167497339,1.0,1.0,WIN,1,0.5890457316082298,True,0.8447981981787768,0.24157972253032495,0.001,SYNTHETIC,8
2026-02-15 17:00:00,SHORT,1.3472704811814857,1.333797776369671,1.3607431859933006,1.0,1.0,WIN,1,-0.2404241377435126,True,-0.3742523840090925,2.150258784768827,0.001,SYNTHETIC,3
2026-02-15 20:00:00,LONG,1.3500080106161416,1.3365079305099803,1.363508090722303,1.0,1.0,WIN,1,-0.10383027681600598,False,0.31795342904210755,0.2352718266936379,0.001,SYNTHETIC,4
2026-02-15 21:00:00,SHORT,1.3465186152284263,1.333053429076142,1.3599838013807106,1.0,1.0,WIN,1,-0.6077896173557091,True,-1.0,1.1586100514928022,0.001,SYNTHETIC,1
2026-02-15 22:00:00,LONG,1.348854693686021,1.3353661467491609,1.3623432406228813,1.0,1.0,WIN,1,0.7877992788152492,True,0.8105267086519379,3.178064106183373,0.001,SYNTHETIC,9
2026-02-15 23:00:00,LONG,1.3491712483345,1.335679535851155,1.3626629608178449,1.0,1.0,LOSS,1,-0.31365733216170366,False,0.33812794073908864,1.6811270904037996,0.001,SYNTHETIC,3
2026-02-16 00:00:00,LONG,1.3505878763256987,1.3370819975624417,1.3640937550889556,1.0,1.0,LOSS,1,-0.12337356755134776,False,0.6776547003121555,1.0266504728951533,0.001,SYNTHETIC,4
2026-02-16 02:00:00,LONG,1.3502283876578463,1.3367261037812679,1.3637306715344246,1.0,1.0,WIN,1,0.3949481225949576,True,1.0,-0.8595972702792838,0.001,SYNTHETIC,7
2026-02-16 06:00:00,LONG,1.3501312760587372,1.3366299632981498,1.3636325888193246,1.0,1.0,WIN,1,0.09551966166282508,True,0.4496900092204505,0.32156821324986956,0.001,SYNTHETIC,5
2026-02-16 08:00:00,LONG,1.3517402045014155,1.3382228024564014,1.3652576065464297,1.0,1.0,WIN,1,0.10004132936252091,True,1.0,2.1481660972636805,0.001,SYNTHETIC,5
2026-02-16 09:00:00,LONG,1.352214221807428,1.3386920795893538,1.3657363640255022,1.0,1.0,WIN,1,0.5038956244578784,True,1.0,1.4357343834635328,0.001,SYNTHETIC,8
2026-02-16 10:00:00,LONG,1.3525357884141764,1.3390104305300345,1.3660611462983183,1.0,1.0,WIN,1,0.3580301759310825,True,0.8426438486296274,1.3527442625489277,0.001,SYNTHETIC,7
2026-02-16 11:00:00,LONG,1.3531992851545398,1.3396672923029944,1.3667312780060852,1.0,1.0,WIN,1,0.5113475683735113,True,1.0,0.6970460452433311,0.001,SYNTHETIC,8
2026-02-16 12:00:00,LONG,1.3558567055017128,1.3422981384466957,1.36941527255673,1.0,1.0,WIN,1,-0.019655847441016117,False,1.0,1.350416714398199,0.001,SYNTHETIC,4
2026-02-16 13:00:00,LONG,1.3556975269388787,1.34214055166949,1.3692545022082674,1.0,1.0,WIN,1,0.3432053335579974,True,1.0,-1.4729220264740814,0.001,SYNTHETIC,7
2026-02-16 14:00:00,LONG,1.356366275750633,1.3428026129931265,1.3699299385081394,1.0,1.0,WIN,1,0.5059307573111683,True,1.0,-1.4241588725608174,0.001,SYNTHETIC,8
2026-02-16 15:00:00,LONG,1.3575364839148294,1.343961119075681,1.3711118487539777,1.0,1.0,WIN,1,0.6623478908893689,True,1.0,2.677511225185781,0.001,SYNTHETIC,8
2026-02-16 16:00:00,LONG,1.3586250797987303,1.345038829000743,1.3722113305967176,1.0,1.0,WIN,1,1.0,True,1.0,0.37427443324042964,0.001,SYNTHETIC,9
2026-02-16 17:00:00,LONG,1.3598673096603284,1.346268636563725,1.3734659827569318,1.0,1.0,WIN,1,0.7417845166217062,True,1.0,3.2880225169865858,0.001,SYNTHETIC,9
2026-02-16 18:00:00,LONG,1.3608276707086318,1.3472193940015453,1.3744359474157182,1.0,1.0,WIN,1,0.6383465601900246,True,1.0,2.38162133470183,0.001,SYNTHETIC,8
2026-02-16 19:00:00,LONG,1.3595396044772186,1.3459442084324464,1.3731350005219907,1.0,1.0,WIN,1,0.8814424376841132,True,1.0,3.185959847903821,0.001,SYNTHETIC,9
2026-02-16 20:00:00,LONG,1.3616276964035992,1.3480114194395632,1.3752439733676352,1.0,1.0,WIN,1,0.40885326603702976,True,1.0,0.5319777718982847,0.001,SYNTHETIC,7
2026-02-16 21:00:00,LONG,1.3603935530917175,1.3467896175608003,1.3739974886226347,1.0,1.0,WIN,1,0.7994842837690949,True,0.6666116693572767,-1.5864054982901123,0.001,SYNTHETIC,9
2026-02-16 23:00:00,SHORT,1.3593865811237265,1.3457927153124891,1.3729804469349638,1.0,1.0,WIN,1,-0.3143413655634075,True,-0.3611560567413377,0.5229207634226796,0.001,SYNTHETIC,3
2026-02-17 01:00:00,SHORT,1.3604780535343446,1.3468732729990012,1.374082834069688,1.0,1.0,WIN,1,-0.0981968341904676,True,-0.4645548573249423,0.7593041456908095,0.001,SYNTHETIC,4
2026-02-17 04:00:00,LONG,1.3630361194743623,1.3494057582796186,1.376666480669106,1.0,1.0,WIN,1,0.33142104214680923,True,1.0,0.20738195542791726,0.001,SYNTHETIC,7
2026-02-17 05:00:00,LONG,1.3638555776570476,1.350217021880477,1.3774941334336182,1.0,1.0,WIN,1,0.269739006993978,True,1.0,1.7036574180355235,0.001,SYNTHETIC,6
2026-02-17 06:00:00,LONG,1.3633303874659044,1.3496970835912454,1.3769636913405634,1.0,1.0,WIN,1,0.39327696358011827,True,1.0,2.2897999994064824,0.001,SYNTHETIC,7
2026-02-17 07:00:00,LONG,1.3639450462466463,1.3503055957841799,1.3775844967091126,1.0,1.0,WIN,1,0.32861151739110017,True,1.0,-0.04302251388659695,0.001,SYNTHETIC,7
2026-02-17 08:00:00,LONG,1.3654303180842955,1.3517760149034526,1.3790846212651384,1.0,1.0,WIN,1,0.8814165670876082,True,1.0,1.1899017838077124,0.001,SYNTHETIC,9
2026-02-17 09:00:00,LONG,1.3640775338630313,1.350436758524401,1.3777183092016616,1.0,1.0,WIN,1,0.31166375097975146,True,0.6407120486896539,0.42995686149222057,0.001,SYNTHETIC,6
2026-02-17 10:00:00,LONG,1.3650009796516456,1.3513509698551291,1.378650989448162,1.0,1.0,WIN,1,-0.13174602301119798,False,0.7049215575150495,1.5222464468223424,0.001,SYNTHETIC,4
2026-02-17 11:00:00,LONG,1.365943078569105,1.352283647783414,1.379602509354796,1.0,1.0,WIN,1,0.5639012947615065,True,1.0,-0.07121872823632924,0.001,SYNTHETIC,8
2026-02-17 12:00:00,LONG,1.3653553941218357,1.3517018401806173,1.379008948063054,1.0,1.0,WIN,1,0.31772264838310826,True,0.5601374709000446,-0.1638777360775543,0.001,SYNTHETIC,6
2026-02-17 13:00:00,LONG,1.3677820785966144,1.3541042578106481,1.3814598993825806,1.0,1.0,WIN,1,0.18135405195313317,True,0.6438726766076728,1.8162183335449635,0.001,SYNTHETIC,6
2026-02-17 14:00:00,LONG,1.3667590148579962,1.3530914247094163,1.380426605006576,1.0,1.0,WIN,1,0.5802776065952812,True,1.0,1.8046705145535777,0.001,SYNTHETIC,8
2026-02-17 15:00:00,LONG,1.3678309789990455,1.354152669209055,1.381509288789036,1.0,1.0,WIN,1,0.44480949895440963,True,0.9160846577861576,1.9123390568400822,0.001,SYNTHETIC,7
2026-02-17 16:00:00,LONG,1.367646276638792,1.3539698138724041,1.38132273940518,1.0,1.0,WIN,1,0.4498676242034547,True,0.5194760279809696,1.498065579573324,0.001,SYNTHETIC,7
2026-02-17 17:00:00,LONG,1.367626142551293,1.35394988112578,1.381302403976806,1.0,1.0,WIN,1,0.5025582627788671,True,0.6601291623478018,0.2650315243171554,0.001,SYNTHETIC,8
2026-02-17 18:00:00,SHORT,1.3659611154518583,1.3523015042973396,1.379620726606377,1.0,1.0,WIN,1,-0.12056319754232186,True,-0.4600681089240868,2.783156686647668,0.001,SYNTHETIC,4
2026-02-17 19:00:00,SHORT,1.364782680352968,1.3511348535494383,1.3784305071564975,1.0,1.0,WIN,1,-0.8896567711310195,True,-1.0,-0.6644938807588816,0.001,SYNTHETIC,0
2026-02-17 20:00:00,SHORT,1.366047624598484,1.3523871483524992,1.379708100844469,1.0,1.0,WIN,1,0.44464285742456255,False,-0.3821243220362618,-0.3359886439388151,0.001,SYNTHETIC,7
2026-02-17 21:00:00,SHORT,1.3658939908419585,1.352235050933539,1.379552930750378,1.0,1.0,WIN,1,-0.8109351370841205,True,-0.6882788521688544,0.3669757827722081,0.001,SYNTHETIC,0
2026-02-17 22:00:00,SHORT,1.364542360297009,1.3508969366940389,1.3781877838999792,1.0,1.0,WIN,1,-0.538612753044527,True,-1.0,-0.36428277151610666,0.001,SYNTHETIC,1
2026-02-17 23:00:00,SHORT,1.3621356520971617,1.34851429557619,1.3757570086181334,1.0,1.0,WIN,1,-0.8283300054046407,True,-1.0,0.3665959807774063,0.001,SYNTHETIC,0
2026-02-18 00:00:00,SHORT,1.3612262397002166,1.3476139773032145,1.3748385020972187,1.0,1.0,WIN,1,-0.38109855150196237,True,-1.0,1.810520292887963,0.001,SYNTHETIC,2
2026-02-18 01:00:00,SHORT,1.3594285700673445,1.345834284366671,1.373022855768018,1.0,1.0,WIN,1,-0.4584782825578075,True,-1.0,0.9690357645924809,0.001,SYNTHETIC,2
2026-02-18 02:00:00,SHORT,1.361736576160374,1.3481192103987703,1.3753539419219776,1.0,1.0,WIN,1,-0.5506298253860626,True,-1.0,2.6098612334405287,0.001,SYNTHETIC,1
2026-02-18 03:00:00,SHORT,1.3635919286834444,1.3499560093966099,1.3772278479702789,1.0,1.0,LOSS,1,0.1781155109426612,False,-0.5544326484773889,3.720224474723627,0.001,SYNTHETIC,6
2026-02-18 05:00:00,LONG,1.3649783945959528,1.3513286106499933,1.3786281785419123,1.0,1.0,WIN,1,0.4018653970725408,True,1.0,1.4148407210164378,0.001,SYNTHETIC,7
2026-02-18 06:00:00,LONG,1.3663708514970978,1.352707142982127,1.3800345600120687,1.0,1.0,WIN,1,0.7412403925748762,True,1.0,0.637977135276855,0.001,SYNTHETIC,9
2026-02-18 07:00:00,LONG,1.3664422327644767,1.352777810436832,1.3801066550921215,1.0,1.0,WIN,1,0.9694040773515361,True,1.0,0.6920584040529995,0.001,SYNTHETIC,9
2026-02-18 09:00:00,LONG,1.3653960676258738,1.3517421069496152,1.3790500283021325,1.0,1.0,WIN,1,0.4591344243597488,True,1.0,-0.7614044997430539,0.001,SYNTHETIC,7
2026-02-18 10:00:00,SHORT,1.3636083406424733,1.3499722572360486,1.377244424048898,1.0,1.0,WIN,1,-0.6405726513792185,True,-0.3269647619007271,1.4878249942682666,0.001,SYNTHETIC,1
2026-02-18 11:00:00,SHORT,1.363267408966137,1.3496347348764757,1.3769000830557983,1.0,1.0,WIN,1,-0.4026056285240419,True,-1.0,-0.3703608533110825,0.001,SYNTHETIC,2
2026-02-18 12:00:00,SHORT,1.3643996342404805,1.3507556378980756,1.3780436305828854,1.0,1.0,WIN,1,-0.2535854347878904,True,-0.9083370708121747,1.1324896231015833,0.001,SYNTHETIC,3
2026-02-18 13:00:00,LONG,1.366426563376374,1.3527622977426101,1.3800908290101377,1.0,1.0,WIN,1,0.26911492991494357,True,1.0,1.631888917237519,0.001,SYNTHETIC,6
2026-02-18 14:00:00,LONG,1.3675064843567946,1.3538314195132266,1.3811815492003625,1.0,1.0,WIN,1,0.4641486029460937,True,0.9147700456573624,0.17610129704112182,0.001,SYNTHETIC,7
2026-02-18 15:00:00,LONG,1.368902277571663,1.3552132547959463,1.3825913003473798,1.0,1.0,WIN,1,0.47513365737019236,True,1.0,-0.10242776187818547,0.001,SYNTHETIC,8
2026-02-18 16:00:00,LONG,1.3692462704145998,1.3555538077104539,1.3829387331187457,1.0,1.0,WIN,1,0.9163131907415729,True,1.0,1.9036184184958505,0.001,SYNTHETIC,9
2026-02-18 17:00:00,LONG,1.3702236214141765,1.3565213852000348,1.3839258576283182,1.0,1.0,WIN,1,1.0,True,1.0,-0.06937204634017058,0.001,SYNTHETIC,9
2026-02-18 18:00:00,LONG,1.3714307211435766,1.3577164139321407,1.3851450283550124,1.0,1.0,WIN,1,0.8525643410902105,True,1.0,1.3967491140120682,0.001,SYNTHETIC,9
2026-02-18 19:00:00,LONG,1.3715980281039586,1.357882047822919,1.3853140083849982,1.0,1.0,WIN,1,0.4743332950471669,True,1.0,2.0781248031942203,0.001,SYNTHETIC,8
2026-02-18 20:00:00,LONG,1.3712545464475252,1.35754200098305,1.3849670919120005,1.0,1.0,WIN,1,0.844314874084345,True,1.0,1.4598704891257228,0.001,SYNTHETIC,9
2026-02-18 21:00:00,LONG,1.3715114041753582,1.3577962901336047,1.3852265182171117,1.0,1.0,WIN,1,0.6784713103051923,True,0.9676696971122226,1.582277126371063,0.001,SYNTHETIC,9
2026-02-19 00:00:00,SHORT,1.3688359336070715,1.3551475742710006,1.3825242929431423,1.0,1.0,WIN,1,-0.7214055319647502,True,-1.0,3.2034730114678784,0.001,SYNTHETIC,0
2026-02-19 01:00:00,SHORT,1.3689886207498765,1.3552987345423777,1.3826785069573753,1.0,1.0,WIN,1,-0.31882730731713727,True,-1.0,0.4947537444660661,0.001,SYNTHETIC,3
2026-02-19 02:00:00,SHORT,1.3675201093259206,1.3538449082326613,1.3811953104191799,1.0,1.0,WIN,1,-0.24813180633382304,True,-1.0,1.4594280167701432,0.001,SYNTHETIC,3
2026-02-19 03:00:00,SHORT,1.3665286954923515,1.352863408537428,1.3801939824472749,1.0,1.0,WIN,1,-0.58624965185712,True,-1.0,1.4428609936412413,0.001,SYNTHETIC,1
2026-02-19 04:00:00,SHORT,1.365597673797155,1.3519416970591833,1.3792536505351265,1.0,1.0,WIN,1,-0.33225854363619756,True,-1.0,-0.899431800522169,0.001,SYNTHETIC,2
2026-02-19 09:00:00,LONG,1.367298312467684,1.3536253293430072,1.380971295592361,1.0,1.0,WIN,1,0.43292212640194394,True,0.3873321858878617,0.5397963466069413,0.001,SYNTHETIC,7
2026-02-19 10:00:00,SHORT,1.366929206087558,1.3532599140266823,1.3805984981484336,1.0,1.0,WIN,1,-0.4133336702729312,True,-0.689280139029579,-0.20046544499758867,0.001,SYNTHETIC,2
2026-02-19 11:00:00,SHORT,1.3665687383741856,1.3529030509904436,1.3802344257579275,1.0,1.0,WIN,1,-0.5935393350178564,True,-1.0,-1.4991611162017975,0.001,SYNTHETIC,1
2026-02-19 14:00:00,SHORT,1.3660934693539282,1.352432534660389,1.3797544040474674,1.0,1.0,LOSS,1,-0.8335908071556003,True,-0.6187637251086102,1.3138830493171936,0.001,SYNTHETIC,0
2026-02-19 15:00:00,SHORT,1.364628516537713,1.3509822313723359,1.3782748017030901,1.0,1.0,WIN,1,-0.6620771849290294,True,-0.7785327798315688,0.8117409102342696,0.001,SYNTHETIC,1
2026-02-19 16:00:00,SHORT,1.364003436383243,1.3503634020194104,1.3776434707470755,1.0,1.0,WIN,1,0.20779207761766577,False,-0.9498778737359334,1.1077428955227495,0.001,SYNTHETIC,6
2026-02-19 17:00:00,SHORT,1.364273558235237,1.3506308226528847,1.3779162938175893,1.0,1.0,WIN,1,-0.4174434749677101,True,-1.0,1.0236543316920366,0.001,SYNTHETIC,2
2026-02-19 18:00:00,SHORT,1.3626537079715841,1.3490271708918682,1.3762802450513,1.0,1.0,WIN,1,-0.6221108140888105,True,-1.0,2.124188913318795,0.001,SYNTHETIC,1
2026-02-19 19:00:00,SHORT,1.3635550244614028,1.3499194742167888,1.3771905747060167,1.0,1.0,WIN,1,-0.26154444935351384,True,-1.0,-0.9732863500080762,0.001,SYNTHETIC,3
2026-02-19 20:00:00,SHORT,1.3626591343747725,1.3490325430310248,1.3762857257185201,1.0,1.0,WIN,1,-0.5327119312777786,True,-0.594407662434342,0.992248708299196,0.001,SYNTHETIC,1
2026-02-19 23:00:00,LONG,1.365691677486711,1.352034760711844,1.379348594261578,1.0,1.0,WIN,1,0.28076484978655136,True,1.0,-1.169212355573337,0.001,SYNTHETIC,6
2026-02-20 00:00:00,LONG,1.3661668926855677,1.352505223758712,1.3798285616124233,1.0,1.0,WIN,1,0.5304169334389699,True,1.0,2.49644771122981,0.001,SYNTHETIC,8
2026-02-20 01:00:00,LONG,1.3649513593260918,1.351301845732831,1.3786008729193526,1.0,1.0,WIN,1,0.5423967751743578,True,0.8871530764456341,0.9579286485537255,0.001,SYNTHETIC,8
2026-02-20 02:00:00,LONG,1.3653690306914026,1.3517153403844886,1.3790227209983166,1.0,1.0,WIN,1,0.38854586582888234,True,0.6918220299182983,-0.89441462903601,0.001,SYNTHETIC,7
2026-02-20 03:00:00,LONG,1.3661663356407485,1.352504672284341,1.379827998997156,1.0,1.0,WIN,1,-0.09503164424554117,False,0.8353339587761072,2.166975893623856,0.001,SYNTHETIC,4
2026-02-20 08:00:00,SHORT,1.363559949139792,1.3499243496483941,1.37719554863119,1.0,1.0,WIN,1,-0.820707375756319,True,-1.0,1.086748152668091,0.001,SYNTHETIC,0
2026-02-20 09:00:00,SHORT,1.36588084967113,1.3522220411744188,1.3795396581678414,1.0,1.0,WIN,1,0.026633742674421534,False,-0.39479135790729875,1.2458709339645226,0.001,SYNTHETIC,5
2026-02-20 10:00:00,SHORT,1.3643203107354318,1.3506771076280775,1.3779635138427861,1.0,1.0,WIN,1,-1.0,True,-0.9769728461164255,0.9269026967745915,0.001,SYNTHETIC,0
2026-02-20 11:00:00,SHORT,1.3632328952571184,1.3496005663045472,1.3768652242096897,1.0,1.0,WIN,1,-0.23780031315658473,True,-0.9734649369997819,-0.5833808451691012,0.001,SYNTHETIC,3
2026-02-20 12:00:00,SHORT,1.3627175983454292,1.3490904223619749,1.3763447743288835,1.0,1.0,WIN,1,-0.38196602859672535,True,-0.9991655061675887,1.7013894045334692,0.001,SYNTHETIC,2
2026-02-20 14:00:00,SHORT,1.3633558768267386,1.3497223180584712,1.376989435595006,1.0,1.0,WIN,1,-0.8875545995213509,True,-0.8867314016024541,2.4759610010414583,0.001,SYNTHETIC,0
2026-02-20 17:00:00,LONG,1.3641338943283754,1.3504925553850917,1.377775233271659,1.0,1.0,WIN,1,0.72465347335263,True,0.6952718255992436,0.20209890509421236,0.001,SYNTHETIC,9
2026-02-20 19:00:00,LONG,1.3655121171065006,1.3518569959354356,1.3791672382775655,1.0,1.0,LOSS,1,0.8425590530851336,True,1.0,0.41550532599447215,0.001,SYNTHETIC,9
2026-02-20 21:00:00,LONG,1.364622199867857,1.3509759778691783,1.3782684218665355,1.0,1.0,WIN,1,0.17547024718938853,True,0.3550428130376478,-0.29228770134789994,0.001,SYNTHETIC,6
2026-02-20 22:00:00,LONG,1.3653926278969595,1.3517387016179898,1.3790465541759291,1.0,1.0,WIN,1,0.035847726241066497,True,0.5144085302663741,1.2462960920006991,0.001,SYNTHETIC,5
2026-02-20 23:00:00,LONG,1.3653396239643654,1.3516862277247217,1.378993020204009,1.0,1.0,LOSS,1,0.32558299361600296,True,1.0,0.667708791150135,0.001,SYNTHETIC,7
2026-02-21 01:00:00,LONG,1.3646607783675402,1.3510141705838647,1.3783073861512156,1.0,1.0,WIN,1,0.30433693838059805,True,0.5016087882333615,1.151688319219844,0.001,SYNTHETIC,6
2026-02-21 02:00:00,LONG,1.366518413518288,1.352853229383105,1.3801835976534709,1.0,1.0,LOSS,1,0.5890866837741906,True,0.3802523623418362,1.8863791363959113,0.001,SYNTHETIC,8
2026-02-21 05:00:00,LONG,1.3689765051318268,1.3552867400805084,1.3826662701831451,1.0,1.0,WIN,1,0.6752270541305407,True,1.0,0.4208131449944892,0.001,SYNTHETIC,9
2026-02-21 06:00:00,LONG,1.3684732238454798,1.354788491607025,1.3821579560839345,1.0,1.0,WIN,1,1.0,True,1.0,2.8152759628998822,0.001,SYNTHETIC,9
2026-02-21 07:00:00,LONG,1.3666912431478009,1.3530243307163228,1.380358155579279,1.0,1.0,WIN,1,0.06682494440386408,True,0.5201198850993862,2.14924281064667,0.001,SYNTHETIC,5
2026-02-21 08:00:00,LONG,1.3668609217300434,1.353192312512743,1.3805295309473438,1.0,1.0,WIN,1,0.546920211989077,True,0.5455190819097426,1.322844027627623,0.001,SYNTHETIC,8
2026-02-21 09:00:00,LONG,1.3695803602608971,1.3558845566582882,1.383276163863506,1.0,1.0,WIN,1,0.5571526946862879,True,1.0,0.10815277328138995,0.001,SYNTHETIC,8
2026-02-21 11:00:00,LONG,1.3706184280831497,1.3569122438023182,1.3843246123639812,1.0,1.0,WIN,1,0.010894135867371535,True,0.9049125774386931,0.6820558778558428,0.001,SYNTHETIC,4
2026-02-21 12:00:00,LONG,1.3719731810973876,1.3582534492864138,1.3856929129083615,1.0,1.0,WIN,1,0.3644048759184362,True,1.0,0.721698230474356,0.001,SYNTHETIC,7
2026-02-21 13:00:00,LONG,1.3718180935870499,1.3580999126511795,1.3855362745229203,1.0,1.0,WIN,1,0.6042465752422757,True,1.0,1.4100363772783422,0.001,SYNTHETIC,8
2026-02-21 14:00:00,LONG,1.3724898122637557,1.358764914141118,1.3862147103863933,1.0,1.0,WIN,1,0.7635118909065539,True,1.0,2.978757061130001,0.001,SYNTHETIC,9
2026-02-21 15:00:00,LONG,1.3742723010050426,1.3605295779949922,1.388015024015093,1.0,1.0,WIN,1,0.028726083805629632,True,1.0,1.067128511499641,0.001,SYNTHETIC,5
2026-02-21 16:00:00,LONG,1.373747223083511,1.3600097508526758,1.3874846953143463,1.0,1.0,WIN,1,0.6958092560471411,True,1.0,3.64990453501417,0.001,SYNTHETIC,9
2026-02-21 17:00:00,LONG,1.3739745851471075,1.3602348392956363,1.3877143309985787,1.0,1.0,WIN,1,0.21165734945936823,True,0.49434285223685953,-0.606651405396837,0.001,SYNTHETIC,6
2026-02-21 18:00:00,LONG,1.3728480260379894,1.3591195457776095,1.3865765062983693,1.0,1.0,WIN,1,0.24109312982297504,True,0.480197990726421,-0.9631889809333823,0.001,SYNTHETIC,6
2026-02-21 20:00:00,SHORT,1.3715712150587887,1.3578555029082007,1.3852869272093766,1.0,1.0,WIN,1,0.023831596035197133,False,-1.0,0.884815694568629,0.001,SYNTHETIC,5
2026-02-21 21:00:00,SHORT,1.3697782726848988,1.3560804899580499,1.3834760554117478,1.0,1.0,WIN,1,-0.4089074598781706,True,-1.0,1.0416817299741623,0.001,SYNTHETIC,2
2026-02-21 22:00:00,SHORT,1.3699142914604945,1.3562151485458895,1.3836134343750994,1.0,1.0,WIN,1,-0.9070210948127122,True,-1.0,2.680152692272942,0.001,SYNTHETIC,0
2026-02-21 23:00:00,SHORT,1.3689698364921945,1.3552801381272725,1.3826595348571165,1.0,1.0,WIN,1,-0.5561277538787672,True,-1.0,1.4816825587824074,0.001,SYNTHETIC,1
2026-02-22 00:00:00,SHORT,1.3696651378430398,1.3559684864646093,1.3833617892214702,1.0,1.0,WIN,1,-0.2443597930560556,True,-1.0,-1.699651853437031,0.001,SYNTHETIC,3
2026-02-22 01:00:00,SHORT,1.36746999663315,1.3537952966668185,1.3811446965994816,1.0,1.0,WIN,1,-0.234486980925036,True,-1.0,2.0425229931701905,0.001,SYNTHETIC,3
2026-02-22 02:00:00,SHORT,1.3683377703639599,1.3546543926603203,1.3820211480675995,1.0,1.0,WIN,1,-0.19118947032823505,True,-0.7818735651106545,-0.8638458599687251,0.001,SYNTHETIC,3
2026-02-22 03:00:00,SHORT,1.3687938852170525,1.355105946364882,1.382481824069223,1.0,1.0,WIN,1,-0.36336766494265194,True,-0.42071663668186254,1.909064139816083,0.001,SYNTHETIC,2
2026-02-22 04:00:00,SHORT,1.3663615142540728,1.3526978991115322,1.3800251293966135,1.0,1.0,WIN,1,-0.8986435656727312,True,-0.9765919527750859,1.7270834106062363,0.001,SYNTHETIC,0
2026-02-22 05:00:00,SHORT,1.3672734843951484,1.3536007495511968,1.3809462192391,1.0,1.0,WIN,1,-0.28034779512772945,True,-0.9144002437498162,4.044578277563636,0.001,SYNTHETIC,3
2026-02-22 06:00:00,LONG,1.3682908220180998,1.3546079137979188,1.3819737302382809,1.0,1.0,WIN,1,-0.1910976236336822,False,0.3463468684913945,0.5357523387904957,0.001,SYNTHETIC,3
2026-02-22 07:00:00,SHORT,1.3672673638132435,1.353594690175111,1.380940037451376,1.0,1.0,LOSS,1,0.03133992641354741,False,-0.35312675702801527,0.919632390489446,0.001,SYNTHETIC,5
2026-02-22 09:00:00,LONG,1.3693461463642043,1.3556526849005621,1.3830396078278464,1.0,1.0,WIN,1,0.35969211898069087,True,1.0,1.726708697898739,0.001,SYNTHETIC,7
2026-02-22 10:00:00,LONG,1.3684166088129717,1.354732442724842,1.3821007749011014,1.0,1.0,WIN,1,0.2803861179792071,True,0.6282502099489056,1.3070209914792783,0.001,SYNTHETIC,6
2026-02-22 12:00:00,LONG,1.3689252475942788,1.355235995118336,1.3826145000702217,1.0,1.0,LOSS,1,0.23865727179337312,True,0.8462033475794117,1.3324348047779246,0.001,SYNTHETIC,6
2026-02-22 17:00:00,SHORT,1.3678206255285452,1.3541424192732598,1.3814988317838306,1.0,1.0,WIN,1,-0.5938184099936157,True,-0.7184415770105158,0.5909179238033317,0.001,SYNTHETIC,1
2026-02-22 18:00:00,SHORT,1.3673338546713831,1.3536605161246693,1.381007193218097,1.0,1.0,WIN,1,-0.08167215946447459,True,-0.8044420231976158,0.9884404794430018,0.001,SYNTHETIC,4
2026-02-22 19:00:00,SHORT,1.3665087663200581,1.3528436786568576,1.3801738539832586,1.0,1.0,WIN,1,-0.8441208436779308,True,-1.0,0.15225691086460835,0.001,SYNTHETIC,0
2026-02-22 20:00:00,SHORT,1.3657882362917735,1.3521303539288558,1.3794461186546911,1.0,1.0,WIN,1,-0.9033806599096311,True,-1.0,1.4367915347632039,0.001,SYNTHETIC,0
2026-02-22 21:00:00,SHORT,1.3671748146766662,1.3535030665298995,1.380846562823433,1.0,1.0,WIN,1,-0.5374677534317324,True,-0.8944180400378997,0.8357681457414037,0.001,SYNTHETIC,1
2026-02-22 23:00:00,LONG,1.3684423042224692,1.3547578811802445,1.3821267272646938,1.0,1.0,LOSS,1,-0.12501295008757463,False,0.565143584251917,1.766282205418939,0.001,SYNTHETIC,4
2026-02-23 00:00:00,LONG,1.3671622877724352,1.353490664894711,1.3808339106501595,1.0,1.0,WIN,1,0.8223800647479197,True,0.4781619400069752,2.737875750127157,0.001,SYNTHETIC,9
2026-02-23 01:00:00,LONG,1.3672962187693356,1.3536232565816422,1.380969180957029,1.0,1.0,WIN,1,0.19781515892030502,True,0.6666188996541753,0.5822992803466112,0.001,SYNTHETIC,6
2026-02-23 02:00:00,LONG,1.3685851264457367,1.3548992751812794,1.382270977710194,1.0,1.0,WIN,1,1.0,True,0.6557209541850307,-0.24415283680925404,0.001,SYNTHETIC,9
2026-02-23 04:00:00,LONG,1.371640186768239,1.3579237849005568,1.3853565886359214,1.0,1.0,LOSS,1,-0.01305261996828927,False,0.9990227000432205,1.4421893218649924,0.001,SYNTHETIC,4
2026-02-23 05:00:00,LONG,1.3714386533394982,1.3577242668061031,1.3851530398728933,1.0,1.0,WIN,1,0.8873869156784973,True,1.0,1.0642620952225026,0.001,SYNTHETIC,9
2026-02-23 06:00:00,LONG,1.3717703347605987,1.3580526314129928,1.3854880381082046,1.0,1.0,WIN,1,0.2820030103219253,True,1.0,1.1135011456996566,0.001,SYNTHETIC,6
2026-02-23 07:00:00,LONG,1.3709520794569472,1.3572425586623778,1.3846616002515166,1.0,1.0,WIN,1,0.5416597394596459,True,1.0,1.8195418160981955,0.001,SYNTHETIC,8
2026-02-23 08:00:00,LONG,1.3721073736677187,1.3583862999310414,1.385828447404396,1.0,1.0,WIN,1,0.09330995449613516,True,1.0,2.3681431975477203,0.001,SYNTHETIC,5
2026-02-23 11:00:00,LONG,1.372896546231197,1.359167580768885,1.3866255116935091,1.0,1.0,WIN,1,0.2637452185496404,True,0.5718348757258593,1.3607369651927903,0.001,SYNTHETIC,6
2026-02-23 12:00:00,LONG,1.3719162087776937,1.3581970466899167,1.3856353708654707,1.0,1.0,WIN,1,0.03462883042370926,True,0.3536171845405065,0.28564809728386154,0.001,SYNTHETIC,5
2026-02-23 13:00:00,SHORT,1.3704079012614263,1.3567038222488121,1.3841119802740405,1.0,1.0,LOSS,1,-0.08761279147848086,True,-0.31338622118862386,2.996880684721919,0.001,SYNTHETIC,4
2026-02-23 14:00:00,SHORT,1.3684424447235986,1.3547580202763625,1.3821268691708346,1.0,1.0,WIN,1,-0.31229258866735654,True,-1.0,1.66657435989539,0.001,SYNTHETIC,3
2026-02-23 15:00:00,SHORT,1.3687013900468041,1.355014376146336,1.3823884039472722,1.0,1.0,LOSS,1,-0.4276760002402339,True,-1.0,0.7679111335861293,0.001,SYNTHETIC,2
2026-02-23 16:00:00,SHORT,1.3676627938983552,1.3539861659593717,1.3813394218373387,1.0,1.0,LOSS,1,-0.3646860373513553,True,-1.0,1.1952508853314328,0.001,SYNTHETIC,2
2026-02-23 17:00:00,SHORT,1.3661818024289794,1.3525199844046896,1.3798436204532691,1.0,1.0,WIN,1,-0.5327098026198572,True,-1.0,1.7735407312135265,0.001,SYNTHETIC,1
2026-02-23 18:00:00,SHORT,1.3661866636084123,1.3525247969723282,1.3798485302444965,1.0,1.0,WIN,1,-0.6305956104696911,True,-1.0,-0.0151850752538073,0.001,SYNTHETIC,1
2026-02-23 21:00:00,LONG,1.3701144005611896,1.3564132565555778,1.3838155445668014,1.0,1.0,WIN,1,0.30744641604218725,True,0.658878701352861,1.9772047555389034,0.001,SYNTHETIC,6
2026-02-23 22:00:00,LONG,1.3689946175747727,1.3553046713990249,1.3826845637505205,1.0,1.0,WIN,1,0.6193234896340585,True,1.0,2.0466316970748712,0.001,SYNTHETIC,8
2026-02-23 23:00:00,LONG,1.3690394382533202,1.355349043870787,1.3827298326358535,1.0,1.0,WIN,1,0.19003532059324468,True,1.0,2.212030646103618,0.001,SYNTHETIC,6
2026-02-24 00:00:00,LONG,1.3701607950578154,1.3564591871072373,1.3838624030083935,1.0,1.0,WIN,1,0.7970635088566167,True,0.7363603612565739,0.567995527876279,0.001,SYNTHETIC,9
2026-02-24 01:00:00,LONG,1.3699264629223562,1.3562271982931327,1.3836257275515798,1.0,1.0,LOSS,1,0.22827767200531685,True,0.6061692923443914,1.7857559933117733,0.001,SYNTHETIC,6
2026-02-24 02:00:00,LONG,1.3702486230693667,1.356546136838673,1.3839511093000603,1.0,1.0,WIN,1,0.21035115549475641,True,0.34619334140747027,0.7187297469253058,0.001,SYNTHETIC,6
2026-02-24 03:00:00,LONG,1.3705260318257615,1.3568207715075038,1.3842312921440192,1.0,1.0,WIN,1,0.21363467218277138,True,0.45398101312388955,1.5553850504367492,0.001,SYNTHETIC,6
2026-02-24 10:00:00,SHORT,1.3693548205323163,1.3556612723269932,1.3830483687376394,1.0,1.0,WIN,1,-0.04197322495621969,True,-0.636075693027015,0.2917216688606701,0.001,SYNTHETIC,4
2026-02-24 11:00:00,SHORT,1.3690233418060906,1.3553331083880298,1.3827135752241515,1.0,1.0,WIN,1,-0.8316742312704295,True,-0.5618584828593912,2.145945962275001,0.001,SYNTHETIC,0
2026-02-24 14:00:00,LONG,1.3709382516452808,1.357228869128828,1.3846476341617338,1.0,1.0,WIN,1,0.4881699516224952,True,0.6392818093163567,-0.1139275442757996,0.001,SYNTHETIC,8
2026-02-24 15:00:00,LONG,1.3714896155193697,1.357774719364176,1.3852045116745633,1.0,1.0,WIN,1,0.030675573300954828,True,0.9968036128107604,0.3248998398259091,0.001,SYNTHETIC,5
2026-02-24 16:00:00,LONG,1.3730546333627107,1.3593240870290837,1.3867851796963377,1.0,1.0,WIN,1,0.7047958152692677,True,1.0,1.2802702393853242,0.001,SYNTHETIC,9
2026-02-24 17:00:00,LONG,1.3734809666275856,1.3597461569613096,1.3872157762938615,1.0,1.0,WIN,1,0.8021590568005785,True,1.0,-0.13026535985864116,0.001,SYNTHETIC,9
2026-02-24 18:00:00,LONG,1.3738379054369307,1.3600995263825615,1.3875762844913,1.0,1.0,WIN,1,0.32833805156573825,True,1.0,1.845588602215403,0.001,SYNTHETIC,7
2026-02-24 19:00:00,LONG,1.3721253823469552,1.3584041285234856,1.385846636170425,1.0,1.0,WIN,1,0.4286859018364464,True,0.5926914900812588,3.630848695494268,0.001,SYNTHETIC,7
2026-02-24 21:00:00,SHORT,1.370966744366815,1.357257076923147,1.384676411810483,1.0,1.0,WIN,1,-0.2343869028449473,True,-1.0,0.30215948551432714,0.001,SYNTHETIC,3
2026-02-24 22:00:00,SHORT,1.3701043729042797,1.3564033291752369,1.3838054166333225,1.0,1.0,WIN,1,-0.5940520055683229,True,-1.0,1.3594523237116514,0.001,SYNTHETIC,1
2026-02-24 23:00:00,SHORT,1.3696222423979665,1.3559260199739869,1.383318464821946,1.0,1.0,WIN,1,-0.6740352388538038,True,-1.0,2.7354727655690967,0.001,SYNTHETIC,0
2026-02-25 00:00:00,SHORT,1.3700331182447099,1.3563327870622628,1.383733449427157,1.0,1.0,WIN,1,-0.5117889628009158,True,-1.0,3.838098225566643,0.001,SYNTHETIC,1
2026-02-25 01:00:00,SHORT,1.3706766448313172,1.356969878383004,1.3843834112796305,1.0,1.0,WIN,1,-0.5589356727076408,True,-0.3128800731252671,3.824872771551274,0.001,SYNTHETIC,1
2026-02-25 04:00:00,LONG,1.3710069902748168,1.3572969203720686,1.384717060177565,1.0,1.0,WIN,1,0.46212421259062253,True,0.4022728635614345,1.471431268218018,0.001,SYNTHETIC,7
2026-02-25 05:00:00,SHORT,1.3689481577980622,1.3552586762200816,1.382637639376043,1.0,1.0,WIN,1,-0.1862142009250198,True,-0.5218024450329593,0.9428084820564703,0.001,SYNTHETIC,3
2026-02-25 06:00:00,SHORT,1.3676216859311254,1.3539454690718142,1.3812979027904366,1.0,1.0,WIN,1,-0.9297804911259193,True,-1.0,0.8658153073592876,0.001,SYNTHETIC,0
2026-02-25 07:00:00,SHORT,1.3675997153137052,1.3539237181605681,1.3812757124668422,1.0,1.0,WIN,1,-0.09431865853107119,True,-1.0,0.36186286559535275,0.001,SYNTHETIC,4
2026-02-25 08:00:00,SHORT,1.3657507172156989,1.3520932100435419,1.3794082243878558,1.0,1.0,WIN,1,-0.0691524480877283,True,-1.0,0.6360016971855085,0.001,SYNTHETIC,4
2026-02-25 09:00:00,SHORT,1.3664739403280481,1.3528092009247676,1.3801386797313286,1.0,1.0,WIN,1,-0.46622982341876534,True,-1.0,0.164179331749138,0.001,SYNTHETIC,2
2026-02-25 11:00:00,LONG,1.3696561499607882,1.3559595884611804,1.383352711460396,1.0,1.0,WIN,1,0.2475896221004694,True,0.814150006077866,-0.6710952274348831,0.001,SYNTHETIC,6
2026-02-25 12:00:00,LONG,1.3694316786696028,1.3557373618829067,1.3831259954562989,1.0,1.0,WIN,1,0.32966485830817077,True,0.7814431552471927,2.656489253823497,0.001,SYNTHETIC,7
2026-02-25 13:00:00,LONG,1.3712143449988274,1.3575022015488392,1.3849264884488157,1.0,1.0,WIN,1,0.583600536859298,True,1.0,-0.23706612858015247,0.001,SYNTHETIC,8
2026-02-25 14:00:00,LONG,1.37050038380125,1.3567953799632375,1.3842053876392624,1.0,1.0,WIN,1,0.40865441554707804,True,1.0,1.1685014077524636,0.001,SYNTHETIC,7
2026-02-25 15:00:00,LONG,1.3702323601914792,1.3565300365895645,1.383934683793394,1.0,1.0,WIN,1,0.2185105798482091,True,0.9520536800371237,1.041957673307317,0.001,SYNTHETIC,6
2026-02-25 18:00:00,SHORT,1.3700903043679282,1.356389401324249,1.3837912074116074,1.0,1.0,WIN,1,-0.7033077704454995,True,-0.7751923274294299,0.7284949736313658,0.001,SYNTHETIC,0
2026-02-25 19:00:00,SHORT,1.3692878866069964,1.3555950077409264,1.3829807654730664,1.0,1.0,WIN,1,-0.29586042501636034,True,-0.766507123804195,-0.3511159632821632,0.001,SYNTHETIC,3
2026-02-25 20:00:00,SHORT,1.369219289632918,1.3555270967365889,1.3829114825292472,1.0,1.0,WIN,1,-0.22226029306492656,True,-0.5416430833973022,-0.021396762867153973,0.001,SYNTHETIC,3
2026-02-25 23:00:00,LONG,1.3708904202267462,1.3571815160244787,1.3845993244290138,1.0,1.0,WIN,1,0.433900894925075,True,0.7868682659937606,2.6592598086847294,0.001,SYNTHETIC,7
2026-02-26 00:00:00,LONG,1.3719072715463643,1.3581881988309006,1.385626344261828,1.0,1.0,WIN,1,0.43501350737534966,True,1.0,1.8873899177023876,0.001,SYNTHETIC,7
2026-02-26 01:00:00,LONG,1.370038492641554,1.3563381077151386,1.3837388775679695,1.0,1.0,WIN,1,0.1703584368075306,True,0.3908059224603141,0.308257025594568,0.001,SYNTHETIC,6
2026-02-26 02:00:00,SHORT,1.3672470281301141,1.353574557848813,1.3809194984114153,1.0,1.0,WIN,1,-0.25237065268123715,True,-0.7710913828753702,-0.1518238560106822,0.001,SYNTHETIC,3
2026-02-26 03:00:00,SHORT,1.3687471926528467,1.3550597207263182,1.3824346645793752,1.0,1.0,WIN,1,-0.29521258447663695,True,-0.5471151202352114,2.2463308246438323,0.001,SYNTHETIC,3
2026-02-26 04:00:00,SHORT,1.3672101167070705,1.3535380155399999,1.3808822178741411,1.0,1.0,WIN,1,-0.5241631019116625,True,-1.0,0.2013736503692359,0.001,SYNTHETIC,1
2026-02-26 05:00:00,SHORT,1.3665388692914915,1.3528734805985765,1.3802042579844065,1.0,1.0,WIN,1,-0.18021047950238628,True,-1.0,0.6981396466956048,0.001,SYNTHETIC,3
2026-02-26 06:00:00,SHORT,1.3646831366288166,1.3510363052625285,1.3783299679951047,1.0,1.0,WIN,1,-0.9255212982461796,True,-1.0,2.240446063119376,0.001,SYNTHETIC,0
2026-02-26 07:00:00,SHORT,1.3632758075977771,1.3496430495217993,1.376908565673755,1.0,1.0,WIN,1,-0.8754659418784884,True,-1.0,1.1125901193583347,0.001,SYNTHETIC,0
2026-02-26 08:00:00,SHORT,1.364143324520052,1.3505018912748514,1.3777847577652527,1.0,1.0,WIN,1,-0.2669109920024189,True,-1.0,0.6848569305127802,0.001,SYNTHETIC,3
2026-02-26 09:00:00,SHORT,1.3648553696056893,1.3512068159096324,1.3785039233017462,1.0,1.0,LOSS,1,0.23831170579350053,False,-0.9728864606631792,1.8581155803600096,0.001,SYNTHETIC,6
2026-02-26 10:00:00,SHORT,1.3639613642809718,1.3503217506381622,1.3776009779237814,1.0,1.0,WIN,1,-0.2370513649543845,True,-1.0,-0.4692686767715737,0.001,SYNTHETIC,3
2026-02-26 11:00:00,SHORT,1.3613017315576643,1.3476887142420877,1.374914748873241,1.0,1.0,WIN,1,0.05926263882181737,False,-1.0,0.2535902312480463,0.001,SYNTHETIC,5
2026-02-26 12:00:00,SHORT,1.3602024487717643,1.3466004242840466,1.373804473259482,1.0,1.0,LOSS,1,-0.6303114841147184,True,-1.0,2.2091626100653867,0.001,SYNTHETIC,1
2026-02-26 13:00:00,SHORT,1.3607584934641677,1.347150908529526,1.3743660783988094,1.0,1.0,WIN,1,-0.6911243535013454,True,-1.0,1.2494675743279682,0.001,SYNTHETIC,0
2026-02-26 14:00:00,SHORT,1.358663155446153,1.3450765238916915,1.3722497870006145,1.0,1.0,WIN,1,-0.3630400480261846,True,-1.0,-0.07556618313189534,0.001,SYNTHETIC,2
2026-02-26 15:00:00,SHORT,1.359120874823754,1.3455296660755165,1.3727120835719915,1.0,1.0,WIN,1,-0.2139053120518909,True,-1.0,1.781650908755494,0.001,SYNTHETIC,3
2026-02-26 16:00:00,SHORT,1.359383032493349,1.3457892021684155,1.3729768628182824,1.0,1.0,LOSS,1,-0.7843681874020648,True,-0.7818058340347167,0.6019248844711282,0.001,SYNTHETIC,0
2026-02-26 18:00:00,SHORT,1.359307572838622,1.3457144971102357,1.372900648567008,1.0,1.0,WIN,1,-0.20787504669686266,True,-0.39953979280729324,1.6715455255646618,0.001,SYNTHETIC,3
2026-02-26 23:00:00,SHORT,1.3588631545561003,1.3452745230105392,1.3724517861016614,1.0,1.0,WIN,1,-0.02669910668696787,True,-0.5324690664896082,1.247629019780307,0.001,SYNTHETIC,4
2026-02-27 01:00:00,SHORT,1.3571406186153596,1.343569212429206,1.3707120248015132,1.0,1.0,WIN,1,-0.7619770030557614,True,-1.0,0.44798964653401996,0.001,SYNTHETIC,0
2026-02-27 02:00:00,SHORT,1.3562310452246207,1.3426687347723745,1.3697933556768669,1.0,1.0,WIN,1,-0.3730690844482486,True,-1.0,1.0239169885525288,0.001,SYNTHETIC,2
2026-02-27 03:00:00,SHORT,1.3576869681497343,1.344110098468237,1.3712638378312316,1.0,1.0,WIN,1,-0.5151964861354271,True,-0.45913723084434915,-0.380459847124335,0.001,SYNTHETIC,1
2026-02-27 04:00:00,SHORT,1.3567934155308963,1.3432254813755873,1.3703613496862053,1.0,1.0,WIN,1,-0.422148988368467,True,-0.6572459733163288,1.7176029914852733,0.001,SYNTHETIC,2
2026-02-27 05:00:00,SHORT,1.3548156687762718,1.3412675120885091,1.3683638254640345,1.0,1.0,WIN,1,-0.8108745964454676,True,-1.0,1.934560425426261,0.001,SYNTHETIC,0
2026-02-27 08:00:00,SHORT,1.3553358100397743,1.3417824519393766,1.368889168140172,1.0,1.0,LOSS,1,-0.6372471813485965,True,-1.0,2.515469303346581,0.001,SYNTHETIC,1
2026-02-27 10:00:00,LONG,1.3558622737514396,1.3423036510139252,1.369420896488954,1.0,1.0,WIN,1,0.5015080123104086,True,0.3203375416715695,1.1571796357446325,0.001,SYNTHETIC,8
2026-02-27 11:00:00,LONG,1.357601563738206,1.3440255481008239,1.371177579375588,1.0,1.0,WIN,1,0.20362483528956232,True,0.4790047010058403,1.971655351336481,0.001,SYNTHETIC,6
2026-02-27 12:00:00,LONG,1.3584055988816688,1.344821542892852,1.3719896548704855,1.0,1.0,WIN,1,0.2800730287529075,True,0.8769028853655697,-0.1122129182847591,0.001,SYNTHETIC,6
2026-02-27 13:00:00,LONG,1.3576400652525562,1.3440636646000306,1.3712164659050818,1.0,1.0,WIN,1,0.15370106692806396,True,0.9568416002773136,-0.7027518013308925,0.001,SYNTHETIC,5
2026-02-27 14:00:00,LONG,1.3594544988924555,1.345859953903531,1.37304904388138,1.0,1.0,WIN,1,-0.06159846554294457,False,1.0,-0.2107076013786081,0.001,SYNTHETIC,4
2026-02-27 15:00:00,LONG,1.3587271224542279,1.3451398512296855,1.3723143936787703,1.0,1.0,WIN,1,0.4333858958806636,True,1.0,-1.4443723954692615,0.001,SYNTHETIC,7
2026-02-27 16:00:00,LONG,1.3598592293222904,1.3462606370290675,1.3734578216155133,1.0,1.0,WIN,1,0.07159173185816226,True,0.9701146858283073,2.7710125826491527,0.001,SYNTHETIC,5
2026-02-27 17:00:00,LONG,1.3601261478572033,1.3465248863786312,1.3737274093357754,1.0,1.0,WIN,1,0.6130718703701596,True,0.7989218651237475,-0.16163516752647422,0.001,SYNTHETIC,8
2026-02-27 18:00:00,LONG,1.3618000546233586,1.348182054077125,1.3754180551695923,1.0,1.0,WIN,1,0.5088473583795586,True,1.0,1.0924524835712481,0.001,SYNTHETIC,8
2026-02-27 19:00:00,LONG,1.3633968877447238,1.3497629188672766,1.377030856622171,1.0,1.0,WIN,1,0.9675082337414407,True,1.0,0.9685369470755286,0.001,SYNTHETIC,9
2026-02-27 20:00:00,LONG,1.3633077184944786,1.3496746413095337,1.3769407956794235,1.0,1.0,WIN,1,0.5669222819711395,True,1.0,1.023934166338893,0.001,SYNTHETIC,8
2026-02-27 21:00:00,LONG,1.362121731207431,1.3485005138953567,1.3757429485195052,1.0,1.0,WIN,1,0.2557480820997571,True,0.947490842555304,0.32810648630831774,0.001,SYNTHETIC,6
2026-02-27 22:00:00,LONG,1.3621878497787505,1.348565971280963,1.375809728276538,1.0,1.0,LOSS,1,-0.06400228071053482,False,1.0,1.2989340459819094,0.001,SYNTHETIC,4
2026-02-28 00:00:00,LONG,1.3641139386138614,1.3504727992277228,1.377755078,1.0,1.0,WIN,1,-0.22549772311014482,False,0.3283735101009444,1.9065596473297437,0.001,SYNTHETIC,3
2026-02-28 01:00:00,LONG,1.363232192580964,1.3495998706551544,1.3768645145067737,1.0,1.0,LOSS,1,0.06482445437088298,True,0.37453562235562293,-2.608150085258304,0.001,SYNTHETIC,5
2026-02-28 02:00:00,LONG,1.3632650164484954,1.3496323662840104,1.3768976666129804,1.0,1.0,WIN,1,0.7765329732909839,True,0.5486129986490198,-0.060861499743333436,0.001,SYNTHETIC,9
2026-02-28 03:00:00,LONG,1.3634354404310893,1.3498010860267784,1.3770697948354003,1.0,1.0,WIN,1,0.3949724673721807,True,0.42335492531512553,1.2651985403992732,0.001,SYNTHETIC,7
2026-02-28 05:00:00,SHORT,1.3607135643175052,1.3471064286743302,1.3743206999606803,1.0,1.0,LOSS,1,-0.2167032670639673,True,-1.0,1.6309269014264391,0.001,SYNTHETIC,3
2026-02-28 06:00:00,SHORT,1.3621912043842388,1.3485692923403965,1.3758131164280811,1.0,1.0,WIN,1,-0.10277702362890595,True,-0.7497839386011285,1.0130165108913316,0.001,SYNTHETIC,4
2026-02-28 07:00:00,SHORT,1.3613391560989425,1.347725764537953,1.374952547659932,1.0,1.0,WIN,1,0.033197441465950106,False,-0.882172976240602,0.8992254204029521,0.001,SYNTHETIC,5
2026-02-28 08:00:00,SHORT,1.3601354445928968,1.3465340901469678,1.3737367990388258,1.0,1.0,WIN,1,-0.6806538051406607,True,-1.0,0.612814431382651,0.001,SYNTHETIC,0
2026-02-28 09:00:00,SHORT,1.3604566413491674,1.3468520749356758,1.374061207762659,1.0,1.0,WIN,1,-0.4076648109425257,True,-0.5893191298265924,4.08230779686334,0.001,SYNTHETIC,2
2026-02-28 10:00:00,LONG,1.3616911328557253,1.348074221527168,1.3753080441842827,1.0,1.0,WIN,1,-0.08537638186981952,False,0.38267801369737325,3.761756452762829,0.001,SYNTHETIC,4
2026-02-28 12:00:00,LONG,1.3637291416672337,1.3500918502505614,1.377366433083906,1.0,1.0,WIN,1,0.41522963307361044,True,0.9097989036493374,1.8170233217106573,0.001,SYNTHETIC,7
2026-02-28 13:00:00,LONG,1.3628829592644252,1.3492541296717808,1.3765117888570695,1.0,1.0,WIN,1,-0.026485671200672134,False,1.0,0.8078854061584064,0.001,SYNTHETIC,4
2026-02-28 17:00:00,SHORT,1.3623192319627047,1.3486960396430776,1.3759424242823317,1.0,1.0,WIN,1,-0.15513882440647114,True,-0.73951681966497,2.8680008422266807,0.001,SYNTHETIC,4
2026-02-28 19:00:00,LONG,1.3630380104446906,1.3494076303402438,1.3766683905491375,1.0,1.0,WIN,1,-0.06612805725935245,False,1.0,2.2227463375378815,0.001,SYNTHETIC,4
2026-02-28 20:00:00,LONG,1.3642437706734076,1.3506013329666735,1.3778862083801418,1.0,1.0,WIN,1,0.27170625465579357,True,0.6205940624093107,1.4334943894359218,0.001,SYNTHETIC,6
2026-02-28 21:00:00,LONG,1.36646917271371,1.352804480986573,1.380133864440847,1.0,1.0,LOSS,1,0.8125089672562937,True,1.0,1.6059697389971352,0.001,SYNTHETIC,9
2026-02-28 22:00:00,LONG,1.365607779157032,1.3519517013654616,1.3792638569486024,1.0,1.0,WIN,1,0.14429486262682722,True,1.0,2.1232429723729975,0.001,SYNTHETIC,5
2026-02-28 23:00:00,LONG,1.3663113456053908,1.352648232149337,1.3799744590614447,1.0,1.0,WIN,1,0.7241116780230911,True,1.0,1.6883290727518692,0.001,SYNTHETIC,9
2026-03-01 00:00:00,LONG,1.3664842272210296,1.3528193849488193,1.38014906949324,1.0,1.0,LOSS,1,-0.010549500787803034,False,1.0,2.183924946953431,0.001,SYNTHETIC,4
2026-03-01 01:00:00,LONG,1.366532254302631,1.3528669317596047,1.3801975768456574,1.0,1.0,WIN,1,0.5060573714696992,True,1.0,-0.9940768860016835,0.001,SYNTHETIC,8
2026-03-01 02:00:00,LONG,1.3681820768262594,1.3545002560579968,1.3818638975945219,1.0,1.0,WIN,1,0.5554882402208567,True,0.7842654103537359,1.8999484049965547,0.001,SYNTHETIC,8
2026-03-01 03:00:00,LONG,1.3690233715621023,1.3553331378464812,1.3827136052777234,1.0,1.0,WIN,1,0.4063662427191823,True,1.0,-0.33774728819613353,0.001,SYNTHETIC,7
2026-03-01 04:00:00,LONG,1.3693059758120254,1.3556129160539052,1.3829990355701456,1.0,1.0,WIN,1,1.0,True,1.0,-0.35095104544183936,0.001,SYNTHETIC,9
2026-03-01 05:00:00,LONG,1.3705294351451531,1.3568241407937016,1.3842347294966046,1.0,1.0,WIN,1,0.3520428688734193,True,1.0,0.156090944739247,0.001,SYNTHETIC,7
2026-03-01 06:00:00,LONG,1.3697605244163835,1.3560629191722198,1.3834581296605473,1.0,1.0,WIN,1,0.3264751286965394,True,1.0,1.842434253127508,0.001,SYNTHETIC,7
2026-03-01 08:00:00,SHORT,1.3672090055413337,1.3535369154859205,1.380881095596747,1.0,1.0,WIN,1,-0.46654963205778427,True,-0.48011538261324327,0.3775147813862868,0.001,SYNTHETIC,2
2026-03-01 09:00:00,SHORT,1.3652217080943805,1.3515694910134366,1.3788739251753244,1.0,1.0,WIN,1,-0.9324012781445934,True,-1.0,2.861650023332551,0.001,SYNTHETIC,0
2026-03-01 10:00:00,SHORT,1.366405267310907,1.352741214637798,1.3800693199840162,1.0,1.0,WIN,1,-0.829300932476665,True,-1.0,-0.601158247807091,0.001,SYNTHETIC,0
2026-03-01 11:00:00,SHORT,1.3660005258945571,1.3523405206356116,1.3796605311535026,1.0,1.0,WIN,1,-0.2726039721356314,True,-1.0,1.3586843350504463,0.001,SYNTHETIC,3
2026-03-01 12:00:00,SHORT,1.3658306909861366,1.3521723840762752,1.379488997895998,1.0,1.0,WIN,1,-0.5914818676626065,True,-1.0,0.8240213554875663,0.001,SYNTHETIC,1
2026-03-01 13:00:00,SHORT,1.3656446083735712,1.3519881622898355,1.3793010544573068,1.0,1.0,LOSS,1,0.07001489946719813,False,-0.8811827713667596,1.4062171725692143,0.001,SYNTHETIC,5
2026-03-01 15:00:00,SHORT,1.3666091630080945,1.3529430713780135,1.3802752546381756,1.0,1.0,LOSS,1,0.006057271551963533,False,-0.4141916697354517,-0.33564527118771004,0.001,SYNTHETIC,4
2026-03-01 16:00:00,LONG,1.3666237851150054,1.3529575472638553,1.3802900229661554,1.0,1.0,WIN,1,0.3903621112825851,True,0.4742190348880478,1.6842983922797918,0.001,SYNTHETIC,7
2026-03-01 17:00:00,LONG,1.3665854025394615,1.3529195485140668,1.3802512565648561,1.0,1.0,WIN,1,0.017737315235666323,True,0.3091651147793454,0.16533357219201594,0.001,SYNTHETIC,5
2026-03-01 18:00:00,LONG,1.3657729026417182,1.352115173615301,1.3794306316681355,1.0,1.0,WIN,1,-0.08478289236715872,False,0.3577195727652282,0.49352937650926065,0.001,SYNTHETIC,4
2026-03-01 19:00:00,LONG,1.3661380698368943,1.3524766891385254,1.3797994505352633,1.0,1.0,WIN,1,-0.3467791908613831,False,0.3455238376328025,-0.8440017260225763,0.001,SYNTHETIC,2
2026-03-01 22:00:00,LONG,1.3683808044038244,1.3546969963597861,1.3820646124478626,1.0,1.0,WIN,1,-0.13430275501797417,False,0.6853528930165922,-0.021832352472741234,0.001,SYNTHETIC,4
2026-03-01 23:00:00,LONG,1.368969035288249,1.3552793449353666,1.3826587256411316,1.0,1.0,WIN,1,0.3888665195009977,True,1.0,1.4654161634466414,0.001,SYNTHETIC,7
2026-03-02 00:00:00,LONG,1.3695817893160098,1.3558859714228497,1.38327760720917,1.0,1.0,WIN,1,0.2999245009421754,True,1.0,1.7067036697547857,0.001,SYNTHETIC,6
2026-03-02 01:00:00,LONG,1.3705378370096601,1.3568324586395635,1.3842432153797568,1.0,1.0,WIN,1,0.6654107450960624,True,1.0,0.20202865789210023,0.001,SYNTHETIC,8
2026-03-02 02:00:00,LONG,1.3706902314255245,1.3569833291112692,1.3843971337397798,1.0,1.0,WIN,1,0.40140419361419966,True,1.0,0.7056736449964162,0.001,SYNTHETIC,7
2026-03-02 03:00:00,LONG,1.36948502061663,1.3557901704104638,1.3831798708227963,1.0,1.0,WIN,1,0.6217044208568466,True,0.4496204994630033,1.639805725766556,0.001,SYNTHETIC,8
2026-03-02 05:00:00,SHORT,1.369057451194291,1.3553668766823481,1.382748025706234,1.0,1.0,WIN,1,-0.5211651658599501,True,-0.3005002559983574,0.5062113450298165,0.001,SYNTHETIC,1
2026-03-02 06:00:00,SHORT,1.368052444352634,1.3543719199091078,1.3817329687961604,1.0,1.0,WIN,1,-0.6406415975632437,True,-1.0,0.2982171709012311,0.001,SYNTHETIC,1
2026-03-02 07:00:00,SHORT,1.3689888552323415,1.3552989666800181,1.3826787437846648,1.0,1.0,WIN,1,-0.5531091473886829,True,-0.8910495346821138,-0.48569707840575665,0.001,SYNTHETIC,1
2026-03-02 10:00:00,LONG,1.36992841741843,1.3562291332442458,1.3836277015926144,1.0,1.0,WIN,1,0.39232750776550585,True,0.5205971074907851,0.6338656863711025,0.001,SYNTHETIC,7
2026-03-02 11:00:00,LONG,1.3715975330250063,1.3578815576947563,1.3853135083552564,1.0,1.0,WIN,1,0.26285471837329444,True,1.0,1.3178944503237475,0.001,SYNTHETIC,6
2026-03-02 12:00:00,LONG,1.3714396820543102,1.3577252852337671,1.3851540788748533,1.0,1.0,WIN,1,0.41159699606160316,True,1.0,1.0632077613892523,0.001,SYNTHETIC,7
2026-03-02 13:00:00,LONG,1.3744442491708544,1.3606998066791458,1.388188691662563,1.0,1.0,WIN,1,0.2644897169862436,True,1.0,3.4107680922517423,0.001,SYNTHETIC,6
2026-03-02 14:00:00,LONG,1.3761046429524355,1.3623435965229111,1.3898656893819599,1.0,1.0,WIN,1,0.24600752309715856,True,1.0,-0.040587710104120545,0.001,SYNTHETIC,6
2026-03-02 15:00:00,LONG,1.373453912519116,1.359719373393925,1.3871884516443072,1.0,1.0,WIN,1,0.8824500671852037,True,1.0,2.319629264231066,0.001,SYNTHETIC,9
2026-03-02 16:00:00,LONG,1.3746040024172759,1.3608579623931032,1.3883500424414486,1.0,1.0,WIN,1,0.21877144414515434,True,0.86662063116587,0.6074022679390755,0.001,SYNTHETIC,6
2026-03-02 17:00:00,LONG,1.3745547718495443,1.3608092241310488,1.38830031956804,1.0,1.0,WIN,1,0.3605380994315314,True,0.9296390681517219,3.141258654010023,0.001,SYNTHETIC,7
2026-03-02 18:00:00,LONG,1.3753444631213083,1.3615910184900952,1.3890979077525214,1.0,1.0,WIN,1,0.4799596202909187,True,0.3331565646121797,1.976936844142472,0.001,SYNTHETIC,8
2026-03-02 19:00:00,LONG,1.3760935909315382,1.3623326550222228,1.3898545268408535,1.0,1.0,WIN,1,0.41567972161428335,True,0.38135860546564887,2.40543063446399,0.001,SYNTHETIC,7
2026-03-02 20:00:00,LONG,1.3761505344893603,1.3623890291444667,1.389912039834254,1.0,1.0,WIN,1,0.9923621649984604,True,1.0,-0.5955460468588405,0.001,SYNTHETIC,9
2026-03-02 23:00:00,SHORT,1.3726104617073727,1.3588843570902989,1.3863365663244465,1.0,1.0,WIN,1,0.11714339468676982,False,-1.0,0.4737606331759837,0.001,SYNTHETIC,5
2026-03-03 00:00:00,SHORT,1.373440566949517,1.3597061612800219,1.3871749726190123,1.0,1.0,WIN,1,-0.32537577663341954,True,-1.0,2.6502953039222876,0.001,SYNTHETIC,2
2026-03-03 01:00:00,SHORT,1.3728442769826135,1.3591158342127874,1.3865727197524396,1.0,1.0,WIN,1,-0.5464086016404999,True,-1.0,-0.010974734211362414,0.001,SYNTHETIC,1
2026-03-03 03:00:00,LONG,1.3749684318889617,1.361218747570072,1.3887181162078512,1.0,1.0,WIN,1,0.21440325654186262,True,0.3212375654132964,1.5238204733851004,0.001,SYNTHETIC,6
2026-03-03 05:00:00,LONG,1.3739148160334016,1.3601756678730677,1.3876539641937355,1.0,1.0,WIN,1,-0.09869860265852082,False,0.6281161558332587,1.1874616987933444,0.001,SYNTHETIC,4
2026-03-03 06:00:00,LONG,1.3754986990970974,1.3617437121061264,1.3892536860880684,1.0,1.0,WIN,1,0.940096625396251,True,0.9041606194445533,1.6716154743168845,0.001,SYNTHETIC,9
2026-03-03 08:00:00,SHORT,1.373639713375395,1.3599033162416412,1.3873761105091489,1.0,1.0,WIN,1,-0.13295174469699275,True,-0.37600139701557145,0.5992577214469705,0.001,SYNTHETIC,4
2026-03-03 10:00:00,SHORT,1.3727890842345862,1.3590611933922403,1.3865169750769322,1.0,1.0,WIN,1,-0.39802704768287256,True,-0.38608293743519406,2.5219473225064024,0.001,SYNTHETIC,2
2026-03-03 11:00:00,SHORT,1.374005692138116,1.3602656352167348,1.3877457490594973,1.0,1.0,WIN,1,-0.12176514581488734,True,-0.6368214864582372,-0.6026918594720435,0.001,SYNTHETIC,4
2026-03-03 12:00:00,SHORT,1.3736710317912777,1.359934321473365,1.3874077421091904,1.0,1.0,WIN,1,-0.4451738796107614,True,-0.41496854907953273,4.013868872228293,0.001,SYNTHETIC,2
2026-03-03 14:00:00,SHORT,1.3721113619898422,1.3583902483699437,1.3858324756097407,1.0,1.0,WIN,1,-0.22731513833918837,True,-0.5755337244291916,2.8038599538719247,0.001,SYNTHETIC,3
2026-03-03 15:00:00,SHORT,1.371528939627137,1.3578136502308658,1.3852442290234084,1.0,1.0,LOSS,1,0.028135334763428,False,-0.41808998875733394,1.174996436388196,0.001,SYNTHETIC,5
2026-03-03 16:00:00,SHORT,1.3726103350429049,1.3588842316924759,1.3863364383933339,1.0,1.0,WIN,1,0.16967597298653783,False,-0.3855492846411243,2.666863541654971,0.001,SYNTHETIC,6
2026-03-03 17:00:00,SHORT,1.3721861053382602,1.3584642442848776,1.385907966391643,1.0,1.0,WIN,1,-0.4243497367522608,True,-0.5009868187847185,-0.5805831005407244,0.001,SYNTHETIC,2
2026-03-03 19:00:00,LONG,1.3731308458290443,1.359399537370754,1.3868621542873347,1.0,1.0,WIN,1,0.6028981204366861,True,0.31330767773658497,1.887845779722932,0.001,SYNTHETIC,8
2026-03-03 20:00:00,LONG,1.3732185147183786,1.3594863295711948,1.3869506998655625,1.0,1.0,WIN,1,0.23174726976000926,True,0.6134857703361243,1.3230093957400866,0.001,SYNTHETIC,6
2026-03-03 21:00:00,LONG,1.3743083556725115,1.3605652721157864,1.3880514392292367,1.0,1.0,WIN,1,0.35226795661497645,True,0.7084854620718306,0.7622510555817372,0.001,SYNTHETIC,7
2026-03-03 23:00:00,SHORT,1.370214421122157,1.3565122769109355,1.3839165653333785,1.0,1.0,WIN,1,-0.5916323641530914,True,-1.0,0.21786128853074194,0.001,SYNTHETIC,1
2026-03-04 00:00:00,SHORT,1.3685742519122823,1.3548885093931595,1.3822599944314051,1.0,1.0,LOSS,1,-0.8610426965750204,True,-1.0,0.1622947638280039,0.001,SYNTHETIC,0
2026-03-04 01:00:00,SHORT,1.3704359249469846,1.3567315656975147,1.3841402841964545,1.0,1.0,WIN,1,-0.26673926830124284,True,-1.0,2.0250151587423613,0.001,SYNTHETIC,3
2026-03-04 02:00:00,SHORT,1.3690421017821397,1.3553516807643182,1.3827325227999612,1.0,1.0,WIN,1,-1.0,True,-1.0,1.5119539049025492,0.001,SYNTHETIC,0
2026-03-04 05:00:00,LONG,1.3717458368385314,1.3580283784701461,1.3854632952069166,1.0,1.0,WIN,1,0.8899391991283818,True,1.0,1.6051717821425084,0.001,SYNTHETIC,9
2026-03-04 06:00:00,LONG,1.3733000498576236,1.3595670493590473,1.3870330503561998,1.0,1.0,WIN,1,0.336426629209428,True,1.0,1.4133699909625772,0.001,SYNTHETIC,7
2026-03-04 07:00:00,LONG,1.3749413661851972,1.3611919525233453,1.3886907798470491,1.0,1.0,WIN,1,0.6283555013307733,True,1.0,3.3449022966921063,0.001,SYNTHETIC,8
2026-03-04 08:00:00,LONG,1.3769431324239647,1.3631737010997251,1.3907125637482043,1.0,1.0,WIN,1,0.47570476566493075,True,1.0,1.4346738119134312,0.001,SYNTHETIC,8
2026-03-04 09:00:00,LONG,1.378083626606082,1.3643027903400213,1.3918644628721428,1.0,1.0,WIN,1,0.7835356701417002,True,1.0,0.2886684012601066,0.001,SYNTHETIC,9
2026-03-04 10:00:00,LONG,1.3792237330922263,1.365431495761304,1.3930159704231486,1.0,1.0,WIN,1,0.6126757246872112,True,1.0,0.1158539477313607,0.001,SYNTHETIC,8
2026-03-04 11:00:00,LONG,1.3796842155088733,1.3658873733537846,1.393481057663962,1.0,1.0,WIN,1,0.7490628164119166,True,1.0,2.402665932575228,0.001,SYNTHETIC,9
2026-03-04 12:00:00,LONG,1.380740686907182,1.3669332800381102,1.394548093776254,1.0,1.0,WIN,1,0.334809525453623,True,1.0,-0.9032033659718395,0.001,SYNTHETIC,7
2026-03-04 13:00:00,LONG,1.3799572662950488,1.3661576936320983,1.3937568389579993,1.0,1.0,WIN,1,0.19579253175249928,True,1.0,0.8614724768912113,0.001,SYNTHETIC,6
2026-03-04 16:00:00,SHORT,1.37894620076333,1.3651567387556967,1.3927356627709633,1.0,1.0,WIN,1,-0.3010941127753345,True,-0.620382548660652,2.365193969506129,0.001,SYNTHETIC,3
2026-03-04 17:00:00,SHORT,1.377739435198216,1.3639620408462338,1.391516829550198,1.0,1.0,WIN,1,-0.404817517920773,True,-1.0,2.0529228085391322,0.001,SYNTHETIC,2
2026-03-04 18:00:00,SHORT,1.378697073201871,1.3649101024698524,1.3924840439338897,1.0,1.0,WIN,1,0.06513024677036378,False,-0.6148840248521072,2.7148252244731244,0.001,SYNTHETIC,5
2026-03-04 21:00:00,LONG,1.3810661900960932,1.3672555281951322,1.3948768519970542,1.0,1.0,WIN,1,0.150251601243722,True,0.9875165451419782,3.2158644919229467,0.001,SYNTHETIC,5
2026-03-04 22:00:00,LONG,1.3796527478511773,1.3658562203726656,1.393449275329689,1.0,1.0,WIN,1,0.8478186749721945,True,0.6712086870917208,1.5086277797404328,0.001,SYNTHETIC,9
2026-03-05 00:00:00,SHORT,1.3778235228676965,1.3640452876390194,1.3916017580963735,1.0,1.0,WIN,1,-0.38616483844105254,True,-0.5008279682674744,-0.10197069688021065,0.001,SYNTHETIC,2
2026-03-05 01:00:00,SHORT,1.375390864296136,1.3616369556531747,1.3891447729390975,1.0,1.0,WIN,1,-0.30642655390336493,True,-1.0,1.7770657680616166,0.001,SYNTHETIC,3
2026-03-05 02:00:00,SHORT,1.3756114104718624,1.3618552963671438,1.389367524576581,1.0,1.0,WIN,1,-0.00837162591499041,True,-1.0,1.0701107756932737,0.001,SYNTHETIC,4
2026-03-05 03:00:00,SHORT,1.3758605475900552,1.3621019421141547,1.3896191530659556,1.0,1.0,WIN,1,-0.5568984575372585,True,-1.0,2.1392111934051825,0.001,SYNTHETIC,1
2026-03-05 04:00:00,SHORT,1.3767808279382816,1.3630130196588988,1.3905486362176644,1.0,1.0,WIN,1,-0.42401455100619034,True,-0.8644348985749168,0.2879345630511876,0.001,SYNTHETIC,2
2026-03-05 07:00:00,LONG,1.3779842424472857,1.3642044000228128,1.3917640848717585,1.0,1.0,WIN,1,0.15495380620973614,True,1.0,0.14812062624816136,0.001,SYNTHETIC,5
2026-03-05 08:00:00,LONG,1.379721427654558,1.3659242133780123,1.3935186419311036,1.0,1.0,LOSS,1,0.27491451403440414,True,1.0,-0.18685826326852675,0.001,SYNTHETIC,6
2026-03-05 09:00:00,LONG,1.3788256971553603,1.3650374401838066,1.392613954126914,1.0,1.0,WIN,1,0.7291671662415442,True,1.0,1.7694316215650583,0.001,SYNTHETIC,9
2026-03-05 10:00:00,LONG,1.3789945333318914,1.3652045879985724,1.3927844786652104,1.0,1.0,WIN,1,0.2754551061183643,True,0.8110563023538842,2.8349409911436814,0.001,SYNTHETIC,6
2026-03-05 11:00:00,LONG,1.377897753978662,1.3641187764388754,1.3916767315184488,1.0,1.0,WIN,1,0.6946789884189583,True,0.8390086236060745,0.8045741791005832,0.001,SYNTHETIC,9
2026-03-05 14:00:00,LONG,1.3807428451563297,1.3669354167047665,1.394550273607893,1.0,1.0,WIN,1,0.5281449016531266,True,0.3552706378794726,0.012837656648759355,0.001,SYNTHETIC,8
2026-03-05 15:00:00,LONG,1.38234018449303,1.3685167826480997,1.3961635863379604,1.0,1.0,WIN,1,0.10540217448443351,True,1.0,2.3486006192711364,0.001,SYNTHETIC,5
2026-03-05 16:00:00,LONG,1.3817241932446778,1.367906951312231,1.3955414351771245,1.0,1.0,WIN,1,0.3194637473418156,True,1.0,0.6389174849659158,0.001,SYNTHETIC,7
2026-03-05 17:00:00,LONG,1.379831685916587,1.3660333690574211,1.3936300027757527,1.0,1.0,WIN,1,0.440090275418557,True,1.0,0.16514995589572268,0.001,SYNTHETIC,7
2026-03-05 18:00:00,LONG,1.3797554278890005,1.3659578736101106,1.3935529821678905,1.0,1.0,LOSS,1,0.6019339678638183,True,0.600370763332112,-0.9443731621724485,0.001,SYNTHETIC,8
2026-03-05 19:00:00,SHORT,1.3781939907998204,1.3644120508918223,1.3919759307078186,1.0,1.0,WIN,1,-0.657945446807073,True,-1.0,1.5732854509888663,0.001,SYNTHETIC,1
2026-03-05 20:00:00,SHORT,1.378067076784161,1.3642864060163193,1.3918477475520026,1.0,1.0,WIN,1,-0.7780151487410252,True,-1.0,0.2279597076791623,0.001,SYNTHETIC,0
2026-03-05 21:00:00,SHORT,1.3774493396780227,1.3636748462812425,1.391223833074803,1.0,1.0,WIN,1,-0.4511980785318812,True,-1.0,0.6892080851773477,0.001,SYNTHETIC,2
2026-03-05 22:00:00,SHORT,1.3776315798306644,1.3638552640323578,1.391407895628971,1.0,1.0,WIN,1,-0.5641897169679857,True,-1.0,0.3567116528703458,0.001,SYNTHETIC,1
2026-03-05 23:00:00,SHORT,1.37586907716948,1.362110386397785,1.3896277679411748,1.0,1.0,WIN,1,-0.6402171797117483,True,-1.0,0.48945511446849077,0.001,SYNTHETIC,1
2026-03-06 00:00:00,SHORT,1.3763428211562059,1.3625793929446437,1.390106249367768,1.0,1.0,WIN,1,-0.397709244809722,True,-0.9253097035121512,1.0664950489044047,0.001,SYNTHETIC,2
2026-03-06 01:00:00,SHORT,1.375158544845463,1.3614069593970084,1.3889101302939177,1.0,1.0,WIN,1,-0.8610788646179397,True,-1.0,1.428675425542306,0.001,SYNTHETIC,0
2026-03-06 02:00:00,SHORT,1.3738703521415692,1.3601316486201536,1.3876090556629848,1.0,1.0,WIN,1,-1.0,True,-1.0,1.3960989104077055,0.001,SYNTHETIC,0
2026-03-06 03:00:00,SHORT,1.3708120133853385,1.3571038932514852,1.384520133519192,1.0,1.0,WIN,1,0.141619032180477,False,-1.0,1.8130001864159286,0.001,SYNTHETIC,5
2026-03-06 04:00:00,SHORT,1.3699742366532737,1.3562744942867409,1.3836739790198065,1.0,1.0,WIN,1,-0.4687441719915268,True,-1.0,0.19729892687875303,0.001,SYNTHETIC,2
2026-03-06 05:00:00,SHORT,1.3723469854566879,1.358623515602121,1.3860704553112548,1.0,1.0,WIN,1,-0.44774573541131907,True,-1.0,-0.11542399583618601,0.001,SYNTHETIC,2
2026-03-06 06:00:00,SHORT,1.373748283255078,1.3600108004225273,1.3874857660876287,1.0,1.0,WIN,1,-0.532643796750486,True,-0.5960939650947253,1.3103354780470962,0.001,SYNTHETIC,1
2026-03-06 08:00:00,LONG,1.3722591744616361,1.3585365827170197,1.3859817662062526,1.0,1.0,WIN,1,0.22022372958424705,True,0.760538615256002,1.7153513097989883,0.001,SYNTHETIC,6
2026-03-06 09:00:00,LONG,1.3729911004789281,1.3592611894741389,1.3867210114837174,1.0,1.0,WIN,1,-0.3432332519714195,False,0.9852221087254815,0.2769963247182652,0.001,SYNTHETIC,2
2026-03-06 11:00:00,SHORT,1.371012476284556,1.3573023515217104,1.3847226010474014,1.0,1.0,WIN,1,-0.5309856165872985,True,-0.893123386419927,3.3603196119188765,0.001,SYNTHETIC,1
2026-03-06 12:00:00,SHORT,1.3726701081260932,1.3589434070448323,1.3863968092073542,1.0,1.0,WIN,1,-0.21989010788744587,True,-0.3377300531741841,0.09048564885799526,0.001,SYNTHETIC,3
2026-03-06 13:00:00,LONG,1.373076487426394,1.3593457225521302,1.386807252300658,1.0,1.0,WIN,1,0.18690265716005885,True,0.49321231196686705,0.6062653785957464,0.001,SYNTHETIC,6
2026-03-06 15:00:00,LONG,1.3727238275403346,1.3589965892649312,1.386451065815738,1.0,1.0,WIN,1,0.07460692573090913,True,0.594126487283839,1.3523330725243854,0.001,SYNTHETIC,5
2026-03-06 17:00:00,SHORT,1.3709524416789711,1.3572429172621814,1.3846619660957609,1.0,1.0,WIN,1,-0.8276048878297366,True,-0.6679241234379244,0.3785074240316254,0.001,SYNTHETIC,0
2026-03-06 18:00:00,SHORT,1.370320456439134,1.3566172518747426,1.3840236610035255,1.0,1.0,WIN,1,-1.0,True,-1.0,-0.8034279544437177,0.001,SYNTHETIC,0
2026-03-06 19:00:00,SHORT,1.370596758907427,1.3568907913183528,1.3843027264965013,1.0,1.0,WIN,1,-0.4705833530241085,True,-1.0,0.5227065480503944,0.001,SYNTHETIC,2
2026-03-06 20:00:00,SHORT,1.3714175765499044,1.3577034007844053,1.3851317523154034,1.0,1.0,WIN,1,-0.27102640630973046,True,-0.6108937371784553,1.299599762430471,0.001,SYNTHETIC,3
2026-03-06 21:00:00,SHORT,1.3695820111014607,1.355886190990446,1.3832778312124754,1.0,1.0,WIN,1,-0.024797367586647467,True,-0.5772350832056932,0.2611290344013384,0.001,SYNTHETIC,4
2026-03-06 22:00:00,LONG,1.3717661241242383,1.3580484628829959,1.3854837853654807,1.0,1.0,WIN,1,0.1610487676592529,True,0.475436721540969,1.7558267165227022,0.001,SYNTHETIC,5
2026-03-06 23:00:00,LONG,1.3709083936733382,1.3571993097366049,1.3846174776100715,1.0,1.0,LOSS,1,-0.13099380985210235,False,0.45418870816031265,0.9989144315884331,0.001,SYNTHETIC,4
2026-03-07 01:00:00,SHORT,1.3697478781726709,1.356050399390944,1.3834453569543976,1.0,1.0,WIN,1,-0.5061809053198165,True,-0.47824416506551354,0.9170625964387189,0.001,SYNTHETIC,1
2026-03-07 02:00:00,SHORT,1.3669227180042405,1.353253490824198,1.380591945184283,1.0,1.0,WIN,1,-0.37324407678274424,True,-1.0,2.0958433862411665,0.001,SYNTHETIC,2
2026-03-07 03:00:00,SHORT,1.3686505484561584,1.3549640429715968,1.38233705394072,1.0,1.0,WIN,1,-0.06756532897732337,True,-1.0,0.548789236765326,0.001,SYNTHETIC,4
2026-03-07 04:00:00,SHORT,1.3691258741944352,1.3554346154524908,1.3828171329363796,1.0,1.0,WIN,1,-0.4837743761685458,True,-1.0,2.302736321901823,0.001,SYNTHETIC,2
2026-03-07 05:00:00,SHORT,1.3683091846839885,1.3546260928371487,1.3819922765308283,1.0,1.0,WIN,1,-0.8640769671008335,True,-1.0,0.2003893378892436,0.001,SYNTHETIC,0
2026-03-07 06:00:00,SHORT,1.3682882665392846,1.3546053838738918,1.3819711492046773,1.0,1.0,WIN,1,-0.656610067994767,True,-0.785267774486492,0.5654097872546457,0.001,SYNTHETIC,1
2026-03-07 07:00:00,LONG,1.368554238834159,1.3548686964458174,1.3822397812225005,1.0,1.0,WIN,1,0.019574263953736515,True,0.5483720823460636,-0.15350434124432377,0.001,SYNTHETIC,5
2026-03-07 08:00:00,SHORT,1.3669546716116063,1.3532851248954902,1.3806242183277224,1.0,1.0,WIN,1,-0.4025517101708789,True,-0.5615102594028714,1.6736228685771861,0.001,SYNTHETIC,2
2026-03-07 09:00:00,SHORT,1.365810364369132,1.3521522607254406,1.3794684680128233,1.0,1.0,WIN,1,-0.16373137250153902,True,-1.0,0.18966115836979958,0.001,SYNTHETIC,4
2026-03-07 10:00:00,SHORT,1.3670684108362976,1.3533977267279347,1.3807390949446605,1.0,1.0,WIN,1,0.03496270490473341,False,-0.6494202602846021,1.5162850171697864,0.001,SYNTHETIC,5
2026-03-07 11:00:00,SHORT,1.3651300728094315,1.3514787720813373,1.3787813735375258,1.0,1.0,WIN,1,-0.5516767684324659,True,-1.0,2.687027869539984,0.001,SYNTHETIC,1
2026-03-07 12:00:00,SHORT,1.3652378138467713,1.3515854357083037,1.378890191985239,1.0,1.0,LOSS,1,-0.44507896696592075,True,-1.0,1.980710366372744,0.001,SYNTHETIC,2
2026-03-07 13:00:00,SHORT,1.363742089738281,1.3501046688408982,1.3773795106356639,1.0,1.0,WIN,1,-0.7392673678620397,True,-1.0,2.98685275160194,0.001,SYNTHETIC,0
2026-03-07 14:00:00,SHORT,1.3638915209925682,1.3502526057826425,1.3775304362024938,1.0,1.0,WIN,1,-0.9161335547494617,True,-0.8063220428866995,0.8851239943396277,0.001,SYNTHETIC,0
2026-03-07 15:00:00,SHORT,1.363994526722082,1.3503545814548612,1.377634471989303,1.0,1.0,WIN,1,0.03650150603882374,False,-1.0,1.621433424513746,0.001,SYNTHETIC,5
2026-03-07 16:00:00,SHORT,1.361789433997391,1.3481715396574172,1.375407328337365,1.0,1.0,LOSS,1,-1.0,True,-1.0,0.24327580552434047,0.001,SYNTHETIC,0
2026-03-07 17:00:00,SHORT,1.363227703682218,1.3495954266453958,1.3768599807190403,1.0,1.0,WIN,1,-1.0,True,-0.9529315481907945,1.7424462955847533,0.001,SYNTHETIC,0
2026-03-07 18:00:00,SHORT,1.3625106900004067,1.3488855831004025,1.3761357969004109,1.0,1.0,LOSS,1,0.20308867572978861,False,-0.6716661616362103,3.8331805964099956,0.001,SYNTHETIC,6
2026-03-07 19:00:00,SHORT,1.360834794154968,1.3472264462134185,1.3744431420965177,1.0,1.0,WIN,1,-0.49501537859886596,True,-1.0,1.581822621312115,0.001,SYNTHETIC,1
2026-03-07 20:00:00,SHORT,1.36108477534803,1.3474739275945498,1.3746956231015102,1.0,1.0,WIN,1,-0.8377744721264129,True,-1.0,1.3775921156698998,0.001,SYNTHETIC,0
2026-03-07 22:00:00,SHORT,1.360806104790309,1.347198043742406,1.374414165838212,1.0,1.0,WIN,1,-0.20831258972059424,True,-0.8804571630687752,2.364408822123104,0.001,SYNTHETIC,3
2026-03-07 23:00:00,SHORT,1.361005456715378,1.3473954021482242,1.3746155112825318,1.0,1.0,WIN,1,-0.6605847488671749,True,-0.5215581106457031,-0.6753548853159457,0.001,SYNTHETIC,1
2026-03-08 05:00:00,SHORT,1.359765697485637,1.3461680405107805,1.3733633544604933,1.0,1.0,WIN,1,-0.9407401804633023,True,-0.4459894620019338,1.6677080728463531,0.001,SYNTHETIC,0
2026-03-08 06:00:00,SHORT,1.3589348674325665,1.3453455187582408,1.3725242161068922,1.0,1.0,WIN,1,-0.6023744957986287,True,-1.0,-0.05667783155854744,0.001,SYNTHETIC,1
2026-03-08 07:00:00,SHORT,1.355032912212738,1.3414825830906105,1.3685832413348655,1.0,1.0,WIN,1,-0.42150920042975326,True,-1.0,0.291226280403587,0.001,SYNTHETIC,2
2026-03-08 08:00:00,SHORT,1.3564789043669412,1.3429141153232718,1.3700436934106106,1.0,1.0,WIN,1,-1.0,True,-1.0,-0.6059928366615959,0.001,SYNTHETIC,0
2026-03-08 09:00:00,SHORT,1.356957312795993,1.3433877396680332,1.370526885923953,1.0,1.0,WIN,1,-0.6588834170757405,True,-1.0,0.9376422431993563,0.001,SYNTHETIC,1
2026-03-08 10:00:00,SHORT,1.353809920170272,1.3402718209685693,1.3673480193719747,1.0,1.0,WIN,1,-0.18665040675745598,True,-1.0,0.983584331656905,0.001,SYNTHETIC,3
2026-03-08 11:00:00,SHORT,1.3528285525148,1.339300266989652,1.366356838039948,1.0,1.0,WIN,1,-0.7112945446231669,True,-1.0,0.9564007179549961,0.001,SYNTHETIC,0
2026-03-08 12:00:00,SHORT,1.3525199504736352,1.3389947509688989,1.3660451499783715,1.0,1.0,WIN,1,-0.9338554129683931,True,-0.9771149644053311,1.517898890663226,0.001,SYNTHETIC,0
2026-03-08 14:00:00,SHORT,1.3547768500670279,1.3412290815663577,1.368324618567698,1.0,1.0,WIN,1,-0.19105252223946595,True,-0.648806060597191,1.286329195554036,0.001,SYNTHETIC,3
2026-03-08 16:00:00,LONG,1.3530447404117916,1.3395142930076736,1.3665751878159096,1.0,1.0,WIN,1,0.19840732304138095,True,0.4558497423475752,1.1995585866306036,0.001,SYNTHETIC,6
2026-03-08 17:00:00,LONG,1.35512736550331,1.3415760918482769,1.3686786391583432,1.0,1.0,WIN,1,0.7055990665016603,True,0.7942286503403558,1.440199521421992,0.001,SYNTHETIC,9
2026-03-08 18:00:00,SHORT,1.3537416281806138,1.3402042118988078,1.3672790444624199,1.0,1.0,WIN,1,-0.1211045139551554,True,-0.41892602291584835,-0.15419639122015727,0.001,SYNTHETIC,4
2026-03-08 19:00:00,SHORT,1.3531003512799271,1.3395693477671278,1.3666313547927265,1.0,1.0,LOSS,1,-0.20005291362246908,True,-0.7874731150060634,0.9689020786462507,0.001,SYNTHETIC,3
2026-03-08 20:00:00,SHORT,1.3521998393177064,1.3386778409245292,1.3657218377108835,1.0,1.0,WIN,1,-0.5466118475485192,True,-0.6776838582127873,2.634848523243432,0.001,SYNTHETIC,1
2026-03-08 21:00:00,SHORT,1.3508270405486453,1.3373187701431588,1.3643353109541319,1.0,1.0,WIN,1,-1.0,True,-1.0,0.38669621313899905,0.001,SYNTHETIC,0
2026-03-08 22:00:00,SHORT,1.3508795559434055,1.3373707603839715,1.3643883515028394,1.0,1.0,WIN,1,-0.31342588993746356,True,-1.0,2.2660834748473766,0.001,SYNTHETIC,3
2026-03-08 23:00:00,SHORT,1.3528007485445892,1.3392727410591434,1.366328756030035,1.0,1.0,WIN,1,0.0458173144736001,False,-0.568922124052509,2.311011037126765,0.001,SYNTHETIC,5
2026-03-09 02:00:00,LONG,1.352193583042706,1.338671647212279,1.3657155188731331,1.0,1.0,WIN,1,0.06547381823794003,True,0.33207531238203053,2.300721833020554,0.001,SYNTHETIC,5
2026-03-09 03:00:00,SHORT,1.350960393633189,1.3374507896968573,1.364469997569521,1.0,1.0,WIN,1,-0.2391012340930671,True,-0.4237829713950507,1.1373686667455658,0.001,SYNTHETIC,3
2026-03-09 04:00:00,SHORT,1.3510551710823424,1.337544619371519,1.3645657227931658,1.0,1.0,WIN,1,0.14738318272666168,False,-0.7566909075790401,0.7337865195738802,0.001,SYNTHETIC,5
2026-03-09 05:00:00,SHORT,1.3503478132283695,1.3368443350960857,1.3638512913606533,1.0,1.0,WIN,1,-0.5559185312219994,True,-0.9369250302201404,1.3047809381213291,0.001,SYNTHETIC,1
2026-03-09 06:00:00,SHORT,1.3501598069584042,1.3366582088888201,1.3636614050279883,1.0,1.0,WIN,1,-0.5577440179453947,True,-0.9051464003587529,2.555362863199159,0.001,SYNTHETIC,1
2026-03-09 07:00:00,LONG,1.3535666626896743,1.3400309960627776,1.367102329316571,1.0,1.0,WIN,1,-0.23422662344111378,False,0.653534467042161,0.30923951290037444,0.001,SYNTHETIC,3
2026-03-09 08:00:00,LONG,1.3535939887794912,1.3400580488916962,1.3671299286672862,1.0,1.0,WIN,1,0.7070219479942976,True,1.0,-0.8949284131532215,0.001,SYNTHETIC,9
2026-03-09 09:00:00,LONG,1.3530137908284818,1.339483652920197,1.3665439287367667,1.0,1.0,WIN,1,0.1639776853453938,True,0.7538601899633718,2.7453653350437515,0.001,SYNTHETIC,6
2026-03-09 10:00:00,LONG,1.3521568458220128,1.3386352773637926,1.365678414280233,1.0,1.0,WIN,1,0.34258530655470815,True,0.5968356065018007,-0.004682566055893761,0.001,SYNTHETIC,7
2026-03-09 11:00:00,LONG,1.3534501593547759,1.3399156577612281,1.3669846609483236,1.0,1.0,WIN,1,0.4054882737701846,True,1.0,1.672505710954003,0.001,SYNTHETIC,7
2026-03-09 13:00:00,SHORT,1.3518033175718929,1.338285284396174,1.3653213507476119,1.0,1.0,WIN,1,-0.5186455768966542,True,-0.9666534598763223,0.2913152253742025,0.001,SYNTHETIC,1
2026-03-09 15:00:00,SHORT,1.350980898934702,1.337471089945355,1.3644907079240491,1.0,1.0,WIN,1,0.18915178416844866,False,-0.32734386744423755,-0.055262411770584996,0.001,SYNTHETIC,6
2026-03-09 17:00:00,LONG,1.3535470760104762,1.3400116052503714,1.367082546770581,1.0,1.0,WIN,1,0.40971778528960234,True,0.4290065091142521,2.9141699365020894,0.001,SYNTHETIC,7
2026-03-09 18:00:00,LONG,1.3532399178251708,1.3397075186469192,1.3667723170034225,1.0,1.0,WIN,1,0.8176581742263023,True,0.8723828003700905,0.7789367902184904,0.001,SYNTHETIC,9
2026-03-09 19:00:00,LONG,1.3544871480273528,1.3409422765470793,1.3680320195076263,1.0,1.0,WIN,1,0.7562442412240146,True,1.0,-0.38990237382692405,0.001,SYNTHETIC,9
2026-03-09 20:00:00,LONG,1.3554035892245861,1.3418495533323402,1.368957625116832,1.0,1.0,WIN,1,0.648384230580746,True,1.0,3.6148709461903668,0.001,SYNTHETIC,8
2026-03-09 21:00:00,LONG,1.355923281453335,1.3423640486388018,1.3694825142678684,1.0,1.0,WIN,1,0.8898813849881191,True,0.9066770088001717,0.051789256891561025,0.001,SYNTHETIC,9
2026-03-09 22:00:00,LONG,1.3561700678472277,1.3426083671687554,1.3697317685257,1.0,1.0,WIN,1,-0.07286083445359925,False,0.6393631096479956,-0.32814788527059946,0.001,SYNTHETIC,4
2026-03-09 23:00:00,LONG,1.3544810975855635,1.3409362866097079,1.368025908561419,1.0,1.0,WIN,1,0.02424442716844652,True,0.4591661750864349,1.2550961764448483,0.001,SYNTHETIC,5
2026-03-10 00:00:00,SHORT,1.3545017854106747,1.340956767556568,1.3680468032647815,1.0,1.0,WIN,1,-0.4486774796953117,True,-0.40481404327696746,0.804542737346744,0.001,SYNTHETIC,2
2026-03-10 02:00:00,SHORT,1.3544276115307456,1.3408833354154381,1.3679718876460532,1.0,1.0,WIN,1,-0.048003644723606465,True,-0.5075475042977896,1.4722188037624224,0.001,SYNTHETIC,4
2026-03-10 03:00:00,SHORT,1.353552593115476,1.3400170671843212,1.3670881190466306,1.0,1.0,WIN,1,-0.7879733306551415,True,-0.9068845899982341,0.12893227716924327,0.001,SYNTHETIC,0
2026-03-10 04:00:00,SHORT,1.3522652122950902,1.3387425601721392,1.3657878644180412,1.0,1.0,WIN,1,-0.32694442674339885,True,-0.9555683715734611,3.2591557227213057,0.001,SYNTHETIC,2
2026-03-10 05:00:00,SHORT,1.3524788970527069,1.3389541080821799,1.3660036860232339,1.0,1.0,WIN,1,-0.41485486510951247,True,-0.4774731791764823,1.8299139299455796,0.001,SYNTHETIC,2
2026-03-10 07:00:00,SHORT,1.3534740760268198,1.3399393352665516,1.367008816787088,1.0,1.0,WIN,1,-0.11248426481243076,True,-0.34521792768517534,1.1839653298367068,0.001,SYNTHETIC,4
2026-03-10 09:00:00,LONG,1.3544609937479197,1.3409163838104405,1.368005603685399,1.0,1.0,WIN,1,0.23977579210190783,True,0.906959815556292,0.5225803305675719,0.001,SYNTHETIC,6
2026-03-10 10:00:00,LONG,1.3546948294867691,1.3411478811919013,1.368241777781637,1.0,1.0,WIN,1,0.31631471147753515,True,0.6806854590511318,2.487109570969387,0.001,SYNTHETIC,6
2026-03-10 14:00:00,SHORT,1.3534510974743263,1.339916586499583,1.3669856084490697,1.0,1.0,LOSS,1,-0.2149315390693638,True,-0.5767341309186707,0.8565279653264134,0.001,SYNTHETIC,3
2026-03-10 17:00:00,LONG,1.3580129932369651,1.3444328633045954,1.3715931231693348,1.0,1.0,WIN,1,0.2739050867280977,True,1.0,2.1240479846239944,0.001,SYNTHETIC,6
2026-03-10 18:00:00,LONG,1.3586238362614504,1.345037597898836,1.3722100746240649,1.0,1.0,WIN,1,0.6523829235635077,True,1.0,0.3033908912781885,0.001,SYNTHETIC,8
2026-03-10 19:00:00,LONG,1.3582099316861576,1.344627832369296,1.3717920310030192,1.0,1.0,WIN,1,0.5339300234744053,True,1.0,1.0509686972005048,0.001,SYNTHETIC,8
2026-03-10 20:00:00,LONG,1.3584219896990006,1.3448377698020106,1.3720062095959906,1.0,1.0,WIN,1,0.48267425082460164,True,1.0,0.026020484389280063,0.001,SYNTHETIC,8
2026-03-10 21:00:00,LONG,1.3583136986414883,1.3447305616550733,1.3718968356279033,1.0,1.0,WIN,1,0.12757315174768702,True,1.0,2.541247247219195,0.001,SYNTHETIC,5
2026-03-11 00:00:00,SHORT,1.357919073855953,1.3443398831173934,1.3714982645945126,1.0,1.0,WIN,1,-0.1488847968422355,True,-0.35880666040981124,1.7990703861195254,0.001,SYNTHETIC,4
2026-03-11 04:00:00,LONG,1.3594157968447569,1.3458216388763093,1.3730099548132044,1.0,1.0,WIN,1,0.4029266022995338,True,0.9358708564560788,2.9826847806912493,0.001,SYNTHETIC,7
2026-03-11 05:00:00,LONG,1.3591953123190457,1.3456033591958552,1.3727872654422362,1.0,1.0,WIN,1,0.5578326758509504,True,0.8062047907633546,1.8203080271334868,0.001,SYNTHETIC,8
2026-03-11 06:00:00,SHORT,1.3573976078548848,1.343823631776336,1.3709715839334338,1.0,1.0,WIN,1,-0.45187990556864643,True,-0.7427229186122912,0.24824810964699337,0.001,SYNTHETIC,2
2026-03-11 07:00:00,SHORT,1.3558420644255855,1.3422836437813297,1.3694004850698414,1.0,1.0,WIN,1,0.006150292620156095,False,-0.5633535489967947,0.8293046882288589,0.001,SYNTHETIC,4
2026-03-11 08:00:00,SHORT,1.3572993979938968,1.3437264040139578,1.3708723919738357,1.0,1.0,WIN,1,-0.21983522397305919,True,-0.4937775459616575,-1.0809180909515774,0.001,SYNTHETIC,3
2026-03-11 09:00:00,SHORT,1.3568083490398763,1.3432402655494775,1.3703764325302752,1.0,1.0,WIN,1,-1.0,True,-1.0,0.21515388477031472,0.001,SYNTHETIC,0
2026-03-11 10:00:00,SHORT,1.356055220971396,1.342494668761682,1.36961577318111,1.0,1.0,WIN,1,-0.24817132424069188,True,-1.0,-1.256021478676535,0.001,SYNTHETIC,3
2026-03-11 11:00:00,SHORT,1.3548702578016285,1.3413215552236122,1.3684189603796448,1.0,1.0,WIN,1,-0.41780803096599384,True,-0.7653541258187896,1.1700938968325816,0.001,SYNTHETIC,2
2026-03-11 13:00:00,SHORT,1.355625008966312,1.342068758876649,1.369181259055975,1.0,1.0,WIN,1,-0.30210854269855925,True,-0.4528431692250398,2.736693940662054,0.001,SYNTHETIC,3
2026-03-11 14:00:00,SHORT,1.3551998352796162,1.34164783692682,1.3687518336324123,1.0,1.0,WIN,1,-0.6557175071869288,True,-0.5504163872050898,0.8232943011781203,0.001,SYNTHETIC,1
2026-03-11 17:00:00,SHORT,1.3540185249643082,1.3404783397146651,1.3675587102139513,1.0,1.0,WIN,1,-0.7771236094405297,True,-1.0,1.3846473263990036,0.001,SYNTHETIC,0
2026-03-11 18:00:00,SHORT,1.3542237772836596,1.340681539510823,1.3677660150564963,1.0,1.0,WIN,1,-0.021547035486625704,True,-0.5296029051509673,0.5473494727569106,0.001,SYNTHETIC,4
2026-03-11 19:00:00,SHORT,1.3540946147217492,1.3405536685745316,1.3676355608689668,1.0,1.0,WIN,1,-0.14614718513446034,True,-0.5674097698666698,-0.46285952816925136,0.001,SYNTHETIC,4
2026-03-11 21:00:00,LONG,1.3568233594775811,1.3432551258828054,1.370391593072357,1.0,1.0,WIN,1,0.12632076813909182,True,1.0,0.6653929907322268,0.001,SYNTHETIC,5
2026-03-11 22:00:00,LONG,1.357475046018651,1.3439002955584647,1.3710497964788375,1.0,1.0,WIN,1,0.247257861939022,True,1.0,-0.032414213077011755,0.001,SYNTHETIC,6
2026-03-11 23:00:00,LONG,1.3568624820332202,1.343293857212888,1.3704311068535524,1.0,1.0,WIN,1,0.21496399114787462,True,0.9444027281193725,1.15306210355399,0.001,SYNTHETIC,6
2026-03-12 00:00:00,LONG,1.3570984355124727,1.3435274511573478,1.3706694198675975,1.0,1.0,WIN,1,0.7239491609793165,True,1.0,0.4134797744537264,0.001,SYNTHETIC,9
2026-03-12 01:00:00,LONG,1.3571095387020504,1.34353844331503,1.370680634089071,1.0,1.0,WIN,1,-0.14816773467771077,False,0.7122029020311146,-0.7538381342371285,0.001,SYNTHETIC,4
2026-03-12 02:00:00,SHORT,1.3566647877423108,1.3430981398648878,1.3702314356197338,1.0,1.0,WIN,1,-0.20317226545789058,True,-0.3780036409779313,1.4138761958770838,0.001,SYNTHETIC,3
2026-03-12 03:00:00,SHORT,1.3562145024079402,1.3426523573838607,1.3697766474320197,1.0,1.0,WIN,1,-0.41587074272409874,True,-0.6815708509849457,0.7191674025016082,0.001,SYNTHETIC,2
2026-03-12 04:00:00,SHORT,1.355101982709529,1.3415509628824336,1.3686530025366244,1.0,1.0,WIN,1,-0.189338294667375,True,-1.0,-0.7367757660051293,0.001,SYNTHETIC,3
2026-03-12 05:00:00,SHORT,1.3559769349965478,1.3424171656465824,1.3695367043465132,1.0,1.0,WIN,1,-0.2634009269534273,True,-0.6664437885120467,1.0282826343128018,0.001,SYNTHETIC,3
2026-03-12 06:00:00,SHORT,1.3554772819925978,1.3419225091726719,1.3690320548125237,1.0,1.0,WIN,1,-0.27178534776329566,True,-0.8646968666127924,0.39789666684787106,0.001,SYNTHETIC,3
2026-03-12 07:00:00,SHORT,1.3542293099441745,1.3406870168447327,1.3677716030436162,1.0,1.0,WIN,1,-0.3418166964898406,True,-0.36841739074167,-0.44436923778707915,0.001,SYNTHETIC,2
2026-03-12 08:00:00,SHORT,1.3551546428955754,1.3416030964666197,1.3687061893245311,1.0,1.0,WIN,1,-0.5630082333062321,True,-0.3874175541093072,1.137743356441003,0.001,SYNTHETIC,1
2026-03-12 13:00:00,SHORT,1.3534558245701716,1.3399212663244697,1.3669903828158734,1.0,1.0,WIN,1,-0.5989488497724141,True,-0.6814514167556935,-0.972468032612348,0.001,SYNTHETIC,1
2026-03-12 14:00:00,SHORT,1.3533869969949242,1.339853127024975,1.3669208669648734,1.0,1.0,WIN,1,-0.571465938447369,True,-0.5089244019504262,-1.884328271186431,0.001,SYNTHETIC,1
2026-03-12 17:00:00,SHORT,1.3528450673125594,1.3393166166394337,1.366373517985685,1.0,1.0,WIN,1,0.024334031040359305,False,-0.8352468457047364,1.7812377116277986,0.001,SYNTHETIC,5
2026-03-12 20:00:00,SHORT,1.3539846766844468,1.3404448299176024,1.3675245234512912,1.0,1.0,WIN,1,-0.5792514833003228,True,-0.6902221738581144,2.9544294983691066,0.001,SYNTHETIC,1
2026-03-12 22:00:00,LONG,1.3540729665437212,1.340532236878284,1.3676136962091585,1.0,1.0,WIN,1,0.32522611506258026,True,0.5664051568030412,2.0014672551312382,0.001,SYNTHETIC,7
2026-03-12 23:00:00,LONG,1.3561229598183835,1.3425617302201995,1.3696841894165674,1.0,1.0,WIN,1,0.3745770045843044,True,0.8334723258752357,1.7200699304575584,0.001,SYNTHETIC,7
2026-03-13 00:00:00,LONG,1.3560330555148232,1.342472724959675,1.3695933860699714,1.0,1.0,WIN,1,0.4616561897328262,True,0.936403657587608,0.9527063239227312,0.001,SYNTHETIC,7
2026-03-13 01:00:00,LONG,1.3556505935316392,1.3420940875963228,1.3692070994669556,1.0,1.0,WIN,1,0.37295024447008285,True,0.6701694083681021,-0.35004196960096223,0.001,SYNTHETIC,7
2026-03-13 02:00:00,LONG,1.3556914465050836,1.3421345320400326,1.3692483609701345,1.0,1.0,WIN,1,0.5204194208837557,True,0.7522167539109221,1.9471357787160029,0.001,SYNTHETIC,8
2026-03-13 03:00:00,LONG,1.358004076372721,1.3444240356089938,1.3715841171364482,1.0,1.0,WIN,1,0.8507354130241285,True,1.0,-0.4961783174626784,0.001,SYNTHETIC,9
2026-03-13 04:00:00,LONG,1.3578256879097415,1.344247431030644,1.3714039447888389,1.0,1.0,WIN,1,-0.29865280519421195,False,0.7620230645954021,1.9651399720622218,0.001,SYNTHETIC,3
2026-03-13 06:00:00,LONG,1.357856322808279,1.3442777595801962,1.3714348860363617,1.0,1.0,WIN,1,-0.14102555906470676,False,0.7444337516613725,2.0087252279258134,0.001,SYNTHETIC,4
2026-03-13 07:00:00,LONG,1.356888841660908,1.3433199532442988,1.3704577300775171,1.0,1.0,WIN,1,0.2864811164854679,True,0.38770454034888446,1.480583521685472,0.001,SYNTHETIC,6
2026-03-13 08:00:00,SHORT,1.3546876463097304,1.341140769846633,1.3682345227728276,1.0,1.0,WIN,1,0.20668869072654195,False,-1.0,0.527246019074519,0.001,SYNTHETIC,6
2026-03-13 09:00:00,SHORT,1.3551312300612184,1.3415799177606063,1.3686825423618305,1.0,1.0,WIN,1,-0.5127620865277346,True,-1.0,2.2507641342773264,0.001,SYNTHETIC,1
2026-03-13 10:00:00,SHORT,1.354446565865189,1.340902100206537,1.3679910315238408,1.0,1.0,WIN,1,-0.34885688876687015,True,-0.8057252611825254,-0.3349298448529594,0.001,SYNTHETIC,2
2026-03-13 11:00:00,SHORT,1.3534156051927635,1.339881449140836,1.366949761244691,1.0,1.0,WIN,1,-0.5930779141761403,True,-1.0,2.0291015208655923,0.001,SYNTHETIC,1
2026-03-13 12:00:00,SHORT,1.3542392450346776,1.3406968525843308,1.3677816374850245,1.0,1.0,WIN,1,-0.2998212958205189,True,-1.0,1.1465348059403664,0.001,SYNTHETIC,3
2026-03-14 01:00:00,LONG,1.3567685182543283,1.343200833071785,1.3703362034368716,1.0,1.0,WIN,1,0.4477497004157041,True,1.0,-0.009983601530896724,0.001,SYNTHETIC,7
2026-03-14 02:00:00,LONG,1.3558146420650221,1.3422564956443719,1.3693727884856723,1.0,1.0,LOSS,1,0.0603226615030133,True,0.5926615183650444,0.7332229253494315,0.001,SYNTHETIC,5
2026-03-14 03:00:00,LONG,1.3563636322856245,1.3427999959627683,1.3699272686084807,1.0,1.0,WIN,1,0.3625102147323864,True,0.675776465875026,0.248579946249728,0.001,SYNTHETIC,7
2026-03-14 04:00:00,LONG,1.3556483632857863,1.3420918796529284,1.3692048469186442,1.0,1.0,WIN,1,0.09837869529761728,True,0.30407208595269225,3.0223477623357735,0.001,SYNTHETIC,5
2026-03-14 06:00:00,SHORT,1.3552240246579519,1.3416717844113724,1.3687762649045314,1.0,1.0,LOSS,1,0.11332977943133785,False,-0.46378534168353996,0.31136169152109344,0.001,SYNTHETIC,5
2026-03-14 07:00:00,SHORT,1.3534820577137656,1.3399472371366279,1.3670168782909033,1.0,1.0,LOSS,1,-0.9116241306311064,True,-1.0,-0.20924692514412446,0.001,SYNTHETIC,0
2026-03-14 08:00:00,SHORT,1.352064266666776,1.338543624000108,1.3655849093334438,1.0,1.0,WIN,1,-0.3148536354746747,True,-1.0,-0.5917591771059996,0.001,SYNTHETIC,3
2026-03-14 09:00:00,SHORT,1.3514491210315225,1.3379346298212071,1.3649636122418378,1.0,1.0,WIN,1,-0.2546767516730276,True,-1.0,2.5943726928397193,0.001,SYNTHETIC,3
2026-03-14 10:00:00,SHORT,1.3512418730391345,1.337729454308743,1.364754291769526,1.0,1.0,WIN,1,-0.9037493887592418,True,-1.0,2.170105564406712,0.001,SYNTHETIC,0
2026-03-14 11:00:00,SHORT,1.353329101357004,1.3397958103434338,1.366862392370574,1.0,1.0,WIN,1,-0.27967145611011457,True,-0.9070266035678576,-0.4267253742136211,0.001,SYNTHETIC,3
2026-03-14 14:00:00,LONG,1.3524169384219682,1.3388927690377486,1.3659411078061878,1.0,1.0,WIN,1,0.2679114459995165,True,0.6776278658716561,1.0282140329187035,0.001,SYNTHETIC,6
2026-03-14 15:00:00,LONG,1.3534669426270867,1.3399322732008159,1.3670016120533575,1.0,1.0,WIN,1,0.4421313900800095,True,0.772470818667886,0.16455712930587962,0.001,SYNTHETIC,7
2026-03-14 16:00:00,SHORT,1.3525788698776344,1.3390530811788581,1.3661046585764107,1.0,1.0,WIN,1,-0.03382370751673461,True,-0.40992225109303604,1.540523950095263,0.001,SYNTHETIC,4
2026-03-14 19:00:00,LONG,1.3525497043396497,1.3390242072962533,1.3660752013830462,1.0,1.0,WIN,1,-0.3845248886279494,False,0.44855910078346284,1.5233987751420093,0.001,SYNTHETIC,2
2026-03-14 21:00:00,LONG,1.3538748121399589,1.3403360640185593,1.3674135602613584,1.0,1.0,WIN,1,0.603551461276013,True,0.876942441878075,-0.7845018542480756,0.001,SYNTHETIC,8
2026-03-14 22:00:00,SHORT,1.351487405832849,1.3379725317745206,1.3650022798911774,1.0,1.0,WIN,1,-0.40822527010797877,True,-0.44338763353027505,3.991496733664172,0.001,SYNTHETIC,2
2026-03-14 23:00:00,SHORT,1.3522831258050356,1.3387602945469852,1.365805957063086,1.0,1.0,WIN,1,-0.029242395805878174,True,-0.5771282972360045,3.3966758161008683,0.001,SYNTHETIC,4
2026-03-15 00:00:00,SHORT,1.3505910102197953,1.3370851001175974,1.3640969203219933,1.0,1.0,LOSS,1,-0.8143397130806389,True,-1.0,1.5914903323321465,0.001,SYNTHETIC,0
2026-03-15 01:00:00,SHORT,1.348622066259595,1.335135845596999,1.3621082869221908,1.0,1.0,WIN,1,-0.4655191836818374,True,-1.0,0.006041626758166663,0.001,SYNTHETIC,2
2026-03-15 02:00:00,SHORT,1.3488583686397042,1.335369784953307,1.3623469523261014,1.0,1.0,WIN,1,-0.42844853785742143,True,-1.0,2.6038508918716854,0.001,SYNTHETIC,2
2026-03-15 03:00:00,SHORT,1.3507291484083555,1.337221856924272,1.364236439892439,1.0,1.0,WIN,1,-0.12567728803913292,True,-0.3930354644536745,-0.767265426429675,0.001,SYNTHETIC,4
2026-03-15 04:00:00,SHORT,1.3500045611891864,1.3365045155772945,1.3635046068010783,1.0,1.0,WIN,1,-0.6310602123099889,True,-0.7582898903507699,2.1035009470637633,0.001,SYNTHETIC,1
2026-03-15 06:00:00,LONG,1.3524659045265799,1.338941245481314,1.3659905635718457,1.0,1.0,WIN,1,0.5380234598452446,True,1.0,2.404707651404345,0.001,SYNTHETIC,8
2026-03-15 07:00:00,LONG,1.3536256396290176,1.3400893832327274,1.3671618960253078,1.0,1.0,WIN,1,0.2819768771100264,True,1.0,2.431445366653024,0.001,SYNTHETIC,6
2026-03-15 08:00:00,LONG,1.3551372380053794,1.3415858656253257,1.3686886103854332,1.0,1.0,WIN,1,0.5814358382829825,True,1.0,1.0169627590305068,0.001,SYNTHETIC,8
2026-03-15 09:00:00,LONG,1.3559777065122713,1.3424179294471486,1.3695374835773941,1.0,1.0,WIN,1,0.3157622095320264,True,1.0,1.005037086975844,0.001,SYNTHETIC,6
2026-03-15 10:00:00,LONG,1.355019750688114,1.3414695531812328,1.3685699481949953,1.0,1.0,LOSS,1,0.800000007823173,True,1.0,1.2581499400487788,0.001,SYNTHETIC,9
2026-03-15 11:00:00,LONG,1.3536671246929146,1.3401304534459855,1.3672037959398438,1.0,1.0,WIN,1,0.7396111246708634,True,0.5416112789991656,-0.0940042096634971,0.001,SYNTHETIC,9
2026-03-15 13:00:00,SHORT,1.3522788858741304,1.3387560970153891,1.3658016747328716,1.0,1.0,WIN,1,-0.2239223717089684,True,-1.0,-0.9540451492690529,0.001,SYNTHETIC,3
2026-03-15 14:00:00,SHORT,1.3541223456662463,1.3405811222095838,1.3676635691229089,1.0,1.0,WIN,1,-0.38014079714999793,True,-0.6328988693540362,1.6900227242706047,0.001,SYNTHETIC,2
2026-03-15 15:00:00,SHORT,1.3534465227726165,1.3399120575448902,1.3669809880003427,1.0,1.0,WIN,1,-0.6538822035598792,True,-0.7459056890749525,1.3868774928736411,0.001,SYNTHETIC,1
2026-03-15 17:00:00,LONG,1.353744911002629,1.3402074618926025,1.3672823601126554,1.0,1.0,WIN,1,0.21869205029789607,True,0.38604225614206433,3.051987275448669,0.001,SYNTHETIC,6
2026-03-15 18:00:00,LONG,1.3533092410270429,1.3397761486167725,1.3668423334373132,1.0,1.0,LOSS,1,-0.1444408752555122,False,0.7832928481452186,1.2686109831131986,0.001,SYNTHETIC,4
2026-03-15 19:00:00,LONG,1.3557980719536438,1.3422400912341073,1.3693560526731803,1.0,1.0,WIN,1,0.47307688659886293,True,0.5707597163304281,3.007455976683224,0.001,SYNTHETIC,8
2026-03-15 20:00:00,LONG,1.3548648354234616,1.341316187069227,1.3684134837776962,1.0,1.0,WIN,1,0.21062949110112608,True,0.36964647284043384,0.9532522419689979,0.001,SYNTHETIC,6
2026-03-15 21:00:00,LONG,1.3548296215139897,1.3412813252988498,1.3683779177291295,1.0,1.0,WIN,1,0.500853827705545,True,0.40138128092959724,1.9600355074629314,0.001,SYNTHETIC,8
2026-03-15 23:00:00,SHORT,1.3518081459292204,1.3382900644699283,1.3653262273885125,1.0,1.0,WIN,1,-0.3597112519933471,True,-0.7913914942850272,-0.11371112531896406,0.001,SYNTHETIC,2
2026-03-16 00:00:00,SHORT,1.3506884516476678,1.337181567131191,1.3641953361641446,1.0,1.0,WIN,1,-0.6067504806048388,True,-1.0,0.6613989308770523,0.001,SYNTHETIC,1
2026-03-16 01:00:00,SHORT,1.3508800825991465,1.3373712817731551,1.3643888834251379,1.0,1.0,WIN,1,-0.043141483489103793,True,-1.0,2.519903508565572,0.001,SYNTHETIC,4
2026-03-16 02:00:00,SHORT,1.3501164220070887,1.3366152577870178,1.3636175862271596,1.0,1.0,LOSS,1,0.1509618060508099,False,-1.0,1.2648179306753622,0.001,SYNTHETIC,5
2026-03-16 03:00:00,SHORT,1.3489985081081006,1.3355085230270196,1.3624884931891816,1.0,1.0,WIN,1,-0.6017448215179434,True,-1.0,-0.9900833124013175,0.001,SYNTHETIC,1
2026-03-16 04:00:00,SHORT,1.3475176327918585,1.33404245646394,1.3609928091197772,1.0,1.0,WIN,1,-0.18731195788923466,True,-1.0,2.0966209334521233,0.001,SYNTHETIC,3
2026-03-16 05:00:00,SHORT,1.3470464474357662,1.3335759829614084,1.360516911910124,1.0,1.0,WIN,1,-0.7120248976895908,True,-1.0,1.4712237487961035,0.001,SYNTHETIC,0
2026-03-16 06:00:00,SHORT,1.3448198357184622,1.3313716373612776,1.3582680340756468,1.0,1.0,WIN,1,-0.6763057861067181,True,-1.0,1.0529282434396003,0.001,SYNTHETIC,0
2026-03-16 07:00:00,SHORT,1.345878649905934,1.3324198634068747,1.3593374364049935,1.0,1.0,WIN,1,-0.6158734854495497,True,-1.0,2.283200383069722,0.001,SYNTHETIC,1
2026-03-16 08:00:00,SHORT,1.3455330759234185,1.3320777451641843,1.3589884066826527,1.0,1.0,WIN,1,-0.29459519371809517,True,-1.0,1.2680834004193717,0.001,SYNTHETIC,3
2026-03-16 09:00:00,SHORT,1.3441955936334693,1.3307536376971345,1.357637549569804,1.0,1.0,WIN,1,-0.8224739883017174,True,-1.0,-0.15584927654612513,0.001,SYNTHETIC,0
2026-03-16 10:00:00,SHORT,1.343367086373886,1.3299334155101472,1.3568007572376248,1.0,1.0,WIN,1,-0.03501073189872972,True,-1.0,0.5612498864862878,0.001,SYNTHETIC,4
2026-03-16 11:00:00,SHORT,1.342918570821325,1.3294893851131118,1.356347756529538,1.0,1.0,WIN,1,-0.21863832278809114,True,-1.0,1.90821851009476,0.001,SYNTHETIC,3
2026-03-16 12:00:00,SHORT,1.3432102991368942,1.3297781961455253,1.356642402128263,1.0,1.0,WIN,1,-0.30154543837133574,True,-1.0,-0.08629856945853903,0.001,SYNTHETIC,3
2026-03-16 13:00:00,SHORT,1.3441425653652543,1.3307011397116018,1.357583991018907,1.0,1.0,WIN,1,-0.4974659073153009,True,-0.8186430150289884,2.774457103522852,0.001,SYNTHETIC,1
2026-03-16 14:00:00,SHORT,1.3411977435125264,1.327785766077401,1.3546097209476518,1.0,1.0,WIN,1,-0.25115372304297756,True,-1.0,1.761648770135277,0.001,SYNTHETIC,3
2026-03-16 15:00:00,SHORT,1.3420953565278568,1.3286744029625783,1.3555163100931353,1.0,1.0,WIN,1,-1.0,True,-0.8150069217264283,1.255347728940177,0.001,SYNTHETIC,0
2026-03-16 16:00:00,SHORT,1.34173600712002,1.3283186470488197,1.3551533671912201,1.0,1.0,WIN,1,-0.14346650506415407,True,-0.5514738282238075,2.8535402702990558,0.001,SYNTHETIC,4
2026-03-16 17:00:00,SHORT,1.341745083119463,1.3283276322882684,1.3551625339506577,1.0,1.0,WIN,1,-0.1495988710605051,True,-0.39527098271865757,1.5513127387753511,0.001,SYNTHETIC,4
2026-03-16 18:00:00,SHORT,1.3421836025241531,1.3287617664989115,1.3556054385493947,1.0,1.0,WIN,1,-1.0,True,-0.8969737322748953,1.0880889588972873,0.001,SYNTHETIC,0
2026-03-16 19:00:00,SHORT,1.340562511200011,1.327156886088011,1.353968136312011,1.0,1.0,WIN,1,-0.07632503358282668,True,-0.3964018568049546,0.3473673318624321,0.001,SYNTHETIC,4
2026-03-16 20:00:00,SHORT,1.3395872024671418,1.3261913304424704,1.3529830744918132,1.0,1.0,WIN,1,-0.1174447253619515,True,-0.5894244862495467,1.0204289623066587,0.001,SYNTHETIC,4
2026-03-16 21:00:00,SHORT,1.3388793038904716,1.3254905108515669,1.3522680969293763,1.0,1.0,WIN,1,-0.9920361713327451,True,-0.8718326957649831,1.1991449858302075,0.001,SYNTHETIC,0
2026-03-16 22:00:00,SHORT,1.340622249979181,1.3272160274793892,1.3540284724789726,1.0,1.0,WIN,1,-0.702453872972491,True,-0.6928448953537335,-0.9224892308307953,0.001,SYNTHETIC,0
2026-03-16 23:00:00,SHORT,1.3393988909666659,1.3260049020569993,1.3527928798763325,1.0,1.0,WIN,1,0.23018356892096709,False,-0.7782663532686366,1.4504588051444034,0.001,SYNTHETIC,6
2026-03-17 00:00:00,LONG,1.3417054964914397,1.3282884415265253,1.355122551456354,1.0,1.0,WIN,1,0.14404780318340626,True,0.39990773402829227,0.6295525073955779,0.001,SYNTHETIC,5
2026-03-17 01:00:00,LONG,1.3414405251230068,1.3280261198717767,1.354854930374237,1.0,1.0,WIN,1,0.549884558628968,True,0.5143934815589037,-0.9003946489436849,0.001,SYNTHETIC,8
2026-03-17 02:00:00,LONG,1.3402932196529094,1.3268902874563802,1.3536961518494386,1.0,1.0,WIN,1,0.6143988753589658,True,0.5527165961441263,0.7998057683944582,0.001,SYNTHETIC,8
2026-03-17 03:00:00,SHORT,1.3384814954243527,1.3250966804701092,1.3518663103785962,1.0,1.0,WIN,1,-0.1804368731967663,True,-0.5972358347906932,0.47634243311464475,0.001,SYNTHETIC,3
2026-03-17 04:00:00,SHORT,1.3365053656655854,1.3231403120089296,1.3498704193222413,1.0,1.0,WIN,1,-0.19482759464321636,True,-1.0,1.5056665184171631,0.001,SYNTHETIC,3
2026-03-17 05:00:00,SHORT,1.3343978255891011,1.32105384733321,1.3477418038449922,1.0,1.0,WIN,1,-1.0,True,-1.0,1.1366810346376892,0.001,SYNTHETIC,0
2026-03-17 06:00:00,SHORT,1.3341972144118535,1.3208552422677349,1.347539186555972,1.0,1.0,WIN,1,-0.5691588235041972,True,-1.0,3.0806034032841407,0.001,SYNTHETIC,1
2026-03-17 07:00:00,SHORT,1.3350543295500472,1.3217037862545467,1.3484048728455478,1.0,1.0,WIN,1,-1.0,True,-1.0,1.5742193637493658,0.001,SYNTHETIC,0
2026-03-17 08:00:00,SHORT,1.3334295454558283,1.32009525000127,1.3467638409103866,1.0,1.0,WIN,1,-1.0,True,-1.0,-1.1292954939613813,0.001,SYNTHETIC,0
2026-03-17 09:00:00,SHORT,1.3341086312053554,1.3207675448933018,1.347449717517409,1.0,1.0,WIN,1,-0.6638043490954841,True,-1.0,1.4006194617206738,0.001,SYNTHETIC,1
2026-03-17 10:00:00,SHORT,1.3328451333603644,1.3195166820267608,1.346173584693968,1.0,1.0,WIN,1,-0.504774124378839,True,-0.6103175853599693,-1.805841091828804,0.001,SYNTHETIC,1
2026-03-17 11:00:00,SHORT,1.3326498742173996,1.3193233754752256,1.3459763729595735,1.0,1.0,WIN,1,-0.3194190700465331,True,-0.663684313578554,0.6901515286864395,0.001,SYNTHETIC,3
2026-03-17 13:00:00,LONG,1.3358078391282446,1.322449760736962,1.3491659175195272,1.0,1.0,WIN,1,0.499672818123269,True,0.919100178257799,-0.2149426378940571,0.001,SYNTHETIC,8
2026-03-17 14:00:00,LONG,1.335014194594315,1.3216640526483718,1.3483643365402582,1.0,1.0,WIN,1,0.254745565840937,True,0.40466534250346653,0.28951075800639725,0.001,SYNTHETIC,6
2026-03-17 16:00:00,SHORT,1.331421953737379,1.3181077342000052,1.344736173274753,1.0,1.0,WIN,1,-0.6837423006205882,True,-0.7920577947939993,-0.7452689220100414,0.001,SYNTHETIC,0
2026-03-17 17:00:00,SHORT,1.330295408336196,1.316992454252834,1.343598362419558,1.0,1.0,WIN,1,-0.7174376958091404,True,-1.0,3.030015199342002,0.001,SYNTHETIC,0
2026-03-17 18:00:00,SHORT,1.329764230575394,1.31646658826964,1.343061872881148,1.0,1.0,WIN,1,-0.5110634177884258,True,-1.0,2.0490409880984206,0.001,SYNTHETIC,1
2026-03-17 19:00:00,SHORT,1.328676082608043,1.3153893217819626,1.3419628434341235,1.0,1.0,WIN,1,-0.5064028852018772,True,-1.0,-1.6127892266433272,0.001,SYNTHETIC,1
2026-03-17 20:00:00,SHORT,1.3279407792831086,1.3146613714902775,1.3412201870759397,1.0,1.0,WIN,1,-0.8245782095888896,True,-1.0,0.7791650792939988,0.001,SYNTHETIC,0
2026-03-17 21:00:00,SHORT,1.327535139415616,1.31425978802146,1.3408104908097722,1.0,1.0,WIN,1,-0.17553218569608464,True,-1.0,-0.3722063460950381,0.001,SYNTHETIC,3
2026-03-17 22:00:00,SHORT,1.3277667996938887,1.3144891316969498,1.3410444676908275,1.0,1.0,WIN,1,-0.2825597967347523,True,-1.0,0.8669239619802156,0.001,SYNTHETIC,3
2026-03-17 23:00:00,SHORT,1.327029591655937,1.3137592957393776,1.3402998875724963,1.0,1.0,WIN,1,-0.7579150056089385,True,-1.0,2.348531856443973,0.001,SYNTHETIC,0
2026-03-18 00:00:00,SHORT,1.3262479263014106,1.3129854470383966,1.3395104055644247,1.0,1.0,WIN,1,-0.4478641253135825,True,-0.7707086428771536,0.7051055203554035,0.001,SYNTHETIC,2
2026-03-18 01:00:00,SHORT,1.327124109850175,1.313852868751673,1.3403953509486768,1.0,1.0,WIN,1,0.3435042807661091,False,-0.5187152289460509,-0.8381931419188849,0.001,SYNTHETIC,7
2026-03-18 02:00:00,SHORT,1.3260288926872374,1.312768603760365,1.33928918161411,1.0,1.0,WIN,1,-0.45182688864971554,True,-1.0,1.4736523031839477,0.001,SYNTHETIC,2
2026-03-18 03:00:00,SHORT,1.3267790796712864,1.3135112888745735,1.3400468704679993,1.0,1.0,WIN,1,-0.03797591966570271,True,-0.3133634124514448,2.709336574194362,0.001,SYNTHETIC,4
2026-03-18 07:00:00,LONG,1.3266541827571698,1.3133876409295981,1.3399207245847415,1.0,1.0,WIN,1,0.31485456973911946,True,0.5617324831027172,1.757790152164785,0.001,SYNTHETIC,6
2026-03-18 08:00:00,LONG,1.3277892623614278,1.3145113697378135,1.3410671549850421,1.0,1.0,WIN,1,0.15917260024723154,True,0.360902131818192,0.39033871136795995,0.001,SYNTHETIC,5
2026-03-18 09:00:00,LONG,1.327233889937157,1.3139615510377853,1.3405062288365286,1.0,1.0,WIN,1,0.2674713052073185,True,0.5303579588527576,0.6153827964105383,0.001,SYNTHETIC,6
2026-03-18 12:00:00,SHORT,1.3256229040126986,1.3123666749725715,1.3388791330528256,1.0,1.0,WIN,1,-0.5017705380068086,True,-0.5054950564854565,3.063095613660157,0.001,SYNTHETIC,1
2026-03-18 13:00:00,SHORT,1.3256432710576738,1.312386838347097,1.3388997037682506,1.0,1.0,WIN,1,-0.6350309746830454,True,-0.8768514083969478,0.9115465543214261,0.001,SYNTHETIC,1
2026-03-18 14:00:00,SHORT,1.3258840025599414,1.312625162534342,1.339142842585541,1.0,1.0,WIN,1,-0.2657731992835688,True,-1.0,0.810597581993181,0.001,SYNTHETIC,3
2026-03-18 15:00:00,SHORT,1.3248889352788453,1.3116400459260569,1.3381378246316338,1.0,1.0,WIN,1,-0.8483564187727705,True,-0.8396241615574749,1.1589042199742212,0.001,SYNTHETIC,0
2026-03-18 16:00:00,SHORT,1.3246984422009156,1.3114514577789065,1.3379454266229247,1.0,1.0,WIN,1,-0.3648251055607311,True,-1.0,1.9343740007733892,0.001,SYNTHETIC,2
2026-03-18 17:00:00,SHORT,1.32199352152481,1.308773586309562,1.335213456740058,1.0,1.0,WIN,1,-0.7171452582948328,True,-1.0,0.8742228201442888,0.001,SYNTHETIC,0
2026-03-18 18:00:00,SHORT,1.3217553489462117,1.3085377954567496,1.3349729024356738,1.0,1.0,WIN,1,-1.0,True,-1.0,0.27886131233281297,0.001,SYNTHETIC,0
2026-03-18 19:00:00,SHORT,1.3212322326953843,1.3080199103684305,1.334444555022338,1.0,1.0,WIN,1,-0.7940216650740785,True,-1.0,-0.8154304450468441,0.001,SYNTHETIC,0
2026-03-18 20:00:00,SHORT,1.3213800090889907,1.3081662089981008,1.3345938091798806,1.0,1.0,WIN,1,-0.4917398570964021,True,-1.0,0.9116735131951195,0.001,SYNTHETIC,1
2026-03-18 21:00:00,SHORT,1.3200257027956155,1.3068254457676594,1.3332259598235716,1.0,1.0,WIN,1,-0.08144978195215502,True,-1.0,0.8343228010704122,0.001,SYNTHETIC,4
2026-03-18 22:00:00,SHORT,1.3215137132762065,1.3082985761434445,1.3347288504089685,1.0,1.0,WIN,1,0.042712021894261404,False,-0.4625736033794598,1.891767347881756,0.001,SYNTHETIC,5
2026-03-18 23:00:00,SHORT,1.3196447707180363,1.306448323010856,1.3328412184252167,1.0,1.0,WIN,1,-0.3887757648185749,True,-0.601337393934698,1.3192371069596476,0.001,SYNTHETIC,2
2026-03-19 06:00:00,LONG,1.3218376577253654,1.3086192811481117,1.3350560343026192,1.0,1.0,WIN,1,0.4287912397611736,True,0.37405442611822065,2.2824353142426324,0.001,SYNTHETIC,7
2026-03-19 07:00:00,LONG,1.320358730838516,1.307155143530131,1.3335623181469012,1.0,1.0,WIN,1,-0.082463035724683,False,0.3630558922687913,1.0229038861076003,0.001,SYNTHETIC,4
2026-03-19 09:00:00,LONG,1.3222067876630483,1.3089847197864177,1.335428855539679,1.0,1.0,WIN,1,0.3453213819195947,True,0.6090132233243247,-0.058956577893432005,0.001,SYNTHETIC,7
2026-03-19 10:00:00,LONG,1.3218502583216487,1.3086317557384322,1.3350687609048653,1.0,1.0,WIN,1,0.4281861489903738,True,0.33319426892040294,-0.02290466493569221,0.001,SYNTHETIC,7
2026-03-19 14:00:00,LONG,1.3231569530095895,1.3099253834794935,1.3363885225396854,1.0,1.0,WIN,1,0.45646417334258776,True,0.44661510408145316,0.3101015296452625,0.001,SYNTHETIC,7
2026-03-19 15:00:00,SHORT,1.321415889789909,1.30820173089201,1.3346300486878082,1.0,1.0,WIN,1,0.09563737319247567,False,-0.44634369441493615,0.19775844534301767,0.001,SYNTHETIC,5
2026-03-19 17:00:00,SHORT,1.3197364302495982,1.3065390659471021,1.3329337945520943,1.0,1.0,WIN,1,0.03628070419904006,False,-0.6589159115268435,1.7267925570045113,0.001,SYNTHETIC,5
2026-03-19 18:00:00,SHORT,1.3209523097409388,1.3077427866435294,1.3341618328383482,1.0,1.0,WIN,1,-0.7533536746485996,True,-0.562287571485926,1.7552908363307709,0.001,SYNTHETIC,0
2026-03-19 19:00:00,SHORT,1.3212470582320865,1.3080345876497657,1.3344595288144074,1.0,1.0,WIN,1,0.12150141103826761,False,-0.41674724504979377,0.7964153116282016,0.001,SYNTHETIC,5
2026-03-19 21:00:00,SHORT,1.3200855260003104,1.3068846707403072,1.3332863812603135,1.0,1.0,WIN,1,-0.3356003404632445,True,-0.8786897974174079,1.4391214386382989,0.001,SYNTHETIC,2
2026-03-19 22:00:00,SHORT,1.3190937660970818,1.305902828436111,1.3322847037580527,1.0,1.0,WIN,1,-0.3756113505807719,True,-0.6339072325439271,1.0633351695429378,0.001,SYNTHETIC,2
2026-03-19 23:00:00,SHORT,1.3180644608969332,1.304883816287964,1.3312451055059025,1.0,1.0,WIN,1,-0.40627405397002314,True,-1.0,1.638299235438124,0.001,SYNTHETIC,2
2026-03-20 00:00:00,SHORT,1.3177192851876098,1.3045420923357338,1.3308964780394859,1.0,1.0,WIN,1,-0.6811275106193382,True,-1.0,0.5175695773337852,0.001,SYNTHETIC,0
2026-03-20 01:00:00,SHORT,1.3179286348115673,1.3047493484634516,1.331107921159683,1.0,1.0,WIN,1,0.2932264602662559,False,-0.9883230869651345,1.5128265599109763,0.001,SYNTHETIC,6
2026-03-20 03:00:00,LONG,1.3201506381399748,1.306949131758575,1.3333521445213745,1.0,1.0,WIN,1,0.8239735446246599,True,0.8575063874549288,0.784855715706266,0.001,SYNTHETIC,9
2026-03-20 04:00:00,LONG,1.3197671128519382,1.3065694417234188,1.3329647839804575,1.0,1.0,WIN,1,0.13027264127658875,True,0.7052817330076627,1.2851068362824614,0.001,SYNTHETIC,5
2026-03-20 05:00:00,LONG,1.3193000579721421,1.3061070573924207,1.3324930585518635,1.0,1.0,WIN,1,0.853144216202736,True,0.7482034647032824,1.3403054588548229,0.001,SYNTHETIC,9
2026-03-20 06:00:00,SHORT,1.3175033419564248,1.3043283085368607,1.330678375375989,1.0,1.0,WIN,1,0.43961902476015857,False,-0.3281590995327845,2.952047602602149,0.001,SYNTHETIC,7
2026-03-20 07:00:00,SHORT,1.3161516316585482,1.3029901153419627,1.3293131479751337,1.0,1.0,LOSS,1,-0.38420275669419696,True,-1.0,0.7910559936318342,0.001,SYNTHETIC,2
2026-03-20 08:00:00,SHORT,1.3171804559080553,1.3040086513489748,1.3303522604671358,1.0,1.0,WIN,1,-0.4140028194298549,True,-1.0,2.472594046567759,0.001,SYNTHETIC,2
2026-03-20 09:00:00,SHORT,1.3185402622253397,1.3053548596030864,1.331725664847593,1.0,1.0,WIN,1,-0.5319498445459154,True,-0.48995227422108373,-0.29899905954567063,0.001,SYNTHETIC,1
2026-03-20 10:00:00,SHORT,1.3170278955898063,1.3038576166339082,1.3301981745457043,1.0,1.0,WIN,1,-0.7915225072368809,True,-0.937644448732791,0.40666525362588524,0.001,SYNTHETIC,0
2026-03-20 11:00:00,SHORT,1.3163230960900711,1.3031598651291705,1.3294863270509718,1.0,1.0,WIN,1,-0.14068991019592897,True,-0.4601285834912349,-1.147284676474516,0.001,SYNTHETIC,4
2026-03-20 13:00:00,SHORT,1.3163842578555145,1.3032204152769593,1.3295481004340697,1.0,1.0,WIN,1,-0.3736632803310881,True,-0.41840506717275794,0.8171285161652713,0.001,SYNTHETIC,2
2026-03-20 14:00:00,SHORT,1.3150428044247338,1.3018923763804864,1.3281932324689811,1.0,1.0,LOSS,1,0.16237876533825568,False,-1.0,1.3438285520750777,0.001,SYNTHETIC,5
2026-03-20 15:00:00,SHORT,1.3152062598146066,1.3020541972164605,1.3283583224127526,1.0,1.0,WIN,1,-0.5590824343865279,True,-0.752077304995153,-0.08233255545484983,0.001,SYNTHETIC,1
2026-03-20 16:00:00,SHORT,1.314550733631382,1.3014052262950682,1.3276962409676958,1.0,1.0,WIN,1,-0.2811202137582074,True,-0.6998755919663973,1.9014925471747777,0.001,SYNTHETIC,3
2026-03-20 17:00:00,SHORT,1.3141569381925817,1.3010153688106558,1.3272985075745076,1.0,1.0,WIN,1,-0.27764997681248643,True,-0.6945098334671662,2.2339403951670125,0.001,SYNTHETIC,3
2026-03-20 18:00:00,SHORT,1.3146330911789195,1.3014867602671303,1.3277794220907086,1.0,1.0,WIN,1,-0.3197747218876741,True,-0.5786288186340379,0.7406081258875125,0.001,SYNTHETIC,3
2026-03-20 20:00:00,SHORT,1.313586391247307,1.300450527334834,1.32672225515978,1.0,1.0,WIN,1,-0.4844289442287076,True,-0.5974140281988776,-1.0645992638129627,0.001,SYNTHETIC,2
2026-03-20 21:00:00,SHORT,1.3134611327211794,1.3003265213939676,1.326595744048391,1.0,1.0,WIN,1,-0.15935648650187073,True,-0.4384965483854648,3.250335181681381,0.001,SYNTHETIC,4
2026-03-20 22:00:00,SHORT,1.313124077421334,1.2999928366471205,1.3262553181955474,1.0,1.0,WIN,1,-0.2640659690947945,True,-0.47054088060146065,1.900395644117227,0.001,SYNTHETIC,3
2026-03-20 23:00:00,SHORT,1.3125697616154983,1.2994440639993434,1.3256954592316532,1.0,1.0,WIN,1,-0.24379003465620055,True,-0.8693016649540707,1.3733888207417277,0.001,SYNTHETIC,3
2026-03-21 00:00:00,SHORT,1.3120618286475514,1.2989412103610758,1.325182446934027,1.0,1.0,WIN,1,-0.2651787476839018,True,-0.9844590425629146,0.4229879262387418,0.001,SYNTHETIC,3
2026-03-21 04:00:00,LONG,1.3142159946717185,1.3010738347250013,1.3273581546184356,1.0,1.0,WIN,1,-0.12318313827391048,False,0.5669111217615702,2.070727976966611,0.001,SYNTHETIC,4
2026-03-21 05:00:00,LONG,1.3130640150281934,1.2999333748779114,1.3261946551784753,1.0,1.0,WIN,1,0.08846134466058417,True,0.5341070233804575,-0.21144577312904111,0.001,SYNTHETIC,5
2026-03-21 06:00:00,LONG,1.3137629900679435,1.3006253601672642,1.3269006199686229,1.0,1.0,WIN,1,-0.08018847745484889,False,0.3495989994745829,-0.9236717999689924,0.001,SYNTHETIC,4
2026-03-21 08:00:00,LONG,1.31425858336369,1.301115997530053,1.3274011691973269,1.0,1.0,WIN,1,0.5693071153925797,True,0.34840104609680483,2.677898922595954,0.001,SYNTHETIC,8
2026-03-21 11:00:00,SHORT,1.3107729257199894,1.2976651964627894,1.3238806549771893,1.0,1.0,WIN,1,-0.3713684537032551,True,-1.0,0.1562698066685243,0.001,SYNTHETIC,2
2026-03-21 12:00:00,SHORT,1.309663414415171,1.2965667802710195,1.3227600485593227,1.0,1.0,WIN,1,0.04120122957665828,False,-1.0,1.206573521380224,0.001,SYNTHETIC,5
2026-03-21 13:00:00,SHORT,1.309804486374735,1.2967064415109875,1.3229025312384823,1.0,1.0,WIN,1,-1.0,True,-1.0,2.5665692928454353,0.001,SYNTHETIC,0
2026-03-21 14:00:00,SHORT,1.3115077437135967,1.2983926662764607,1.3246228211507327,1.0,1.0,WIN,1,-0.27673343026192143,True,-1.0,2.464109117220092,0.001,SYNTHETIC,3
2026-03-21 15:00:00,LONG,1.3131454178620854,1.3000139636834644,1.3262768720407063,1.0,1.0,WIN,1,0.28388012944763846,True,0.34184541013157493,-0.3777477092013235,0.001,SYNTHETIC,6
2026-03-21 16:00:00,LONG,1.3139785789848941,1.3008387931950451,1.327118364774743,1.0,1.0,WIN,1,0.3887481424262539,True,1.0,0.3150677732631997,0.001,SYNTHETIC,7
2026-03-21 17:00:00,LONG,1.3141120075071822,1.3009708874321104,1.3272531275822539,1.0,1.0,WIN,1,0.5978680207160887,True,1.0,0.0642752547184593,0.001,SYNTHETIC,8
2026-03-21 18:00:00,LONG,1.3118877423269062,1.298768864903637,1.3250066197501753,1.0,1.0,WIN,1,0.722151012005293,True,0.9998046385126352,3.481446072426524,0.001,SYNTHETIC,9
2026-03-21 20:00:00,SHORT,1.3106649570085551,1.2975583074384696,1.3237716065786407,1.0,1.0,WIN,1,0.14755018177488954,False,-1.0,0.7462743851876845,0.001,SYNTHETIC,5
2026-03-21 21:00:00,SHORT,1.3098265700228011,1.296728304322573,1.3229248357230292,1.0,1.0,WIN,1,-0.46175552366189443,True,-1.0,0.9023785912050369,0.001,SYNTHETIC,2
2026-03-21 22:00:00,SHORT,1.3093582672204185,1.2962646845482142,1.3224518498926228,1.0,1.0,WIN,1,-0.49192844501290206,True,-1.0,1.6940592958980487,0.001,SYNTHETIC,1
2026-03-21 23:00:00,SHORT,1.308318995553577,1.2952358055980413,1.3214021855091127,1.0,1.0,WIN,1,-0.5543896357009325,True,-1.0,1.5412109966341052,0.001,SYNTHETIC,1
2026-03-22 00:00:00,SHORT,1.3064193011232348,1.2933551081120025,1.319483494134467,1.0,1.0,WIN,1,-0.3341063488562336,True,-1.0,3.0450076897362166,0.001,SYNTHETIC,2
2026-03-22 01:00:00,SHORT,1.306866186969945,1.2937975251002454,1.3199348488396445,1.0,1.0,WIN,1,-0.5096174784457843,True,-1.0,-0.12650365323663437,0.001,SYNTHETIC,1
2026-03-22 02:00:00,SHORT,1.3054821603732483,1.2924273387695158,1.3185369819769808,1.0,1.0,WIN,1,-0.49603725648056995,True,-1.0,0.6680638394547169,0.001,SYNTHETIC,1
2026-03-22 03:00:00,SHORT,1.305291072455159,1.2922381617306073,1.3183439831797106,1.0,1.0,WIN,1,-0.494651041998123,True,-1.0,3.2861007741946215,0.001,SYNTHETIC,1
2026-03-22 04:00:00,SHORT,1.3072856857197053,1.294212828862508,1.3203585425769024,1.0,1.0,WIN,1,-0.2544101787459113,True,-0.42805521579776684,0.34326502285718286,0.001,SYNTHETIC,3
2026-03-22 06:00:00,SHORT,1.3041842345818453,1.2911423922360268,1.3172260769276638,1.0,1.0,WIN,1,-0.37456803854092674,True,-1.0,-0.4555914259409455,0.001,SYNTHETIC,2
2026-03-22 07:00:00,SHORT,1.303010219394486,1.289980117200541,1.3160403215884309,1.0,1.0,WIN,1,-0.5855142695049856,True,-1.0,-0.2466559872908778,0.001,SYNTHETIC,1
2026-03-22 08:00:00,SHORT,1.303665737765716,1.2906290803880587,1.3167023951433732,1.0,1.0,WIN,1,-0.15254030698932253,True,-0.6732883156709114,0.8416782314015945,0.001,SYNTHETIC,4
2026-03-22 09:00:00,SHORT,1.3054322042059865,1.2923778821639267,1.3184865262480463,1.0,1.0,WIN,1,-0.32884654610763636,True,-0.724153669572071,1.6294336229553403,0.001,SYNTHETIC,2
2026-03-22 10:00:00,SHORT,1.304047898301425,1.2910074193184107,1.3170883772844393,1.0,1.0,WIN,1,-0.5447416708101809,True,-0.8575384158229338,0.8592930709576546,0.001,SYNTHETIC,1
2026-03-22 11:00:00,LONG,1.305195155881711,1.2921432043228938,1.3182471074405282,1.0,1.0,WIN,1,0.6956739696192525,True,0.4524496962174665,0.9499766564355285,0.001,SYNTHETIC,9
2026-03-22 12:00:00,LONG,1.3036963895243825,1.2906594256291386,1.3167333534196264,1.0,1.0,WIN,1,0.15676950348506388,True,0.37492655829831356,0.8741425034055644,0.001,SYNTHETIC,5
2026-03-22 17:00:00,LONG,1.3044401697747057,1.2913957680769586,1.3174845714724528,1.0,1.0,WIN,1,-0.4760086618477519,False,0.3304519001443724,3.1123138760464952,0.001,SYNTHETIC,2
2026-03-22 18:00:00,LONG,1.3053454916380902,1.2922920367217092,1.3183989465544712,1.0,1.0,WIN,1,0.35176811415702214,True,0.8456539484055932,1.434270536967888,0.001,SYNTHETIC,7
2026-03-22 20:00:00,LONG,1.3058667143816296,1.2928080472378134,1.3189253815254458,1.0,1.0,WIN,1,-0.006654451859808452,False,0.5298621095263736,0.8618339444165821,0.001,SYNTHETIC,4
2026-03-22 23:00:00,SHORT,1.3045981712687327,1.2915521895560453,1.31764415298142,1.0,1.0,WIN,1,-0.36874599955279475,True,-0.4522791411110385,1.064396327569015,0.001,SYNTHETIC,2
2026-03-23 01:00:00,SHORT,1.3043197720573467,1.2912765743367733,1.3173629697779201,1.0,1.0,LOSS,1,-0.02280813402480872,True,-0.5185842495282638,2.7893090648393946,0.001,SYNTHETIC,4
2026-03-23 03:00:00,SHORT,1.303804191342389,1.290766149428965,1.316842233255813,1.0,1.0,WIN,1,0.06778748597411552,False,-0.31473247981889035,0.8355696506617745,0.001,SYNTHETIC,5
2026-03-23 04:00:00,LONG,1.304969722927255,1.2919200256979824,1.3180194201565276,1.0,1.0,WIN,1,0.4303724106439666,True,0.32048742756067894,2.069786752210798,0.001,SYNTHETIC,7
2026-03-23 06:00:00,SHORT,1.3033116221641876,1.2902785059425457,1.3163447383858295,1.0,1.0,WIN,1,-0.7127156095419425,True,-0.5768225749998732,1.7448670448358152,0.001,SYNTHETIC,0
2026-03-23 08:00:00,SHORT,1.3027485419153007,1.2897210564961477,1.3157760273344536,1.0,1.0,WIN,1,-0.5211139175053731,True,-0.573184349155734,0.9605005693699371,0.001,SYNTHETIC,1
2026-03-23 09:00:00,SHORT,1.3010530274964536,1.288042497221489,1.3140635577714181,1.0,1.0,WIN,1,-0.7017937534890677,True,-1.0,-0.09295039424753448,0.001,SYNTHETIC,0
2026-03-23 10:00:00,SHORT,1.300904278269794,1.287895235487096,1.3139133210524918,1.0,1.0,WIN,1,-0.8788527566492954,True,-1.0,0.9223652885160989,0.001,SYNTHETIC,0
2026-03-23 12:00:00,SHORT,1.300393459720384,1.28738952512318,1.3133973943175878,1.0,1.0,LOSS,1,-0.6047948191053413,True,-1.0,0.49381442982736035,0.001,SYNTHETIC,1
2026-03-23 14:00:00,LONG,1.3036572105404622,1.2906206384350576,1.316693782645867,1.0,1.0,WIN,1,0.08360934345399168,True,0.79906833383343,-0.04520293639161377,0.001,SYNTHETIC,5
2026-03-23 15:00:00,LONG,1.3042804409378603,1.2912376365284817,1.317323245347239,1.0,1.0,WIN,1,0.5955989276527117,True,1.0,2.7543599938850774,0.001,SYNTHETIC,8
2026-03-23 16:00:00,LONG,1.3036913216533859,1.290654408436852,1.3167282348699196,1.0,1.0,WIN,1,0.025884118894849623,True,0.5363697979227567,0.1765616409972075,0.001,SYNTHETIC,5
2026-03-23 17:00:00,LONG,1.303791623283161,1.2907537070503294,1.3168295395159926,1.0,1.0,WIN,1,0.3181063229065215,True,1.0,0.5162730956173761,0.001,SYNTHETIC,7
2026-03-23 18:00:00,LONG,1.3037433956390552,1.2907059616826646,1.3167808295954457,1.0,1.0,WIN,1,-0.4283493091694678,False,0.4550683897255127,0.4210641760332803,0.001,SYNTHETIC,2
2026-03-23 20:00:00,LONG,1.3047074041766034,1.2916603301348373,1.3177544782183694,1.0,1.0,WIN,1,0.4935472760593304,True,0.42200013443384055,0.11485902751302302,0.001,SYNTHETIC,8
2026-03-23 21:00:00,LONG,1.304870458206348,1.2918217536242844,1.3179191627884115,1.0,1.0,WIN,1,0.09386731046781119,True,0.48461825293178756,0.7361041801821752,0.001,SYNTHETIC,5
2026-03-24 00:00:00,SHORT,1.3037998474658863,1.2907618489912274,1.3168378459405452,1.0,1.0,WIN,1,-0.19340997735911133,True,-0.3768998009596302,1.2714012764354516,0.001,SYNTHETIC,3
2026-03-24 03:00:00,SHORT,1.3013501278006585,1.288336626522652,1.314363629078665,1.0,1.0,WIN,1,-0.6578227722550006,True,-1.0,0.7725724182397945,0.001,SYNTHETIC,1
2026-03-24 04:00:00,SHORT,1.301982251287778,1.2889624287749002,1.3150020738006556,1.0,1.0,WIN,1,-0.8420492934760611,True,-0.7460738684124142,-0.06588212059928161,0.001,SYNTHETIC,0
2026-03-24 05:00:00,SHORT,1.3020311762724952,1.2890108645097702,1.3150514880352202,1.0,1.0,WIN,1,-0.23731783716421556,True,-0.5774636423625562,1.5780374146831389,0.001,SYNTHETIC,3
2026-03-24 06:00:00,SHORT,1.3018563391610263,1.288837775769416,1.3148749025526365,1.0,1.0,WIN,1,-0.44657553000179767,True,-1.0,0.8397013182752971,0.001,SYNTHETIC,2
2026-03-24 07:00:00,SHORT,1.3010276675540526,1.2880173908785122,1.314037944229593,1.0,1.0,WIN,1,-0.7919638095025725,True,-1.0,-1.1456319546939637,0.001,SYNTHETIC,0
2026-03-24 09:00:00,LONG,1.3027705575888726,1.2897428520129839,1.3157982631647613,1.0,1.0,WIN,1,0.7210036059059429,True,0.3841821966250358,2.193090259782529,0.001,SYNTHETIC,9
2026-03-24 13:00:00,SHORT,1.2994881477729212,1.286493266295192,1.3124830292506504,1.0,1.0,WIN,1,-0.8590812235914934,True,-1.0,2.483760232175457,0.001,SYNTHETIC,0
2026-03-24 14:00:00,SHORT,1.2979383621424105,1.2849589785209865,1.3109177457638346,1.0,1.0,WIN,1,-0.7438084174449664,True,-1.0,1.5605438270566614,0.001,SYNTHETIC,0
2026-03-24 15:00:00,SHORT,1.2993269357195198,1.2863336663623246,1.312320205076715,1.0,1.0,WIN,1,-0.5331542512123781,True,-1.0,1.0427351662007225,0.001,SYNTHETIC,1
2026-03-24 16:00:00,SHORT,1.3004120560782673,1.2874079355174846,1.31341617663905,1.0,1.0,WIN,1,-0.9181452642109893,True,-0.9176862891961892,0.5738024490435695,0.001,SYNTHETIC,0
2026-03-24 18:00:00,LONG,1.3011237025666869,1.2881124655410199,1.3141349395923538,1.0,1.0,WIN,1,0.37024625389445226,True,0.6306012845633362,0.05063947596859908,0.001,SYNTHETIC,7
2026-03-24 19:00:00,LONG,1.3017146560043729,1.2886975094443291,1.3147318025644166,1.0,1.0,WIN,1,0.2630153429300616,True,1.0,2.6158485025236096,0.001,SYNTHETIC,6
2026-03-24 20:00:00,LONG,1.301363907428912,1.2883502683546229,1.3143775465032013,1.0,1.0,WIN,1,0.37213910500209957,True,0.47560603916134236,0.04284809268373613,0.001,SYNTHETIC,7
2026-03-24 22:00:00,LONG,1.301289340360226,1.2882764469566237,1.3143022337638282,1.0,1.0,WIN,1,0.09650951351204604,True,0.37580967749960004,2.1054819299459115,0.001,SYNTHETIC,5
2026-03-24 23:00:00,LONG,1.3015850486674982,1.2885691981808232,1.3146008991541733,1.0,1.0,WIN,1,-0.16812213624109298,False,0.3888648276107021,0.5590621396845207,0.001,SYNTHETIC,4
2026-03-25 00:00:00,LONG,1.3029505689939413,1.289921063304002,1.3159800746838808,1.0,1.0,WIN,1,-0.0911220685653108,False,0.6794830181868426,1.333993980156828,0.001,SYNTHETIC,4
2026-03-25 01:00:00,LONG,1.303320357879961,1.2902871543011614,1.3163535614587607,1.0,1.0,WIN,1,1.0,True,1.0,-0.8757336116509185,0.001,SYNTHETIC,9
2026-03-25 02:00:00,LONG,1.3039251340378466,1.290885882697468,1.3169643853782251,1.0,1.0,WIN,1,0.09417953446700084,True,1.0,0.13123573088231266,0.001,SYNTHETIC,5
2026-03-25 03:00:00,LONG,1.3043311067222632,1.2912877956550406,1.3173744177894857,1.0,1.0,LOSS,1,1.0,True,1.0,0.9731474571635728,0.001,SYNTHETIC,9
2026-03-25 04:00:00,LONG,1.3044513803909006,1.2914068665869916,1.3174958941948096,1.0,1.0,WIN,1,0.2465722557152133,True,1.0,1.0503555393876491,0.001,SYNTHETIC,6
2026-03-25 07:00:00,SHORT,1.3017157837133309,1.2886986258761974,1.3147329415504643,1.0,1.0,WIN,1,-0.16739234605083136,True,-0.7340359122795128,0.0007699084064778372,0.001,SYNTHETIC,4
2026-03-25 08:00:00,SHORT,1.3014770125573976,1.2884622424318235,1.3144917826829716,1.0,1.0,WIN,1,-0.2803957183279429,True,-1.0,-0.25582477601515774,0.001,SYNTHETIC,3
2026-03-25 09:00:00,SHORT,1.3001753830553862,1.2871736292248324,1.31317713688594,1.0,1.0,WIN,1,-0.9834696867012532,True,-1.0,2.6418933908081854,0.001,SYNTHETIC,0
2026-03-25 10:00:00,SHORT,1.299637573279789,1.286641197546991,1.312633949012587,1.0,1.0,WIN,1,-0.7029037977422531,True,-1.0,2.082573542426298,0.001,SYNTHETIC,0
2026-03-25 11:00:00,SHORT,1.2992093951200754,1.2862173011688747,1.312201489071276,1.0,1.0,WIN,1,-0.9104143877653142,True,-1.0,0.5654644175040131,0.001,SYNTHETIC,0
2026-03-25 12:00:00,SHORT,1.2970621774405493,1.2840915556661439,1.3100327992149547,1.0,1.0,WIN,1,-0.44320968174572084,True,-1.0,1.3311457152304675,0.001,SYNTHETIC,2
2026-03-25 13:00:00,SHORT,1.2971382535851497,1.2841668710492982,1.3101096361210012,1.0,1.0,WIN,1,-0.8970032996372679,True,-1.0,1.8826480718376035,0.001,SYNTHETIC,0
2026-03-25 14:00:00,SHORT,1.2970769987668516,1.2841062287791831,1.31004776875452,1.0,1.0,WIN,1,-1.0,True,-1.0,1.2882186639935744,0.001,SYNTHETIC,0
2026-03-25 15:00:00,SHORT,1.295832129329699,1.282873808036402,1.3087904506229961,1.0,1.0,WIN,1,-0.5712432009630724,True,-1.0,-0.4149018191774677,0.001,SYNTHETIC,1
2026-03-25 16:00:00,SHORT,1.2962162637748604,1.283254101137112,1.309178426412609,1.0,1.0,WIN,1,-1.0,True,-1.0,1.8107578545143923,0.001,SYNTHETIC,0
2026-03-25 18:00:00,SHORT,1.2950535298784733,1.2821029945796887,1.308004065177258,1.0,1.0,WIN,1,-0.7579792317546729,True,-0.7613807494827008,0.45419293205582956,0.001,SYNTHETIC,0
2026-03-25 19:00:00,SHORT,1.2945027413600314,1.2815577139464311,1.3074477687736317,1.0,1.0,LOSS,1,-0.7521739244240684,True,-1.0,-0.3000833733959916,0.001,SYNTHETIC,0
2026-03-25 20:00:00,SHORT,1.2930662100115518,1.2801355479114362,1.3059968721116673,1.0,1.0,WIN,1,-1.0,True,-1.0,0.8681203222850816,0.001,SYNTHETIC,0
2026-03-25 21:00:00,SHORT,1.2923625027175134,1.2794388776903383,1.3052861277446886,1.0,1.0,LOSS,1,-0.004969335857436252,True,-1.0,0.627072486822152,0.001,SYNTHETIC,4
2026-03-25 22:00:00,SHORT,1.2927690450621896,1.2798413546115677,1.3056967355128115,1.0,1.0,LOSS,1,-0.9388744660934236,True,-1.0,0.0779561959373738,0.001,SYNTHETIC,0
2026-03-25 23:00:00,SHORT,1.292206919143318,1.279284849951885,1.3051289883347512,1.0,1.0,WIN,1,-0.6092003703643685,True,-1.0,1.6352974420083224,0.001,SYNTHETIC,1
2026-03-26 00:00:00,SHORT,1.2920929985813112,1.2791720685954981,1.3050139285671243,1.0,1.0,WIN,1,-1.0,True,-0.9760797283114,2.643075489039707,0.001,SYNTHETIC,0
2026-03-26 01:00:00,SHORT,1.2894114610206087,1.2765173464104025,1.3023055756308148,1.0,1.0,WIN,1,-0.7507003425142317,True,-1.0,-1.0606941603005147,0.001,SYNTHETIC,0
2026-03-26 02:00:00,SHORT,1.290296696287135,1.2773937293242636,1.3031996632500062,1.0,1.0,WIN,1,0.11123259965833332,False,-0.8286278692978595,-0.10047134000511126,0.001,SYNTHETIC,5
2026-03-26 03:00:00,SHORT,1.288692906020135,1.2758059769599337,1.3015798350803365,1.0,1.0,WIN,1,-0.4107569794203957,True,-1.0,2.449197387328566,0.001,SYNTHETIC,2
2026-03-26 04:00:00,SHORT,1.2883119283028508,1.2754288090198223,1.3011950475858793,1.0,1.0,WIN,1,-0.7170892988931739,True,-1.0,0.6537785524120068,0.001,SYNTHETIC,0
2026-03-26 05:00:00,SHORT,1.2887533808151108,1.2758658470069597,1.301640914623262,1.0,1.0,WIN,1,-0.510252043896639,True,-1.0,0.3360813902228369,0.001,SYNTHETIC,1
2026-03-26 07:00:00,SHORT,1.288615583198737,1.2757294273667494,1.3015017390307244,1.0,1.0,WIN,1,-0.40902942282839955,True,-0.762606497760247,1.9904452826716639,0.001,SYNTHETIC,2
2026-03-26 08:00:00,SHORT,1.2852519604460642,1.2723994408416035,1.2981044800505248,1.0,1.0,WIN,1,-0.2768393842901117,True,-1.0,0.32288151850983293,0.001,SYNTHETIC,3
2026-03-26 09:00:00,SHORT,1.2851034271256698,1.2722523928544132,1.2979544613969265,1.0,1.0,LOSS,1,-0.5993293969721117,True,-1.0,1.1402813957169724,0.001,SYNTHETIC,1
2026-03-26 10:00:00,SHORT,1.2862637084701927,1.2734010713854906,1.2991263455548947,1.0,1.0,WIN,1,-0.34359199980481747,True,-0.8191788839646976,1.250269245111628,0.001,SYNTHETIC,2
2026-03-26 11:00:00,SHORT,1.2884529166989065,1.2755683875319175,1.3013374458658955,1.0,1.0,WIN,1,-0.36476988341189653,True,-0.8714370654127461,1.034747375030802,0.001,SYNTHETIC,2
2026-03-26 13:00:00,LONG,1.2873172895071274,1.2744441166120561,1.3001904624021987,1.0,1.0,WIN,1,0.20787547940491596,True,0.8573065526118653,1.4047700701297536,0.001,SYNTHETIC,6
2026-03-26 14:00:00,LONG,1.287797972783389,1.274919993055555,1.300675952511223,1.0,1.0,WIN,1,0.3424449930186618,True,1.0,0.3525870085616306,0.001,SYNTHETIC,7
2026-03-26 16:00:00,SHORT,1.2867334275291027,1.2738660932538117,1.2996007618043937,1.0,1.0,WIN,1,0.04331278075331094,False,-0.38282446147864846,1.1337671682991304,0.001,SYNTHETIC,5
2026-03-26 18:00:00,LONG,1.288408005821983,1.275523925763763,1.3012920858802028,1.0,1.0,WIN,1,0.12470607532058547,True,0.40600575127397603,-1.0228327313431471,0.001,SYNTHETIC,5
2026-03-26 19:00:00,LONG,1.290437472988656,1.2775330982587696,1.3033418477185426,1.0,1.0,LOSS,1,0.27412343926929955,True,1.0,-0.1359930008054935,0.001,SYNTHETIC,6
2026-03-26 20:00:00,LONG,1.2907927078750505,1.2778847807963,1.303700634953801,1.0,1.0,WIN,1,0.7399857289148423,True,1.0,0.3609547440054498,0.001,SYNTHETIC,9
2026-03-26 21:00:00,LONG,1.289435346655863,1.2765409931893044,1.3023297001224217,1.0,1.0,WIN,1,0.35863908806602973,True,1.0,2.554578505122991,0.001,SYNTHETIC,7
2026-03-26 22:00:00,LONG,1.2904800853328675,1.2775752844795387,1.3033848861861963,1.0,1.0,WIN,1,1.0,True,1.0,0.6212103746121651,0.001,SYNTHETIC,9
2026-03-27 00:00:00,SHORT,1.2871250681537802,1.2742538174722424,1.299996318835318,1.0,1.0,WIN,1,-0.1454010637330334,True,-1.0,0.5215292125453036,0.001,SYNTHETIC,4
2026-03-27 01:00:00,SHORT,1.2863832011959706,1.273519369184011,1.2992470332079302,1.0,1.0,LOSS,1,-0.8043832480410098,True,-1.0,-0.051426658107962764,0.001,SYNTHETIC,0
2026-03-27 02:00:00,SHORT,1.2856570389045516,1.272800468515506,1.2985136092935972,1.0,1.0,WIN,1,-0.4964833552742403,True,-1.0,1.4259109976647242,0.001,SYNTHETIC,1
2026-03-27 03:00:00,SHORT,1.2859063148838876,1.2730472517350488,1.2987653780327264,1.0,1.0,WIN,1,-0.3151480704889329,True,-1.0,1.5801164434066102,0.001,SYNTHETIC,3
2026-03-27 04:00:00,SHORT,1.2851384726908839,1.272287087963975,1.2979898574177928,1.0,1.0,WIN,1,-0.8099900725465401,True,-1.0,0.35615328139592084,0.001,SYNTHETIC,0
2026-03-27 05:00:00,SHORT,1.2856659089926472,1.2728092499027208,1.2985225680825736,1.0,1.0,WIN,1,-0.2912070905338511,True,-0.5946198081540485,-1.5782015213553768,0.001,SYNTHETIC,3
2026-03-27 06:00:00,SHORT,1.2856037146102557,1.272747677464153,1.2984597517563583,1.0,1.0,WIN,1,0.10581725637991121,False,-0.41948090656049936,-0.6296590591405025,0.001,SYNTHETIC,5
2026-03-27 08:00:00,SHORT,1.2849955936382826,1.2721456377018998,1.2978455495746655,1.0,1.0,WIN,1,-0.4573305322965434,True,-0.40360956184951163,-1.187618887612487,0.001,SYNTHETIC,2
2026-03-27 11:00:00,SHORT,1.284582205134735,1.2717363830833877,1.2974280271860825,1.0,1.0,WIN,1,-0.19378801981469487,True,-0.4811104166583422,-0.5335456297885095,0.001,SYNTHETIC,3
2026-03-27 12:00:00,SHORT,1.2837118301043406,1.2708747118032973,1.296548948405384,1.0,1.0,WIN,1,-0.5908059111128406,True,-0.7566460192235972,1.5452763345723277,0.001,SYNTHETIC,1
2026-03-27 13:00:00,SHORT,1.2826782652829596,1.26985148263013,1.2955050479357892,1.0,1.0,WIN,1,-0.6538522053700223,True,-0.7456038674255133,0.05221350543252323,0.001,SYNTHETIC,1
2026-03-27 14:00:00,SHORT,1.2812637329233092,1.268451095594076,1.2940763702525424,1.0,1.0,WIN,1,-0.27750287518902217,True,-1.0,-0.26404340212496424,0.001,SYNTHETIC,3
2026-03-27 15:00:00,SHORT,1.2803650033459917,1.2675613533125318,1.2931686533794515,1.0,1.0,WIN,1,-0.5616607734987613,True,-1.0,0.3900163098231618,0.001,SYNTHETIC,1
2026-03-27 16:00:00,SHORT,1.279198742193602,1.266406754771666,1.291990729615538,1.0,1.0,WIN,1,-0.3782340603740907,True,-1.0,0.14583453302104332,0.001,SYNTHETIC,2
2026-03-27 17:00:00,SHORT,1.2808213368788612,1.2680131235100727,1.2936295502476498,1.0,1.0,WIN,1,-1.0,True,-1.0,0.8235044602452053,0.001,SYNTHETIC,0
2026-03-27 18:00:00,SHORT,1.2804129390934496,1.267608809702515,1.293217068484384,1.0,1.0,WIN,1,-0.3490640654113819,True,-1.0,1.3207855991420534,0.001,SYNTHETIC,2
2026-03-27 19:00:00,SHORT,1.280519010450781,1.2677138203462732,1.293324200555289,1.0,1.0,WIN,1,-0.39917719045301403,True,-0.3659968338162281,1.2510827619562659,0.001,SYNTHETIC,2
2026-03-27 20:00:00,LONG,1.2809429356548008,1.2681335062982528,1.2937523650113487,1.0,1.0,WIN,1,-0.3920082139420483,False,0.34329474281086453,0.3645572478673945,0.001,SYNTHETIC,2
2026-03-27 21:00:00,LONG,1.2803887926782698,1.267584904751487,1.2931926806050524,1.0,1.0,WIN,1,0.8091302793257139,True,0.4874168257791225,0.24317974148236426,0.001,SYNTHETIC,9
2026-03-28 01:00:00,SHORT,1.2800863673895992,1.2672855037157031,1.2928872310634953,1.0,1.0,WIN,1,-0.150130102395583,True,-0.4488017736242876,-0.21704298760721574,0.001,SYNTHETIC,4
2026-03-28 02:00:00,SHORT,1.27746397696229,1.264689337192667,1.2902386167319129,1.0,1.0,WIN,1,-0.7395842030430818,True,-1.0,2.031843141190906,0.001,SYNTHETIC,0
2026-03-28 03:00:00,SHORT,1.2769362283759849,1.264166866092225,1.2897055906597448,1.0,1.0,WIN,1,-0.5524902831447132,True,-1.0,-0.4238155316540967,0.001,SYNTHETIC,1
2026-03-28 04:00:00,SHORT,1.278464637130262,1.2656799907589593,1.2912492835015645,1.0,1.0,WIN,1,-0.7032903404023428,True,-0.9995609528894543,-1.749137819941434,0.001,SYNTHETIC,0
2026-03-28 05:00:00,SHORT,1.2795341865208127,1.2667388446556047,1.2923295283860208,1.0,1.0,WIN,1,-0.5097304778410943,True,-0.7192492199873628,0.5912824141749685,0.001,SYNTHETIC,1
2026-03-28 07:00:00,LONG,1.281220612992087,1.268408406862166,1.2940328191220078,1.0,1.0,WIN,1,0.20899382725990417,True,1.0,0.1361200147472546,0.001,SYNTHETIC,6
2026-03-28 08:00:00,LONG,1.2809727296514937,1.2681630023549788,1.2937824569480085,1.0,1.0,WIN,1,0.7683756598006026,True,1.0,0.7663635017077539,0.001,SYNTHETIC,9
2026-03-28 09:00:00,LONG,1.2804424572828488,1.2676380327100203,1.2932468818556773,1.0,1.0,LOSS,1,0.5996226316409744,True,1.0,0.42556000421672224,0.001,SYNTHETIC,8
2026-03-28 10:00:00,LONG,1.2797709463142442,1.2669732368511017,1.2925686557773866,1.0,1.0,WIN,1,0.05884036571143969,True,0.4194885629417845,0.3605061478060915,0.001,SYNTHETIC,5
2026-03-28 12:00:00,SHORT,1.2800367601455238,1.2672363925440686,1.292837127746979,1.0,1.0,WIN,1,-0.3145303149495258,True,-0.3858224426142919,-0.062325370570819105,0.001,SYNTHETIC,3
2026-03-28 18:00:00,SHORT,1.2784884795108,1.265703594715692,1.291273364305908,1.0,1.0,WIN,1,-0.21710602869014767,True,-0.9764935249506607,1.563966560841795,0.001,SYNTHETIC,3
2026-03-28 19:00:00,SHORT,1.2761923542413482,1.2634304306989348,1.2889542777837617,1.0,1.0,WIN,1,-0.7121634337093627,True,-1.0,3.698256386331934,0.001,SYNTHETIC,0
2026-03-28 20:00:00,SHORT,1.2752250942775745,1.2624728433347987,1.2879773452203502,1.0,1.0,WIN,1,-0.8385368870153037,True,-1.0,1.0752779581425584,0.001,SYNTHETIC,0
2026-03-28 21:00:00,SHORT,1.2745261374442955,1.2617808760698526,1.2872713988187385,1.0,1.0,WIN,1,-0.838669438656793,True,-1.0,1.0671851785736308,0.001,SYNTHETIC,0
2026-03-28 22:00:00,SHORT,1.2735975435349252,1.2608615680995758,1.2863335189702745,1.0,1.0,WIN,1,-0.45777928207190993,True,-1.0,-0.6800499219890088,0.001,SYNTHETIC,2
2026-03-28 23:00:00,SHORT,1.2731890984253798,1.260457207441126,1.2859209894096335,1.0,1.0,WIN,1,-0.7792380871079808,True,-1.0,1.5786435311084182,0.001,SYNTHETIC,0
2026-03-29 00:00:00,SHORT,1.272770813564004,1.2600431054283638,1.285498521699644,1.0,1.0,WIN,1,-0.6820537313880455,True,-1.0,2.312813108994746,0.001,SYNTHETIC,0
2026-03-29 01:00:00,SHORT,1.2730796397462996,1.2603488433488366,1.2858104361437626,1.0,1.0,WIN,1,-0.49952781055363016,True,-0.7348148226649032,0.4574061621258281,0.001,SYNTHETIC,1
2026-03-29 04:00:00,LONG,1.2744450152350122,1.261700565082662,1.2871894653873623,1.0,1.0,WIN,1,-0.4352917208270259,False,0.5869124158570335,1.3130709539237846,0.001,SYNTHETIC,2
2026-03-29 09:00:00,SHORT,1.2728072009957199,1.2600791289857627,1.285535273005677,1.0,1.0,LOSS,1,0.11754512091336117,False,-0.6030542774126892,1.3811906222164723,0.001,SYNTHETIC,5
2026-03-29 10:00:00,SHORT,1.2714526993376498,1.2587381723442732,1.2841672263310264,1.0,1.0,WIN,1,-0.38135786323787313,True,-0.7768636261763165,-3.003277130585118,0.001,SYNTHETIC,2
2026-03-29 11:00:00,SHORT,1.2719457620015842,1.2592263043815684,1.2846652196216,1.0,1.0,WIN,1,-0.035931520322657395,True,-0.8700177081390514,-0.2442936768146887,0.001,SYNTHETIC,4
2026-03-29 12:00:00,SHORT,1.2716082736271936,1.2588921908909216,1.2843243563634656,1.0,1.0,WIN,1,0.3320706420886546,False,-0.6787378680789627,0.19938338231976083,0.001,SYNTHETIC,7
2026-03-29 13:00:00,SHORT,1.270737851478679,1.258030472963892,1.2834452299934658,1.0,1.0,LOSS,1,0.259157406736082,False,-1.0,0.87371205297556,0.001,SYNTHETIC,6
2026-03-29 14:00:00,SHORT,1.2699170638395263,1.257217893201131,1.2826162344779215,1.0,1.0,WIN,1,-0.8564708259530003,True,-1.0,1.754965199004764,0.001,SYNTHETIC,0
2026-03-29 16:00:00,SHORT,1.2696970215492411,1.2570000513337487,1.2823939917647336,1.0,1.0,WIN,1,-0.617985038314029,True,-0.9693120785926311,3.029131100764849,0.001,SYNTHETIC,1
2026-03-29 17:00:00,SHORT,1.2706979418750688,1.2579909624563181,1.2834049212938194,1.0,1.0,WIN,1,-0.17952503580018156,True,-0.4362791923562675,0.1490741100496784,0.001,SYNTHETIC,3
2026-03-29 18:00:00,SHORT,1.269925605088327,1.2572263490374438,1.2826248611392101,1.0,1.0,WIN,1,0.25863210005096016,False,-0.43472699980422796,0.403763160624488,0.001,SYNTHETIC,6
2026-03-29 20:00:00,SHORT,1.269978080951163,1.2572783001416512,1.2826778617606747,1.0,1.0,LOSS,1,-0.5662678082577043,True,-0.41056333871190864,1.110111540268482,0.001,SYNTHETIC,1
2026-03-29 21:00:00,LONG,1.2702882598466112,1.2575853772481451,1.2829911424450773,1.0,1.0,WIN,1,-0.011144410347786182,False,0.34470562438902463,0.9300139716403855,0.001,SYNTHETIC,4
2026-03-29 22:00:00,SHORT,1.269816204801899,1.25711804275388,1.2825143668499182,1.0,1.0,WIN,1,-0.29996062129877593,True,-0.5747211178182432,0.6588840968315682,0.001,SYNTHETIC,3
2026-03-30 00:00:00,SHORT,1.2690672826325258,1.2563766098062006,1.281757955458851,1.0,1.0,WIN,1,-0.2529227539669998,True,-0.5140465824585483,0.3749330751523263,0.001,SYNTHETIC,3
2026-03-30 01:00:00,SHORT,1.2681739032866333,1.2554921642537669,1.2808556423194997,1.0,1.0,WIN,1,-0.7547774604712632,True,-0.7964935663069791,2.8073594012000016,0.001,SYNTHETIC,0
2026-03-30 02:00:00,SHORT,1.268505078606286,1.255820027820223,1.2811901293923489,1.0,1.0,WIN,1,-0.864394452473248,True,-0.7383562248120729,-0.2186989330194849,0.001,SYNTHETIC,0
2026-03-30 03:00:00,SHORT,1.2681362176966553,1.2554548555196887,1.2808175798736219,1.0,1.0,WIN,1,-0.6462727016332479,True,-0.7243542355847272,-0.8403157294763015,0.001,SYNTHETIC,1
2026-03-30 04:00:00,SHORT,1.2675704163042956,1.2548947121412526,1.2802461204673385,1.0,1.0,WIN,1,-0.2522994260521225,True,-0.7512114850396463,1.716886345290232,0.001,SYNTHETIC,3
2026-03-30 05:00:00,SHORT,1.2664906795070174,1.2538257727119473,1.2791555863020876,1.0,1.0,WIN,1,-0.3787652867040442,True,-1.0,2.3547744979329845,0.001,SYNTHETIC,2
2026-03-30 06:00:00,SHORT,1.2633522666917518,1.2507187440248342,1.2759857893586695,1.0,1.0,WIN,1,-0.471003824993768,True,-1.0,0.49077554281241076,0.001,SYNTHETIC,2
2026-03-30 07:00:00,SHORT,1.2629751897346275,1.2503454378372811,1.275604941631974,1.0,1.0,WIN,1,-0.20251590183773682,True,-1.0,-0.00860778935082307,0.001,SYNTHETIC,3
2026-03-30 08:00:00,SHORT,1.2657846168282538,1.2531267706599714,1.2784424629965363,1.0,1.0,WIN,1,-0.2343250297359697,True,-1.0,0.6420161383844656,0.001,SYNTHETIC,3
2026-03-30 09:00:00,SHORT,1.2661027841756254,1.2534417563338691,1.2787638120173817,1.0,1.0,WIN,1,-0.22690653019901025,True,-0.576441865640187,1.5727633154437917,0.001,SYNTHETIC,3
2026-03-30 11:00:00,LONG,1.2654191030332045,1.2527649120028723,1.2780732940635366,1.0,1.0,WIN,1,0.43844463948061324,True,0.7991612558291686,1.3302872376732324,0.001,SYNTHETIC,7
2026-03-30 12:00:00,LONG,1.26564385729761,1.252987418724634,1.2783002958705862,1.0,1.0,WIN,1,0.40023748899324907,True,0.8890620859487474,1.7332951673098362,0.001,SYNTHETIC,7
2026-03-30 14:00:00,SHORT,1.2643608382005496,1.2517172298185442,1.277004446582555,1.0,1.0,WIN,1,-0.01653860386063516,True,-0.714368114613162,3.7141552572982306,0.001,SYNTHETIC,4
2026-03-30 17:00:00,LONG,1.2663332269628114,1.2536698946931832,1.2789965592324395,1.0,1.0,WIN,1,0.660577576634976,True,0.4644651817064896,1.687153977426946,0.001,SYNTHETIC,8
2026-03-30 18:00:00,LONG,1.267370184718507,1.2546964828713218,1.2800438865656922,1.0,1.0,WIN,1,0.03282949084090164,True,0.4196469026094657,1.4725098818486886,0.001,SYNTHETIC,5
2026-03-30 19:00:00,LONG,1.2667274636397325,1.2540601890033352,1.27939473827613,1.0,1.0,WIN,1,0.42949335323927046,True,0.9236481080737142,1.716142364641221,0.001,SYNTHETIC,7
2026-03-30 20:00:00,LONG,1.2668351786625243,1.254166826875899,1.2795035304491496,1.0,1.0,WIN,1,0.6769335666181483,True,0.7397217758953445,0.1736218157897381,0.001,SYNTHETIC,9
2026-03-30 21:00:00,LONG,1.2677030958386983,1.2550260648803113,1.2803801267970853,1.0,1.0,WIN,1,0.4104448104314673,True,0.6888060058291813,-2.1134133340794037,0.001,SYNTHETIC,7
2026-03-31 02:00:00,SHORT,1.2659865043116734,1.2533266392685567,1.27864636935479,1.0,1.0,LOSS,1,0.1204432322864778,False,-0.5496869330128151,-0.0013629913489159318,0.001,SYNTHETIC,5
2026-03-31 03:00:00,SHORT,1.2649179296289752,1.2522687503326855,1.277567108925265,1.0,1.0,WIN,1,-1.0,True,-1.0,1.7523428835606611,0.001,SYNTHETIC,0
2026-03-31 04:00:00,SHORT,1.264274267172846,1.2516315245011176,1.2769170098445743,1.0,1.0,WIN,1,-0.6827343098810588,True,-0.7053533889616276,-1.9459567619855023,0.001,SYNTHETIC,0
2026-03-31 05:00:00,SHORT,1.264181505945023,1.2515396908855727,1.2768233210044733,1.0,1.0,WIN,1,-0.27362432693030464,True,-0.7260283369542008,0.6192672498262652,0.001,SYNTHETIC,3
2026-03-31 06:00:00,SHORT,1.2646465250295909,1.2520000597792948,1.2772929902798869,1.0,1.0,LOSS,1,-0.6201336278429322,True,-1.0,2.4762572634097997,0.001,SYNTHETIC,1
2026-03-31 07:00:00,SHORT,1.265110300958226,1.252459197948644,1.2777614039678082,1.0,1.0,WIN,1,-0.3619650831335077,True,-0.6790809943254776,2.4987774112369303,0.001,SYNTHETIC,2
2026-03-31 09:00:00,LONG,1.2658027342164113,1.2531447068742472,1.2784607615585755,1.0,1.0,WIN,1,-0.15751702631721876,False,0.39950751224179526,0.9604224675687978,0.001,SYNTHETIC,4
2026-03-31 11:00:00,SHORT,1.263064398118719,1.2504337541375319,1.2756950420999063,1.0,1.0,WIN,1,-0.28602041765478,True,-0.7113140645946123,-0.2750577405552722,0.001,SYNTHETIC,3
2026-03-31 12:00:00,SHORT,1.2624626828606844,1.2498380560320776,1.2750873096892912,1.0,1.0,WIN,1,-0.6278852876948107,True,-0.8559708042965534,-0.09891683239526705,0.001,SYNTHETIC,1
2026-03-31 13:00:00,SHORT,1.260411325902057,1.2478072126430364,1.2730154391610777,1.0,1.0,LOSS,1,-0.09768984231164951,True,-1.0,0.6829602186839386,0.001,SYNTHETIC,4
2026-03-31 14:00:00,SHORT,1.2597410202581263,1.247143610055545,1.2723384304607075,1.0,1.0,WIN,1,-0.5575841466298355,True,-1.0,0.12716275890621553,0.001,SYNTHETIC,1
2026-03-31 15:00:00,SHORT,1.261849577079891,1.249231081309092,1.2744680728506899,1.0,1.0,WIN,1,-0.17420739899732868,True,-0.7796655438587556,2.6767031592358057,0.001,SYNTHETIC,3
2026-03-31 16:00:00,SHORT,1.2621522445993092,1.249530722153316,1.2747737670453023,1.0,1.0,WIN,1,-0.07877323483560023,True,-0.42325747125546476,0.81323849192881,0.001,SYNTHETIC,4
2026-03-31 19:00:00,SHORT,1.2593852747478327,1.2467914220003544,1.271979127495311,1.0,1.0,WIN,1,0.2030205490228422,False,-0.30492372252694394,-1.1213119217592638,0.001,SYNTHETIC,6
2026-03-31 20:00:00,SHORT,1.2591732826779516,1.246581549851172,1.271765015504731,1.0,1.0,WIN,1,-0.7936727230091428,True,-1.0,-0.44400851481683745,0.001,SYNTHETIC,0
2026-03-31 21:00:00,SHORT,1.2588821954632454,1.246293373508613,1.2714710174178778,1.0,1.0,WIN,1,-0.6211274166436234,True,-1.0,-0.16721884746305316,0.001,SYNTHETIC,1
2026-03-31 22:00:00,SHORT,1.2596070999213014,1.2470110289220884,1.2722031709205144,1.0,1.0,WIN,1,-0.4733582568753871,True,-0.8562110488108298,0.9105805338143291,0.001,SYNTHETIC,2
2026-04-01 00:00:00,SHORT,1.258818444712569,1.2462302602654434,1.2714066291596946,1.0,1.0,WIN,1,0.13770154913504434,False,-0.3017720992533224,1.0316247364849391,0.001,SYNTHETIC,5
2026-04-01 04:00:00,LONG,1.2623042409785947,1.2496811985688088,1.2749272833883807,1.0,1.0,WIN,1,0.5148177988078055,True,0.6692441744835401,0.22123170544130794,0.001,SYNTHETIC,8
2026-04-01 05:00:00,LONG,1.2608575395992976,1.2482489642033046,1.2734661149952906,1.0,1.0,WIN,1,0.13410415968677836,True,0.7095505869619497,0.9541992936055395,0.001,SYNTHETIC,5
2026-04-01 07:00:00,SHORT,1.2582466313058271,1.2456641649927689,1.2708290976188854,1.0,1.0,WIN,1,-0.4787853775013953,True,-0.463350889882839,0.46007603003444975,0.001,SYNTHETIC,2
2026-04-01 08:00:00,SHORT,1.2578650661473134,1.2452864154858403,1.2704437168087865,1.0,1.0,WIN,1,-0.5147659250564645,True,-1.0,2.0085300744477528,0.001,SYNTHETIC,1
2026-04-01 09:00:00,SHORT,1.258232908193798,1.24565057911186,1.270815237275736,1.0,1.0,WIN,1,-0.8738161325511267,True,-1.0,0.5259398235741519,0.001,SYNTHETIC,0
2026-04-01 10:00:00,SHORT,1.2598169880330286,1.2472188181526982,1.272415157913359,1.0,1.0,WIN,1,-0.3047121076128072,True,-0.6638760435230951,1.4005555157041676,0.001,SYNTHETIC,3
2026-04-01 11:00:00,SHORT,1.2589416101201156,1.2463521940189144,1.2715310262213169,1.0,1.0,WIN,1,-0.21680849372182856,True,-0.35609800156945254,0.5635174275312331,0.001,SYNTHETIC,3
2026-04-01 14:00:00,SHORT,1.2567943855156374,1.244226441660481,1.2693623293707939,1.0,1.0,WIN,1,-1.0,True,-0.3442105209966532,0.49220628286448387,0.001,SYNTHETIC,0
2026-04-01 16:00:00,SHORT,1.2569670361147516,1.244397365753604,1.2695367064758991,1.0,1.0,WIN,1,0.06072740218129136,False,-0.5229533828450176,0.9721617196842933,0.001,SYNTHETIC,5
2026-04-01 17:00:00,SHORT,1.2573437983236353,1.244770360340399,1.2699172363068716,1.0,1.0,WIN,1,-0.7230992684888102,True,-0.311803763720818,1.446611682800932,0.001,SYNTHETIC,0
2026-04-01 18:00:00,LONG,1.2590376187088335,1.2464472425217452,1.2716279948959217,1.0,1.0,LOSS,1,-0.1622622248510531,False,0.46884764217391245,1.8612453540872798,0.001,SYNTHETIC,4
2026-04-01 19:00:00,LONG,1.2594749094563145,1.2468801603617512,1.2720696585508777,1.0,1.0,WIN,1,0.3611471305976317,True,0.8205369815591722,0.6270585048641223,0.001,SYNTHETIC,7
2026-04-01 21:00:00,LONG,1.2586092358699548,1.2460231435112552,1.2711953282286543,1.0,1.0,WIN,1,-0.1236987848866867,False,0.39380609046670173,0.5476920832704324,0.001,SYNTHETIC,4
2026-04-02 00:00:00,SHORT,1.2572127697478013,1.2446406420503233,1.2697848974452792,1.0,1.0,LOSS,1,-0.9224818668669665,True,-0.9529288012951442,3.8041730862907253,0.001,SYNTHETIC,0
2026-04-02 02:00:00,SHORT,1.25700407062495,1.2444340299187004,1.2695741113311994,1.0,1.0,WIN,1,0.3235246948630017,False,-0.6779952723122353,-0.058573361399015506,0.001,SYNTHETIC,7
2026-04-02 03:00:00,SHORT,1.2563418500440684,1.2437784315436278,1.268905268544509,1.0,1.0,WIN,1,-0.01800998097849882,True,-0.7130053946946002,0.3793310727021807,0.001,SYNTHETIC,4
2026-04-02 04:00:00,SHORT,1.255466563287811,1.242911897654933,1.2680212289206891,1.0,1.0,WIN,1,-0.635490003818605,True,-1.0,2.5324257850250493,0.001,SYNTHETIC,1
2026-04-02 06:00:00,SHORT,1.2547360267022791,1.2421886664352564,1.2672833869693019,1.0,1.0,WIN,1,-0.6465593186290964,True,-1.0,0.9553617926868683,0.001,SYNTHETIC,1
2026-04-02 07:00:00,SHORT,1.255246161443799,1.2426936998293612,1.267798623058237,1.0,1.0,LOSS,1,-0.25224311917142217,True,-0.8107602768175948,0.7384200801542662,0.001,SYNTHETIC,3
2026-04-02 10:00:00,SHORT,1.2555685755828832,1.2430128898270543,1.268124261338712,1.0,1.0,WIN,1,-0.06870803563395089,True,-0.41065657538459976,0.14989385643003783,0.001,SYNTHETIC,4
2026-04-02 13:00:00,SHORT,1.2547733224819797,1.2422255892571599,1.2673210557067995,1.0,1.0,WIN,1,-0.06345348834020537,True,-0.8672553032349674,3.792552206812145,0.001,SYNTHETIC,4
2026-04-02 14:00:00,SHORT,1.2536837240212308,1.2411468867810185,1.2662205612614432,1.0,1.0,WIN,1,-0.37644850959834275,True,-0.5654466166899781,1.138319717789547,0.001,SYNTHETIC,2
2026-04-02 15:00:00,SHORT,1.2542961491096725,1.2417531876185757,1.2668391106007693,1.0,1.0,WIN,1,-0.407323476849312,True,-0.44084070927245805,-0.20519884624340992,0.001,SYNTHETIC,2
2026-04-02 16:00:00,LONG,1.2560639595737848,1.243503319978047,1.2686245991695226,1.0,1.0,WIN,1,-0.28895245348742177,False,0.5851237764743108,2.3832018718696872,0.001,SYNTHETIC,3
2026-04-02 17:00:00,LONG,1.2561412864276071,1.243579873563331,1.2687026992918833,1.0,1.0,WIN,1,0.186339205456974,True,0.32935939650917767,-1.0425816026120058,0.001,SYNTHETIC,6
2026-04-02 18:00:00,LONG,1.2558268824671643,1.2432686136424926,1.268385151291836,1.0,1.0,WIN,1,0.4244903927812436,True,0.6215525667486231,0.2858648104096816,0.001,SYNTHETIC,7
2026-04-02 19:00:00,LONG,1.2549307342783425,1.242381426935559,1.2674800416211258,1.0,1.0,WIN,1,0.0853244613548022,True,0.3506521601459278,-1.8554557615742813,0.001,SYNTHETIC,5
2026-04-02 21:00:00,SHORT,1.2542567267308913,1.2417141594635823,1.2667992939982002,1.0,1.0,WIN,1,-0.027848075361502356,True,-0.8017382146288838,-0.4008934886398998,0.001,SYNTHETIC,4
2026-04-03 01:00:00,LONG,1.2546936061804745,1.2421466701186699,1.2672405422422792,1.0,1.0,WIN,1,0.06320965727090505,True,0.551359790470624,0.07871519456578216,0.001,SYNTHETIC,5
2026-04-03 03:00:00,SHORT,1.2541034778791582,1.2415624431003667,1.2666445126579498,1.0,1.0,WIN,1,-0.2786125158574254,True,-0.5288167838613763,-0.5117266747311944,0.001,SYNTHETIC,3
2026-04-03 04:00:00,SHORT,1.254207028440307,1.241664958155904,1.26674909872471,1.0,1.0,WIN,1,-0.32536960062152126,True,-0.3092767342359097,3.265185240612653,0.001,SYNTHETIC,2
2026-04-03 05:00:00,SHORT,1.2546420856540408,1.2420956647975003,1.2671885065105812,1.0,1.0,WIN,1,-0.332948623506902,True,-0.36618823275610024,0.4963782297899759,0.001,SYNTHETIC,2
2026-04-03 06:00:00,SHORT,1.2540352933095922,1.2414949403764963,1.266575646242688,1.0,1.0,WIN,1,-0.2835254868788195,True,-0.5604026580770567,2.0764118677712666,0.001,SYNTHETIC,3
2026-04-03 08:00:00,SHORT,1.2531223942584355,1.2405911703158512,1.2656536182010198,1.0,1.0,WIN,1,-0.22861152373457172,True,-0.36091533621419036,1.4101816775613683,0.001,SYNTHETIC,3
2026-04-03 09:00:00,SHORT,1.2530151269084764,1.2404849756393916,1.2655452781775611,1.0,1.0,LOSS,1,-0.13992175098590307,True,-0.7541632000784727,1.1955937461209265,0.001,SYNTHETIC,4
2026-04-03 10:00:00,LONG,1.2550270532197887,1.2424767826875909,1.2675773237519865,1.0,1.0,WIN,1,0.29339604679666353,True,0.3063654274856981,1.3980613593125324,0.001,SYNTHETIC,6
2026-04-03 11:00:00,LONG,1.2546715181239765,1.2421248029427367,1.2672182333052162,1.0,1.0,WIN,1,-0.06363115714591958,False,0.3997411098167451,1.4221100541240577,0.001,SYNTHETIC,4
2026-04-03 14:00:00,LONG,1.2542661007054248,1.2417234396983705,1.266808761712479,1.0,1.0,WIN,1,-0.20529382515675249,False,0.391514942483856,0.5658608886875942,0.001,SYNTHETIC,3
2026-04-03 15:00:00,SHORT,1.2538061228310662,1.2412680616027556,1.2663441840593768,1.0,1.0,LOSS,1,-0.4316025649284848,True,-0.5547218163773339,-0.6997375167569948,0.001,SYNTHETIC,2
2026-04-03 16:00:00,SHORT,1.2527100796952382,1.2401829788982859,1.2652371804921905,1.0,1.0,LOSS,1,0.09359258562681566,False,-0.7208748787851995,0.38234717775639915,0.001,SYNTHETIC,5
2026-04-03 18:00:00,LONG,1.254977019639003,1.242427249442613,1.2675267898353932,1.0,1.0,WIN,1,0.188638131718386,True,0.837147863089244,2.5936808294204554,0.001,SYNTHETIC,6
2026-04-03 20:00:00,SHORT,1.2529467447789093,1.2404172773311202,1.2654762122266985,1.0,1.0,WIN,1,-0.4895485053738141,True,-0.4207266189119058,-1.4214697761169854,0.001,SYNTHETIC,1
2026-04-03 22:00:00,SHORT,1.2528204676683672,1.2402922629916835,1.2653486723450509,1.0,1.0,WIN,1,0.08682411908398541,False,-0.5640431709160487,1.7066082522674022,0.001,SYNTHETIC,5
2026-04-03 23:00:00,SHORT,1.2535579493623314,1.2410223698687082,1.2660935288559547,1.0,1.0,WIN,1,-0.21404066425410292,True,-0.8248721642683977,1.9948889589569978,0.001,SYNTHETIC,3
2026-04-04 00:00:00,SHORT,1.2510357096576739,1.238525352561097,1.2635460667542506,1.0,1.0,WIN,1,-0.5390176557579159,True,-1.0,2.5778259880591845,0.001,SYNTHETIC,1
2026-04-04 02:00:00,SHORT,1.2506791977230063,1.2381724057457761,1.2631859897002364,1.0,1.0,LOSS,1,-0.4098199996312499,True,-1.0,1.3832901213467874,0.001,SYNTHETIC,2
2026-04-04 03:00:00,SHORT,1.2511681999852964,1.2386565179854434,1.2636798819851494,1.0,1.0,WIN,1,-0.6444132628679217,True,-0.5771110762925479,-0.22670433194197026,0.001,SYNTHETIC,1
2026-04-04 04:00:00,SHORT,1.25191623510318,1.2393970727521482,1.264435397454212,1.0,1.0,WIN,1,-1.0,True,-0.8984662064614414,1.758645745402295,0.001,SYNTHETIC,0
2026-04-04 05:00:00,SHORT,1.2499185002677975,1.2374193152651196,1.2624176852704754,1.0,1.0,WIN,1,-0.40764832958571706,True,-0.47488956814705996,1.5948686734437516,0.001,SYNTHETIC,2
2026-04-04 06:00:00,SHORT,1.2499195427634449,1.2374203473358103,1.2624187381910794,1.0,1.0,WIN,1,-0.1745225492305162,True,-1.0,0.9967937017484342,0.001,SYNTHETIC,3
2026-04-04 08:00:00,SHORT,1.2498409461264863,1.2373425366652215,1.2623393555877511,1.0,1.0,WIN,1,-0.10360729518942491,True,-0.48327290938839623,-0.6033583515040495,0.001,SYNTHETIC,4
2026-04-04 10:00:00,LONG,1.2526823336829378,1.2401555103461084,1.2652091570197672,1.0,1.0,LOSS,1,-0.023550452826049173,False,0.9689992711165412,0.03675038297932742,0.001,SYNTHETIC,4
2026-04-04 11:00:00,LONG,1.2510757492770581,1.2385649917842876,1.2635865067698286,1.0,1.0,WIN,1,0.12268852888282555,True,0.489214473989441,1.542185108673091,0.001,SYNTHETIC,5
2026-04-04 12:00:00,LONG,1.2527673281603107,1.2402396548787076,1.2652950014419138,1.0,1.0,WIN,1,0.5456824144914316,True,0.8760372307149163,1.8097216895264672,0.001,SYNTHETIC,8
2026-04-04 13:00:00,LONG,1.2531679028377414,1.240636223809364,1.2656995818661188,1.0,1.0,WIN,1,0.2019665269449495,True,0.876220807192519,-0.8930146959844503,0.001,SYNTHETIC,6
2026-04-04 15:00:00,SHORT,1.2496138090894933,1.2371176709985983,1.2621099471803883,1.0,1.0,LOSS,1,-0.38247587237086655,True,-1.0,-0.3920257502704245,0.001,SYNTHETIC,2
2026-04-04 16:00:00,SHORT,1.2496412545350055,1.2371448419896554,1.2621376670803557,1.0,1.0,WIN,1,-0.24615732758799036,True,-0.5358926546617685,1.3689028906873522,0.001,SYNTHETIC,3
2026-04-04 17:00:00,SHORT,1.250229113785348,1.2377268226474947,1.2627314049232015,1.0,1.0,WIN,1,-0.09775063003277401,True,-0.823647104620377,1.9886463127502603,0.001,SYNTHETIC,4
2026-04-04 18:00:00,SHORT,1.2503418178693237,1.2378383996906306,1.262845236048017,1.0,1.0,WIN,1,-0.34433070197119814,True,-0.9188639518404838,0.8145945947033228,0.001,SYNTHETIC,2
2026-04-04 22:00:00,SHORT,1.2478880611350955,1.2354091805237446,1.2603669417464465,1.0,1.0,WIN,1,0.004694042847471047,False,-0.7936609602134828,0.8740872477777727,0.001,SYNTHETIC,4
2026-04-04 23:00:00,SHORT,1.2484281185725996,1.2359438373868736,1.2609123997583256,1.0,1.0,WIN,1,-0.4368083197188953,True,-0.589501261268407,-0.343674881504354,0.001,SYNTHETIC,2
2026-04-05 00:00:00,SHORT,1.2496564346117855,1.2371598702656676,1.2621529989579034,1.0,1.0,LOSS,1,-0.943554374723562,True,-0.8475674680083071,0.6614040003683674,0.001,SYNTHETIC,0
2026-04-05 01:00:00,SHORT,1.2492292953005155,1.2367370023475104,1.2617215882535207,1.0,1.0,LOSS,1,-0.07738755150492599,True,-0.4191152451045649,-2.4633902230020523,0.001,SYNTHETIC,4
2026-04-05 02:00:00,SHORT,1.2457803452095433,1.2333225417574478,1.2582381486616387,1.0,1.0,WIN,1,-0.7266794745031997,True,-1.0,2.1567618384367075,0.001,SYNTHETIC,0
2026-04-05 03:00:00,SHORT,1.2464591152718565,1.233994524119138,1.258923706424575,1.0,1.0,WIN,1,-0.830125819649167,True,-0.889070847553353,0.16947333531074205,0.001,SYNTHETIC,0
2026-04-05 04:00:00,SHORT,1.245985752298745,1.2335258947757575,1.2584456098217325,1.0,1.0,WIN,1,-0.42346404643320507,True,-0.8582099005619133,-0.23165838431677432,0.001,SYNTHETIC,2
2026-04-05 05:00:00,SHORT,1.2468322598199606,1.234363937221761,1.2593005824181602,1.0,1.0,WIN,1,-0.2081397074575091,True,-1.0,1.812860393365245,0.001,SYNTHETIC,3
2026-04-05 06:00:00,SHORT,1.2483125910540425,1.235829465143502,1.260795716964583,1.0,1.0,WIN,1,-0.3579481078154746,True,-0.37156789183433797,-0.8912714571256684,0.001,SYNTHETIC,2
2026-04-05 08:00:00,LONG,1.246914386964566,1.2344452430949204,1.2593835308342116,1.0,1.0,WIN,1,0.4364250281044407,True,0.46370185838342187,2.860259149821196,0.001,SYNTHETIC,7
2026-04-05 09:00:00,LONG,1.24848836336128,1.236003479727667,1.2609732469948929,1.0,1.0,LOSS,1,0.626048915570072,True,0.7770199349401667,3.7440249986921224,0.001,SYNTHETIC,8
2026-04-05 11:00:00,SHORT,1.2469546549799222,1.234485108430123,1.2594242015297215,1.0,1.0,WIN,1,-0.5875532360348186,True,-0.5024572373096061,1.484756743682004,0.001,SYNTHETIC,1
2026-04-05 13:00:00,SHORT,1.2457322698283855,1.2332749471301017,1.2581895925266693,1.0,1.0,WIN,1,-0.05306427869531899,True,-0.5807133606641198,0.22860697251718065,0.001,SYNTHETIC,4
2026-04-05 14:00:00,SHORT,1.245596672635123,1.2331407059087718,1.2580526393614744,1.0,1.0,WIN,1,-0.26433310724532166,True,-0.9291021072931304,0.4468832821215276,0.001,SYNTHETIC,3
2026-04-05 15:00:00,SHORT,1.2456578514784005,1.2332012729636164,1.2581144299931846,1.0,1.0,WIN,1,-0.48396797693681903,True,-0.39364559345343725,3.329505064458484,0.001,SYNTHETIC,2
2026-04-05 16:00:00,SHORT,1.2447777790928214,1.2323300013018932,1.2572255568837496,1.0,1.0,WIN,1,0.23798458436452885,False,-0.8036172470771239,-0.880461315052772,0.001,SYNTHETIC,6
2026-04-05 17:00:00,SHORT,1.2443974689831074,1.2319534942932764,1.2568414436729385,1.0,1.0,WIN,1,-0.6130732252225376,True,-0.580328070492776,3.561324750702563,0.001,SYNTHETIC,1
2026-04-05 18:00:00,SHORT,1.243620700517695,1.231184493512518,1.2560569075228718,1.0,1.0,WIN,1,-0.1972282651481107,True,-0.9941349811166571,-0.19598593481970894,0.001,SYNTHETIC,3
2026-04-05 19:00:00,SHORT,1.2426824474419917,1.2302556229675718,1.2551092719164116,1.0,1.0,WIN,1,-0.04410036823843677,True,-1.0,2.7268146397600272,0.001,SYNTHETIC,4
2026-04-05 20:00:00,SHORT,1.2428812327671874,1.2304524204395155,1.2553100450948593,1.0,1.0,WIN,1,-0.4670727182019907,True,-1.0,0.73781939573983,0.001,SYNTHETIC,2
2026-04-05 21:00:00,SHORT,1.2417776208922706,1.2293598446833478,1.2541953971011934,1.0,1.0,WIN,1,-0.7309171530742493,True,-1.0,2.2288778545639283,0.001,SYNTHETIC,0
2026-04-05 22:00:00,SHORT,1.2423360847095317,1.2299127238624363,1.254759445556627,1.0,1.0,WIN,1,-0.724363408234504,True,-1.0,2.6384897742052846,0.001,SYNTHETIC,0
2026-04-05 23:00:00,SHORT,1.2422505461540054,1.2298280406924653,1.2546730516155455,1.0,1.0,WIN,1,-0.275998433324406,True,-0.3947427464310876,1.8126963843554724,0.001,SYNTHETIC,3
2026-04-06 00:00:00,SHORT,1.2414023155495395,1.228988292394044,1.253816338705035,1.0,1.0,WIN,1,-0.004221907303886163,True,-0.6569662814485923,-0.31933865985712057,0.001,SYNTHETIC,4
2026-04-06 01:00:00,SHORT,1.2398735450146734,1.2274748095645267,1.25227228046482,1.0,1.0,WIN,1,-0.8599627438099543,True,-1.0,-0.07367592607737794,0.001,SYNTHETIC,0
2026-04-06 03:00:00,SHORT,1.240247020996563,1.2278445507865974,1.2526494912065287,1.0,1.0,WIN,1,-0.35450108158596627,True,-0.9262351575135147,0.26390010837553435,0.001,SYNTHETIC,2
2026-04-06 04:00:00,SHORT,1.2394135797517838,1.2270194439542659,1.2518077155493017,1.0,1.0,WIN,1,-0.3255161746222759,True,-1.0,1.1673324087726662,0.001,SYNTHETIC,2
2026-04-06 05:00:00,SHORT,1.2399919982090981,1.227592078227007,1.2523919181911891,1.0,1.0,LOSS,1,0.38778239548360904,False,-0.4052168771123428,-0.34212576756841406,0.001,SYNTHETIC,7
2026-04-06 07:00:00,SHORT,1.2397144108193534,1.2273172667111598,1.252111554927547,1.0,1.0,WIN,1,-0.23897121031507437,True,-0.39705845345280566,0.33556778613366134,0.001,SYNTHETIC,3
2026-04-06 09:00:00,LONG,1.2405708018429706,1.228165093824541,1.2529765098614003,1.0,1.0,WIN,1,0.3050599613823276,True,0.5376026222030161,2.368923396484371,0.001,SYNTHETIC,6
2026-04-06 10:00:00,LONG,1.2422417829643015,1.2298193651346585,1.2546642007939446,1.0,1.0,WIN,1,0.4413682432815428,True,1.0,1.6466370085785,0.001,SYNTHETIC,7
2026-04-06 11:00:00,LONG,1.2428637826230753,1.2304351447968445,1.2552924204493061,1.0,1.0,WIN,1,0.7369716490788624,True,1.0,1.6837273560591992,0.001,SYNTHETIC,9
2026-04-06 12:00:00,LONG,1.2435747146217984,1.2311389674755804,1.2560104617680163,1.0,1.0,WIN,1,0.32018331073802053,True,1.0,1.5518339539158919,0.001,SYNTHETIC,7
2026-04-06 13:00:00,LONG,1.2428136876410607,1.2303855507646502,1.2552418245174712,1.0,1.0,WIN,1,0.7554232525862445,True,1.0,1.1990386704235734,0.001,SYNTHETIC,9
2026-04-06 16:00:00,SHORT,1.2420494193250091,1.229628925131759,1.2544699135182593,1.0,1.0,LOSS,1,-0.31000339807677346,True,-0.45585398480614875,0.7979967782890065,0.001,SYNTHETIC,3
2026-04-06 18:00:00,LONG,1.2437661699093507,1.2313285082102572,1.2562038316084443,1.0,1.0,WIN,1,0.3696860899474913,True,0.6885523978672407,2.565076917722934,0.001,SYNTHETIC,7
2026-04-06 19:00:00,LONG,1.2425986816455046,1.2301726948290495,1.2550246684619597,1.0,1.0,WIN,1,-0.3139117435799236,False,0.4117133184629796,2.048869605355786,0.001,SYNTHETIC,3
2026-04-06 20:00:00,LONG,1.2434243862228338,1.2309901423606056,1.255858630085062,1.0,1.0,WIN,1,0.4000698792369375,True,0.6306874461340489,2.1433546969384056,0.001,SYNTHETIC,7
2026-04-06 22:00:00,SHORT,1.2421783959757149,1.2297566120159578,1.254600179935472,1.0,1.0,WIN,1,-0.3632388083591641,True,-0.6857001850194379,1.1094025121951254,0.001,SYNTHETIC,2
2026-04-06 23:00:00,SHORT,1.2420674596119048,1.2296467850157857,1.2544881342080239,1.0,1.0,WIN,1,-0.2939620592902945,True,-0.8497693191034442,2.6946103744942085,0.001,SYNTHETIC,3
2026-04-07 00:00:00,LONG,1.243585441774124,1.2311495873563827,1.256021296191865,1.0,1.0,WIN,1,0.3571994080551381,True,0.591880334941824,-1.1121008573059816,0.001,SYNTHETIC,7
2026-04-07 01:00:00,LONG,1.2466331520290819,1.234166820508791,1.2590994835493727,1.0,1.0,WIN,1,0.41209981900061854,True,1.0,0.6856610224325518,0.001,SYNTHETIC,7
2026-04-07 02:00:00,LONG,1.2475530040775333,1.235077474036758,1.2600285341183086,1.0,1.0,WIN,1,1.0,True,1.0,2.1560814921298803,0.001,SYNTHETIC,9
2026-04-07 03:00:00,LONG,1.2473849700552027,1.2349111203546506,1.2598588197557548,1.0,1.0,WIN,1,0.6179932080657329,True,1.0,0.1454181877758136,0.001,SYNTHETIC,8
2026-04-07 04:00:00,LONG,1.2476792257995004,1.2352024335415055,1.2601560180574953,1.0,1.0,WIN,1,0.7315724261932632,True,1.0,1.6312912087599178,0.001,SYNTHETIC,9
2026-04-07 05:00:00,LONG,1.2488762644548077,1.2363875018102597,1.2613650270993557,1.0,1.0,WIN,1,0.8219239231917778,True,1.0,0.6434528829519608,0.001,SYNTHETIC,9
2026-04-07 06:00:00,LONG,1.2483858256872555,1.235901967430383,1.260869683944128,1.0,1.0,WIN,1,0.4197845102683151,True,0.4386793931113764,0.9585661355930626,0.001,SYNTHETIC,7
2026-04-07 07:00:00,LONG,1.2497294981352025,1.2372322031538505,1.2622267931165545,1.0,1.0,WIN,1,1.0,True,0.9311592529643786,2.310776983180462,0.001,SYNTHETIC,9
2026-04-07 08:00:00,LONG,1.2494849198540006,1.2369900706554606,1.2619797690525405,1.0,1.0,WIN,1,0.5498020654463589,True,1.0,1.460590354985649,0.001,SYNTHETIC,8
2026-04-07 09:00:00,LONG,1.249750690086049,1.2372531831851885,1.2622481969869097,1.0,1.0,WIN,1,0.49791159624918163,True,1.0,0.7451374526816399,0.001,SYNTHETIC,8
2026-04-07 10:00:00,LONG,1.2506035226873238,1.2380974874604505,1.263109557914197,1.0,1.0,WIN,1,0.30455316533933185,True,0.998849583362633,0.4113230306836593,0.001,SYNTHETIC,6
2026-04-07 11:00:00,LONG,1.2512782676986183,1.238765485021632,1.2637910503756045,1.0,1.0,WIN,1,0.42311781903200546,True,1.0,1.5779626764091137,0.001,SYNTHETIC,7
2026-04-07 12:00:00,LONG,1.2523514509899498,1.2398279364800504,1.2648749654998492,1.0,1.0,WIN,1,0.23731778501795656,True,0.9133703114666104,0.7642304963455373,0.001,SYNTHETIC,6
2026-04-07 13:00:00,LONG,1.2512211713092838,1.2387089595961909,1.2637333830223767,1.0,1.0,WIN,1,0.48465504821262284,True,0.5629829486243221,-1.2598333575273526,0.001,SYNTHETIC,8
2026-04-07 15:00:00,SHORT,1.2491870470118847,1.2366951765417658,1.2616789174820036,1.0,1.0,WIN,1,-0.2800242101954309,True,-0.6043237223297384,2.4066806198422537,0.001,SYNTHETIC,3
2026-04-07 16:00:00,SHORT,1.249799448134485,1.2373014536531401,1.2622974426158298,1.0,1.0,WIN,1,-0.1302039126770809,True,-0.5961359859355869,-0.9626934546286035,0.001,SYNTHETIC,4
2026-04-07 17:00:00,SHORT,1.2505517039909815,1.2380461869510717,1.2630572210308912,1.0,1.0,WIN,1,-0.2651035449704944,True,-0.6204014218981213,0.46367355125047394,0.001,SYNTHETIC,3
2026-04-07 19:00:00,LONG,1.252141434685449,1.2396200203385943,1.2646628490323035,1.0,1.0,WIN,1,0.5859028960261143,True,0.752438843648638,0.7620959237493686,0.001,SYNTHETIC,8
2026-04-07 20:00:00,LONG,1.2524599367833718,1.239935337415538,1.2649845361512055,1.0,1.0,WIN,1,0.47439808743921585,True,1.0,2.5317977928783053,0.001,SYNTHETIC,8
2026-04-07 21:00:00,LONG,1.252841866272117,1.2403134476093958,1.2653702849348383,1.0,1.0,LOSS,1,-0.36181366493393496,False,1.0,-0.8927129719185556,0.001,SYNTHETIC,2
2026-04-07 22:00:00,LONG,1.2512211494837675,1.2387089379889298,1.2637333609786052,1.0,1.0,WIN,1,-0.030797390923093193,False,0.5284162325038455,1.784402737659878,0.001,SYNTHETIC,4
2026-04-08 04:00:00,SHORT,1.250506765953883,1.2380016982943443,1.263011833613422,1.0,1.0,WIN,1,-0.23418066620042824,True,-0.31227468115742113,-0.5894661647651912,0.001,SYNTHETIC,3
2026-04-08 05:00:00,SHORT,1.2501175597982976,1.2376163842003147,1.2626187353962806,1.0,1.0,WIN,1,-0.003148891738513071,True,-0.7475177437528086,2.2591353021598075,0.001,SYNTHETIC,4
2026-04-08 06:00:00,SHORT,1.2500186835383744,1.2375184967029906,1.2625188703737582,1.0,1.0,WIN,1,-0.23719097017364282,True,-0.7299310858845302,1.5448786120795446,0.001,SYNTHETIC,3
2026-04-08 07:00:00,SHORT,1.2508263249930227,1.2383180617430924,1.263334588242953,1.0,1.0,WIN,1,-0.16480937017606384,True,-0.3685877706843587,-0.5671013203335336,0.001,SYNTHETIC,4
2026-04-08 09:00:00,LONG,1.2517843301639453,1.2392664868623058,1.2643021734655848,1.0,1.0,WIN,1,0.6127662664243382,True,0.5208493321078519,0.9252164355740597,0.001,SYNTHETIC,8
2026-04-08 10:00:00,LONG,1.251687395328008,1.239170521374728,1.2642042692812883,1.0,1.0,WIN,1,0.6729112804617289,True,0.67260326879337,3.309747956369119,0.001,SYNTHETIC,9
2026-04-08 16:00:00,SHORT,1.2490689868990101,1.23657829703002,1.2615596767680002,1.0,1.0,WIN,1,-0.5698069361460196,True,-0.6028719637401139,-0.09136460860393869,0.001,SYNTHETIC,1
2026-04-08 17:00:00,SHORT,1.250620954231808,1.23811474468949,1.2631271637741261,1.0,1.0,WIN,1,-0.6539940584871021,True,-0.4373333005032406,2.12734873011848,0.001,SYNTHETIC,1
2026-04-08 18:00:00,SHORT,1.2498739435155906,1.2373752040804347,1.2623726829507464,1.0,1.0,WIN,1,-0.034057109068202585,True,-0.8092520849322805,0.7957328160011612,0.001,SYNTHETIC,4
2026-04-08 19:00:00,SHORT,1.2488606552583612,1.2363720487057777,1.2613492618109448,1.0,1.0,LOSS,1,-0.7161999872388034,True,-1.0,2.2717609981145586,0.001,SYNTHETIC,0
2026-04-08 20:00:00,SHORT,1.2492958049663743,1.2368028469167105,1.261788763016038,1.0,1.0,LOSS,1,-0.3104629129656409,True,-0.8633304979822568,-0.30104456712714267,0.001,SYNTHETIC,3
2026-04-08 23:00:00,LONG,1.250457833406209,1.237953255072147,1.2629624117402711,1.0,1.0,WIN,1,0.28689913709884074,True,0.3086550017761797,-0.5817791964646384,0.001,SYNTHETIC,6
2026-04-09 00:00:00,LONG,1.2504568807245118,1.2379523119172666,1.262961449531757,1.0,1.0,WIN,1,-0.08359818439316369,False,0.9500880867608787,1.2365232647015332,0.001,SYNTHETIC,4
2026-04-09 02:00:00,LONG,1.2511466184574551,1.2386351522728805,1.2636580846420298,1.0,1.0,WIN,1,0.26529800118624025,True,0.762886580535891,0.9820480617122432,0.001,SYNTHETIC,6
2026-04-09 03:00:00,LONG,1.2512297497225997,1.2387174522253737,1.2637420472198257,1.0,1.0,WIN,1,0.1564508968624344,True,0.4334584748943011,1.9833862548739936,0.001,SYNTHETIC,5
2026-04-09 06:00:00,SHORT,1.2486789013913482,1.2361921123774346,1.2611656904052617,1.0,1.0,WIN,1,-0.12816472336165888,True,-0.36583732932821056,-0.7876688624637549,0.001,SYNTHETIC,4
2026-04-09 07:00:00,SHORT,1.2492293573700146,1.2367370637963144,1.2617216509437148,1.0,1.0,WIN,1,-0.5424277442709506,True,-0.6975691819527243,0.628136609741528,0.001,SYNTHETIC,1
2026-04-09 08:00:00,SHORT,1.2485487225323029,1.2360632353069798,1.261034209757626,1.0,1.0,WIN,1,-0.6524433561459286,True,-1.0,1.2328377976745637,0.001,SYNTHETIC,1
2026-04-09 09:00:00,SHORT,1.246958442854457,1.2344888584259124,1.2594280272830014,1.0,1.0,WIN,1,-0.469614160073505,True,-1.0,1.4902658020376813,0.001,SYNTHETIC,2
2026-04-09 10:00:00,SHORT,1.245238409229174,1.2327860251368823,1.2576907933214656,1.0,1.0,WIN,1,-1.0,True,-1.0,1.6633155820130634,0.001,SYNTHETIC,0
2026-04-09 11:00:00,SHORT,1.2459766672105717,1.2335169005384659,1.2584364338826775,1.0,1.0,WIN,1,-0.9324492411511106,True,-1.0,1.306763533460106,0.001,SYNTHETIC,0
2026-04-09 12:00:00,SHORT,1.2456543144683447,1.2331977713236613,1.2581108576130282,1.0,1.0,LOSS,1,0.0009976288294054614,False,-1.0,2.1312219436607887,0.001,SYNTHETIC,4
2026-04-09 13:00:00,SHORT,1.2463873740781863,1.2339235003374045,1.2588512478189682,1.0,1.0,LOSS,1,-0.14915047305423673,True,-0.4949935127006184,-0.9677847567933173,0.001,SYNTHETIC,4
2026-04-09 16:00:00,SHORT,1.243569198989571,1.2311335069996752,1.2560048909794668,1.0,1.0,WIN,1,-0.5168948494839432,True,-1.0,2.861208443518561,0.001,SYNTHETIC,1
2026-04-09 17:00:00,SHORT,1.2447134770581374,1.232266342287556,1.2571606118287189,1.0,1.0,WIN,1,0.1057215457437006,False,-0.37967216358126216,2.3926031152124985,0.001,SYNTHETIC,5
2026-04-09 18:00:00,SHORT,1.244382543172416,1.231938717740692,1.25682636860414,1.0,1.0,LOSS,1,0.29176183139498224,False,-1.0,0.5799491775598115,0.001,SYNTHETIC,6
2026-04-09 19:00:00,SHORT,1.2436270954658755,1.2311908245112166,1.2560633664205343,1.0,1.0,WIN,1,0.06761692749870918,False,-1.0,3.2817117864354057,0.001,SYNTHETIC,5
2026-04-09 20:00:00,SHORT,1.2439426250124852,1.2315031987623604,1.25638205126261,1.0,1.0,WIN,1,-0.41982933507985887,True,-0.30749585808259666,0.9248155288381199,0.001,SYNTHETIC,2
2026-04-09 21:00:00,LONG,1.2439345643720057,1.2314952187282857,1.2563739100157256,1.0,1.0,WIN,1,0.03158836079760066,True,0.36065644042577555,0.5140538788304473,0.001,SYNTHETIC,5
2026-04-09 22:00:00,LONG,1.2450171202274483,1.2325669490251738,1.2574672914297227,1.0,1.0,WIN,1,-0.2848676622434835,False,0.31316421365503627,1.23927956414075,0.001,SYNTHETIC,3
2026-04-09 23:00:00,LONG,1.2466697096229271,1.2342030125266978,1.2591364067191564,1.0,1.0,WIN,1,0.23551964695476219,True,0.9760323338838952,0.11762981791987931,0.001,SYNTHETIC,6
2026-04-10 00:00:00,LONG,1.2462833026349642,1.2338204696086146,1.2587461356613139,1.0,1.0,WIN,1,0.43614705106257445,True,1.0,2.21105322977568,0.001,SYNTHETIC,7
2026-04-10 01:00:00,LONG,1.2443035863717065,1.2318605505079894,1.2567466222354235,1.0,1.0,WIN,1,0.11080085432675303,True,0.44188390662919236,1.3615615238469236,0.001,SYNTHETIC,5
2026-04-10 04:00:00,SHORT,1.2435355123456782,1.2311001572222213,1.255970867469135,1.0,1.0,WIN,1,-0.5135283347563692,True,-1.0,2.7264798954568867,0.001,SYNTHETIC,1
2026-04-10 05:00:00,SHORT,1.24325605618219,1.230823495620368,1.2556886167440118,1.0,1.0,WIN,1,-1.0,True,-1.0,3.233530532640141,0.001,SYNTHETIC,0
2026-04-10 06:00:00,SHORT,1.2426281242529675,1.2302018430104378,1.2550544054954973,1.0,1.0,WIN,1,-0.31843603045960955,True,-0.8354065292118593,0.8202848922683432,0.001,SYNTHETIC,3
2026-04-10 07:00:00,SHORT,1.2426183544826783,1.2301921709378516,1.255044538027505,1.0,1.0,WIN,1,-0.7444525638980175,True,-0.683881923390465,0.5896794421337622,0.001,SYNTHETIC,0
2026-04-10 08:00:00,SHORT,1.242583905672948,1.2301580666162184,1.2550097447296775,1.0,1.0,LOSS,1,-0.05754450166188163,True,-0.7766647883534384,0.4052618036529254,0.001,SYNTHETIC,4
2026-04-10 09:00:00,SHORT,1.2418685165005285,1.2294498313355233,1.2542872016655338,1.0,1.0,WIN,1,-0.43257083160132115,True,-0.6905261273934674,0.09257480670944462,0.001,SYNTHETIC,2
2026-04-10 10:00:00,SHORT,1.2415084366490734,1.2290933522825827,1.2539235210155641,1.0,1.0,WIN,1,-0.6155687192209542,True,-0.3899468774721727,0.07049597933641621,0.001,SYNTHETIC,1
2026-04-10 11:00:00,SHORT,1.2402140500148366,1.2278119095146882,1.252616190514985,1.0,1.0,WIN,1,-1.0,True,-0.9106629591603715,0.054995878277597,0.001,SYNTHETIC,0
2026-04-10 12:00:00,SHORT,1.2412987020882593,1.2288857150673766,1.253711689109142,1.0,1.0,WIN,1,-0.5554351249683005,True,-0.5236877567707982,3.0434056427588407,0.001,SYNTHETIC,1
2026-04-10 14:00:00,SHORT,1.240911994980677,1.2285028750308702,1.253321114930484,1.0,1.0,WIN,1,-0.15206117692303503,True,-0.5570305421399473,2.9628719963547057,0.001,SYNTHETIC,4
2026-04-10 15:00:00,SHORT,1.2402254227033573,1.2278231684763237,1.252627676930391,1.0,1.0,WIN,1,-0.571157751540474,True,-0.843252714376984,1.0086327024610526,0.001,SYNTHETIC,1
2026-04-10 16:00:00,SHORT,1.2384300810454367,1.2260457802349825,1.250814381855891,1.0,1.0,WIN,1,-0.22226088697010932,True,-1.0,0.45420632142639666,0.001,SYNTHETIC,3
2026-04-10 17:00:00,SHORT,1.2371068164692167,1.2247357483045245,1.249477884633909,1.0,1.0,WIN,1,-0.8407228678685212,True,-1.0,2.9149697072810086,0.001,SYNTHETIC,0
2026-04-10 18:00:00,SHORT,1.2369959851381336,1.2246260252867522,1.249365944989515,1.0,1.0,WIN,1,-1.0,True,-1.0,-1.7708660224502166,0.001,SYNTHETIC,0
2026-04-10 19:00:00,SHORT,1.2356691306197207,1.2233124393135235,1.248025821925918,1.0,1.0,WIN,1,-0.4152339047772502,True,-1.0,0.4319766880798377,0.001,SYNTHETIC,2
2026-04-10 20:00:00,SHORT,1.2352830329688465,1.222930202639158,1.247635863298535,1.0,1.0,WIN,1,-0.11297125619498488,True,-1.0,-0.9278401134263603,0.001,SYNTHETIC,4
2026-04-10 21:00:00,SHORT,1.2336631594505443,1.2213265278560388,1.2459997910450498,1.0,1.0,LOSS,1,-0.11019989790267704,True,-1.0,-0.8675192057843892,0.001,SYNTHETIC,4
2026-04-10 22:00:00,SHORT,1.2334737743253057,1.2211390365820527,1.2458085120685587,1.0,1.0,WIN,1,-0.8899427721846005,True,-1.0,0.03979079913669059,0.001,SYNTHETIC,0
2026-04-10 23:00:00,SHORT,1.233737575027141,1.2214001992768697,1.2460749507774125,1.0,1.0,WIN,1,-0.6634079561964674,True,-1.0,0.40431187144640895,0.001,SYNTHETIC,1
2026-04-11 00:00:00,SHORT,1.2333487410863662,1.2210152536755026,1.2456822284972298,1.0,1.0,WIN,1,-0.2828539952778478,True,-1.0,-0.03686778012069103,0.001,SYNTHETIC,3
2026-04-11 01:00:00,SHORT,1.2334549776231802,1.2211204278469485,1.245789527399412,1.0,1.0,WIN,1,-0.49944994292193157,True,-0.6226362210686007,1.4639425398011974,0.001,SYNTHETIC,1
2026-04-11 02:00:00,SHORT,1.232604303023373,1.2202782599931394,1.2449303460536068,1.0,1.0,WIN,1,-0.18552175713555263,True,-0.43427443063620147,1.5768652630550366,0.001,SYNTHETIC,3
2026-04-11 03:00:00,SHORT,1.2325504014884727,1.220224897473588,1.2448759055033574,1.0,1.0,WIN,1,-0.5293951372514121,True,-0.6289263370166549,-0.015226025849767566,0.001,SYNTHETIC,1
2026-04-11 05:00:00,LONG,1.235258782143575,1.2229061943221393,1.2476113699650107,1.0,1.0,WIN,1,0.16662568057202998,True,0.8710755519881143,0.7375092204791625,0.001,SYNTHETIC,6
2026-04-11 07:00:00,LONG,1.234424508317698,1.222080263234521,1.246768753400875,1.0,1.0,WIN,1,0.4198883362066189,True,0.8315070136347136,-0.7021857755707434,0.001,SYNTHETIC,7
2026-04-11 08:00:00,LONG,1.2351797347255358,1.2228279373782804,1.247531532072791,1.0,1.0,WIN,1,0.8815644915216674,True,1.0,2.8377065631849963,0.001,SYNTHETIC,9
2026-04-11 11:00:00,LONG,1.2362748391664358,1.2239120907747714,1.2486375875581002,1.0,1.0,WIN,1,0.7454204578876208,True,1.0,2.4786924328265316,0.001,SYNTHETIC,9
2026-04-11 13:00:00,SHORT,1.2345645065302115,1.2222188614649094,1.2469101515955137,1.0,1.0,WIN,1,-0.25194003871866566,True,-0.43158733825592205,0.5877468668931007,0.001,SYNTHETIC,3
2026-04-11 14:00:00,LONG,1.2357967247048205,1.2234387574577723,1.2481546919518687,1.0,1.0,WIN,1,1.0,True,0.45562941665661066,1.3375397232724986,0.001,SYNTHETIC,9
2026-04-11 17:00:00,LONG,1.236426413663334,1.2240621495267008,1.2487906777999673,1.0,1.0,WIN,1,0.2957831795017067,True,0.43074623523503325,0.10252900096360157,0.001,SYNTHETIC,6
2026-04-11 18:00:00,LONG,1.2371023834750932,1.2247313596403422,1.2494734073098441,1.0,1.0,WIN,1,0.1889625583338625,True,0.9673004626101831,1.079556651570694,0.001,SYNTHETIC,6
2026-04-11 20:00:00,LONG,1.236081585794152,1.2237207699362105,1.2484424016520936,1.0,1.0,WIN,1,0.3813027112054327,True,0.3271153675023023,0.005568961380470139,0.001,SYNTHETIC,7
2026-04-11 21:00:00,LONG,1.2370253720982414,1.224655118377259,1.2493956258192238,1.0,1.0,WIN,1,0.23327266358380255,True,0.5814535171271961,0.5154476659566721,0.001,SYNTHETIC,6
2026-04-11 22:00:00,LONG,1.2368549047894613,1.2244863557415666,1.249223453837356,1.0,1.0,WIN,1,-0.09191184372939426,False,0.34891212060710797,0.989363313586216,0.001,SYNTHETIC,4
2026-04-12 02:00:00,SHORT,1.236372362694102,1.224008639067161,1.2487360863210428,1.0,1.0,WIN,1,-0.019171850485718595,True,-0.3719531295262647,2.317093075354105,0.001,SYNTHETIC,4
2026-04-12 03:00:00,SHORT,1.2365127027844431,1.2241475757565987,1.2488778298122876,1.0,1.0,WIN,1,0.7296100067353483,False,-0.30235994202536487,1.4019707624577196,0.001,SYNTHETIC,9
2026-04-12 05:00:00,LONG,1.2371175342518326,1.2247463589093142,1.249488709594351,1.0,1.0,WIN,1,0.24332117493622724,True,0.668697726963241,-0.7975999431763214,0.001,SYNTHETIC,6
2026-04-12 06:00:00,LONG,1.2381238719301415,1.22574263321084,1.250505110649443,1.0,1.0,WIN,1,0.2988701009440598,True,0.6906056062501835,-0.7108852771752946,0.001,SYNTHETIC,6
2026-04-12 09:00:00,SHORT,1.23651455392944,1.2241494083901456,1.2488796994687343,1.0,1.0,WIN,1,-0.32040598177704177,True,-0.47500457651680406,2.1988437649603245,0.001,SYNTHETIC,3
2026-04-12 11:00:00,SHORT,1.236136616472283,1.22377525030756,1.2484979826370057,1.0,1.0,WIN,1,-0.1385725876635917,True,-0.6265102411626045,1.9227966180667262,0.001,SYNTHETIC,4
2026-04-12 15:00:00,SHORT,1.2349524543772585,1.222602929833486,1.2473019789210311,1.0,1.0,LOSS,1,-0.37551202525931837,True,-0.7681361416507231,3.0739137182246123,0.001,SYNTHETIC,2
2026-04-12 17:00:00,LONG,1.2375971682668403,1.225221196584172,1.2499731399495086,1.0,1.0,WIN,1,0.18086852317863236,True,0.7208251822117361,1.5618450922922245,0.001,SYNTHETIC,6
2026-04-12 19:00:00,LONG,1.236707935896687,1.22434085653772,1.249075015255654,1.0,1.0,LOSS,1,-0.03361860678579612,False,0.31613569691007093,1.6976605954654567,0.001,SYNTHETIC,4
2026-04-12 20:00:00,LONG,1.236356645872004,1.2239930794132838,1.248720212330724,1.0,1.0,WIN,1,0.7930577298612251,True,0.7690885859868516,-1.2635837343635286,0.001,SYNTHETIC,9
2026-04-13 00:00:00,SHORT,1.2361441154690094,1.2237826743143192,1.2485055566236996,1.0,1.0,WIN,1,-0.1972686242790038,True,-0.449841749501538,1.0672704214533746,0.001,SYNTHETIC,3
2026-04-13 01:00:00,SHORT,1.2353086145461736,1.2229555284007119,1.2476617006916353,1.0,1.0,WIN,1,-0.2643836115259627,True,-0.5254430797286457,0.30154617337671785,0.001,SYNTHETIC,3
2026-04-13 02:00:00,SHORT,1.2343534105714824,1.2220098764657676,1.2466969446771972,1.0,1.0,WIN,1,-0.7870808537927503,True,-1.0,0.6164926161901223,0.001,SYNTHETIC,0
2026-04-13 03:00:00,SHORT,1.233983044458868,1.2216432140142792,1.2463228749034567,1.0,1.0,WIN,1,-1.0,True,-1.0,-1.1843283724444493,0.001,SYNTHETIC,0
2026-04-13 04:00:00,SHORT,1.2336386424898733,1.2213022560649747,1.245975028914772,1.0,1.0,WIN,1,-0.7393101999323086,True,-1.0,2.6090138694004628,0.001,SYNTHETIC,0
2026-04-13 05:00:00,SHORT,1.2325899640331655,1.2202640643928337,1.2449158636734972,1.0,1.0,WIN,1,-0.5385552471995092,True,-1.0,3.3618306061214103,0.001,SYNTHETIC,1
2026-04-13 06:00:00,SHORT,1.2332712434924458,1.2209385310575214,1.2456039559273702,1.0,1.0,WIN,1,-0.6239900945918743,True,-0.805280270553254,-1.6673822054826262,0.001,SYNTHETIC,1
2026-04-13 09:00:00,LONG,1.2343718107479338,1.2220280926404545,1.246715528855413,1.0,1.0,WIN,1,0.7664575137299805,True,0.40877088244278925,2.8164048809550017,0.001,SYNTHETIC,9
2026-04-13 10:00:00,LONG,1.234404549444451,1.2220605039500065,1.2467485949388957,1.0,1.0,WIN,1,0.28488410737298236,True,0.9066647696834541,2.504557974174865,0.001,SYNTHETIC,6
2026-04-13 11:00:00,LONG,1.2353679188225013,1.2230142396342762,1.2477215980107264,1.0,1.0,WIN,1,0.4533264065845885,True,0.8222227339482427,1.3152523526853332,0.001,SYNTHETIC,7
2026-04-13 13:00:00,LONG,1.2368006576173112,1.224432651041138,1.2491686641934843,1.0,1.0,WIN,1,0.526379782545659,True,0.7888927304504246,0.8486359453328631,0.001,SYNTHETIC,8
2026-04-13 14:00:00,LONG,1.23632433989534,1.2239610964963867,1.2486875832942934,1.0,1.0,WIN,1,0.7644820132106811,True,0.889513349023136,2.143286292135582,0.001,SYNTHETIC,9
2026-04-13 16:00:00,LONG,1.236286376263274,1.2239235125006414,1.2486492400259068,1.0,1.0,WIN,1,-0.43788129288892136,False,0.34271517590179224,1.7639684839224334,0.001,SYNTHETIC,2
2026-04-13 17:00:00,LONG,1.2369844381808086,1.2246145937990005,1.2493542825626167,1.0,1.0,WIN,1,0.48798810863068287,True,0.6760592509776452,1.5537769718856789,0.001,SYNTHETIC,8
2026-04-13 20:00:00,LONG,1.23743277902869,1.225058451238403,1.249807106818977,1.0,1.0,WIN,1,0.5404505218583651,True,0.6673035316143278,1.1089148283094339,0.001,SYNTHETIC,8
2026-04-13 22:00:00,LONG,1.238243567194673,1.2258611315227264,1.2506260028666196,1.0,1.0,LOSS,1,0.4988171417267643,True,0.3040654789624983,0.562670619123279,0.001,SYNTHETIC,8
2026-04-13 23:00:00,LONG,1.239819466544515,1.2274212718790698,1.2522176612099603,1.0,1.0,WIN,1,0.3939842301346302,True,1.0,0.4574625884960068,0.001,SYNTHETIC,7
2026-04-14 00:00:00,LONG,1.2394318837561025,1.2270375649185414,1.2518262025936635,1.0,1.0,WIN,1,1.0,True,1.0,2.8856177640820793,0.001,SYNTHETIC,9
2026-04-14 01:00:00,LONG,1.2380011482462874,1.2256211367638246,1.2503811597287502,1.0,1.0,WIN,1,0.2225693379537586,True,0.40393198043125994,0.29171807757286417,0.001,SYNTHETIC,6
2026-04-14 02:00:00,LONG,1.238347562926675,1.2259640872974082,1.2507310385559416,1.0,1.0,WIN,1,0.8192784667492741,True,0.6153512879074862,-0.26509414911422113,0.001,SYNTHETIC,9
2026-04-14 03:00:00,LONG,1.239355026590914,1.2269614763250047,1.251748576856823,1.0,1.0,WIN,1,0.5956702552346441,True,0.4727329757491827,0.8165235409829126,0.001,SYNTHETIC,8
2026-04-14 04:00:00,SHORT,1.2386396417064307,1.2262532452893664,1.251026038123495,1.0,1.0,LOSS,1,-0.47855333873729855,True,-0.5904436282418986,2.8474903924310975,0.001,SYNTHETIC,2
2026-04-14 05:00:00,LONG,1.24001351460604,1.2276133794599797,1.2524136497521003,1.0,1.0,WIN,1,-0.22552879247658628,False,0.3299568516269407,-0.6920104048338791,0.001,SYNTHETIC,3
2026-04-14 06:00:00,LONG,1.238954204405054,1.2265646623610036,1.2513437464491046,1.0,1.0,WIN,1,0.208116632928603,True,0.34805684911467843,1.290194919820319,0.001,SYNTHETIC,6
2026-04-14 07:00:00,LONG,1.2389429762821993,1.2265535465193773,1.2513324060450213,1.0,1.0,WIN,1,0.07964068514096004,True,0.508867241395225,0.2598715016263165,0.001,SYNTHETIC,5
2026-04-14 09:00:00,LONG,1.240516355707031,1.2281111921499606,1.2529215192641012,1.0,1.0,LOSS,1,0.30923975505019974,True,0.7665950131039732,1.2068088360005835,0.001,SYNTHETIC,6
2026-04-14 10:00:00,LONG,1.2422505874492338,1.2298280815747413,1.2546730933237262,1.0,1.0,WIN,1,0.4049555905845082,True,0.9901535562802808,3.1202246944480794,0.001,SYNTHETIC,7
2026-04-14 11:00:00,LONG,1.2420697543452786,1.2296490568018257,1.2544904518887314,1.0,1.0,WIN,1,0.08123046177889437,True,1.0,2.6795591721442875,0.001,SYNTHETIC,5
2026-04-14 12:00:00,LONG,1.2408846280210757,1.228475781740865,1.2532934743012865,1.0,1.0,WIN,1,0.483816745645664,True,0.7161032834434667,1.7567534979193866,0.001,SYNTHETIC,8
2026-04-14 13:00:00,LONG,1.2420068544316214,1.229586785887305,1.2544269229759377,1.0,1.0,WIN,1,0.1477333154159502,True,1.0,0.5725596476387151,0.001,SYNTHETIC,5
2026-04-14 14:00:00,LONG,1.2417433067105037,1.2293258736433987,1.2541607397776087,1.0,1.0,WIN,1,0.3604353448491143,True,0.45540854196979974,3.4919253261488064,0.001,SYNTHETIC,7
2026-04-14 15:00:00,SHORT,1.2420079054631061,1.229587826408475,1.2544279845177373,1.0,1.0,WIN,1,-0.01657166952578193,True,-0.3811983749503656,0.49965868644657485,0.001,SYNTHETIC,4
2026-04-14 17:00:00,SHORT,1.2399905546432157,1.2275906490967836,1.2523904601896478,1.0,1.0,WIN,1,-0.021364540841754154,True,-0.616677040294136,0.18875037612607115,0.001,SYNTHETIC,4
2026-04-14 18:00:00,SHORT,1.2399020054283063,1.2275029853740231,1.2523010254825895,1.0,1.0,WIN,1,-0.5698691976034225,True,-0.9748131316321019,2.2612689707728646,0.001,SYNTHETIC,1
2026-04-14 19:00:00,SHORT,1.2390419925324019,1.226651572607078,1.2514324124577259,1.0,1.0,WIN,1,-0.941373108771266,True,-1.0,-0.33549786298487616,0.001,SYNTHETIC,0
2026-04-14 20:00:00,SHORT,1.2381889080325528,1.2258070189522272,1.2505707971128783,1.0,1.0,WIN,1,-0.03641379790589244,True,-1.0,0.9603659993454772,0.001,SYNTHETIC,4
2026-04-14 21:00:00,SHORT,1.2395129753564111,1.227117845602847,1.2519081051099752,1.0,1.0,WIN,1,-0.6257898991304377,True,-0.697497453816284,0.2533559542161311,0.001,SYNTHETIC,1
2026-04-14 22:00:00,SHORT,1.2387224112395883,1.2263351871271924,1.2511096353519842,1.0,1.0,LOSS,1,-0.05935599667768102,True,-0.42295431811525,1.7695338964170695,0.001,SYNTHETIC,4
2026-04-15 03:00:00,LONG,1.2397124825190793,1.2273153576938884,1.2521096073442701,1.0,1.0,LOSS,1,0.7903248711911275,True,0.5658399814806225,0.11017286327817655,0.001,SYNTHETIC,9
2026-04-15 04:00:00,LONG,1.2407754285473243,1.228367674261851,1.2531831828327975,1.0,1.0,WIN,1,0.5206600868038607,True,0.4675706834873378,0.9705555322204816,0.001,SYNTHETIC,8
2026-04-15 05:00:00,LONG,1.241281698726365,1.2288688817391014,1.2536945157136288,1.0,1.0,LOSS,1,0.6330791769905287,True,0.9811243152308174,1.926730891726092,0.001,SYNTHETIC,8
2026-04-15 06:00:00,LONG,1.241031250399735,1.2286209378957376,1.2534415629037323,1.0,1.0,WIN,1,0.08047367162926622,True,0.9607330845679097,1.4572253677583662,0.001,SYNTHETIC,5
2026-04-15 07:00:00,LONG,1.24035936367818,1.227955770041398,1.252762957314962,1.0,1.0,WIN,1,-0.1007336756828087,False,0.3855533740276427,2.5738352889261362,0.001,SYNTHETIC,4
2026-04-15 09:00:00,SHORT,1.2391083175082718,1.2267172343331891,1.2514994006833544,1.0,1.0,WIN,1,-0.9868689586869608,True,-0.7715274503558314,1.4447780659677354,0.001,SYNTHETIC,0
2026-04-15 11:00:00,LONG,1.2427941653289838,1.230366223675694,1.2552221069822735,1.0,1.0,WIN,1,-0.05371176563904301,False,0.6912825471532865,0.5453107480483461,0.001,SYNTHETIC,4
2026-04-15 12:00:00,LONG,1.2411325944851404,1.2287212685402888,1.2535439204299919,1.0,1.0,LOSS,1,-0.06654668662568292,False,0.38772569325440187,-1.5019514239198868,0.001,SYNTHETIC,4
2026-04-15 14:00:00,LONG,1.2405293493552803,1.2281240558617275,1.252934642848833,1.0,1.0,WIN,1,0.48825099810690625,True,0.828838146744431,0.9291583006388786,0.001,SYNTHETIC,8
2026-04-15 16:00:00,SHORT,1.2417564330502828,1.22933886871978,1.2541739973807857,1.0,1.0,WIN,1,-0.11599679828700059,True,-0.4408041108616121,1.9914117120536265,0.001,SYNTHETIC,4
2026-04-15 18:00:00,LONG,1.2414512291996336,1.2290367169076373,1.2538657414916299,1.0,1.0,WIN,1,0.3029528110320627,True,0.5051302843711962,1.5851672387597984,0.001,SYNTHETIC,6
2026-04-15 19:00:00,LONG,1.241813904085536,1.2293957650446807,1.2542320431263914,1.0,1.0,WIN,1,0.42631884463088465,True,0.4430215827393859,1.3292601428962594,0.001,SYNTHETIC,7
2026-04-15 21:00:00,SHORT,1.2403557001449605,1.227952143143511,1.2527592571464101,1.0,1.0,WIN,1,-1.0,True,-0.8834518040192033,0.06669081827905787,0.001,SYNTHETIC,0
2026-04-15 22:00:00,SHORT,1.2397744190740885,1.2273766748833477,1.2521721632648293,1.0,1.0,WIN,1,-0.16406400141210048,True,-0.8719120454211877,1.376816299158562,0.001,SYNTHETIC,4
2026-04-15 23:00:00,SHORT,1.2386492367610331,1.2262627443934229,1.2510357291286434,1.0,1.0,WIN,1,-0.25965441141172974,True,-1.0,0.19388300212477838,0.001,SYNTHETIC,3
2026-04-16 00:00:00,SHORT,1.2388603612983513,1.2264717576853679,1.2512489649113347,1.0,1.0,WIN,1,-0.608693849197522,True,-1.0,1.055871086152239,0.001,SYNTHETIC,1
2026-04-16 02:00:00,LONG,1.2419218611319551,1.2295026425206355,1.2543410797432748,1.0,1.0,LOSS,1,0.572742207690322,True,1.0,0.06881430023366719,0.001,SYNTHETIC,8
2026-04-16 03:00:00,LONG,1.2417404909377652,1.2293230860283875,1.2541578958471429,1.0,1.0,WIN,1,0.5939617341027136,True,0.991926985723528,2.7674334814826516,0.001,SYNTHETIC,8
2026-04-16 04:00:00,LONG,1.242602987834456,1.2301769579561115,1.2550290177128005,1.0,1.0,WIN,1,0.36785495523174677,True,1.0,1.3512250068720444,0.001,SYNTHETIC,7
2026-04-16 05:00:00,LONG,1.2435209268888492,1.2310857176199608,1.2559561361577376,1.0,1.0,WIN,1,0.5560099173040074,True,1.0,1.5610303424682832,0.001,SYNTHETIC,8
2026-04-16 06:00:00,LONG,1.243437303033097,1.231002930002766,1.2558716760634279,1.0,1.0,WIN,1,0.7208468625040014,True,0.7985895702257807,1.3581399740939815,0.001,SYNTHETIC,9
2026-04-16 07:00:00,LONG,1.2447727852594406,1.232325057406846,1.257220513112035,1.0,1.0,WIN,1,1.0,True,0.8985036973019327,0.7948241118605818,0.001,SYNTHETIC,9
2026-04-16 08:00:00,LONG,1.2466611330637103,1.2341945217330732,1.2591277443943474,1.0,1.0,WIN,1,0.5440711018747598,True,1.0,1.5911874129657213,0.001,SYNTHETIC,8
2026-04-16 09:00:00,LONG,1.2453294011516827,1.232876107140166,1.2577826951631994,1.0,1.0,WIN,1,0.6001741044059726,True,1.0,0.8791508011099961,0.001,SYNTHETIC,8
2026-04-16 10:00:00,LONG,1.245810490652117,1.233352385745596,1.2582685955586381,1.0,1.0,WIN,1,0.25286333744438194,True,1.0,1.4303391139011858,0.001,SYNTHETIC,6
2026-04-16 11:00:00,LONG,1.2447363837543008,1.2322890199167578,1.257183747591844,1.0,1.0,WIN,1,0.08685219382611126,True,0.47453961523816973,0.004462644326159504,0.001,SYNTHETIC,5
2026-04-16 12:00:00,LONG,1.245553120526668,1.2330975893214011,1.2580086517319347,1.0,1.0,WIN,1,0.18650443925594337,True,0.45463445673477443,0.8544219028408896,0.001,SYNTHETIC,6
2026-04-16 13:00:00,SHORT,1.2448988019374414,1.232449813918067,1.2573477899568157,1.0,1.0,WIN,1,-0.032330354151246465,True,-0.7712915295368518,-0.7029200773189248,0.001,SYNTHETIC,4
2026-04-16 14:00:00,SHORT,1.2439655202906452,1.2315258650877388,1.2564051754935517,1.0,1.0,WIN,1,0.008011773687963297,False,-0.4753511062409083,3.649827372727943,0.001,SYNTHETIC,4
2026-04-16 15:00:00,SHORT,1.2434417379110916,1.2310073205319807,1.2558761552902025,1.0,1.0,WIN,1,0.1831143797425987,False,-0.7913832469195801,-2.0073710722777944,0.001,SYNTHETIC,6
2026-04-16 21:00:00,SHORT,1.2425402496167715,1.2301148471206038,1.254965652112939,1.0,1.0,WIN,1,-1.0,True,-0.8831435074395356,4.234006638191295,0.001,SYNTHETIC,0
2026-04-16 22:00:00,SHORT,1.2424652661586222,1.2300406134970359,1.2548899188202085,1.0,1.0,WIN,1,-0.7230587485696243,True,-1.0,0.03034594375110733,0.001,SYNTHETIC,0
2026-04-16 23:00:00,SHORT,1.2421973723064343,1.22977539858337,1.2546193460294988,1.0,1.0,WIN,1,-0.3804045038331644,True,-0.9621051989559629,-1.0712386289426856,0.001,SYNTHETIC,2
2026-04-17 01:00:00,LONG,1.2449380408754336,1.2324886604666792,1.257387421284188,1.0,1.0,WIN,1,0.29916577904705444,True,0.4872558639314795,1.612418108435874,0.001,SYNTHETIC,6
2026-04-17 02:00:00,LONG,1.2437472606998983,1.2313097880928994,1.2561847333068972,1.0,1.0,WIN,1,0.7888991643704655,True,0.4386650594177451,-0.7456950011591943,0.001,SYNTHETIC,9
2026-04-17 04:00:00,LONG,1.2442229079676177,1.2317806788879415,1.2566651370472939,1.0,1.0,WIN,1,0.6652037966362557,True,0.8450722460504282,2.302472680453766,0.001,SYNTHETIC,8
2026-04-17 05:00:00,LONG,1.2467676282810758,1.234299951998265,1.2592353045638867,1.0,1.0,WIN,1,0.3348150133414578,True,0.70829959398581,0.545248809279844,0.001,SYNTHETIC,7
2026-04-17 07:00:00,SHORT,1.2425437536022064,1.2301183160661844,1.2549691911382284,1.0,1.0,WIN,1,0.06224419577885637,False,-0.33016239760877164,0.4242684424857176,0.001,SYNTHETIC,5
2026-04-17 08:00:00,LONG,1.2450615059934376,1.2326108909335032,1.257512121053372,1.0,1.0,LOSS,1,0.34467956312084885,True,0.6741223347415614,0.28460612159690735,0.001,SYNTHETIC,7
2026-04-17 09:00:00,LONG,1.2455007443080215,1.2330457368649412,1.2579557517511017,1.0,1.0,WIN,1,0.22547987495816005,True,0.41513708629289797,2.4467267422801373,0.001,SYNTHETIC,6
2026-04-17 10:00:00,SHORT,1.244352087125943,1.2319085662546836,1.2567956079972025,1.0,1.0,WIN,1,-0.8668971207817416,True,-0.8030648738348671,0.5397870208951565,0.001,SYNTHETIC,0
2026-04-17 13:00:00,SHORT,1.2424744856771432,1.2300497408203719,1.2548992305339146,1.0,1.0,WIN,1,-0.8303200522245762,True,-1.0,1.128605410480502,0.001,SYNTHETIC,0
2026-04-17 14:00:00,SHORT,1.2424971972180476,1.2300722252458671,1.2549221691902281,1.0,1.0,WIN,1,-0.4202878704192628,True,-1.0,2.7273948236895507,0.001,SYNTHETIC,2
2026-04-17 16:00:00,SHORT,1.2427755458061762,1.2303477903481144,1.255203301264238,1.0,1.0,LOSS,1,-0.32262356697596783,True,-0.9277798234043468,2.040123348058495,0.001,SYNTHETIC,2
2026-04-17 20:00:00,SHORT,1.2411274248618078,1.2287161506131898,1.2535386991104258,1.0,1.0,WIN,1,-0.9216086224855798,True,-0.9626245067744554,-1.3168500494051716,0.001,SYNTHETIC,0
2026-04-17 21:00:00,SHORT,1.240953727233155,1.2285441899608234,1.2533632645054866,1.0,1.0,WIN,1,-0.617897593069441,True,-0.711673938708872,1.6707938471467148,0.001,SYNTHETIC,1
2026-04-17 22:00:00,SHORT,1.240286305263535,1.2278834422108995,1.2526891683161703,1.0,1.0,WIN,1,-0.2810236409285266,True,-1.0,1.3807508618578508,0.001,SYNTHETIC,3
2026-04-17 23:00:00,SHORT,1.2407028527648565,1.228295824237208,1.253109881292505,1.0,1.0,WIN,1,-0.6131591030844499,True,-0.5058102498914828,1.1465795910368985,0.001,SYNTHETIC,1
2026-04-18 04:00:00,SHORT,1.2399979108914942,1.2275979317825794,1.2523978900004091,1.0,1.0,WIN,1,0.11291743025371279,False,-0.3744032874867765,1.1952073170206927,0.001,SYNTHETIC,5
2026-04-18 05:00:00,SHORT,1.2393960716503776,1.2270021109338738,1.2517900323668814,1.0,1.0,WIN,1,-0.5884943235903474,True,-0.7469298555513582,1.250745198075082,0.001,SYNTHETIC,1
2026-04-18 06:00:00,LONG,1.2427525524829746,1.2303250269581447,1.2551800780078044,1.0,1.0,LOSS,1,-0.3110836754935786,False,0.4271955429454504,0.48036333281341087,0.001,SYNTHETIC,3
2026-04-18 08:00:00,LONG,1.2434156483003063,1.2309814918173032,1.2558498047833093,1.0,1.0,WIN,1,0.6531641647681002,True,1.0,-0.5152132202310531,0.001,SYNTHETIC,8
2026-04-18 09:00:00,LONG,1.243965705242518,1.2315260481900927,1.2564053622949432,1.0,1.0,WIN,1,-0.04923182946509874,False,1.0,1.492862895704334,0.001,SYNTHETIC,4
2026-04-18 10:00:00,LONG,1.2439263618465777,1.2314870982281119,1.2563656254650435,1.0,1.0,WIN,1,0.7859930929298035,True,1.0,1.4500008614575155,0.001,SYNTHETIC,9
2026-04-18 11:00:00,LONG,1.2457471721899613,1.2332897004680616,1.258204643911861,1.0,1.0,WIN,1,0.06770575539227636,True,1.0,3.4356983917086628,0.001,SYNTHETIC,5
2026-04-18 12:00:00,LONG,1.2466038436982698,1.234137805261287,1.2590698821352526,1.0,1.0,WIN,1,0.38135490830399427,True,1.0,3.110928073931867,0.001,SYNTHETIC,7
2026-04-18 13:00:00,LONG,1.246811250081669,1.2343431375808522,1.2592793625824859,1.0,1.0,WIN,1,0.3775204670013149,True,1.0,1.5858902767001932,0.001,SYNTHETIC,7
2026-04-18 14:00:00,LONG,1.2468875162672204,1.2344186411045481,1.2593563914298926,1.0,1.0,WIN,1,0.33156796797334204,True,1.0,-1.1412264108928094,0.001,SYNTHETIC,7
2026-04-18 15:00:00,LONG,1.248661690178015,1.2361750732762349,1.261148307079795,1.0,1.0,LOSS,1,0.4805594904555432,True,1.0,1.8039252353594732,0.001,SYNTHETIC,8
2026-04-18 16:00:00,LONG,1.2491058769271486,1.236614818157877,1.26159693569642,1.0,1.0,WIN,1,0.7335681061930095,True,1.0,0.9147973107509855,0.001,SYNTHETIC,9
2026-04-18 17:00:00,LONG,1.2487508032628118,1.2362632952301837,1.26123831129544,1.0,1.0,WIN,1,0.4501782147696236,True,0.9248373783211725,2.891606724247074,0.001,SYNTHETIC,7
2026-04-18 20:00:00,SHORT,1.2460640801844043,1.2336034393825603,1.2585247209862482,1.0,1.0,WIN,1,-0.27614256560926087,True,-0.6766433683920254,0.47545821663200655,0.001,SYNTHETIC,3
2026-04-18 21:00:00,SHORT,1.246677069672,1.23421029897528,1.25914384036872,1.0,1.0,WIN,1,-0.7008510679780477,True,-1.0,-0.5652526487702052,0.001,SYNTHETIC,0
2026-04-18 22:00:00,SHORT,1.2474565676709652,1.2349820019942557,1.2599311333476748,1.0,1.0,WIN,1,-0.17946800865162954,True,-0.3843168705538786,1.5849012777852378,0.001,SYNTHETIC,3
2026-04-19 01:00:00,LONG,1.2483905846482286,1.2359066788017463,1.260874490494711,1.0,1.0,WIN,1,0.4398639138860847,True,0.3962470992822262,-0.32456297224448827,0.001,SYNTHETIC,7
2026-04-19 02:00:00,LONG,1.2488348658378952,1.2363465171795163,1.261323214496274,1.0,1.0,WIN,1,0.5211772528964922,True,0.7741792218514911,1.7321080454806992,0.001,SYNTHETIC,8
2026-04-19 03:00:00,SHORT,1.2459604487015827,1.233500844214567,1.2584200531885985,1.0,1.0,WIN,1,-0.10147554811646958,True,-0.6651788773748678,0.2701859854483677,0.001,SYNTHETIC,4
2026-04-19 04:00:00,SHORT,1.2456477290020604,1.2331912517120398,1.258104206292081,1.0,1.0,WIN,1,-0.17227908253840998,True,-0.7256352657677265,2.303617430844201,0.001,SYNTHETIC,4
2026-04-19 05:00:00,SHORT,1.246126004795432,1.2336647447474776,1.2585872648433862,1.0,1.0,WIN,1,-0.5760452487050174,True,-0.6197589419776032,1.8966952698419728,0.001,SYNTHETIC,1
2026-04-19 07:00:00,SHORT,1.2468366154465698,1.234368249292104,1.2593049816010355,1.0,1.0,WIN,1,-0.4394320709792445,True,-0.7002998757893358,1.673604982170123,0.001,SYNTHETIC,2
2026-04-19 08:00:00,SHORT,1.2452566286004914,1.2328040623144865,1.2577091948864962,1.0,1.0,WIN,1,0.006219293627791778,False,-0.5450921067047462,1.5578181175347459,0.001,SYNTHETIC,4
2026-04-19 10:00:00,SHORT,1.2448580740844646,1.2324094933436198,1.2573066548253093,1.0,1.0,WIN,1,-0.09925101691561215,True,-0.38639988655881785,0.0977508574981425,0.001,SYNTHETIC,4
2026-04-19 11:00:00,SHORT,1.243730466358016,1.2312931616944358,1.2561677710215962,1.0,1.0,WIN,1,-0.39703162131589476,True,-1.0,1.4089397145590175,0.001,SYNTHETIC,2
2026-04-19 12:00:00,SHORT,1.24352055059636,1.2310853450903965,1.2559557561023236,1.0,1.0,WIN,1,-0.25603988441468306,True,-1.0,3.3304863615498532,0.001,SYNTHETIC,3
2026-04-19 13:00:00,SHORT,1.24324198629176,1.2308095664288425,1.2556744061546776,1.0,1.0,WIN,1,-0.8526339752311447,True,-0.7245402778569667,-0.6529792690615004,0.001,SYNTHETIC,0
2026-04-19 14:00:00,SHORT,1.242671093538907,1.2302443826035179,1.255097804474296,1.0,1.0,WIN,1,-0.972919313812828,True,-1.0,-0.36427310895027487,0.001,SYNTHETIC,0
2026-04-19 15:00:00,SHORT,1.2406815662633246,1.2282747506006912,1.253088381925958,1.0,1.0,WIN,1,-0.2984867404693471,True,-1.0,1.986207493667099,0.001,SYNTHETIC,3
2026-04-19 16:00:00,SHORT,1.240777415188569,1.2283696410366833,1.2531851893404549,1.0,1.0,WIN,1,-0.39309126050199106,True,-1.0,1.8143939114806746,0.001,SYNTHETIC,2
2026-04-19 20:00:00,LONG,1.2417336591210235,1.2293163225298134,1.2541509957122337,1.0,1.0,WIN,1,1.0,True,0.7224966731875869,-0.15036743535638708,0.001,SYNTHETIC,9
2026-04-19 21:00:00,LONG,1.2427030849335536,1.2302760540842181,1.2551301157828891,1.0,1.0,WIN,1,0.5695529095175228,True,0.35216298693827974,-0.09301427970470488,0.001,SYNTHETIC,8
2026-04-20 01:00:00,LONG,1.243245536166093,1.230813080804432,1.255677991527754,1.0,1.0,WIN,1,-0.20899554054584282,False,0.3681206625158387,0.5520851578744346,0.001,SYNTHETIC,3
2026-04-20 02:00:00,LONG,1.2437108565756945,1.2312737480099376,1.2561479651414513,1.0,1.0,WIN,1,0.2459254106670154,True,0.5601443978276851,2.430471310948743,0.001,SYNTHETIC,6
2026-04-20 03:00:00,LONG,1.2451709990300504,1.2327192890397498,1.257622709020351,1.0,1.0,WIN,1,0.19934353598236504,True,0.9145434533818049,2.318008091309685,0.001,SYNTHETIC,6
2026-04-20 04:00:00,LONG,1.245715203628476,1.2332580515921912,1.2581723556647608,1.0,1.0,WIN,1,0.22506008152744422,True,0.9309852722468359,0.8357647482130074,0.001,SYNTHETIC,6
2026-04-20 05:00:00,LONG,1.2466976259281184,1.234230649668837,1.2591646021873997,1.0,1.0,WIN,1,0.07497300806763701,True,1.0,3.0951978616232125,0.001,SYNTHETIC,5
2026-04-20 06:00:00,LONG,1.24663610199989,1.234169740979891,1.2591024630198888,1.0,1.0,WIN,1,0.5748989155793315,True,1.0,1.2879262989584908,0.001,SYNTHETIC,8
2026-04-20 07:00:00,LONG,1.2483047116404284,1.235821664524024,1.2607877587568328,1.0,1.0,WIN,1,0.38690194825313184,True,1.0,1.4618821479266548,0.001,SYNTHETIC,7
2026-04-20 08:00:00,LONG,1.2480886683761045,1.2356077816923434,1.2605695550598657,1.0,1.0,LOSS,1,0.6605214724477608,True,1.0,1.7886843078854964,0.001,SYNTHETIC,8
2026-04-20 09:00:00,LONG,1.248119014209143,1.2356378240670516,1.2606002043512343,1.0,1.0,WIN,1,0.5783477301553133,True,0.8824361841177538,-0.7009232783775868,0.001,SYNTHETIC,8
2026-04-20 10:00:00,LONG,1.2494175495464637,1.236923374050999,1.2619117250419283,1.0,1.0,WIN,1,0.5688393890238986,True,1.0,1.6210288790238938,0.001,SYNTHETIC,8
2026-04-20 11:00:00,LONG,1.2501137567427296,1.2376126191753023,1.262614894310157,1.0,1.0,WIN,1,1.0,True,1.0,0.6897936049083906,0.001,SYNTHETIC,9
2026-04-20 12:00:00,LONG,1.2499009311364793,1.2374019218251144,1.262399940447844,1.0,1.0,WIN,1,0.5612299379673087,True,0.6282365677952908,1.0047450543350067,0.001,SYNTHETIC,8
2026-04-20 14:00:00,LONG,1.250359063606137,1.2378554729700757,1.2628626542421983,1.0,1.0,WIN,1,0.5082547458224049,True,0.7412676228919285,2.710267174960846,0.001,SYNTHETIC,8
2026-04-20 15:00:00,LONG,1.2502775533282706,1.237774777794988,1.2627803288615533,1.0,1.0,WIN,1,0.1607039096926078,True,0.3538190651663092,2.483560359466751,0.001,SYNTHETIC,5
2026-04-20 17:00:00,LONG,1.2506586459429196,1.2381520594834905,1.2631652324023488,1.0,1.0,LOSS,1,-0.19592045635021993,False,0.4611388153455449,1.534376757416554,0.001,SYNTHETIC,3
2026-04-20 18:00:00,LONG,1.2527233213243942,1.2401960881111502,1.2652505545376382,1.0,1.0,WIN,1,0.6359608751838707,True,1.0,0.22854228285291794,0.001,SYNTHETIC,8
2026-04-20 19:00:00,LONG,1.2542743240145942,1.2417315807744482,1.26681706725474,1.0,1.0,WIN,1,0.7092642604635695,True,1.0,1.037826391575293,0.001,SYNTHETIC,9
2026-04-20 20:00:00,LONG,1.2544274690689483,1.241883194378259,1.2669717437596377,1.0,1.0,WIN,1,0.18612284020264208,True,1.0,-0.42334935378073824,0.001,SYNTHETIC,6
2026-04-20 21:00:00,LONG,1.2553854474576656,1.2428315929830889,1.2679393019322422,1.0,1.0,WIN,1,0.7910501159583934,True,1.0,-1.1457725792542632,0.001,SYNTHETIC,9
2026-04-20 22:00:00,LONG,1.2543242832719212,1.241781040439202,1.2668675261046405,1.0,1.0,WIN,1,0.585474319044585,True,1.0,2.090498420194995,0.001,SYNTHETIC,8
2026-04-20 23:00:00,LONG,1.254520042796807,1.241974842368839,1.267065243224775,1.0,1.0,WIN,1,0.7546558380437588,True,0.7917961819220061,1.959416076498606,0.001,SYNTHETIC,9
2026-04-21 00:00:00,LONG,1.2560761268826297,1.2435153656138034,1.268636888151456,1.0,1.0,WIN,1,0.8268861195017729,True,1.0,1.2845598564619547,0.001,SYNTHETIC,9
2026-04-21 01:00:00,LONG,1.2563036541279156,1.2437406175866363,1.2688666906691948,1.0,1.0,LOSS,1,0.4180924244539988,True,0.931246998149793,2.254451486168699,0.001,SYNTHETIC,7
2026-04-21 03:00:00,LONG,1.2553146020036965,1.2427614559836595,1.2678677480237335,1.0,1.0,WIN,1,-0.1635243655344937,False,0.3474209230032926,0.6873391809113427,0.001,SYNTHETIC,4
2026-04-21 05:00:00,SHORT,1.2537455156171398,1.2412080604609683,1.2662829707733112,1.0,1.0,WIN,1,-0.7636357041457684,True,-1.0,0.734968320605228,0.001,SYNTHETIC,0
2026-04-21 06:00:00,SHORT,1.2533213714301845,1.2407881577158826,1.2658545851444865,1.0,1.0,WIN,1,-0.5144008195033041,True,-1.0,-1.427177363090574,0.001,SYNTHETIC,1
2026-04-21 07:00:00,SHORT,1.251487890831098,1.238973011922787,1.264002769739409,1.0,1.0,WIN,1,-0.6701564895838289,True,-1.0,-0.7242952111001844,0.001,SYNTHETIC,0
2026-04-21 08:00:00,SHORT,1.2511744111953405,1.2386626670833871,1.2636861553072938,1.0,1.0,WIN,1,-0.6130372963639218,True,-1.0,1.7276544362538488,0.001,SYNTHETIC,1
2026-04-21 09:00:00,SHORT,1.253107275541145,1.2405762027857334,1.2656383482965565,1.0,1.0,WIN,1,0.6109051004338033,False,-0.532321996640771,-0.9083229810637696,0.001,SYNTHETIC,8
2026-04-21 10:00:00,SHORT,1.252263450406636,1.2397408159025696,1.2647860849107022,1.0,1.0,WIN,1,-0.42986292175102425,True,-0.5820934310554018,0.1749117191524182,0.001,SYNTHETIC,2
2026-04-21 12:00:00,LONG,1.2544924676971068,1.2419475430201357,1.2670373923740779,1.0,1.0,WIN,1,0.4290895590614219,True,0.9994208648946941,2.054551998618318,0.001,SYNTHETIC,7
2026-04-21 13:00:00,LONG,1.2552627654327178,1.2427101377783905,1.267815393087045,1.0,1.0,WIN,1,0.7809651288763242,True,1.0,1.466558693221308,0.001,SYNTHETIC,9
2026-04-21 14:00:00,LONG,1.2546115457628495,1.242065430305221,1.267157661220478,1.0,1.0,WIN,1,0.2244861831401412,True,0.7754680773028776,0.2454565011427896,0.001,SYNTHETIC,6
2026-04-21 15:00:00,LONG,1.2559838551683886,1.2434240166167048,1.2685436937200725,1.0,1.0,WIN,1,0.5768396280977515,True,1.0,-0.8541224936874586,0.001,SYNTHETIC,8
2026-04-21 16:00:00,LONG,1.2548824087297563,1.2423335846424588,1.2674312328170538,1.0,1.0,WIN,1,0.40117765788531323,True,0.42513633548698115,0.20231204309834105,0.001,SYNTHETIC,7
2026-04-21 17:00:00,LONG,1.2556446532445567,1.2430882067121112,1.2682010997770021,1.0,1.0,WIN,1,0.07546377641234159,True,0.584014424826572,-0.6311640973731852,0.001,SYNTHETIC,5
2026-04-21 19:00:00,LONG,1.2565189666314285,1.243953776965114,1.2690841562977428,1.0,1.0,WIN,1,0.5707896428087683,True,0.7330146596772581,-1.479542132639419,0.001,SYNTHETIC,8
2026-04-21 23:00:00,SHORT,1.2541178105302495,1.241576632424947,1.266658988635552,1.0,1.0,WIN,1,-0.6714455913141381,True,-0.6132923762601944,1.407566038370924,0.001,SYNTHETIC,0
2026-04-22 00:00:00,SHORT,1.2546530571940782,1.2421065266221374,1.267199587766019,1.0,1.0,WIN,1,0.20965835161577928,False,-0.6500604550784073,0.13158066930346823,0.001,SYNTHETIC,6
2026-04-22 01:00:00,SHORT,1.2532811322918953,1.2407483209689762,1.2658139436148144,1.0,1.0,WIN,1,-0.2347040365283031,True,-0.7281603364972545,2.7400084274739807,0.001,SYNTHETIC,3
2026-04-22 03:00:00,SHORT,1.2531520157437144,1.2406204955862772,1.2656835359011516,1.0,1.0,WIN,1,-0.06733913707293987,True,-0.7622649867599073,-0.3099898555765095,0.001,SYNTHETIC,4
2026-04-22 08:00:00,LONG,1.2549001188486257,1.2423511176601394,1.267449120037112,1.0,1.0,WIN,1,0.5203552014373924,True,0.722358678919123,0.8171588954871112,0.001,SYNTHETIC,8
2026-04-22 10:00:00,SHORT,1.253133601178504,1.2406022651667188,1.265664937190289,1.0,1.0,WIN,1,-0.3409777160800055,True,-0.40816533414847184,1.3507283340501253,0.001,SYNTHETIC,2
2026-04-22 11:00:00,SHORT,1.2518349908190625,1.2393166409108718,1.2643533407272531,1.0,1.0,WIN,1,-1.0,True,-0.9327792550225016,0.5667588976338797,0.001,SYNTHETIC,0
2026-04-22 12:00:00,SHORT,1.2523586235511808,1.239835037315669,1.2648822097866925,1.0,1.0,WIN,1,-0.8547047512718275,True,-1.0,2.4167823465974867,0.001,SYNTHETIC,0
2026-04-22 13:00:00,SHORT,1.250831092458746,1.2383227815341586,1.2633394033833334,1.0,1.0,WIN,1,-0.28542153988987856,True,-1.0,1.0315058764656038,0.001,SYNTHETIC,3
2026-04-22 14:00:00,SHORT,1.2511769884361916,1.2386652185518296,1.2636887583205536,1.0,1.0,WIN,1,-0.21169225742757958,True,-1.0,2.8292526149909465,0.001,SYNTHETIC,3
2026-04-22 15:00:00,SHORT,1.2507492899265051,1.2382417970272401,1.2632567828257701,1.0,1.0,WIN,1,-0.842601360593906,True,-1.0,1.2534325278970682,0.001,SYNTHETIC,0
2026-04-22 17:00:00,SHORT,1.251288724593416,1.2387758373474818,1.26380161183935,1.0,1.0,WIN,1,-0.183270959446313,True,-0.38190561196942246,-0.5603885048623095,0.001,SYNTHETIC,3
2026-04-22 19:00:00,LONG,1.251348419653228,1.2388349354566959,1.2638619038497603,1.0,1.0,WIN,1,0.656922410505767,True,0.3963879011013404,1.2505483145480103,0.001,SYNTHETIC,8
2026-04-22 20:00:00,LONG,1.251978867500223,1.2394590788252209,1.2644986561752252,1.0,1.0,WIN,1,0.36867319134307835,True,0.6454970295523432,1.09756304357998,0.001,SYNTHETIC,7
2026-04-22 21:00:00,LONG,1.2531313084808826,1.2405999953960738,1.2656626215656914,1.0,1.0,WIN,1,0.16992905198227015,True,0.49622809731387946,1.2125445088808111,0.001,SYNTHETIC,6
2026-04-22 22:00:00,LONG,1.252475021038783,1.2399502708283952,1.2649997712491707,1.0,1.0,LOSS,1,-0.02451283876038618,False,0.8171904876996083,-1.3530534150575417,0.001,SYNTHETIC,4
2026-04-22 23:00:00,LONG,1.2517244642770797,1.239207219634309,1.2642417089198505,1.0,1.0,WIN,1,0.1910062201664917,True,0.3171708995963473,2.7721725327225997,0.001,SYNTHETIC,6
2026-04-23 00:00:00,LONG,1.2529682452743893,1.2404385628216454,1.2654979277271332,1.0,1.0,WIN,1,0.7867987820373475,True,0.3286440631805356,1.415475170025339,0.001,SYNTHETIC,9
2026-04-23 01:00:00,LONG,1.2532934263123827,1.240760492049259,1.2658263605755065,1.0,1.0,WIN,1,0.6094649836239548,True,0.4448144372855183,0.26532064201385475,0.001,SYNTHETIC,8
2026-04-23 03:00:00,SHORT,1.2522816227461102,1.2397588065186491,1.2648044389735713,1.0,1.0,WIN,1,-0.1103281103914489,True,-0.40268290600296397,-0.6507754631339377,0.001,SYNTHETIC,4
2026-04-23 07:00:00,LONG,1.2545467972042803,1.2420013292322374,1.2670922651763232,1.0,1.0,WIN,1,0.42176784121025157,True,0.7531550782294375,0.48804397632353375,0.001,SYNTHETIC,7
2026-04-23 08:00:00,LONG,1.2558224508262414,1.243264226317979,1.268380675334504,1.0,1.0,WIN,1,0.803224979870918,True,1.0,0.7517611361904859,0.001,SYNTHETIC,9
2026-04-23 09:00:00,LONG,1.2541312732055268,1.2415899604734715,1.266672585937582,1.0,1.0,WIN,1,0.6768568972427844,True,0.7764640348407912,-0.4052188138903991,0.001,SYNTHETIC,9
2026-04-23 10:00:00,LONG,1.2544740214732049,1.2419292812584728,1.267018761687937,1.0,1.0,WIN,1,0.6561700340633247,True,1.0,0.00801849999760007,0.001,SYNTHETIC,8
2026-04-23 11:00:00,LONG,1.256164306281151,1.2436026632183395,1.2687259493439624,1.0,1.0,LOSS,1,0.2002561465402134,True,1.0,1.8268313160023548,0.001,SYNTHETIC,6
2026-04-23 12:00:00,LONG,1.256752598856554,1.2441850728679884,1.2693201248451196,1.0,1.0,WIN,1,0.21157540364545918,True,1.0,0.13564172199080865,0.001,SYNTHETIC,6
2026-04-23 13:00:00,LONG,1.258155208065719,1.2455736559850619,1.2707367601463762,1.0,1.0,WIN,1,0.2336325589146243,True,1.0,-0.5693076038252263,0.001,SYNTHETIC,6
2026-04-23 14:00:00,LONG,1.2598209667409677,1.247222757073558,1.2724191764083774,1.0,1.0,WIN,1,0.5706560867619985,True,1.0,0.18996325286722193,0.001,SYNTHETIC,8
2026-04-23 15:00:00,LONG,1.2610236956226335,1.248413458666407,1.27363393257886,1.0,1.0,WIN,1,-0.1078963164268425,False,1.0,0.8274659566241843,0.001,SYNTHETIC,4
2026-04-23 16:00:00,LONG,1.2617619316030662,1.2491443122870354,1.274379550919097,1.0,1.0,WIN,1,0.49811747826061353,True,1.0,0.6663832845740008,0.001,SYNTHETIC,8
2026-04-23 17:00:00,LONG,1.2630463468505868,1.2504158833820809,1.2756768103190927,1.0,1.0,LOSS,1,0.9225928149362409,True,1.0,-0.32091476476317293,0.001,SYNTHETIC,9
2026-04-23 18:00:00,LONG,1.2628199785660754,1.2501917787804147,1.2754481783517362,1.0,1.0,WIN,1,0.7000478104041921,True,1.0,1.1794353314077575,0.001,SYNTHETIC,9
2026-04-23 19:00:00,LONG,1.262729074008411,1.2501017832683268,1.2753563647484951,1.0,1.0,WIN,1,0.39478171671626494,True,1.0,3.173571095591676,0.001,SYNTHETIC,7
2026-04-23 20:00:00,LONG,1.2638746640567684,1.2512359174162007,1.2765134106973361,1.0,1.0,WIN,1,0.1265512392634289,True,0.672055726776726,1.1356833768818366,0.001,SYNTHETIC,5
2026-04-23 21:00:00,LONG,1.2647980890862769,1.252150108195414,1.2774460699771397,1.0,1.0,WIN,1,0.7417145854330047,True,1.0,0.09380672429746251,0.001,SYNTHETIC,9
2026-04-23 22:00:00,LONG,1.2637535469228665,1.2511160114536377,1.2763910823920952,1.0,1.0,WIN,1,0.31395070324186103,True,0.44426818685235825,1.12969391339426,0.001,SYNTHETIC,6
2026-04-23 23:00:00,LONG,1.2657503171433746,1.2530928139719408,1.2784078203148084,1.0,1.0,WIN,1,0.4260702642251778,True,1.0,2.222714675566983,0.001,SYNTHETIC,7
2026-04-24 00:00:00,LONG,1.2660577052565996,1.2533971282040335,1.2787182823091656,1.0,1.0,WIN,1,0.32329073632815764,True,1.0,0.6664455806718501,0.001,SYNTHETIC,7
2026-04-24 01:00:00,LONG,1.2650449979984084,1.2523945480184244,1.2776954479783924,1.0,1.0,WIN,1,0.4168696724701954,True,0.7879095511280263,2.211939086375045,0.001,SYNTHETIC,7
2026-04-24 04:00:00,SHORT,1.2639387225823953,1.2512993353565713,1.2765781098082192,1.0,1.0,WIN,1,0.059008745880660685,False,-0.6266839658259087,0.981821076669789,0.001,SYNTHETIC,5
2026-04-24 05:00:00,SHORT,1.2645340338971853,1.2518886935582134,1.2771793742361572,1.0,1.0,WIN,1,-0.642525430263331,True,-0.46470096382103215,2.461433563433895,0.001,SYNTHETIC,1
2026-04-24 08:00:00,LONG,1.2663808656582107,1.2537170570016287,1.2790446743147927,1.0,1.0,WIN,1,0.5497456827991866,True,1.0,0.7329965684460851,0.001,SYNTHETIC,8
2026-04-24 09:00:00,LONG,1.2663242324129675,1.2536609900888378,1.2789874747370973,1.0,1.0,WIN,1,0.1605048089633475,True,1.0,1.6688464552115763,0.001,SYNTHETIC,5
2026-04-24 11:00:00,LONG,1.2670157311216965,1.2543455738104796,1.2796858884329134,1.0,1.0,WIN,1,0.6025055299666499,True,1.0,1.3324774375105062,0.001,SYNTHETIC,8
2026-04-24 12:00:00,LONG,1.2693387004475454,1.25664531344307,1.2820320874520208,1.0,1.0,WIN,1,1.0,True,1.0,-1.6303887285476888,0.001,SYNTHETIC,9
2026-04-24 13:00:00,LONG,1.2695451933852244,1.2568497414513722,1.2822406453190767,1.0,1.0,WIN,1,0.4294094968203376,True,1.0,0.4941078758762931,0.001,SYNTHETIC,7
2026-04-24 14:00:00,LONG,1.2706269232920295,1.2579206540591092,1.2833331925249498,1.0,1.0,WIN,1,0.8326111991206138,True,1.0,-0.4319820854425884,0.001,SYNTHETIC,9
2026-04-24 15:00:00,LONG,1.2717585807759004,1.2590409949681414,1.2844761665836595,1.0,1.0,WIN,1,0.06534966826017197,True,1.0,1.839583477102075,0.001,SYNTHETIC,5
2026-04-24 16:00:00,LONG,1.2712221047944574,1.2585098837465127,1.283934325842402,1.0,1.0,WIN,1,0.9188082650490716,True,1.0,1.1774983968247672,0.001,SYNTHETIC,9
2026-04-24 17:00:00,LONG,1.270948776109706,1.2582392883486089,1.2836582638708032,1.0,1.0,WIN,1,0.6342689773060295,True,0.7020419196853662,0.9985447320619258,0.001,SYNTHETIC,8
2026-04-24 18:00:00,LONG,1.271650390902296,1.2589338869932731,1.284366894811319,1.0,1.0,LOSS,1,0.9813042301381318,True,1.0,1.2835584829405111,0.001,SYNTHETIC,9
2026-04-24 19:00:00,LONG,1.274188354002186,1.2614464704621642,1.286930237542208,1.0,1.0,WIN,1,0.8331740952526205,True,1.0,1.0041884856541023,0.001,SYNTHETIC,9
2026-04-24 20:00:00,LONG,1.2742542244678776,1.2615116822231989,1.2869967667125564,1.0,1.0,WIN,1,0.4702855442372966,True,1.0,0.5728174275999439,0.001,SYNTHETIC,7
2026-04-24 21:00:00,LONG,1.2745396251715615,1.2617942289198458,1.2872850214232772,1.0,1.0,WIN,1,0.1486620307889424,True,1.0,2.277004035828263,0.001,SYNTHETIC,5
2026-04-24 22:00:00,LONG,1.2759303180775936,1.2631710148968176,1.2886896212583696,1.0,1.0,WIN,1,0.3193841298907887,True,1.0,0.6328321298678774,0.001,SYNTHETIC,7
2026-04-24 23:00:00,LONG,1.2755694939675684,1.2628137990278927,1.288325188907244,1.0,1.0,WIN,1,-0.0283451161594358,False,1.0,1.1665630093140704,0.001,SYNTHETIC,4
2026-04-25 00:00:00,LONG,1.2751627979834421,1.2624111700036076,1.2879144259632767,1.0,1.0,WIN,1,0.01042454880640381,True,0.5733885163230336,0.9574277751933842,0.001,SYNTHETIC,4
2026-04-25 01:00:00,LONG,1.2756695154237887,1.2629128202695508,1.2884262105780266,1.0,1.0,WIN,1,0.36845186405098673,True,0.481386918576914,2.0887045917518807,0.001,SYNTHETIC,7
2026-04-25 02:00:00,LONG,1.2782611912685706,1.265478579355885,1.2910438031812563,1.0,1.0,WIN,1,0.4856741363524441,True,1.0,1.1195417659448046,0.001,SYNTHETIC,8
2026-04-25 03:00:00,LONG,1.2788410455216588,1.2660526350664423,1.2916294559768753,1.0,1.0,WIN,1,0.43292295796033364,True,1.0,1.6848793707003664,0.001,SYNTHETIC,7
2026-04-25 04:00:00,LONG,1.2786175319576367,1.2658313566380603,1.291403707277213,1.0,1.0,WIN,1,0.26206912521575065,True,1.0,-0.10361332956027436,0.001,SYNTHETIC,6
2026-04-25 05:00:00,LONG,1.2801459105231883,1.2673444514179564,1.2929473696284202,1.0,1.0,WIN,1,-0.03171970325748552,False,1.0,1.135248093335375,0.001,SYNTHETIC,4
2026-04-25 06:00:00,LONG,1.280212223900531,1.2674101016615256,1.2930143461395363,1.0,1.0,WIN,1,0.554624933971175,True,1.0,0.809357355833794,0.001,SYNTHETIC,8
2026-04-25 07:00:00,LONG,1.2804484075724665,1.2676439234967418,1.2932528916481911,1.0,1.0,WIN,1,0.613748057740593,True,1.0,1.3613129089212963,0.001,SYNTHETIC,8
2026-04-25 09:00:00,SHORT,1.2778721156555066,1.2650933944989515,1.2906508368120617,1.0,1.0,WIN,1,-0.41191726711397997,True,-0.503770372129728,0.9360617982185517,0.001,SYNTHETIC,2
2026-04-25 10:00:00,SHORT,1.2788472866383,1.266058813771917,1.291635759504683,1.0,1.0,LOSS,1,0.1640854344056733,False,-0.5971092036423106,1.7499941988888836,0.001,SYNTHETIC,6
2026-04-25 11:00:00,SHORT,1.2769402320927714,1.2641708297718437,1.2897096344136991,1.0,1.0,WIN,1,-0.15215061392790985,True,-1.0,2.844860585175899,0.001,SYNTHETIC,4
2026-04-25 12:00:00,SHORT,1.2777433232347613,1.2649658900024137,1.2905207564671088,1.0,1.0,LOSS,1,-0.9453273685186853,True,-1.0,1.2828698011806787,0.001,SYNTHETIC,0
2026-04-25 14:00:00,LONG,1.2790840879291174,1.2662932470498263,1.2918749288084086,1.0,1.0,WIN,1,0.7776293370092835,True,0.6822852645952157,2.0514713770475015,0.001,SYNTHETIC,9
2026-04-25 15:00:00,LONG,1.281929237312414,1.26910994493929,1.294748529685538,1.0,1.0,WIN,1,0.43507370080774416,True,1.0,-0.1373318640931339,0.001,SYNTHETIC,7
2026-04-25 16:00:00,LONG,1.2805361778762232,1.267730816097461,1.2933415396549854,1.0,1.0,WIN,1,0.4193170434778511,True,1.0,1.5995725705516044,0.001,SYNTHETIC,7
2026-04-25 17:00:00,LONG,1.2809344511118488,1.2681251066007302,1.2937437956229674,1.0,1.0,WIN,1,0.827821288022923,True,1.0,0.9304188223173039,0.001,SYNTHETIC,9
2026-04-25 18:00:00,LONG,1.2803782316221515,1.26757444930593,1.293182013938373,1.0,1.0,WIN,1,0.7961207732825648,True,1.0,-0.3414418283861991,0.001,SYNTHETIC,9
2026-04-25 19:00:00,LONG,1.280450643456352,1.2676461370217886,1.2932551498909155,1.0,1.0,WIN,1,0.4978386946750858,True,0.43449538212181177,2.1764826319513713,0.001,SYNTHETIC,8
2026-04-25 22:00:00,SHORT,1.2793889154237377,1.2665950262695003,1.292182804577975,1.0,1.0,WIN,1,0.10509332575134994,False,-0.6866606568704324,1.6445263009702227,0.001,SYNTHETIC,5
2026-04-25 23:00:00,SHORT,1.2798876200168312,1.267088743816663,1.2926864962169995,1.0,1.0,WIN,1,-0.21024983942358125,True,-0.3905754597660163,2.0136769524137974,0.001,SYNTHETIC,3
2026-04-26 01:00:00,SHORT,1.2804590784881438,1.2676544877032623,1.2932636692730253,1.0,1.0,WIN,1,0.19187114012554185,False,-0.35430130320269726,0.8846433160873958,0.001,SYNTHETIC,6
2026-04-26 02:00:00,LONG,1.2809027535564141,1.26809372602085,1.2937117810919783,1.0,1.0,WIN,1,0.7876469221520443,True,0.3480299625658151,2.104738357016629,0.001,SYNTHETIC,9
2026-04-26 03:00:00,LONG,1.280585511538206,1.267779656422824,1.2933913666535881,1.0,1.0,WIN,1,0.9147051817474925,True,0.5604074333554919,0.5448254089867195,0.001,SYNTHETIC,9
2026-04-26 04:00:00,LONG,1.2810040948278618,1.2681940538795833,1.2938141357761404,1.0,1.0,WIN,1,0.09004505343568235,True,0.40479700673633484,1.4162430593152981,0.001,SYNTHETIC,5
2026-04-26 05:00:00,LONG,1.2821057542010452,1.2692846966590348,1.2949268117430557,1.0,1.0,WIN,1,0.16121977811900895,True,0.4868637059361531,2.557716777025795,0.001,SYNTHETIC,5
2026-04-26 06:00:00,LONG,1.2820125153345054,1.2691923901811604,1.2948326404878505,1.0,1.0,WIN,1,0.09863694948001078,True,0.8147712988419513,-0.29956622024879676,0.001,SYNTHETIC,5
2026-04-26 07:00:00,LONG,1.2826607956951352,1.2698341877381838,1.2954874036520867,1.0,1.0,WIN,1,0.3499773908758677,True,0.6291233871028564,0.37187751655005286,0.001,SYNTHETIC,7
2026-04-26 08:00:00,LONG,1.2821256730126418,1.2693044162825153,1.2949469297427683,1.0,1.0,LOSS,1,0.01708300817793107,True,0.6786373752303722,1.8382679157479367,0.001,SYNTHETIC,5
2026-04-26 09:00:00,LONG,1.2821631019781166,1.2693414709583353,1.2949847329978978,1.0,1.0,WIN,1,0.08634417055346527,True,0.48866840613142687,1.08040349378292,0.001,SYNTHETIC,5
2026-04-26 12:00:00,SHORT,1.2815732925906267,1.2687575596647205,1.294389025516533,1.0,1.0,WIN,1,-0.8009399503010746,True,-0.5154471175019328,2.2374170923348697,0.001,SYNTHETIC,0
2026-04-26 13:00:00,SHORT,1.2801223893841762,1.2673211654903345,1.292923613278018,1.0,1.0,WIN,1,-0.0052403548059447025,True,-0.9526560885765212,-0.6402578390585818,0.001,SYNTHETIC,4
2026-04-26 14:00:00,SHORT,1.2794805022816458,1.2666856972588294,1.2922753073044622,1.0,1.0,WIN,1,-0.8260988261455209,True,-1.0,1.9105831084539282,0.001,SYNTHETIC,0
2026-04-26 15:00:00,SHORT,1.2794647414640963,1.2666700940494553,1.2922593888787373,1.0,1.0,WIN,1,-0.7882801771637011,True,-1.0,0.8410629710836526,0.001,SYNTHETIC,0
2026-04-26 16:00:00,SHORT,1.278902577016961,1.2661135512467914,1.2916916027871308,1.0,1.0,LOSS,1,-0.8217271481889405,True,-0.9001010053192114,-0.6665636600325086,0.001,SYNTHETIC,0
2026-04-26 17:00:00,SHORT,1.2795095840517412,1.2667144882112238,1.2923046798922586,1.0,1.0,WIN,1,-0.6617228791969569,True,-0.9266757552555085,-0.2255218534394301,0.001,SYNTHETIC,1
2026-04-26 20:00:00,LONG,1.281190428180332,1.2683785238985286,1.2940023324621353,1.0,1.0,WIN,1,-0.434291070272744,False,0.6099810904933788,-1.2598140602244645,0.001,SYNTHETIC,2
2026-04-26 21:00:00,LONG,1.2798880523050282,1.2670891717819779,1.2926869328280786,1.0,1.0,WIN,1,0.2608335172615277,True,0.44371059929076706,0.08327567879139564,0.001,SYNTHETIC,6
2026-04-26 23:00:00,SHORT,1.2780668908988084,1.2652862219898204,1.2908475598077964,1.0,1.0,LOSS,1,0.4842670950317214,False,-0.3781098526718833,1.0993622875021969,0.001,SYNTHETIC,8
2026-04-27 00:00:00,SHORT,1.277798521131463,1.2650205359201485,1.2905765063427777,1.0,1.0,WIN,1,-0.24753391398260366,True,-0.7868724265645435,1.3953718170142326,0.001,SYNTHETIC,3
2026-04-27 01:00:00,SHORT,1.2779763861415407,1.2651966222801254,1.290756150002956,1.0,1.0,WIN,1,-0.6489767059154437,True,-1.0,1.7196479191025789,0.001,SYNTHETIC,1
2026-04-27 02:00:00,SHORT,1.2770947978701608,1.264323849891459,1.2898657458488625,1.0,1.0,LOSS,1,-0.8602144935420264,True,-1.0,2.0096870182318476,0.001,SYNTHETIC,0
2026-04-27 03:00:00,SHORT,1.2752221671168804,1.2624699454457116,1.2879743887880493,1.0,1.0,WIN,1,-0.5288829379397786,True,-1.0,0.1885908705718785,0.001,SYNTHETIC,1
2026-04-27 04:00:00,SHORT,1.2752160377360604,1.2624638773586998,1.287968198113421,1.0,1.0,WIN,1,-0.3653831331822322,True,-1.0,1.9895710177271273,0.001,SYNTHETIC,2
2026-04-27 05:00:00,SHORT,1.2761344749679255,1.2633731302182463,1.2888958197176048,1.0,1.0,WIN,1,-0.5808468355112089,True,-0.8596844994309906,4.220082237620015,0.001,SYNTHETIC,1
2026-04-27 06:00:00,SHORT,1.2767168700926264,1.2639497013917,1.2894840387935527,1.0,1.0,WIN,1,-0.21092333707273825,True,-0.45845628995461973,3.50736628843276,0.001,SYNTHETIC,3
2026-04-27 07:00:00,SHORT,1.2766820886225998,1.2639152677363739,1.2894489095088257,1.0,1.0,WIN,1,0.38544646646674313,False,-0.36751952350180594,0.9783423679308392,0.001,SYNTHETIC,7
2026-04-27 11:00:00,SHORT,1.2744389662136397,1.2616945765515033,1.2871833558757761,1.0,1.0,WIN,1,-0.3504630285130295,True,-0.8895189245150912,2.4028404850186647,0.001,SYNTHETIC,2
2026-04-27 12:00:00,SHORT,1.274859491061578,1.2621108961509622,1.287608085972194,1.0,1.0,WIN,1,-0.7182325017948612,True,-0.41106979683497447,2.235523148756558,0.001,SYNTHETIC,0
2026-04-27 13:00:00,SHORT,1.2732773875921983,1.2605446137162764,1.2860101614681203,1.0,1.0,WIN,1,-0.36680836931326477,True,-0.9902029449923063,2.0237255806124783,0.001,SYNTHETIC,2
2026-04-27 14:00:00,SHORT,1.2725540014769203,1.259828461462151,1.2852795414916895,1.0,1.0,WIN,1,-0.6741274736371436,True,-0.7495368177916394,-0.2552102664106078,0.001,SYNTHETIC,0
2026-04-27 15:00:00,SHORT,1.2741808477817866,1.2614390393039687,1.2869226562596046,1.0,1.0,WIN,1,-0.17187184267989383,True,-0.6085371267784313,-0.9563236594933806,0.001,SYNTHETIC,4
2026-04-27 17:00:00,LONG,1.2765903255022448,1.2638244222472224,1.2893562287572673,1.0,1.0,WIN,1,0.3087540170785098,True,0.7236896347629524,0.7114132416681956,0.001,SYNTHETIC,6
2026-04-27 18:00:00,LONG,1.2773298099294785,1.2645565118301838,1.2901031080287733,1.0,1.0,WIN,1,0.8249813597109459,True,1.0,-0.2847567349825081,0.001,SYNTHETIC,9
2026-04-27 19:00:00,LONG,1.276544139355132,1.2637786979615806,1.2893095807486834,1.0,1.0,WIN,1,0.13145380464428685,True,1.0,-0.5869793297263363,0.001,SYNTHETIC,5
2026-04-27 20:00:00,LONG,1.2762646430958224,1.2635019966648642,1.2890272895267807,1.0,1.0,WIN,1,0.0441742560986958,True,1.0,1.2520591470425255,0.001,SYNTHETIC,5
2026-04-27 21:00:00,LONG,1.2743497561096149,1.2616062585485188,1.287093253670711,1.0,1.0,WIN,1,0.7853916544553279,True,0.3603610254732531,-0.05629474985479721,0.001,SYNTHETIC,9
2026-04-27 22:00:00,SHORT,1.274882266630947,1.2621334439646374,1.2876310892972564,1.0,1.0,WIN,1,-0.31246160858190514,True,-0.8096122252976125,0.8066804159243852,0.001,SYNTHETIC,3
2026-04-27 23:00:00,SHORT,1.2741412024179084,1.2613997903937293,1.2868826144420875,1.0,1.0,WIN,1,-0.30899901765159876,True,-1.0,1.5926249914716923,0.001,SYNTHETIC,3
2026-04-28 00:00:00,SHORT,1.275196381723506,1.2624444179062708,1.287948345540741,1.0,1.0,WIN,1,0.0972059465760588,False,-0.49680148855510853,0.569660438440649,0.001,SYNTHETIC,5
2026-04-28 01:00:00,SHORT,1.2749659570161616,1.2622162974459998,1.2877156165863233,1.0,1.0,WIN,1,-0.5023040142744963,True,-0.687919142670218,0.2227727927414329,0.001,SYNTHETIC,1
2026-04-28 04:00:00,LONG,1.2763871602866712,1.2636232886838046,1.2891510318895378,1.0,1.0,WIN,1,0.04549047287090574,True,0.86786383821123,2.2485524495083884,0.001,SYNTHETIC,5
2026-04-28 05:00:00,LONG,1.276374348701409,1.263610605214395,1.289138092188423,1.0,1.0,WIN,1,0.6271035094046244,True,0.346415831961637,-0.1356137046695325,0.001,SYNTHETIC,8
2026-04-28 06:00:00,LONG,1.2783377378029823,1.2655543604249524,1.2911211151810122,1.0,1.0,WIN,1,0.89205815479386,True,1.0,1.380785339399261,0.001,SYNTHETIC,9
2026-04-28 07:00:00,LONG,1.278957338960408,1.266167765570804,1.2917469123500123,1.0,1.0,WIN,1,0.11488482828868152,True,1.0,2.1489521637407183,0.001,SYNTHETIC,5
2026-04-28 08:00:00,LONG,1.2798150621604232,1.267016911538819,1.2926132127820273,1.0,1.0,WIN,1,0.5600859324385384,True,1.0,1.7176757096123656,0.001,SYNTHETIC,8
2026-04-28 09:00:00,LONG,1.2804778464788038,1.2676730680140158,1.2932826249435918,1.0,1.0,WIN,1,0.43067607892611687,True,1.0,0.8345622981725926,0.001,SYNTHETIC,7
2026-04-28 10:00:00,LONG,1.280513126190364,1.2677079949284602,1.2933182574522677,1.0,1.0,WIN,1,0.9254922409777813,True,1.0,1.5318079151047668,0.001,SYNTHETIC,9
2026-04-28 11:00:00,LONG,1.279420053872594,1.266625853333868,1.29221425441132,1.0,1.0,WIN,1,-0.24418201613916293,False,0.3580031713928405,0.7766840077299336,0.001,SYNTHETIC,3
2026-04-28 15:00:00,SHORT,1.2789124094276612,1.2661232853333846,1.2917015335219377,1.0,1.0,WIN,1,-0.027856514549961797,True,-0.8882120283016055,1.1150539857891837,0.001,SYNTHETIC,4
2026-04-28 17:00:00,LONG,1.280851449565797,1.268042935070139,1.293659964061455,1.0,1.0,WIN,1,0.3401073822544657,True,0.7491798958660985,1.3870465164575672,0.001,SYNTHETIC,7
2026-04-28 18:00:00,LONG,1.2821810963890712,1.2693592854251805,1.2950029073529619,1.0,1.0,WIN,1,0.3096345926444564,True,0.9209677215800895,3.1534120514442368,0.001,SYNTHETIC,6
2026-04-28 19:00:00,LONG,1.2817659808585578,1.2689483210499721,1.2945836406671434,1.0,1.0,WIN,1,0.19246115531600821,True,0.9162016863106871,2.5007775961106917,0.001,SYNTHETIC,6
2026-04-28 20:00:00,LONG,1.2834859055910646,1.270651046535154,1.2963207646469752,1.0,1.0,WIN,1,0.5815577443378163,True,1.0,3.5607785220907076,0.001,SYNTHETIC,8
2026-04-28 21:00:00,LONG,1.2827806974329767,1.269952890458647,1.2956085044073065,1.0,1.0,WIN,1,0.4594199959475136,True,1.0,1.3428798123592347,0.001,SYNTHETIC,7
2026-04-28 22:00:00,LONG,1.2818109422758874,1.2689928328531286,1.2946290516986463,1.0,1.0,WIN,1,0.01670958717242338,True,0.3390436933401442,1.3431648647687815,0.001,SYNTHETIC,5
2026-04-28 23:00:00,SHORT,1.2805197504377788,1.267714552933401,1.2933249479421565,1.0,1.0,WIN,1,-0.42618401041451626,True,-0.5817896520088115,-1.040374674262585,0.001,SYNTHETIC,2
2026-04-29 01:00:00,SHORT,1.2827731845202346,1.2699454526750322,1.295600916365437,1.0,1.0,WIN,1,-0.445023800771011,True,-0.4115094839316955,3.771741366838409,0.001,SYNTHETIC,2
2026-04-29 02:00:00,SHORT,1.2824068207368295,1.2695827525294612,1.295230888944198,1.0,1.0,WIN,1,-0.25329429244882984,True,-0.3584097238623219,0.8450353344188751,0.001,SYNTHETIC,3
2026-04-29 04:00:00,LONG,1.2838935049164033,1.2710545698672393,1.2967324399655673,1.0,1.0,WIN,1,0.5741676410207899,True,1.0,0.6716842595011088,0.001,SYNTHETIC,8
2026-04-29 05:00:00,LONG,1.2858459425958757,1.2729874831699168,1.2987044020218346,1.0,1.0,WIN,1,0.1851322200924172,True,1.0,-2.3025380364199473,0.001,SYNTHETIC,6
2026-04-29 06:00:00,LONG,1.2885903997345127,1.2757044957371675,1.301476303731858,1.0,1.0,WIN,1,0.49283867937590903,True,1.0,1.2177327603812145,0.001,SYNTHETIC,8
2026-04-29 07:00:00,LONG,1.2885705659547275,1.2756848602951802,1.3014562716142748,1.0,1.0,WIN,1,0.6311064863428908,True,1.0,1.6645234921288816,0.001,SYNTHETIC,8
2026-04-29 08:00:00,LONG,1.2886593677291214,1.27577277405183,1.3015459614064127,1.0,1.0,WIN,1,0.7967816573708727,True,1.0,0.19407449317153103,0.001,SYNTHETIC,9
2026-04-29 09:00:00,LONG,1.2871517172392934,1.2742802000669005,1.3000232344116864,1.0,1.0,WIN,1,0.2733863999765298,True,1.0,2.092419387612318,0.001,SYNTHETIC,6
2026-04-29 10:00:00,LONG,1.289277016189737,1.2763842460278396,1.3021697863516342,1.0,1.0,WIN,1,0.3324410831896596,True,1.0,-0.9434628261467923,0.001,SYNTHETIC,7
2026-04-29 13:00:00,SHORT,1.2875602465322444,1.274684644066922,1.300435848997567,1.0,1.0,WIN,1,-0.16244422645566953,True,-0.5678912823296081,1.819757156506531,0.001,SYNTHETIC,4
2026-04-29 15:00:00,SHORT,1.2860343942282155,1.2731740502859334,1.2988947381704976,1.0,1.0,WIN,1,-0.184728952135075,True,-1.0,2.0369625021187123,0.001,SYNTHETIC,3
2026-04-29 16:00:00,SHORT,1.2854427456616604,1.2725883182050437,1.298297173118277,1.0,1.0,WIN,1,-0.4858138185282667,True,-0.9169226916110722,-0.5086787674497348,0.001,SYNTHETIC,1
2026-04-29 17:00:00,SHORT,1.2851864693477058,1.2723346046542288,1.2980383340411827,1.0,1.0,WIN,1,-0.9215968864338424,True,-1.0,1.9130750029520733,0.001,SYNTHETIC,0
2026-04-29 18:00:00,SHORT,1.2854936275843143,1.272638691308471,1.2983485638601575,1.0,1.0,WIN,1,-0.2991589506627611,True,-1.0,1.677584710442757,0.001,SYNTHETIC,3
2026-04-29 19:00:00,SHORT,1.2866846280734305,1.2738177817926961,1.299551474354165,1.0,1.0,WIN,1,-0.15050983028731632,True,-0.39650586761918294,-1.0615012034200286,0.001,SYNTHETIC,4
2026-04-29 20:00:00,SHORT,1.284923903275151,1.2720746642423995,1.2977731423079024,1.0,1.0,WIN,1,-0.23682716310622945,True,-0.5096360138020607,0.4250218265433602,0.001,SYNTHETIC,3
2026-04-29 22:00:00,LONG,1.2866030277455711,1.2737369974681154,1.2994690580230268,1.0,1.0,WIN,1,0.23778648866296082,True,0.5930744954891262,1.2693055063930534,0.001,SYNTHETIC,6
2026-04-29 23:00:00,LONG,1.286036798354517,1.2731764303709716,1.2988971663380622,1.0,1.0,WIN,1,-0.05383694278171325,False,0.6085189861120046,1.7427881912499092,0.001,SYNTHETIC,4
2026-04-30 01:00:00,LONG,1.2860106972576688,1.2731505902850921,1.2988708042302455,1.0,1.0,WIN,1,0.03186681948200756,True,0.3216700561863191,1.7106823812781726,0.001,SYNTHETIC,5
2026-04-30 02:00:00,LONG,1.2873200761540686,1.274446875392528,1.3001932769156093,1.0,1.0,WIN,1,0.20968963494937393,True,0.7310999077174828,1.483479207244406,0.001,SYNTHETIC,6
2026-04-30 05:00:00,LONG,1.2877986797150147,1.2749206929178645,1.300676666512165,1.0,1.0,WIN,1,0.32337410627796953,True,0.8018869912935523,-0.8996890480880899,0.001,SYNTHETIC,7
2026-04-30 06:00:00,LONG,1.2871461868420437,1.2742747249736233,1.3000176487104642,1.0,1.0,WIN,1,0.24134507398694166,True,0.4305016857712288,1.015622310364986,0.001,SYNTHETIC,6
2026-04-30 08:00:00,LONG,1.2883714615174449,1.2754877469022703,1.3012551761326194,1.0,1.0,WIN,1,-0.33949074101429044,False,0.3113635539514116,5.288134356834368,0.001,SYNTHETIC,2
2026-04-30 09:00:00,LONG,1.2883670541180627,1.2754833835768822,1.3012507246592433,1.0,1.0,WIN,1,0.04415924241410388,True,0.40729383773455996,0.6740768751636577,0.001,SYNTHETIC,5
2026-04-30 15:00:00,LONG,1.2891556952721137,1.2762641383193927,1.3020472522248348,1.0,1.0,WIN,1,0.3341822989978324,True,0.6392925007420158,0.3769730289024169,0.001,SYNTHETIC,7
2026-04-30 17:00:00,SHORT,1.2867208125923437,1.2738536044664204,1.299588020718267,1.0,1.0,WIN,1,0.22134967296251776,False,-0.3497845743343834,2.3250010876086415,0.001,SYNTHETIC,6
2026-04-30 18:00:00,SHORT,1.2864397065172861,1.2735753094521132,1.299304103582459,1.0,1.0,WIN,1,-0.39830426117976037,True,-0.8866965191623819,-0.47727481298887664,0.001,SYNTHETIC,2
2026-04-30 19:00:00,SHORT,1.2856564371743755,1.2727998728026317,1.2985130015461193,1.0,1.0,WIN,1,-0.33136914799010275,True,-1.0,1.7814258656874138,0.001,SYNTHETIC,2
2026-04-30 20:00:00,SHORT,1.2845835848566227,1.2717377490080566,1.2974294207051889,1.0,1.0,WIN,1,-0.5746365998867514,True,-1.0,-0.3948279648049249,0.001,SYNTHETIC,1
2026-04-30 21:00:00,SHORT,1.284999212389464,1.2721492202655693,1.2978492045133587,1.0,1.0,WIN,1,-0.4339283379791152,True,-0.9886248498189772,0.8910704823613951,0.001,SYNTHETIC,2
2026-04-30 22:00:00,SHORT,1.2854701218821973,1.2726154206633753,1.2983248231010194,1.0,1.0,WIN,1,-0.5744360223600493,True,-0.6144428552579467,2.6791100563112185,0.001,SYNTHETIC,1
2026-04-30 23:00:00,SHORT,1.2854501533010667,1.2725956517680561,1.2983046548340773,1.0,1.0,WIN,1,-0.6936777109915149,True,-0.6804241265812664,3.423004142480227,0.001,SYNTHETIC,0
2026-05-01 00:00:00,SHORT,1.2831512289747082,1.2703197166849611,1.2959827412644553,1.0,1.0,WIN,1,-0.49546067679543304,True,-1.0,-1.5726640099476854,0.001,SYNTHETIC,1
2026-05-01 01:00:00,SHORT,1.2803921982957824,1.2675882763128246,1.2931961202787403,1.0,1.0,WIN,1,-0.32888250343967723,True,-1.0,0.19966649963325078,0.001,SYNTHETIC,2
2026-05-01 02:00:00,SHORT,1.280278624675362,1.2674758384286082,1.2930814109221156,1.0,1.0,WIN,1,-1.0,True,-1.0,0.5641484515520775,0.001,SYNTHETIC,0
2026-05-01 03:00:00,SHORT,1.2812837880709127,1.2684709501902036,1.2940966259516218,1.0,1.0,WIN,1,-0.6497310472412123,True,-1.0,0.39299214433201324,0.001,SYNTHETIC,1
2026-05-01 04:00:00,SHORT,1.2786255175964965,1.2658392624205315,1.2914117727724614,1.0,1.0,WIN,1,0.0526366323665175,False,-1.0,2.492593441286414,0.001,SYNTHETIC,5
2026-05-01 05:00:00,SHORT,1.2781730817379209,1.2653913509205417,1.2909548125553,1.0,1.0,WIN,1,-0.3562317344990136,True,-1.0,0.9625892805805574,0.001,SYNTHETIC,2
2026-05-01 06:00:00,SHORT,1.2779853078466228,1.2652054547681566,1.290765160925089,1.0,1.0,WIN,1,-0.03870618989285063,True,-1.0,0.46009030568488374,0.001,SYNTHETIC,4
2026-05-01 07:00:00,SHORT,1.2794641642435673,1.2666695226011317,1.292258805886003,1.0,1.0,WIN,1,-0.42494878719206486,True,-0.4694706033109788,-0.09962716627180934,0.001,SYNTHETIC,2
2026-05-01 08:00:00,SHORT,1.2792731944724816,1.2664804625277568,1.2920659264172063,1.0,1.0,WIN,1,-0.5505372129419199,True,-0.8263309668871758,2.2452647593123007,0.001,SYNTHETIC,1
2026-05-01 09:00:00,LONG,1.2796016562357648,1.266805639673407,1.2923976727981226,1.0,1.0,WIN,1,0.5414087664076388,True,0.5027775406085732,2.880816854635767,0.001,SYNTHETIC,8
2026-05-01 10:00:00,LONG,1.2804145156477091,1.267610370491232,1.2932186608041862,1.0,1.0,WIN,1,0.5745713482102803,True,0.7750304831935653,1.8916903649191963,0.001,SYNTHETIC,8
2026-05-01 15:00:00,LONG,1.2846395471641157,1.2717931516924745,1.2974859426357568,1.0,1.0,LOSS,1,0.028440143510974125,True,1.0,0.9454033859853876,0.001,SYNTHETIC,5
2026-05-01 16:00:00,LONG,1.2823513415115537,1.2695278280964382,1.2951748549266693,1.0,1.0,LOSS,1,0.9210857449248315,True,1.0,0.49781738080578886,0.001,SYNTHETIC,9
2026-05-01 17:00:00,LONG,1.2842488904675449,1.2714064015628694,1.2970913793722203,1.0,1.0,WIN,1,0.3595096572027886,True,1.0,0.3430546569701012,0.001,SYNTHETIC,7
2026-05-01 18:00:00,LONG,1.283799193758506,1.2709612018209209,1.2966371856960912,1.0,1.0,WIN,1,0.39995940468855506,True,1.0,1.6238850649849088,0.001,SYNTHETIC,7
2026-05-01 19:00:00,LONG,1.2848947681805456,1.2720458204987402,1.297743715862351,1.0,1.0,WIN,1,0.5808918462615001,True,1.0,-0.029772286095287648,0.001,SYNTHETIC,8
2026-05-01 21:00:00,LONG,1.2844866471986554,1.271641780726669,1.2973315136706418,1.0,1.0,WIN,1,0.4347131973942594,True,0.8917094617551499,0.6746013983327722,0.001,SYNTHETIC,7
2026-05-02 00:00:00,SHORT,1.2827332540802023,1.2699059215394004,1.2955605866210043,1.0,1.0,WIN,1,0.37651416325602,False,-0.5872048962658613,0.5846975523139901,0.001,SYNTHETIC,7
2026-05-02 03:00:00,SHORT,1.2825692024143693,1.2697435103902257,1.295394894438513,1.0,1.0,WIN,1,-0.276781012584871,True,-0.48187511952609297,-0.3278672834770521,0.001,SYNTHETIC,3
2026-05-02 04:00:00,SHORT,1.2828560349627667,1.270027474613139,1.2956845953123943,1.0,1.0,WIN,1,-0.11048534742817878,True,-0.812851851250959,0.14725048099145122,0.001,SYNTHETIC,4
2026-05-02 05:00:00,LONG,1.284135280231946,1.2712939274296264,1.2969766330342654,1.0,1.0,WIN,1,0.3054562588070755,True,0.36756909618307043,2.4687765888169233,0.001,SYNTHETIC,6
2026-05-02 08:00:00,LONG,1.284255724778945,1.2714131675311555,1.2970982820267345,1.0,1.0,WIN,1,0.29088410665940423,True,0.3216268104269306,0.43772743652996643,0.001,SYNTHETIC,6
2026-05-02 09:00:00,LONG,1.2855510943950126,1.2726955834510625,1.2984066053389627,1.0,1.0,WIN,1,-0.592413084135998,False,0.8358572714895187,0.04696176781247939,0.001,SYNTHETIC,1
2026-05-02 10:00:00,LONG,1.2854707003067993,1.2726159933037313,1.2983254073098673,1.0,1.0,WIN,1,0.4972630496723521,True,0.5940485561512865,0.9969147647835734,0.001,SYNTHETIC,8
2026-05-02 11:00:00,LONG,1.2877447980092906,1.2748673500291978,1.3006222459893835,1.0,1.0,WIN,1,0.13466218736142116,True,1.0,1.0309056105419114,0.001,SYNTHETIC,5
2026-05-02 12:00:00,LONG,1.2876633509887563,1.2747867174788687,1.3005399844986438,1.0,1.0,WIN,1,0.40172183555002233,True,1.0,3.2590159231607334,0.001,SYNTHETIC,7
2026-05-02 13:00:00,LONG,1.2884203826205884,1.2755361787943826,1.3013045864467943,1.0,1.0,WIN,1,0.7235753325932615,True,1.0,2.194929185938084,0.001,SYNTHETIC,9
2026-05-02 14:00:00,LONG,1.288523445219956,1.2756382107677566,1.3014086796721556,1.0,1.0,WIN,1,0.03917305021402773,True,1.0,1.3217966349995478,0.001,SYNTHETIC,5
2026-05-02 15:00:00,LONG,1.2899602331282631,1.2770606307969805,1.3028598354595458,1.0,1.0,WIN,1,0.8268298394666076,True,1.0,0.08279096993047519,0.001,SYNTHETIC,9
2026-05-02 16:00:00,LONG,1.289382498871148,1.2764886738824366,1.3022763238598594,1.0,1.0,LOSS,1,0.39721073184232136,True,0.8690043504578773,4.128126391196929,0.001,SYNTHETIC,7
2026-05-02 17:00:00,LONG,1.2908081952784782,1.2779001133256935,1.303716277231263,1.0,1.0,WIN,1,0.9359346458861715,True,1.0,1.1239231153774207,0.001,SYNTHETIC,9
2026-05-02 18:00:00,LONG,1.29050101697221,1.2775960068024879,1.303406027141932,1.0,1.0,WIN,1,0.17669296378174204,True,0.895092422984956,2.115240397054258,0.001,SYNTHETIC,6
2026-05-02 19:00:00,LONG,1.2899776022203793,1.2770778261981754,1.302877378242583,1.0,1.0,LOSS,1,-0.1306209016179566,False,0.8264308313722559,-0.5371143089799196,0.001,SYNTHETIC,4
2026-05-02 20:00:00,LONG,1.291189782685639,1.2782778848587828,1.3041016805124954,1.0,1.0,WIN,1,0.14780600379222952,True,0.312980036787282,2.589686696770042,0.001,SYNTHETIC,5
2026-05-02 21:00:00,LONG,1.2914817705608779,1.278566952855269,1.3043965882664867,1.0,1.0,LOSS,1,0.540492201453278,True,0.7287387621982108,-0.11353367680213089,0.001,SYNTHETIC,8
2026-05-02 22:00:00,LONG,1.2919724495774734,1.2790527250816985,1.3048921740732482,1.0,1.0,WIN,1,0.38192082960340845,True,0.361279495920684,-0.11042574782581449,0.001,SYNTHETIC,7
2026-05-02 23:00:00,LONG,1.2920742930394293,1.279153550109035,1.3049950359698237,1.0,1.0,WIN,1,-0.07215460309313237,False,0.5369836753700769,0.24172611368377983,0.001,SYNTHETIC,4
2026-05-03 00:00:00,LONG,1.2933125880413008,1.2803794621608877,1.3062457139217138,1.0,1.0,WIN,1,0.012610078964026716,True,1.0,0.45329024378689686,0.001,SYNTHETIC,5
2026-05-03 01:00:00,LONG,1.2942812475984644,1.2813384351224797,1.3072240600744491,1.0,1.0,WIN,1,0.4063028078295306,True,1.0,1.4413411693755782,0.001,SYNTHETIC,7
2026-05-03 02:00:00,LONG,1.2958337994664466,1.282875461471782,1.3087921374611111,1.0,1.0,WIN,1,0.6549331971426773,True,1.0,2.446388355446592,0.001,SYNTHETIC,8
2026-05-03 03:00:00,LONG,1.2955742187718005,1.2826184765840825,1.3085299609595185,1.0,1.0,WIN,1,0.6397360346318961,True,1.0,0.8946765447564177,0.001,SYNTHETIC,8
2026-05-03 04:00:00,LONG,1.2953235076945595,1.2823702726176138,1.3082767427715052,1.0,1.0,WIN,1,0.9716379009416434,True,1.0,1.7175617705098492,0.001,SYNTHETIC,9
2026-05-03 05:00:00,LONG,1.2962010086619031,1.2832389985752841,1.3091630187485221,1.0,1.0,WIN,1,0.3879634395747749,True,1.0,-0.028539919110038073,0.001,SYNTHETIC,7
2026-05-03 06:00:00,LONG,1.2976492654825316,1.2846727728277063,1.3106257581373568,1.0,1.0,WIN,1,-0.0726315820383645,False,0.9616746988580842,0.18754689345250763,0.001,SYNTHETIC,4
2026-05-03 07:00:00,LONG,1.2985961383450597,1.285610176961609,1.3115820997285104,1.0,1.0,WIN,1,0.8589999314852705,True,1.0,1.4153851647539128,0.001,SYNTHETIC,9
2026-05-03 08:00:00,LONG,1.298867311686645,1.2858786385697785,1.3118559848035114,1.0,1.0,WIN,1,0.5585585942332263,True,1.0,1.759032959676668,0.001,SYNTHETIC,8
2026-05-03 09:00:00,LONG,1.2987378510138878,1.285750472503749,1.3117252295240267,1.0,1.0,WIN,1,0.5846563731502733,True,1.0,0.9122484194714641,0.001,SYNTHETIC,8
2026-05-03 10:00:00,LONG,1.2963671871233864,1.2834035152521526,1.3093308589946202,1.0,1.0,WIN,1,0.3940565430290056,True,0.327858850794061,2.1251256232932887,0.001,SYNTHETIC,7
2026-05-03 12:00:00,SHORT,1.2980221570742054,1.2850419355034635,1.3110023786449474,1.0,1.0,WIN,1,-0.21731814671431965,True,-0.4208243029385178,-0.026492969113839915,0.001,SYNTHETIC,3
2026-05-03 13:00:00,SHORT,1.297816740042209,1.2848385726417868,1.310794907442631,1.0,1.0,LOSS,1,0.17243098406195456,False,-0.3610690118729324,2.332057791651272,0.001,SYNTHETIC,6
2026-05-03 15:00:00,LONG,1.2989318184993117,1.2859425003143186,1.3119211366843049,1.0,1.0,WIN,1,0.12200340176640881,True,0.637356238317617,1.8788131088750868,0.001,SYNTHETIC,5
2026-05-03 16:00:00,LONG,1.2986880830336034,1.2857012022032674,1.3116749638639393,1.0,1.0,WIN,1,0.4030261916244092,True,0.9459954665499252,2.718901718335465,0.001,SYNTHETIC,7
2026-05-03 19:00:00,SHORT,1.295105560009323,1.2821545044092297,1.3080566156094164,1.0,1.0,WIN,1,-0.23406226935906427,True,-1.0,2.3965962336886077,0.001,SYNTHETIC,3
2026-05-03 20:00:00,SHORT,1.2960185904281096,1.2830584045238285,1.3089787763323908,1.0,1.0,WIN,1,-0.452544949745838,True,-1.0,-2.0139374404502215,0.001,SYNTHETIC,2
2026-05-03 21:00:00,SHORT,1.2939716171946556,1.281031901022709,1.3069113333666023,1.0,1.0,WIN,1,-0.3855145282700546,True,-1.0,2.6664449457920836,0.001,SYNTHETIC,2
2026-05-03 22:00:00,SHORT,1.2955388019346052,1.2825834139152592,1.3084941899539513,1.0,1.0,LOSS,1,-0.06784840293495431,True,-1.0,1.0666620882618418,0.001,SYNTHETIC,4
2026-05-03 23:00:00,SHORT,1.2958538858527082,1.282895346994181,1.3088124247112354,1.0,1.0,WIN,1,-0.30692261315979036,True,-0.8277853528652995,0.26828615733875044,0.001,SYNTHETIC,3
2026-05-04 00:00:00,LONG,1.2976604205593498,1.2846838163537564,1.3106370247649433,1.0,1.0,WIN,1,0.3512457008841386,True,0.6596442894190894,0.3247925817684814,0.001,SYNTHETIC,7
2026-05-04 01:00:00,LONG,1.2983862704152236,1.2854024077110713,1.311370133119376,1.0,1.0,WIN,1,0.4752234610675633,True,1.0,0.9380826001073228,0.001,SYNTHETIC,8
2026-05-04 02:00:00,LONG,1.2982903316990049,1.2853074283820147,1.311273235015995,1.0,1.0,WIN,1,0.4596029120657774,True,1.0,1.0956158603477149,0.001,SYNTHETIC,7
2026-05-04 03:00:00,LONG,1.2996642592096577,1.286667616617561,1.3126609018017543,1.0,1.0,LOSS,1,0.5936898092610822,True,1.0,0.2559644225539072,0.001,SYNTHETIC,8
2026-05-04 04:00:00,LONG,1.3009404308336046,1.2879310265252686,1.3139498351419405,1.0,1.0,WIN,1,0.9089968952349243,True,1.0,3.2299772538050346,0.001,SYNTHETIC,9
2026-05-04 05:00:00,LONG,1.3013238119216048,1.2883105738023888,1.314337050040821,1.0,1.0,WIN,1,0.31646712189974935,True,1.0,2.2885982534200586,0.001,SYNTHETIC,6
2026-05-04 06:00:00,LONG,1.3027709710464939,1.289743261336029,1.3157986807569588,1.0,1.0,WIN,1,0.293762858398711,True,1.0,0.388726999880028,0.001,SYNTHETIC,6
2026-05-04 07:00:00,LONG,1.3010906051661226,1.2880796991144614,1.3141015112177838,1.0,1.0,WIN,1,0.8855119685594088,True,1.0,1.8714726391809742,0.001,SYNTHETIC,9
2026-05-04 08:00:00,LONG,1.3011603783011016,1.2881487745180906,1.3141719820841127,1.0,1.0,WIN,1,0.0051972570812184316,True,0.35008267807756915,1.7624241717437958,0.001,SYNTHETIC,4
2026-05-04 09:00:00,SHORT,1.3007035567513268,1.2876965211838134,1.3137105923188401,1.0,1.0,WIN,1,-0.09177952024405385,True,-0.3132159602997301,1.168671917027237,0.001,SYNTHETIC,4
2026-05-04 10:00:00,SHORT,1.2997254536969807,1.2867281991600108,1.3127227082339505,1.0,1.0,WIN,1,-0.39691540748721865,True,-0.4387523360849178,3.097331062440915,0.001,SYNTHETIC,2
2026-05-04 11:00:00,SHORT,1.2996088224800257,1.2866127342552254,1.312604910704826,1.0,1.0,WIN,1,-1.0,True,-1.0,1.2501298009598292,0.001,SYNTHETIC,0
2026-05-04 12:00:00,SHORT,1.30011797576855,1.2871167960108645,1.3131191555262354,1.0,1.0,WIN,1,-0.13000045571521257,True,-0.3789360274056021,0.9698062831066838,0.001,SYNTHETIC,4
2026-05-04 17:00:00,SHORT,1.2994978468305207,1.2865028683622155,1.312492825298826,1.0,1.0,WIN,1,-0.46492931637582346,True,-0.4762877995644117,1.4977226400330117,0.001,SYNTHETIC,2
2026-05-04 18:00:00,SHORT,1.2975689901843455,1.284593300282502,1.3105446800861889,1.0,1.0,LOSS,1,-1.0,True,-1.0,-1.035884165591867,0.001,SYNTHETIC,0
2026-05-04 19:00:00,SHORT,1.2980076401151932,1.2850275637140414,1.310987716516345,1.0,1.0,LOSS,1,-0.5242651165170621,True,-1.0,2.3100633411833456,0.001,SYNTHETIC,1
2026-05-04 20:00:00,SHORT,1.29644933311562,1.2834848397844638,1.309413826446776,1.0,1.0,WIN,1,-0.3446947418335903,True,-1.0,1.4966631908176489,0.001,SYNTHETIC,2
2026-05-04 23:00:00,LONG,1.3004644949011956,1.2874598499521837,1.3134691398502076,1.0,1.0,WIN,1,0.6952807032159529,True,1.0,-0.6604410607875201,0.001,SYNTHETIC,9
2026-05-05 00:00:00,LONG,1.3019715289655815,1.2889518136759257,1.3149912442552374,1.0,1.0,WIN,1,0.7800702225816782,True,1.0,2.460311607825936,0.001,SYNTHETIC,9
2026-05-05 01:00:00,LONG,1.3006799445527821,1.2876731451072543,1.31368674399831,1.0,1.0,WIN,1,0.11463036497658002,True,1.0,0.689975693136651,0.001,SYNTHETIC,5
2026-05-05 02:00:00,LONG,1.3019626397558401,1.2889430133582818,1.3149822661533985,1.0,1.0,WIN,1,0.9865477404638763,True,1.0,1.4626179892861142,0.001,SYNTHETIC,9
2026-05-05 03:00:00,LONG,1.3019267463674755,1.2889074789038006,1.3149460138311504,1.0,1.0,WIN,1,0.8537857281772468,True,0.9471553474115633,0.14404964831212674,0.001,SYNTHETIC,9
2026-05-05 04:00:00,LONG,1.3022705055315575,1.289247800476242,1.315293210586873,1.0,1.0,WIN,1,0.389865354510043,True,1.0,0.5188177698772474,0.001,SYNTHETIC,7
2026-05-05 05:00:00,LONG,1.3041696866947492,1.2911279898278016,1.3172113835616968,1.0,1.0,WIN,1,0.7044980375863529,True,1.0,2.568119679687662,0.001,SYNTHETIC,9
2026-05-05 06:00:00,LONG,1.304868569661757,1.2918198839651394,1.3179172553583747,1.0,1.0,WIN,1,0.674320455034583,True,1.0,0.9171378661494021,0.001,SYNTHETIC,9
2026-05-05 07:00:00,LONG,1.3058968104569888,1.292837842352419,1.3189557785615587,1.0,1.0,WIN,1,0.9410640531651181,True,1.0,1.9717045168194978,0.001,SYNTHETIC,9
2026-05-05 08:00:00,LONG,1.3043714759190754,1.2913277611598846,1.3174151906782663,1.0,1.0,WIN,1,0.3512598686482246,True,0.7931844005923797,1.7727518258188868,0.001,SYNTHETIC,7
2026-05-05 10:00:00,SHORT,1.303119905399034,1.2900887063450437,1.3161511044530245,1.0,1.0,WIN,1,-0.3153750297318379,True,-0.33675103766686953,1.6854150028477872,0.001,SYNTHETIC,3
2026-05-05 11:00:00,SHORT,1.3032158562422373,1.290183697679815,1.3162480148046598,1.0,1.0,WIN,1,-0.03726929564098974,True,-0.6126161813002998,0.7206631635904039,0.001,SYNTHETIC,4
2026-05-05 12:00:00,SHORT,1.3025456750926934,1.2895202183417664,1.3155711318436203,1.0,1.0,WIN,1,-1.0,True,-1.0,-0.3247689846451882,0.001,SYNTHETIC,0
2026-05-05 13:00:00,LONG,1.305542730883538,1.2924873035747024,1.3185981581923734,1.0,1.0,LOSS,1,-0.6333258975540739,False,0.5315922684379538,-0.027972970374989692,0.001,SYNTHETIC,1
2026-05-05 14:00:00,LONG,1.3071047765705228,1.2940337288048176,1.320175824336228,1.0,1.0,WIN,1,0.7682747020903936,True,1.0,1.776663490537881,0.001,SYNTHETIC,9
2026-05-05 15:00:00,LONG,1.307822815153373,1.2947445870018393,1.3209010433049069,1.0,1.0,LOSS,1,0.5824416392465899,True,1.0,1.250420929763679,0.001,SYNTHETIC,8
2026-05-05 16:00:00,LONG,1.3086893734072,1.295602479673128,1.321776267141272,1.0,1.0,WIN,1,0.5055390008909533,True,1.0,1.3390171864287013,0.001,SYNTHETIC,8
2026-05-05 17:00:00,LONG,1.3075333616269815,1.2944580280107116,1.3206086952432514,1.0,1.0,WIN,1,0.10833601160346312,True,1.0,-0.47698185668660487,0.001,SYNTHETIC,5
2026-05-05 18:00:00,LONG,1.3078470594304485,1.294768588836144,1.320925530024753,1.0,1.0,WIN,1,-0.08664304759532143,False,0.8526477635665298,1.0899698064274785,0.001,SYNTHETIC,4
2026-05-05 21:00:00,SHORT,1.3069399613436183,1.2938705617301822,1.3200093609570545,1.0,1.0,WIN,1,-0.4191893010230904,True,-0.48692517438585764,1.9509235672725884,0.001,SYNTHETIC,2
2026-05-06 00:00:00,SHORT,1.305896921463987,1.2928379522493472,1.318955890678627,1.0,1.0,WIN,1,-0.537845524878117,True,-0.7640840058604835,2.1445930505667254,0.001,SYNTHETIC,1
2026-05-06 01:00:00,SHORT,1.305358579209186,1.292304993417094,1.318412165001278,1.0,1.0,WIN,1,-0.28903968359468923,True,-1.0,2.0252434113608624,0.001,SYNTHETIC,3
2026-05-06 02:00:00,SHORT,1.3044559695380014,1.2914114098426213,1.3175005292333815,1.0,1.0,LOSS,1,-0.5572195822027496,True,-0.8882901545147596,1.8342425418064248,0.001,SYNTHETIC,1
2026-05-06 05:00:00,LONG,1.3064364778061972,1.2933721130281353,1.3195008425842591,1.0,1.0,LOSS,1,-0.07861299020545354,False,0.3401384640708017,1.6010176119914274,0.001,SYNTHETIC,4
2026-05-06 06:00:00,LONG,1.3071666031545657,1.29409493712302,1.3202382691861114,1.0,1.0,WIN,1,0.5678507771558778,True,0.9231951419740296,1.4267631281528468,0.001,SYNTHETIC,8
2026-05-06 07:00:00,LONG,1.3058946231366964,1.2928356769053293,1.3189535693680634,1.0,1.0,WIN,1,0.36124668074451305,True,0.432269584702251,0.7111725689764524,0.001,SYNTHETIC,7
2026-05-06 09:00:00,SHORT,1.3069357627160147,1.2938664050888546,1.3200051203431749,1.0,1.0,WIN,1,-0.36474218228267274,True,-0.35977420123328085,3.5165901365991745,0.001,SYNTHETIC,2
2026-05-06 11:00:00,LONG,1.3084196263823327,1.2953354301185094,1.321503822646156,1.0,1.0,WIN,1,0.7501483331124505,True,0.5427357961721954,0.4531209241799308,0.001,SYNTHETIC,9
2026-05-06 12:00:00,LONG,1.3071935940131825,1.2941216580730506,1.3202655299533144,1.0,1.0,WIN,1,-0.09869731053464781,False,0.6552554051904446,1.4716180863102535,0.001,SYNTHETIC,4
2026-05-06 13:00:00,SHORT,1.3069300030956497,1.2938607030646931,1.3199993031266062,1.0,1.0,LOSS,1,0.35672609686345247,False,-0.4180825745302788,-1.6961505167840851,0.001,SYNTHETIC,7
2026-05-06 14:00:00,SHORT,1.3057109629796637,1.292653853349867,1.3187680726094604,1.0,1.0,WIN,1,-0.20326619837001544,True,-0.466364304410559,0.4885173868918108,0.001,SYNTHETIC,3
2026-05-06 16:00:00,SHORT,1.3052697199430927,1.2922170227436618,1.3183224171425236,1.0,1.0,WIN,1,-0.2139864983594969,True,-1.0,0.11447651577826479,0.001,SYNTHETIC,3
2026-05-06 17:00:00,SHORT,1.3033946409360722,1.2903606945267114,1.3164285873454329,1.0,1.0,WIN,1,-1.0,True,-1.0,1.994080551616824,0.001,SYNTHETIC,0
2026-05-06 18:00:00,SHORT,1.3026824746586265,1.2896556499120402,1.3157092994052129,1.0,1.0,WIN,1,-0.0859041276260748,True,-1.0,-0.565148040594164,0.001,SYNTHETIC,4
2026-05-06 19:00:00,SHORT,1.3034860331401565,1.2904511728087549,1.3165208934715582,1.0,1.0,WIN,1,0.07033042787582389,False,-0.9739746416173809,2.8254697309673515,0.001,SYNTHETIC,5
2026-05-06 20:00:00,SHORT,1.3049686732176804,1.2919189864855036,1.3180183599498572,1.0,1.0,WIN,1,-0.12597294113723667,True,-0.904729602749933,-0.516046660145256,0.001,SYNTHETIC,4
2026-05-06 21:00:00,SHORT,1.3050539708093907,1.2920034311012967,1.3181045105174847,1.0,1.0,WIN,1,-0.8540942509446162,True,-0.44681728054280234,2.7374388161362324,0.001,SYNTHETIC,0
2026-05-06 22:00:00,LONG,1.3044530138983608,1.2914084837593771,1.3174975440373444,1.0,1.0,WIN,1,0.5296714624736445,True,0.6008422462669996,-0.06379427209040511,0.001,SYNTHETIC,8
2026-05-06 23:00:00,LONG,1.3066500942907517,1.2935835933478441,1.3197165952336594,1.0,1.0,WIN,1,0.993799567405605,True,1.0,1.0125458060961916,0.001,SYNTHETIC,9
2026-05-07 01:00:00,SHORT,1.3042934920375309,1.2912505571171555,1.3173364269579062,1.0,1.0,WIN,1,-0.6413707176307225,True,-0.4378878869256088,0.2239756070458973,0.001,SYNTHETIC,1
2026-05-07 04:00:00,SHORT,1.3045200270975188,1.2914748268265437,1.317565227368494,1.0,1.0,WIN,1,-0.24204863832876233,True,-0.5017767078451362,-0.08598271920079792,0.001,SYNTHETIC,3
2026-05-07 05:00:00,LONG,1.3050465211340632,1.2919960559227226,1.3180969863454037,1.0,1.0,WIN,1,-0.274670264181071,False,0.32228020531169027,1.6836985150609904,0.001,SYNTHETIC,3
2026-05-07 06:00:00,SHORT,1.3027072606818104,1.2896801880749924,1.3157343332886284,1.0,1.0,WIN,1,-0.044082038761137504,True,-0.5853556331572354,2.209807540255276,0.001,SYNTHETIC,4
2026-05-07 07:00:00,SHORT,1.3018856402049612,1.2888667838029115,1.314904496607011,1.0,1.0,WIN,1,-0.15960526507638684,True,-0.9515253113438238,2.1149441802196396,0.001,SYNTHETIC,4
2026-05-07 08:00:00,SHORT,1.3027917147448909,1.2897637975974419,1.3158196318923399,1.0,1.0,WIN,1,-0.5167165031754885,True,-0.9499081077554353,1.7310824225174546,0.001,SYNTHETIC,1
2026-05-07 09:00:00,SHORT,1.3023051980106142,1.289282146030508,1.3153282499907204,1.0,1.0,WIN,1,-0.8572170367591474,True,-1.0,1.656500048583632,0.001,SYNTHETIC,0
2026-05-07 10:00:00,SHORT,1.302830229758092,1.289801927460511,1.315858532055673,1.0,1.0,WIN,1,-0.205438374789151,True,-1.0,0.6106803018639044,0.001,SYNTHETIC,3
2026-05-07 17:00:00,LONG,1.303322746714417,1.290289519247273,1.3163559741815611,1.0,1.0,WIN,1,0.10657352879249582,True,0.3215390279757367,2.438723150878557,0.001,SYNTHETIC,5
2026-05-07 19:00:00,LONG,1.303199961410633,1.2901679617965267,1.3162319610247395,1.0,1.0,WIN,1,0.022391614166875018,True,0.5076136471822443,-1.0214050057763364,0.001,SYNTHETIC,5
2026-05-07 20:00:00,LONG,1.3040346624282282,1.2909943158039459,1.3170750090525105,1.0,1.0,WIN,1,0.1003358524758225,True,0.9056831871088307,0.5549595897758249,0.001,SYNTHETIC,5
2026-05-08 00:00:00,LONG,1.3044201948566492,1.2913759929080826,1.3174643968052158,1.0,1.0,LOSS,1,0.3634544659538465,True,0.3849446844932734,0.6162810293565315,0.001,SYNTHETIC,7
2026-05-08 01:00:00,LONG,1.3057514242578445,1.2926939100152661,1.318808938500423,1.0,1.0,WIN,1,0.15150162069975176,True,0.5940224863284965,0.2594903384180819,0.001,SYNTHETIC,5
2026-05-08 02:00:00,LONG,1.3047494454878414,1.291701951032963,1.3177969399427198,1.0,1.0,WIN,1,0.09487724898933098,True,0.8868108000036354,2.0177088308315883,0.001,SYNTHETIC,5
2026-05-08 05:00:00,SHORT,1.3040956098395293,1.291054653741134,1.3171365659379246,1.0,1.0,WIN,1,-0.281613596724012,True,-0.42108770105556836,0.6311370537435473,0.001,SYNTHETIC,3
2026-05-08 09:00:00,LONG,1.3044480325224006,1.2914035521971765,1.3174925128476247,1.0,1.0,WIN,1,0.5446311587669602,True,0.3138255344132357,1.2185234518096892,0.001,SYNTHETIC,8
2026-05-08 11:00:00,SHORT,1.3036625271274094,1.2906259018561352,1.3166991523986835,1.0,1.0,WIN,1,-0.5050632309879625,True,-0.786935006519723,-1.7634059321593856,0.001,SYNTHETIC,1
2026-05-08 14:00:00,SHORT,1.3041816228437828,1.291139806615345,1.3172234390722206,1.0,1.0,LOSS,1,0.22871741277253843,False,-0.3112649050216295,1.0634255721454962,0.001,SYNTHETIC,6
2026-05-08 16:00:00,SHORT,1.3023375427229893,1.2893141672957593,1.3153609181502193,1.0,1.0,WIN,1,-0.48576567647356184,True,-0.5032200409592195,-0.72588492056631,0.001,SYNTHETIC,1
2026-05-08 17:00:00,SHORT,1.3033826959860546,1.290348869026194,1.3164165229459153,1.0,1.0,WIN,1,-0.5118001753183137,True,-0.5014729802443478,0.8273797005364927,0.001,SYNTHETIC,1
2026-05-08 18:00:00,LONG,1.3056444843521624,1.2925880395086409,1.318700929195684,1.0,1.0,WIN,1,0.2402904106398909,True,0.3999586487305163,1.1269867621127143,0.001,SYNTHETIC,6
2026-05-08 19:00:00,LONG,1.3052855273894024,1.2922326721155084,1.3183383826632964,1.0,1.0,WIN,1,0.34631106126334193,True,0.44848466814890375,2.310832404215327,0.001,SYNTHETIC,7
2026-05-08 20:00:00,LONG,1.3052500648007357,1.2921975641527284,1.318302565448743,1.0,1.0,WIN,1,0.34472247614099966,True,0.774818451317737,-0.19901409880236332,0.001,SYNTHETIC,7
2026-05-08 21:00:00,LONG,1.306319399843157,1.2932562058447254,1.3193825938415886,1.0,1.0,WIN,1,0.38309467164937827,True,1.0,-0.46753264881006107,0.001,SYNTHETIC,7
2026-05-08 22:00:00,LONG,1.3054602023422335,1.2924056003188111,1.3185148043656558,1.0,1.0,WIN,1,0.8802185548487389,True,1.0,0.48920687889239023,0.001,SYNTHETIC,9
2026-05-08 23:00:00,LONG,1.307500022888544,1.2944250226596585,1.3205750231174296,1.0,1.0,WIN,1,0.47278037283585805,True,1.0,3.001288900734857,0.001,SYNTHETIC,8
2026-05-09 00:00:00,LONG,1.307994981022264,1.2949150312120412,1.3210749308324867,1.0,1.0,WIN,1,0.13543657462450281,True,1.0,-0.26633143425653527,0.001,SYNTHETIC,5
2026-05-09 01:00:00,LONG,1.3098352048996904,1.2967368528506935,1.3229335569486873,1.0,1.0,WIN,1,0.1700932739193426,True,1.0,0.7801349280745333,0.001,SYNTHETIC,6
2026-05-09 02:00:00,LONG,1.3091325830197031,1.2960412571895061,1.3222239088499002,1.0,1.0,WIN,1,0.5741192975400504,True,1.0,1.0876852581343306,0.001,SYNTHETIC,8
2026-05-09 03:00:00,LONG,1.3110420915722891,1.2979316706565662,1.324152512488012,1.0,1.0,WIN,1,1.0,True,1.0,-0.06867108713838999,0.001,SYNTHETIC,9
2026-05-09 04:00:00,LONG,1.3123900206643406,1.2992661204576972,1.325513920870984,1.0,1.0,WIN,1,0.2072168768764464,True,1.0,-0.7415347107169391,0.001,SYNTHETIC,6
2026-05-09 05:00:00,LONG,1.3136373145558065,1.3005009414102484,1.3267736877013645,1.0,1.0,WIN,1,0.40553777939808205,True,1.0,0.22478822402679177,0.001,SYNTHETIC,7
2026-05-09 06:00:00,LONG,1.3138287631830758,1.3006904755512452,1.3269670508149065,1.0,1.0,WIN,1,1.0,True,1.0,1.319252759878689,0.001,SYNTHETIC,9
2026-05-09 07:00:00,LONG,1.3136234336009187,1.3004871992649094,1.326759667936928,1.0,1.0,WIN,1,0.35471578104845924,True,1.0,1.009160748220232,0.001,SYNTHETIC,7
2026-05-09 08:00:00,LONG,1.3152501141435569,1.3020976130021213,1.3284026152849924,1.0,1.0,WIN,1,0.6366382523814216,True,1.0,0.025373245189693944,0.001,SYNTHETIC,8
2026-05-09 09:00:00,LONG,1.3151648572249057,1.3020132086526566,1.3283165057971549,1.0,1.0,WIN,1,1.0,True,1.0,1.7182402345170755,0.001,SYNTHETIC,9
2026-05-09 11:00:00,SHORT,1.3122210393455813,1.2990988289521255,1.3253432497390372,1.0,1.0,WIN,1,-0.3103398256065347,True,-0.43512351800013294,-1.1878273942594213,0.001,SYNTHETIC,3
2026-05-09 12:00:00,SHORT,1.312430900296175,1.2993065912932131,1.3255552092991367,1.0,1.0,WIN,1,-0.3491756369356973,True,-0.40773171369067035,3.1996969590028517,0.001,SYNTHETIC,2
2026-05-09 13:00:00,SHORT,1.3128718407199382,1.299743122312739,1.3260005591271375,1.0,1.0,WIN,1,-0.8530259050200646,True,-0.7953145922598144,1.8169832037601106,0.001,SYNTHETIC,0
2026-05-09 14:00:00,SHORT,1.3135352833274623,1.3003999304941876,1.326670636160737,1.0,1.0,WIN,1,0.03026249127090458,False,-0.8810945848713666,1.3748899260918854,0.001,SYNTHETIC,5
2026-05-09 15:00:00,LONG,1.314494251174277,1.3013493086625343,1.3276391936860197,1.0,1.0,WIN,1,0.0775830168277486,True,0.5064086367374165,0.03781742208956662,0.001,SYNTHETIC,5
2026-05-09 18:00:00,SHORT,1.3113191142058833,1.2982059230638245,1.324432305347942,1.0,1.0,WIN,1,-0.04099565609415756,True,-0.6392901552807785,2.763249238277853,0.001,SYNTHETIC,4
2026-05-09 20:00:00,SHORT,1.3127196427871735,1.2995924463593016,1.3258468392150453,1.0,1.0,WIN,1,-0.6654679052641346,True,-0.8559360272700508,1.1595598904664128,0.001,SYNTHETIC,1
2026-05-09 23:00:00,LONG,1.3142832031503306,1.3011403711188274,1.3274260351818339,1.0,1.0,WIN,1,0.4928706236291729,True,1.0,1.8173584924507402,0.001,SYNTHETIC,8
2026-05-10 00:00:00,LONG,1.3158790875512778,1.302720296675765,1.3290378784267907,1.0,1.0,WIN,1,0.42957172134030214,True,1.0,2.0702062405924475,0.001,SYNTHETIC,7
2026-05-10 01:00:00,LONG,1.3159965900392394,1.302836624138847,1.329156555939632,1.0,1.0,WIN,1,0.8047627815146658,True,1.0,0.6315273737907025,0.001,SYNTHETIC,9
2026-05-10 02:00:00,LONG,1.3163162180377284,1.303153055857351,1.3294793802181057,1.0,1.0,WIN,1,0.44624442604596753,True,1.0,1.4685089381155847,0.001,SYNTHETIC,7
2026-05-10 03:00:00,LONG,1.3171181271219785,1.3039469458507587,1.3302893083931984,1.0,1.0,WIN,1,0.9824574518870071,True,1.0,0.12821806585805362,0.001,SYNTHETIC,9
2026-05-10 04:00:00,LONG,1.3166545689332607,1.303488023243928,1.3298211146225933,1.0,1.0,WIN,1,0.27270953837290646,True,1.0,0.7739129018556066,0.001,SYNTHETIC,6
2026-05-10 05:00:00,LONG,1.3172225810689773,1.3040503552582874,1.3303948068796672,1.0,1.0,WIN,1,0.241056055843032,True,0.9506601911425392,1.0120127006529287,0.001,SYNTHETIC,6
2026-05-10 06:00:00,LONG,1.31966698679574,1.3064703169277827,1.3328636566636973,1.0,1.0,LOSS,1,0.22886096597469624,True,1.0,-1.0304607802234527,0.001,SYNTHETIC,6
2026-05-10 07:00:00,LONG,1.3205207326017587,1.3073155252757411,1.3337259399277763,1.0,1.0,WIN,1,0.42834606299300515,True,1.0,0.5261557122732019,0.001,SYNTHETIC,7
2026-05-10 08:00:00,LONG,1.3205265756175524,1.3073213098613767,1.333731841373728,1.0,1.0,WIN,1,0.5007512184098956,True,1.0,-0.14446448290657132,0.001,SYNTHETIC,8
2026-05-10 09:00:00,LONG,1.320330941640004,1.3071276322236038,1.333534251056404,1.0,1.0,WIN,1,0.10230922712815577,True,1.0,2.1667538201647165,0.001,SYNTHETIC,5
2026-05-10 10:00:00,LONG,1.3192638328173973,1.3060711944892234,1.3324564711455713,1.0,1.0,WIN,1,0.4779095270221624,True,0.8977646932958134,1.6230194426498012,0.001,SYNTHETIC,8
2026-05-10 11:00:00,LONG,1.3209251463380167,1.3077158948746366,1.3341343978013969,1.0,1.0,WIN,1,0.3836810078579779,True,0.42814950334438234,0.8589200969239996,0.001,SYNTHETIC,7
2026-05-10 13:00:00,SHORT,1.3192747571360401,1.3060820095646797,1.3324675047074006,1.0,1.0,WIN,1,-0.32727049121302565,True,-0.34183812659751994,1.6681037638078369,0.001,SYNTHETIC,2
2026-05-10 14:00:00,SHORT,1.3189743169270938,1.3057845737578229,1.3321640600963647,1.0,1.0,WIN,1,-0.32975428142930596,True,-1.0,-0.06454815813412743,0.001,SYNTHETIC,2
2026-05-10 15:00:00,SHORT,1.318588002401999,1.3054021223779788,1.331773882426019,1.0,1.0,WIN,1,-0.6096907713713755,True,-0.5657299832171987,1.70854448852295,0.001,SYNTHETIC,1
2026-05-10 16:00:00,SHORT,1.3186537805863856,1.3054672427805218,1.3318403183922494,1.0,1.0,WIN,1,-0.5685457947372533,True,-0.9475044763264289,-0.21198899856526332,0.001,SYNTHETIC,1
2026-05-10 17:00:00,SHORT,1.317260499799639,1.3040878948016428,1.3304331047976354,1.0,1.0,WIN,1,-0.17354492931986087,True,-1.0,3.0413821867288076,0.001,SYNTHETIC,3
2026-05-10 18:00:00,SHORT,1.3187812594020374,1.305593446808017,1.3319690719960577,1.0,1.0,WIN,1,0.1960713038571052,False,-0.6849670501614006,0.5900025016141923,0.001,SYNTHETIC,6
2026-05-10 22:00:00,LONG,1.3186220128831825,1.3054357927543507,1.3318082330120142,1.0,1.0,WIN,1,0.652741269492317,True,0.7590300797217056,2.2579528148911185,0.001,SYNTHETIC,8
2026-05-10 23:00:00,LONG,1.321256939765913,1.3080443703682538,1.3344695091635723,1.0,1.0,WIN,1,0.840021919734701,True,1.0,0.9227965791538753,0.001,SYNTHETIC,9
2026-05-11 00:00:00,LONG,1.3209039187759526,1.307694879588193,1.334112957963712,1.0,1.0,WIN,1,0.14890591787240437,True,0.9916733140153976,2.1872205936389406,0.001,SYNTHETIC,5
2026-05-11 01:00:00,LONG,1.3200354684669073,1.3068351137822383,1.3332358231515764,1.0,1.0,WIN,1,0.6775383255785952,True,0.8088205615908307,-0.43449189598789173,0.001,SYNTHETIC,9
2026-05-11 02:00:00,LONG,1.3208063333380442,1.3075982700046638,1.3340143966714246,1.0,1.0,WIN,1,0.3178861094821337,True,1.0,2.2744582439875503,0.001,SYNTHETIC,6
2026-05-11 03:00:00,LONG,1.3209238866613897,1.3077146477947759,1.3341331255280036,1.0,1.0,WIN,1,0.11194267423130921,True,0.7396188128339641,0.8078250847121509,0.001,SYNTHETIC,5
2026-05-11 05:00:00,LONG,1.3212048946389914,1.3079928456926015,1.3344169435853812,1.0,1.0,WIN,1,0.5427900291648114,True,0.490612112792204,-0.10951417751758069,0.001,SYNTHETIC,8
2026-05-11 08:00:00,LONG,1.3216502921029345,1.3084337891819051,1.3348667950239639,1.0,1.0,WIN,1,0.3420302899460554,True,0.47259558749230224,-1.10778443934394,0.001,SYNTHETIC,7
2026-05-11 09:00:00,LONG,1.3221476979829634,1.3089262210031338,1.335369174962793,1.0,1.0,WIN,1,0.31701146703599914,True,0.3534281228577816,0.5025151771758407,0.001,SYNTHETIC,6
2026-05-11 11:00:00,LONG,1.3225239188381863,1.3092986796498045,1.3357491580265681,1.0,1.0,WIN,1,0.5948146357318579,True,0.8104960122285242,0.3541911209506299,0.001,SYNTHETIC,8
2026-05-11 12:00:00,SHORT,1.3206572048248972,1.3074506327766482,1.3338637768731463,1.0,1.0,WIN,1,-0.46008199512485964,True,-0.5243546726646979,2.981060534129293,0.001,SYNTHETIC,2
2026-05-11 15:00:00,LONG,1.323397691850751,1.3101637149322436,1.3366316687692585,1.0,1.0,WIN,1,0.47440663008335837,True,0.5293313034265292,1.8231900264755627,0.001,SYNTHETIC,8
2026-05-11 16:00:00,LONG,1.3243318779325504,1.3110885591532249,1.3375751967118759,1.0,1.0,WIN,1,0.7068171462530988,True,0.9630169934897385,0.8537756856547511,0.001,SYNTHETIC,9
2026-05-11 17:00:00,LONG,1.3233223110340815,1.3100890879237406,1.3365555341444224,1.0,1.0,WIN,1,0.6394596920690434,True,1.0,-0.21744329687750893,0.001,SYNTHETIC,8
2026-05-11 18:00:00,LONG,1.3244999888115516,1.3112549889234362,1.337744988699667,1.0,1.0,WIN,1,0.765602979347146,True,0.8271402094887237,0.20614080885664499,0.001,SYNTHETIC,9
2026-05-11 19:00:00,LONG,1.3241884135070838,1.310946529372013,1.3374302976421546,1.0,1.0,LOSS,1,-0.3356327045334399,False,0.6917028613203172,1.2694683345431308,0.001,SYNTHETIC,2
2026-05-11 20:00:00,LONG,1.325353783790987,1.312100245953077,1.338607321628897,1.0,1.0,WIN,1,0.6907096253253222,True,0.8691716761115474,2.1629007793285124,0.001,SYNTHETIC,9
2026-05-11 21:00:00,SHORT,1.3236455094986639,1.3104090544036773,1.3368819645936505,1.0,1.0,WIN,1,0.3516471039264705,False,-0.48198030844178447,0.8652553805923204,0.001,SYNTHETIC,7
2026-05-11 23:00:00,SHORT,1.3229842114990202,1.3097543693840301,1.3362140536140104,1.0,1.0,WIN,1,-0.49484224237825675,True,-0.5494465697390113,0.01082728759277964,0.001,SYNTHETIC,1
2026-05-12 01:00:00,SHORT,1.3244945037951548,1.3112495587572033,1.3377394488331062,1.0,1.0,WIN,1,-0.4820941060803574,True,-0.4081446084731455,0.011731433798982227,0.001,SYNTHETIC,2
2026-05-12 05:00:00,SHORT,1.3224876304643236,1.3092627541596804,1.3357125067689668,1.0,1.0,WIN,1,0.052245777076811356,False,-0.42052314704251276,0.6546340691855631,0.001,SYNTHETIC,5
2026-05-12 08:00:00,SHORT,1.3204013551250438,1.3071973415737932,1.3336053686762943,1.0,1.0,WIN,1,-0.4146552611010482,True,-1.0,1.99189952693798,0.001,SYNTHETIC,2
2026-05-12 09:00:00,SHORT,1.320917413732962,1.3077082395956323,1.3341265878702917,1.0,1.0,WIN,1,-0.0008335782774590017,True,-1.0,-0.4691920053564806,0.001,SYNTHETIC,4
2026-05-12 10:00:00,SHORT,1.319079001057389,1.305888211046815,1.3322697910679628,1.0,1.0,WIN,1,-0.1504094401112815,True,-1.0,0.9315742180590335,0.001,SYNTHETIC,4
2026-05-12 11:00:00,SHORT,1.3183534048362295,1.3051698707878672,1.331536938884592,1.0,1.0,WIN,1,-0.6588582624360961,True,-1.0,-0.6458599684949422,0.001,SYNTHETIC,1
2026-05-12 12:00:00,SHORT,1.3166107724786722,1.3034446647538855,1.3297768802034589,1.0,1.0,WIN,1,-0.8793477219416737,True,-1.0,1.0837128292077056,0.001,SYNTHETIC,0
2026-05-12 13:00:00,SHORT,1.3179321831887445,1.304752861356857,1.331111505020632,1.0,1.0,WIN,1,-0.2486093474067692,True,-1.0,1.7400337765914566,0.001,SYNTHETIC,3
2026-05-12 14:00:00,SHORT,1.3184572668906958,1.3052726942217887,1.3316418395596028,1.0,1.0,WIN,1,-0.5184568317422419,True,-0.6448791626324879,2.148713986513885,0.001,SYNTHETIC,1
2026-05-12 16:00:00,LONG,1.3190311067408182,1.3058407956734102,1.3322214178082263,1.0,1.0,WIN,1,-0.12088781584983851,False,0.3941209823385046,1.3480623573030823,0.001,SYNTHETIC,4
2026-05-12 17:00:00,LONG,1.319632078648989,1.3064357578624992,1.3328283994354788,1.0,1.0,WIN,1,0.7037035792360499,True,1.0,1.7565748428582375,0.001,SYNTHETIC,9
2026-05-12 18:00:00,LONG,1.319532415491012,1.3063370913361019,1.332727739645922,1.0,1.0,LOSS,1,0.24871791518185946,True,0.8853317002262237,2.9338462005111325,0.001,SYNTHETIC,6
2026-05-12 20:00:00,SHORT,1.317656501814921,1.3044799367967719,1.3308330668330703,1.0,1.0,WIN,1,-0.32563858467460954,True,-0.6395753298137397,1.102413350542138,0.001,SYNTHETIC,2
2026-05-12 21:00:00,SHORT,1.3160475755277738,1.3028870997724962,1.3292080512830515,1.0,1.0,WIN,1,-0.44493181402582677,True,-1.0,0.2658140557423967,0.001,SYNTHETIC,2
2026-05-12 22:00:00,SHORT,1.3163093311755514,1.303146237863796,1.3294724244873068,1.0,1.0,WIN,1,-0.3015084494841057,True,-1.0,1.9065313390972976,0.001,SYNTHETIC,3
2026-05-12 23:00:00,SHORT,1.3159404807640704,1.3027810759564298,1.329099885571711,1.0,1.0,WIN,1,-0.5728461115682664,True,-1.0,-1.9566477967782876,0.001,SYNTHETIC,1
2026-05-13 00:00:00,SHORT,1.3164029283109113,1.303238899027802,1.3295669575940205,1.0,1.0,WIN,1,-0.7117586038867627,True,-0.9786606586415999,3.890269730003923,0.001,SYNTHETIC,0
2026-05-13 01:00:00,SHORT,1.317319370459922,1.3041461767553229,1.330492564164521,1.0,1.0,WIN,1,-0.8858312024863086,True,-0.6559356247193495,0.950199982875561,0.001,SYNTHETIC,0
2026-05-13 02:00:00,SHORT,1.315266381121087,1.302113717309876,1.328419044932298,1.0,1.0,WIN,1,-0.12105211924840178,True,-0.3036820161174056,1.6350936199607247,0.001,SYNTHETIC,4
2026-05-13 04:00:00,SHORT,1.3150582588515138,1.3019076762629986,1.328208841440029,1.0,1.0,WIN,1,-0.46922948809987264,True,-0.5121752781271499,1.836995441016505,0.001,SYNTHETIC,2
2026-05-13 06:00:00,SHORT,1.3156288182503069,1.3024725300678037,1.32878510643281,1.0,1.0,WIN,1,0.06287128287191143,False,-0.3878470378251086,0.43585257137652134,0.001,SYNTHETIC,5
2026-05-13 07:00:00,SHORT,1.3151954420082796,1.3020434875881968,1.3283473964283625,1.0,1.0,LOSS,1,0.18181709236109098,False,-0.3034986662461256,2.064345519605983,0.001,SYNTHETIC,6
2026-05-13 08:00:00,SHORT,1.3134417945389636,1.300307376593574,1.3265762124843532,1.0,1.0,WIN,1,-0.9605412255273174,True,-1.0,2.1282947275456827,0.001,SYNTHETIC,0
2026-05-13 09:00:00,SHORT,1.3138131982925991,1.3006750663096731,1.3269513302755251,1.0,1.0,WIN,1,-0.5341747635030115,True,-0.8518327463968222,-0.34549496588771955,0.001,SYNTHETIC,1
2026-05-13 10:00:00,SHORT,1.3142332768726765,1.3010909441039498,1.3273756096414033,1.0,1.0,WIN,1,-0.09465863595468466,True,-0.7659323993484256,1.4432655577799196,0.001,SYNTHETIC,4
2026-05-13 12:00:00,LONG,1.3164850164943356,1.3033201663293923,1.3296498666592789,1.0,1.0,WIN,1,0.07958037423769063,True,0.6495189403704317,-0.29064363383050085,0.001,SYNTHETIC,5
2026-05-13 13:00:00,LONG,1.3168112248049078,1.3036431125568586,1.329979337052957,1.0,1.0,WIN,1,0.9134968787697733,True,1.0,0.16613505898989267,0.001,SYNTHETIC,9
2026-05-13 14:00:00,LONG,1.3161211630687684,1.3029599514380807,1.329282374699456,1.0,1.0,WIN,1,0.09497111532961439,True,1.0,1.3057178465490247,0.001,SYNTHETIC,5
2026-05-13 15:00:00,LONG,1.3161224829436673,1.3029612581142307,1.329283707773104,1.0,1.0,WIN,1,0.6866267085525873,True,0.6842826792332077,2.2885121135932156,0.001,SYNTHETIC,9
2026-05-13 18:00:00,SHORT,1.315748859895564,1.3025913712966084,1.3289063484945196,1.0,1.0,LOSS,1,-0.37779153380154673,True,-0.4771643378499172,1.6164232268997643,0.001,SYNTHETIC,2
2026-05-13 19:00:00,LONG,1.3175354252447364,1.3043600709922891,1.3307107794971837,1.0,1.0,WIN,1,0.10398337965333349,True,0.39390119536287027,1.3438579268303164,0.001,SYNTHETIC,5
2026-05-13 20:00:00,LONG,1.3185825547534527,1.305396729205918,1.3317683803009872,1.0,1.0,WIN,1,0.42384678067936493,True,0.9277291388810387,1.125343983083107,0.001,SYNTHETIC,7
2026-05-13 21:00:00,LONG,1.3204449425653484,1.3072404931396948,1.333649391991002,1.0,1.0,WIN,1,0.03888495358313199,True,1.0,-0.441309358182022,0.001,SYNTHETIC,5
2026-05-13 22:00:00,LONG,1.3199508179639547,1.306751309784315,1.3331503261435944,1.0,1.0,WIN,1,-0.028741801227597952,False,1.0,-0.7416605562590535,0.001,SYNTHETIC,4
2026-05-13 23:00:00,LONG,1.3209419817797812,1.3077325619619833,1.334151401597579,1.0,1.0,WIN,1,0.6530462579122135,True,1.0,0.13220615045711648,0.001,SYNTHETIC,8
2026-05-14 00:00:00,LONG,1.3236409496337826,1.310404540137445,1.3368773591301204,1.0,1.0,WIN,1,0.7965387042060071,True,1.0,0.3400094508385558,0.001,SYNTHETIC,9
2026-05-14 01:00:00,LONG,1.3227929069708808,1.309564977901172,1.3360208360405896,1.0,1.0,WIN,1,0.6822732508523309,True,1.0,2.2000239963665242,0.001,SYNTHETIC,9
2026-05-14 02:00:00,LONG,1.3216250780399659,1.3084088272595662,1.3348413288203655,1.0,1.0,LOSS,1,-0.06680400711127604,False,0.6187773542845617,1.7433748571799788,0.001,SYNTHETIC,4
2026-05-14 05:00:00,SHORT,1.319537343827687,1.3063419703894101,1.3327327172659638,1.0,1.0,WIN,1,-0.3777041875329005,True,-1.0,1.6932530021527816,0.001,SYNTHETIC,2
2026-05-14 06:00:00,SHORT,1.3194048668811775,1.3062108182123657,1.3325989155499893,1.0,1.0,WIN,1,-0.1606102564392688,True,-1.0,0.49038257130911345,0.001,SYNTHETIC,4
2026-05-14 07:00:00,SHORT,1.320011416296857,1.3068113021338885,1.3332115304598255,1.0,1.0,WIN,1,-0.32845221866077084,True,-0.8773845493225528,1.5776102291274854,0.001,SYNTHETIC,2
2026-05-14 10:00:00,LONG,1.321133005345451,1.3079216752919967,1.3343443353989055,1.0,1.0,WIN,1,0.34608061752920327,True,0.8221508278410257,-0.926265545263429,0.001,SYNTHETIC,7
2026-05-14 11:00:00,LONG,1.3229196922849733,1.3096904953621236,1.336148889207823,1.0,1.0,WIN,1,0.5202053893342342,True,1.0,-0.8919606297503184,0.001,SYNTHETIC,8
2026-05-14 12:00:00,LONG,1.3223224588057687,1.309099234217711,1.3355456833938264,1.0,1.0,WIN,1,0.06529859202557814,True,0.9361818343304013,2.263019935567958,0.001,SYNTHETIC,5
2026-05-14 13:00:00,LONG,1.321157525333969,1.3079459500806292,1.3343691005873086,1.0,1.0,WIN,1,0.15841362905094164,True,0.5585979034721539,3.4788324419377927,0.001,SYNTHETIC,5
2026-05-14 17:00:00,LONG,1.3242939522441042,1.311051012721663,1.3375368917665453,1.0,1.0,LOSS,1,-0.06946702442185754,False,0.7492634230502594,1.4704360679570758,0.001,SYNTHETIC,4
2026-05-14 18:00:00,LONG,1.3256460241758423,1.312389563934084,1.3389024844176007,1.0,1.0,WIN,1,0.15631580484184981,True,1.0,2.3114299230001256,0.001,SYNTHETIC,5
2026-05-14 19:00:00,LONG,1.3243250841024814,1.3110818332614567,1.3375683349435061,1.0,1.0,WIN,1,0.8396208789915414,True,1.0,1.5057831445822718,0.001,SYNTHETIC,9
2026-05-14 20:00:00,LONG,1.3263275146326028,1.3130642394862768,1.3395907897789288,1.0,1.0,WIN,1,-0.1021744672191428,False,1.0,-0.850249604858794,0.001,SYNTHETIC,4
2026-05-14 21:00:00,LONG,1.327629813176325,1.3143535150445615,1.3409061113080882,1.0,1.0,WIN,1,0.6849113206618531,True,1.0,0.7948321787854954,0.001,SYNTHETIC,9
2026-05-14 22:00:00,LONG,1.328920467724249,1.3156312630470064,1.3422096724014916,1.0,1.0,LOSS,1,0.387932095760695,True,1.0,2.273317393215075,0.001,SYNTHETIC,7
2026-05-14 23:00:00,LONG,1.3313649231140954,1.3180512738829544,1.3446785723452364,1.0,1.0,WIN,1,0.5480367444990355,True,1.0,1.4530750760249802,0.001,SYNTHETIC,8
2026-05-15 00:00:00,LONG,1.329784463529835,1.3164866188945368,1.3430823081651333,1.0,1.0,WIN,1,0.9674296356001818,True,1.0,0.3204781868731137,0.001,SYNTHETIC,9
2026-05-15 01:00:00,LONG,1.32968153868177,1.3163847232949522,1.3429783540685878,1.0,1.0,WIN,1,0.46064516424040314,True,1.0,-0.3432558622236078,0.001,SYNTHETIC,7
2026-05-15 04:00:00,SHORT,1.3291168918424734,1.3158257229240486,1.3424080607608981,1.0,1.0,WIN,1,-0.5328128509259914,True,-1.0,0.2497237623797514,0.001,SYNTHETIC,1
2026-05-15 06:00:00,LONG,1.3317429395682618,1.3184255101725793,1.3450603689639444,1.0,1.0,WIN,1,0.6584131667533963,True,0.8961913244030566,1.3146128211442796,0.001,SYNTHETIC,8
2026-05-15 07:00:00,LONG,1.3323506047899742,1.3190270987420745,1.345674110837874,1.0,1.0,WIN,1,0.28051944016359776,True,1.0,1.5583665336441888,0.001,SYNTHETIC,6
2026-05-15 08:00:00,LONG,1.3332460196073077,1.3199135594112346,1.3465784798033809,1.0,1.0,WIN,1,0.16039304343462102,True,1.0,1.003146074141877,0.001,SYNTHETIC,5
2026-05-15 09:00:00,LONG,1.3331612102726595,1.3198295981699328,1.3464928223753863,1.0,1.0,WIN,1,0.5223424920293263,True,1.0,1.2402796010869777,0.001,SYNTHETIC,8
2026-05-15 10:00:00,LONG,1.3314055622721137,1.3180915066493926,1.3447196178948349,1.0,1.0,WIN,1,0.38444549289302715,True,0.6532205836329572,1.1549987240606479,0.001,SYNTHETIC,7
2026-05-15 11:00:00,LONG,1.3324860794045865,1.3191612186105406,1.3458109401986325,1.0,1.0,WIN,1,-0.24703495280202376,False,0.6004249936353284,0.40266594705211084,0.001,SYNTHETIC,3
2026-05-15 12:00:00,LONG,1.3337551127068328,1.3204175615797644,1.3470926638339011,1.0,1.0,WIN,1,0.31572021883736395,True,0.6377328948411262,0.03346805951284426,0.001,SYNTHETIC,6
2026-05-15 13:00:00,LONG,1.3343075300156555,1.3209644547154988,1.3476506053158122,1.0,1.0,WIN,1,-0.12054113019544796,False,0.4950438923378106,-0.2337597227595588,0.001,SYNTHETIC,4
2026-05-15 14:00:00,LONG,1.3333534665234288,1.3200199318581944,1.3466870011886631,1.0,1.0,LOSS,1,0.5612403217115902,True,0.7463747789544883,1.5952089035300434,0.001,SYNTHETIC,8
2026-05-15 16:00:00,SHORT,1.3310971033457748,1.317786132312317,1.3444080743792326,1.0,1.0,LOSS,1,0.17785434666251915,False,-0.799336804592815,0.6333496754109404,0.001,SYNTHETIC,6
2026-05-15 17:00:00,SHORT,1.3337071144507402,1.3203700433062329,1.3470441855952475,1.0,1.0,WIN,1,-0.2519786111071202,True,-0.30103817223274404,-0.20545037497050145,0.001,SYNTHETIC,3
2026-05-15 18:00:00,SHORT,1.3324743463740252,1.319149602910285,1.3457990898377654,1.0,1.0,WIN,1,-0.684354804115538,True,-0.8497324391386885,-0.8709380072578676,0.001,SYNTHETIC,0
2026-05-15 19:00:00,SHORT,1.3327388313382773,1.3194114430248944,1.3460662196516602,1.0,1.0,WIN,1,-0.3758004924423904,True,-0.5818175086638648,0.7793026148585679,0.001,SYNTHETIC,2
2026-05-15 20:00:00,LONG,1.333048836749378,1.3197183483818842,1.3463793251168719,1.0,1.0,WIN,1,0.5457875365270887,True,0.7578125578738424,2.744340104813871,0.001,SYNTHETIC,8
2026-05-15 21:00:00,LONG,1.332901591789939,1.3195725758720396,1.3462306077078383,1.0,1.0,WIN,1,0.6049599574761413,True,0.6756378614113205,2.0537665907349782,0.001,SYNTHETIC,8
2026-05-15 23:00:00,LONG,1.3342951554430345,1.3209522038886041,1.3476381069974648,1.0,1.0,LOSS,1,0.015195869606505041,True,0.8936059881003243,1.4967655252339556,0.001,SYNTHETIC,5
2026-05-16 00:00:00,LONG,1.3338769338933916,1.3205381645544576,1.3472157032323255,1.0,1.0,WIN,1,0.04397768116879569,True,0.8153336425108999,0.08722208475374452,0.001,SYNTHETIC,5
2026-05-16 01:00:00,LONG,1.3374482275938249,1.3240737453178866,1.3508227098697632,1.0,1.0,WIN,1,0.5859163096222235,True,1.0,2.1676020204269024,0.001,SYNTHETIC,8
2026-05-16 02:00:00,LONG,1.3357425244980177,1.3223850992530375,1.3490999497429979,1.0,1.0,WIN,1,0.7961981388531356,True,1.0,2.369311183506821,0.001,SYNTHETIC,9
2026-05-16 03:00:00,LONG,1.3368059044299494,1.32343784538565,1.350173963474249,1.0,1.0,WIN,1,0.8352425754752355,True,1.0,1.7454660484785014,0.001,SYNTHETIC,9
2026-05-16 04:00:00,LONG,1.3374712619919142,1.3240965493719952,1.3508459746118333,1.0,1.0,WIN,1,0.5504277726232345,True,1.0,0.9732159120005752,0.001,SYNTHETIC,8
2026-05-16 05:00:00,LONG,1.3382460750907503,1.324863614339843,1.3516285358416578,1.0,1.0,WIN,1,0.790189869854427,True,1.0,2.2533108346024306,0.001,SYNTHETIC,9
2026-05-16 06:00:00,LONG,1.3400229302352553,1.3266227009329028,1.3534231595376078,1.0,1.0,WIN,1,0.8804909462289425,True,0.6135723619026844,1.0655160020641945,0.001,SYNTHETIC,9
2026-05-16 07:00:00,LONG,1.338543636095651,1.3251581997346946,1.3519290724566075,1.0,1.0,WIN,1,0.8571043138208876,True,1.0,0.049952719294380055,0.001,SYNTHETIC,9
2026-05-16 08:00:00,LONG,1.3394627753115431,1.3260681475584277,1.3528574030646585,1.0,1.0,WIN,1,0.606747173610833,True,0.6602716063790431,0.715090649347054,0.001,SYNTHETIC,8
2026-05-16 12:00:00,LONG,1.3392270642502906,1.3258347936077877,1.3526193348927935,1.0,1.0,WIN,1,0.3859416595537879,True,0.3814959420872926,1.9483052693973482,0.001,SYNTHETIC,7
2026-05-16 13:00:00,LONG,1.3407202680172878,1.327313065337115,1.3541274706974606,1.0,1.0,WIN,1,0.7529537582829785,True,0.74924374919925,1.4463907077749005,0.001,SYNTHETIC,9
2026-05-16 14:00:00,LONG,1.3413835536490673,1.3279697181125765,1.354797389185558,1.0,1.0,WIN,1,0.6075673545104572,True,1.0,1.8479355510421378,0.001,SYNTHETIC,8
2026-05-16 15:00:00,LONG,1.3417404852082182,1.328323080356136,1.3551578900603003,1.0,1.0,WIN,1,0.4692361008015611,True,1.0,-0.21358407725371875,0.001,SYNTHETIC,7
2026-05-16 16:00:00,LONG,1.341670156027112,1.328253454466841,1.3550868575873831,1.0,1.0,WIN,1,0.179040257701724,True,1.0,1.0684972514476736,0.001,SYNTHETIC,6
2026-05-16 17:00:00,LONG,1.3406334011415806,1.3272270671301647,1.3540397351529965,1.0,1.0,WIN,1,0.11660497218427293,True,0.4111197349557408,1.6693222679957938,0.001,SYNTHETIC,5
2026-05-16 18:00:00,LONG,1.3421413168054397,1.3287199036373853,1.355562729973494,1.0,1.0,WIN,1,0.29800141403228925,True,0.46829146776696806,-0.9540643635216697,0.001,SYNTHETIC,6
2026-05-16 19:00:00,LONG,1.343905487814173,1.3304664329360312,1.3573445426923147,1.0,1.0,WIN,1,0.5549406976905671,True,0.9433097912716172,2.3260638145245185,0.001,SYNTHETIC,8
2026-05-16 20:00:00,LONG,1.3438756704192028,1.3304369137150107,1.3573144271233948,1.0,1.0,WIN,1,0.45879330020717257,True,0.7712608212121508,-1.1776480321558778,0.001,SYNTHETIC,7
2026-05-16 21:00:00,LONG,1.3439032578887264,1.330464225309839,1.3573422904676138,1.0,1.0,WIN,1,0.7878529579283131,True,1.0,-1.6936930309853633,0.001,SYNTHETIC,9
2026-05-16 22:00:00,LONG,1.343056295070166,1.3296257321194644,1.3564868580208678,1.0,1.0,WIN,1,0.7596094100651363,True,1.0,3.6924341915329277,0.001,SYNTHETIC,9
2026-05-16 23:00:00,LONG,1.344675671944413,1.331228915224969,1.3581224286638571,1.0,1.0,WIN,1,0.4813735275630208,True,1.0,-0.5226663189349191,0.001,SYNTHETIC,8
2026-05-17 00:00:00,LONG,1.3459132155209084,1.3324540833656993,1.3593723476761175,1.0,1.0,WIN,1,0.12024932432979296,True,0.7488559131331547,-0.365809297504733,0.001,SYNTHETIC,5
2026-05-17 01:00:00,LONG,1.3481955268745285,1.3347135716057832,1.3616774821432738,1.0,1.0,WIN,1,0.6150073810332716,True,1.0,1.5634860122427017,0.001,SYNTHETIC,8
2026-05-17 02:00:00,LONG,1.3470085561022063,1.3335384705411841,1.3604786416632284,1.0,1.0,WIN,1,1.0,True,1.0,1.5112593590895451,0.001,SYNTHETIC,9
2026-05-17 03:00:00,LONG,1.3471289452205208,1.3336576557683155,1.3606002346727262,1.0,1.0,WIN,1,0.5963728325837132,True,1.0,0.7515145848348985,0.001,SYNTHETIC,8
2026-05-17 04:00:00,LONG,1.3472688093830567,1.3337961212892262,1.3607414974768872,1.0,1.0,WIN,1,0.4112228142880341,True,1.0,1.3819302044054176,0.001,SYNTHETIC,7
2026-05-17 05:00:00,LONG,1.3482410014842459,1.3347585914694033,1.3617234114990884,1.0,1.0,WIN,1,0.6607508457401482,True,1.0,0.36143941369262855,0.001,SYNTHETIC,8
2026-05-17 08:00:00,LONG,1.3490437236264485,1.335553286390184,1.362534160862713,1.0,1.0,WIN,1,0.7698595256371135,True,0.7159909342468066,0.9022650463889441,0.001,SYNTHETIC,9
2026-05-17 09:00:00,LONG,1.349618431952159,1.3361222476326373,1.3631146162716805,1.0,1.0,WIN,1,0.5831420416971638,True,0.9346283092222453,1.453215870294281,0.001,SYNTHETIC,8
2026-05-17 11:00:00,LONG,1.349994101376302,1.3364941603625389,1.363494042390065,1.0,1.0,WIN,1,0.5379466375544987,True,0.9377528068664912,2.3358310607768815,0.001,SYNTHETIC,8
2026-05-17 12:00:00,LONG,1.3518276388535104,1.3383093624649753,1.3653459152420455,1.0,1.0,WIN,1,0.953749480252662,True,1.0,0.25368393611247897,0.001,SYNTHETIC,9
2026-05-17 13:00:00,LONG,1.3521954892201984,1.3386735343279963,1.3657174441124005,1.0,1.0,WIN,1,0.8620205587218812,True,1.0,0.0520546741126485,0.001,SYNTHETIC,9
2026-05-17 14:00:00,LONG,1.3522911951367884,1.3387682831854206,1.3658141070881562,1.0,1.0,WIN,1,0.7765398234658701,True,1.0,1.516870192766108,0.001,SYNTHETIC,9
2026-05-17 15:00:00,LONG,1.3533671680788362,1.3398334963980478,1.3669008397596245,1.0,1.0,WIN,1,0.7367557207288701,True,1.0,1.892327327946709,0.001,SYNTHETIC,9
2026-05-17 16:00:00,LONG,1.3524880277946911,1.3389631475167443,1.366012908072638,1.0,1.0,WIN,1,1.0,True,0.8962893639790185,0.411376669511623,0.001,SYNTHETIC,9
2026-05-17 17:00:00,LONG,1.3528856858388376,1.3393568289804492,1.366414542697226,1.0,1.0,WIN,1,0.5159219902932803,True,0.3858734273867015,0.1776200152343419,0.001,SYNTHETIC,8
2026-05-17 18:00:00,SHORT,1.350769288785664,1.3372615958978074,1.3642769816735205,1.0,1.0,WIN,1,-0.5744955862125909,True,-0.6394009696504745,-1.6908584349679348,0.001,SYNTHETIC,1
2026-05-17 20:00:00,SHORT,1.3502572928878565,1.3367547199589778,1.3637598658167351,1.0,1.0,WIN,1,-0.5794150304681785,True,-1.0,2.5163655992599816,0.001,SYNTHETIC,1
2026-05-17 22:00:00,SHORT,1.352435278332119,1.3389109255487979,1.36595963111544,1.0,1.0,WIN,1,0.2079655819188543,False,-0.33493137191956585,1.2610975945018468,0.001,SYNTHETIC,6
2026-05-17 23:00:00,LONG,1.3521038383599102,1.3385827999763111,1.3656248767435093,1.0,1.0,WIN,1,0.8768405358824058,True,0.5345104569921604,0.2654211136350111,0.001,SYNTHETIC,9
2026-05-18 01:00:00,LONG,1.3515558201694016,1.3380402619677076,1.3650713783710955,1.0,1.0,WIN,1,0.5458363792818564,True,0.43066795143373515,2.215989721346168,0.001,SYNTHETIC,8
2026-05-18 02:00:00,LONG,1.3537123351506795,1.3401752117991728,1.3672494585021862,1.0,1.0,WIN,1,-0.21296277187502388,False,0.3927918460715716,-0.5880015309163803,0.001,SYNTHETIC,3
2026-05-18 03:00:00,SHORT,1.3509596249436093,1.3374500286941733,1.3644692211930454,1.0,1.0,WIN,1,-0.7651631249487183,True,-0.575046849414647,0.30085431435947685,0.001,SYNTHETIC,0
2026-05-18 05:00:00,LONG,1.3530379288646444,1.3395075495759978,1.366568308153291,1.0,1.0,WIN,1,0.7151413477751762,True,0.5228576130529293,-0.4019225533305112,0.001,SYNTHETIC,9
2026-05-18 07:00:00,SHORT,1.3510757056070275,1.3375649485509573,1.3645864626630977,1.0,1.0,WIN,1,-0.505043554046973,True,-1.0,0.47706586236263315,0.001,SYNTHETIC,1
2026-05-18 08:00:00,LONG,1.3529188102617271,1.3393896221591097,1.3664479983643445,1.0,1.0,WIN,1,0.7857777160039741,True,0.8582497110844163,1.2238706879397983,0.001,SYNTHETIC,9
2026-05-18 10:00:00,SHORT,1.3505059407567752,1.3370008813492074,1.364011000164343,1.0,1.0,WIN,1,0.26194857146543166,False,-0.8058148042968524,-0.14188994366324087,0.001,SYNTHETIC,6
2026-05-18 12:00:00,LONG,1.3528942243885305,1.3393652821446451,1.3664231666324158,1.0,1.0,WIN,1,0.3057183501546026,True,0.8764144270876056,1.644204231498178,0.001,SYNTHETIC,6
2026-05-18 17:00:00,LONG,1.3540924276220245,1.3405515033458042,1.3676333518982449,1.0,1.0,WIN,1,0.8836868749019262,True,0.5893382009985997,0.12361883212308905,0.001,SYNTHETIC,9
2026-05-18 18:00:00,LONG,1.354879400247214,1.3413306062447419,1.368428194249686,1.0,1.0,WIN,1,0.5146720397826178,True,1.0,2.637394246824428,0.001,SYNTHETIC,8
2026-05-18 19:00:00,LONG,1.355091151347037,1.3415402398335665,1.3686420628605074,1.0,1.0,WIN,1,1.0,True,1.0,0.04164997676456994,0.001,SYNTHETIC,9
2026-05-18 20:00:00,LONG,1.358214793051146,1.3446326451206345,1.3717969409816573,1.0,1.0,WIN,1,0.24821346899825486,True,1.0,-0.738420769503831,0.001,SYNTHETIC,6
2026-05-18 21:00:00,LONG,1.3574786795884792,1.3439038927925944,1.371053466384364,1.0,1.0,WIN,1,0.371357417388797,True,1.0,-0.039463322236129195,0.001,SYNTHETIC,7
2026-05-18 22:00:00,LONG,1.3566401843778342,1.3430737825340557,1.3702065862216126,1.0,1.0,WIN,1,0.26738929647286847,True,1.0,2.2526348831949865,0.001,SYNTHETIC,6
2026-05-18 23:00:00,LONG,1.357809120722909,1.3442310295156799,1.3713872119301382,1.0,1.0,WIN,1,0.30777318050217073,True,1.0,-1.5784744927611885,0.001,SYNTHETIC,6
2026-05-19 00:00:00,LONG,1.3601831204228514,1.3465812892186229,1.37378495162708,1.0,1.0,WIN,1,0.7620811232628331,True,1.0,0.7382208891169028,0.001,SYNTHETIC,9
2026-05-19 01:00:00,LONG,1.3587003505783375,1.345113347072554,1.372287354084121,1.0,1.0,WIN,1,0.4461486706658613,True,0.5525029615730979,-0.7349289743844533,0.001,SYNTHETIC,7
2026-05-19 02:00:00,LONG,1.359084596925492,1.3454937509562372,1.372675442894747,1.0,1.0,WIN,1,0.45734836426556313,True,0.3894510732804692,2.69800975231978,0.001,SYNTHETIC,7
2026-05-19 03:00:00,LONG,1.3596022144042383,1.346006192260196,1.3731982365482807,1.0,1.0,LOSS,1,0.9026814776455822,True,1.0,2.574350052789682,0.001,SYNTHETIC,9
2026-05-19 04:00:00,LONG,1.3604031069245872,1.3467990758553414,1.374007137993833,1.0,1.0,WIN,1,0.772961604524116,True,0.881510182547742,0.8728169364763174,0.001,SYNTHETIC,9
2026-05-19 05:00:00,SHORT,1.358897600373196,1.345308624369464,1.372486576376928,1.0,1.0,WIN,1,-0.5523553305154043,True,-0.4996168143656165,2.912623051992173,0.001,SYNTHETIC,1
2026-05-19 06:00:00,LONG,1.3601313951978204,1.3465300812458423,1.3737327091497986,1.0,1.0,LOSS,1,0.07388377067905322,True,0.46205867955952246,1.9052758610984046,0.001,SYNTHETIC,5
2026-05-19 07:00:00,LONG,1.362613977225209,1.348987837452957,1.3762401169974612,1.0,1.0,WIN,1,0.5364448430214912,True,1.0,2.82749105943055,0.001,SYNTHETIC,8
2026-05-19 08:00:00,LONG,1.3630566925351677,1.3494261256098161,1.3766872594605193,1.0,1.0,WIN,1,1.0,True,1.0,-0.4167179382702906,0.001,SYNTHETIC,9
2026-05-19 09:00:00,LONG,1.3622361834260603,1.3486138215917998,1.375858545260321,1.0,1.0,WIN,1,0.7317200426394126,True,1.0,1.7149583886408424,0.001,SYNTHETIC,9
2026-05-19 10:00:00,LONG,1.3614573442017832,1.3478427707597653,1.375071917643801,1.0,1.0,WIN,1,0.496596774804005,True,0.9291802645639362,-0.09523789403896665,0.001,SYNTHETIC,8
2026-05-19 11:00:00,LONG,1.3614874201950566,1.347872545993106,1.3751022943970073,1.0,1.0,WIN,1,0.4720143931281135,True,0.5400639532087762,1.1333699713712693,0.001,SYNTHETIC,7
2026-05-19 14:00:00,LONG,1.3630000277923229,1.3493700275143996,1.3766300280702461,1.0,1.0,WIN,1,0.5485015189505175,True,0.5242057270149914,-0.4671143686851732,0.001,SYNTHETIC,8
2026-05-19 15:00:00,LONG,1.3637380077699914,1.3501006276922916,1.3773753878476913,1.0,1.0,WIN,1,0.4696550434307745,True,0.9567074975863538,-0.5241249241436647,0.001,SYNTHETIC,7
2026-05-19 16:00:00,LONG,1.362336675956061,1.3487133091965002,1.3759600427156216,1.0,1.0,WIN,1,-0.053643196958006845,False,0.34664555851229895,2.36920313904841,0.001,SYNTHETIC,4
2026-05-19 18:00:00,LONG,1.3643331098868896,1.3506897787880208,1.3779764409857584,1.0,1.0,WIN,1,0.11545968529115726,True,0.4226653357400246,0.6975419298418467,0.001,SYNTHETIC,5
2026-05-19 20:00:00,LONG,1.365189414524616,1.3515375203793698,1.378841308669862,1.0,1.0,WIN,1,0.18256626170746895,True,0.7080638195305027,0.9440761339085852,0.001,SYNTHETIC,6
2026-05-19 21:00:00,LONG,1.3666268947844578,1.3529606258366131,1.3802931637323024,1.0,1.0,WIN,1,0.08215616410086668,True,1.0,1.7579760070847055,0.001,SYNTHETIC,5
2026-05-19 22:00:00,LONG,1.3678927130139202,1.354213785883781,1.3815716401440594,1.0,1.0,WIN,1,0.1289615328511926,True,1.0,2.0746195781309327,0.001,SYNTHETIC,5
2026-05-19 23:00:00,LONG,1.366698879914305,1.353031891115162,1.380365868713448,1.0,1.0,WIN,1,0.0054924573112081765,True,0.6955516073422983,1.2619074109319595,0.001,SYNTHETIC,4
2026-05-20 00:00:00,LONG,1.364916518475256,1.3512673532905035,1.3785656836600086,1.0,1.0,WIN,1,0.6738630220137363,True,0.7756552650919554,1.6118201295347956,0.001,SYNTHETIC,9
2026-05-20 04:00:00,LONG,1.3681773279372893,1.3544955546579165,1.3818591012166621,1.0,1.0,WIN,1,0.16202174811183617,True,1.0,-0.7670172314168655,0.001,SYNTHETIC,5
2026-05-20 05:00:00,LONG,1.3685351594939876,1.3548498078990476,1.3822205110889276,1.0,1.0,WIN,1,0.7240640281917075,True,1.0,-1.6584910667185806,0.001,SYNTHETIC,9
2026-05-20 06:00:00,LONG,1.3676524946905817,1.353975969743676,1.3813290196374874,1.0,1.0,WIN,1,0.5775675712298917,True,1.0,1.5524865548874305,0.001,SYNTHETIC,8
2026-05-20 07:00:00,LONG,1.369311395240891,1.355618281288482,1.3830045091933,1.0,1.0,WIN,1,0.690755463413856,True,1.0,1.7818956277624587,0.001,SYNTHETIC,9
2026-05-20 09:00:00,LONG,1.3705869442272476,1.356881074784975,1.38429281366952,1.0,1.0,LOSS,1,-0.20907549167078715,False,0.6692633862616891,0.08510912293298989,0.001,SYNTHETIC,3
2026-05-20 10:00:00,LONG,1.370337145911159,1.3566337744520474,1.3840405173702708,1.0,1.0,WIN,1,0.0839734296000881,True,0.649691905279719,-0.35806396468997215,0.001,SYNTHETIC,5
2026-05-20 11:00:00,LONG,1.3720800801444284,1.3583592793429842,1.3858008809458726,1.0,1.0,WIN,1,0.6280605949881971,True,1.0,1.836957939983923,0.001,SYNTHETIC,8
2026-05-20 12:00:00,LONG,1.3725556325118804,1.3588300761867615,1.3862811888369992,1.0,1.0,WIN,1,1.0,True,1.0,2.1594246085382425,0.001,SYNTHETIC,9
2026-05-20 13:00:00,LONG,1.373048194313397,1.3593177123702629,1.386778676256531,1.0,1.0,WIN,1,0.19108292069417615,True,1.0,1.0112315752524121,0.001,SYNTHETIC,6
2026-05-20 14:00:00,LONG,1.3725321070768877,1.3588067860061188,1.3862574281476565,1.0,1.0,WIN,1,0.4641720073506355,True,0.9876465066902572,-0.05121618131350314,0.001,SYNTHETIC,7
2026-05-20 15:00:00,LONG,1.3728166085329154,1.3590884424475862,1.3865447746182447,1.0,1.0,WIN,1,0.25589415476508937,True,0.9612358286359499,0.35602714374015093,0.001,SYNTHETIC,6
2026-05-20 16:00:00,LONG,1.3736177557200318,1.3598815781628315,1.387353933277232,1.0,1.0,WIN,1,0.21152980128133606,True,0.43339531222847855,2.926262927746153,0.001,SYNTHETIC,6
2026-05-20 20:00:00,LONG,1.3732185291928989,1.35948634390097,1.3869507144848279,1.0,1.0,WIN,1,0.42579594510069163,True,0.3012924918097323,1.785073593031176,0.001,SYNTHETIC,7
2026-05-20 21:00:00,SHORT,1.370989067629079,1.3572791769527883,1.3846989583053697,1.0,1.0,WIN,1,-0.5010176783095428,True,-0.862714142597621,0.33529165027139607,0.001,SYNTHETIC,1
2026-05-20 22:00:00,SHORT,1.3714238185666943,1.3577095803810273,1.3851380567523612,1.0,1.0,WIN,1,-0.28801754078004993,True,-0.6904119272362659,0.8710817874161025,0.001,SYNTHETIC,3
2026-05-20 23:00:00,SHORT,1.3713536880515298,1.3576401511710146,1.385067224932045,1.0,1.0,WIN,1,-0.0944468031721527,True,-0.8662171019323534,0.5162979666504203,0.001,SYNTHETIC,4
2026-05-21 00:00:00,SHORT,1.3698868756926563,1.3561880069357297,1.383585744449583,1.0,1.0,WIN,1,-0.46048495307173265,True,-1.0,0.2580103071669946,0.001,SYNTHETIC,2
2026-05-21 01:00:00,SHORT,1.367867327504288,1.3541886542292452,1.381546000779331,1.0,1.0,WIN,1,-0.4496881027653634,True,-1.0,0.42019901452294334,0.001,SYNTHETIC,2
2026-05-21 02:00:00,SHORT,1.3662229354791113,1.3525607061243201,1.3798851648339026,1.0,1.0,WIN,1,-0.7381823127876497,True,-1.0,1.331579535155412,0.001,SYNTHETIC,0
2026-05-21 03:00:00,SHORT,1.3649086302068139,1.3512595439047457,1.378557716508882,1.0,1.0,WIN,1,-0.6603270685037299,True,-1.0,1.6670012080521321,0.001,SYNTHETIC,1
2026-05-21 04:00:00,SHORT,1.3646124079977218,1.3509662839177445,1.378258532077699,1.0,1.0,WIN,1,-0.8038446913522805,True,-1.0,-0.5851673682678118,0.001,SYNTHETIC,0
2026-05-21 05:00:00,SHORT,1.3672604372879693,1.3535878329150897,1.380933041660849,1.0,1.0,WIN,1,-0.7214052765438995,True,-1.0,0.746564991300009,0.001,SYNTHETIC,0
2026-05-21 06:00:00,SHORT,1.3664006411611083,1.3527366347494971,1.3800646475727194,1.0,1.0,WIN,1,0.010540280204404784,False,-0.7296569058696908,1.7377797452298445,0.001,SYNTHETIC,4
2026-05-21 08:00:00,LONG,1.367443105851532,1.3537686747930167,1.3811175369100472,1.0,1.0,WIN,1,0.10467346144420375,True,0.9577118536660422,-0.5085744841955908,0.001,SYNTHETIC,5
2026-05-21 09:00:00,LONG,1.3677760250329856,1.3540982647826556,1.3814537852833155,1.0,1.0,WIN,1,0.6185515355110326,True,1.0,-1.2576013017889303,0.001,SYNTHETIC,8
2026-05-21 10:00:00,LONG,1.3678471585295287,1.3541686869442333,1.381525630114824,1.0,1.0,WIN,1,0.11399202474539093,True,0.4185988836110483,0.48625293918652823,0.001,SYNTHETIC,5
2026-05-21 12:00:00,LONG,1.3686266624411991,1.3549403958167872,1.382312929065611,1.0,1.0,WIN,1,0.38563430697288775,True,0.6903524830390239,0.9483259907712989,0.001,SYNTHETIC,7
2026-05-21 13:00:00,LONG,1.3707331783317493,1.357025846548432,1.3844405101150667,1.0,1.0,WIN,1,0.4977572885777395,True,1.0,0.7328633394553945,0.001,SYNTHETIC,8
2026-05-21 14:00:00,LONG,1.3690356436110498,1.3553452871749392,1.3827260000471604,1.0,1.0,WIN,1,0.02847325295906239,True,0.5038080932139661,1.515598134330328,0.001,SYNTHETIC,5
2026-05-21 16:00:00,LONG,1.3678284250979027,1.3541501408469236,1.3815067093488818,1.0,1.0,WIN,1,0.47230857164945433,True,0.488054053649216,2.6089145927525204,0.001,SYNTHETIC,7
2026-05-21 17:00:00,SHORT,1.3669305330501207,1.3532612277196194,1.380599838380622,1.0,1.0,WIN,1,-0.19748025323372606,True,-0.6067476513183184,0.7107666194693777,0.001,SYNTHETIC,3
2026-05-21 18:00:00,SHORT,1.368272369869025,1.3545896461703346,1.3819550935677152,1.0,1.0,WIN,1,-0.38676675784387116,True,-1.0,0.8116858326832723,0.001,SYNTHETIC,2
2026-05-21 19:00:00,SHORT,1.3673814620343054,1.3537076474139624,1.3810552766546484,1.0,1.0,WIN,1,-0.5620290222669082,True,-0.7644617829386577,2.3393290187077915,0.001,SYNTHETIC,1
2026-05-21 20:00:00,LONG,1.370012940351002,1.356312810947492,1.383713069754512,1.0,1.0,WIN,1,0.29625089735296817,True,0.679962862011959,-0.36149428667261435,0.001,SYNTHETIC,6
2026-05-21 21:00:00,LONG,1.3716243056175597,1.357908062561384,1.3853405486737354,1.0,1.0,WIN,1,0.7373212958340751,True,1.0,1.4736192849482808,0.001,SYNTHETIC,9
2026-05-21 22:00:00,LONG,1.3718021016676785,1.3580840806510017,1.3855201226843552,1.0,1.0,WIN,1,0.7946337889193337,True,1.0,1.796501913834061,0.001,SYNTHETIC,9
2026-05-21 23:00:00,LONG,1.3732364804354198,1.3595041156310657,1.386968845239774,1.0,1.0,WIN,1,0.14645851522444092,True,1.0,3.0653702583787688,0.001,SYNTHETIC,5
2026-05-22 00:00:00,LONG,1.3737988301719244,1.3600608418702052,1.3875368184736436,1.0,1.0,WIN,1,0.3099955788495808,True,1.0,0.7951056581866218,0.001,SYNTHETIC,6
2026-05-22 01:00:00,LONG,1.3739414002259782,1.3602019862237185,1.387680814228238,1.0,1.0,WIN,1,0.08303497337835719,True,1.0,0.9537880918192546,0.001,SYNTHETIC,5
2026-05-22 02:00:00,LONG,1.373090734782877,1.359359827435048,1.3868216421307058,1.0,1.0,WIN,1,0.4600597180945874,True,0.7993607886331556,-0.7800255219034662,0.001,SYNTHETIC,7
2026-05-22 03:00:00,LONG,1.373963328482577,1.360223695197751,1.3877029617674028,1.0,1.0,WIN,1,0.6341735659996264,True,0.7377441447373156,1.1465086889162954,0.001,SYNTHETIC,8
2026-05-22 04:00:00,LONG,1.3748362889247314,1.361087926035484,1.3885846518139788,1.0,1.0,WIN,1,0.24763856711424587,True,0.6625064444581431,0.19526144026023595,0.001,SYNTHETIC,6
2026-05-22 08:00:00,SHORT,1.3728248317935157,1.3590965834755806,1.3865530801114507,1.0,1.0,WIN,1,0.20534355102827798,False,-0.30446975789757297,0.6272653559989358,0.001,SYNTHETIC,6
2026-05-22 09:00:00,SHORT,1.3724278223262159,1.3587035441029536,1.3861521005494781,1.0,1.0,WIN,1,-0.1465516944090506,True,-0.7317016924558978,1.1787084080912922,0.001,SYNTHETIC,4
2026-05-22 12:00:00,LONG,1.3745665306470527,1.3608208653405822,1.3883121959535232,1.0,1.0,WIN,1,0.11911575462935914,True,0.7822108077159459,1.3523802621606178,0.001,SYNTHETIC,5
2026-05-22 13:00:00,LONG,1.3760417477714177,1.3622813302937036,1.389802165249132,1.0,1.0,WIN,1,0.18149287270759046,True,1.0,1.0989131434944803,0.001,SYNTHETIC,6
2026-05-22 14:00:00,LONG,1.378758449998231,1.3649708654982486,1.3925460344982135,1.0,1.0,WIN,1,0.3296267970460366,True,1.0,0.3160318904387046,0.001,SYNTHETIC,7
2026-05-22 15:00:00,LONG,1.3790644767487352,1.3652738319812479,1.3928551215162226,1.0,1.0,WIN,1,0.21386603605938992,True,1.0,0.4919439301123522,0.001,SYNTHETIC,6
2026-05-22 16:00:00,LONG,1.3790396983279698,1.36524930134469,1.3928300953112496,1.0,1.0,WIN,1,0.31765611139404637,True,1.0,1.8942308024200891,0.001,SYNTHETIC,6
2026-05-22 17:00:00,LONG,1.379862135093132,1.3660635137422006,1.3936607564440633,1.0,1.0,WIN,1,0.4694313121641267,True,1.0,0.4174513540005922,0.001,SYNTHETIC,7
2026-05-22 18:00:00,LONG,1.380553961237466,1.3667484216250914,1.3943595008498406,1.0,1.0,WIN,1,0.49240952343111255,True,1.0,0.8043860707150645,0.001,SYNTHETIC,8
2026-05-22 19:00:00,LONG,1.380375004764169,1.3665712547165272,1.3941787548118107,1.0,1.0,WIN,1,0.16149729875059507,True,0.6952233627318748,-0.23701869824136804,0.001,SYNTHETIC,5
2026-05-22 20:00:00,LONG,1.3809874538158513,1.3671775792776928,1.3947973283540098,1.0,1.0,WIN,1,0.6485628663920615,True,1.0,0.2768955143925351,0.001,SYNTHETIC,8
2026-05-22 21:00:00,SHORT,1.378685678592746,1.3648988218068185,1.3924725353786733,1.0,1.0,WIN,1,-0.20929462144264954,True,-0.305185419596269,0.6607371613334985,0.001,SYNTHETIC,3
2026-05-23 00:00:00,SHORT,1.3804789738337127,1.3666741840953756,1.3942837635720498,1.0,1.0,WIN,1,0.03557435555375299,False,-0.3445748215984985,1.1586328537614583,0.001,SYNTHETIC,5
2026-05-23 01:00:00,LONG,1.3823772166308943,1.3685534444645853,1.3962009887972033,1.0,1.0,WIN,1,0.035011339288429866,True,0.3909303387278102,-1.0415750765864598,0.001,SYNTHETIC,5
2026-05-23 02:00:00,LONG,1.3813974662019592,1.3675834915399396,1.3952114408639789,1.0,1.0,WIN,1,0.9825662710215969,True,1.0,3.57221950730185,0.001,SYNTHETIC,9
2026-05-23 03:00:00,LONG,1.3815042683191199,1.3676892256359288,1.395319311002311,1.0,1.0,WIN,1,0.30416871181232225,True,0.7433322360793448,3.6406508447648873,0.001,SYNTHETIC,6
2026-05-23 04:00:00,LONG,1.383920598400687,1.3700813924166801,1.397759804384694,1.0,1.0,WIN,1,0.4715947815516428,True,1.0,0.34656241196342674,0.001,SYNTHETIC,7
2026-05-23 05:00:00,LONG,1.3833068073523636,1.3694737392788399,1.3971398754258872,1.0,1.0,WIN,1,0.6780765459026681,True,1.0,2.5620393078197146,0.001,SYNTHETIC,9
2026-05-23 07:00:00,LONG,1.382859435190674,1.3690308408387672,1.3966880295425808,1.0,1.0,WIN,1,0.46025587397617074,True,0.3687555398375428,2.6102050963498162,0.001,SYNTHETIC,7
2026-05-23 08:00:00,LONG,1.3829527735319802,1.3691232457966604,1.3967823012673,1.0,1.0,WIN,1,1.0,True,0.9376507061601425,2.0531352787702613,0.001,SYNTHETIC,9
2026-05-23 13:00:00,SHORT,1.3819853372289876,1.3681654838566977,1.3958051906012776,1.0,1.0,WIN,1,0.08689015640170195,False,-0.7166295814539263,0.40638739232886434,0.001,SYNTHETIC,5
2026-05-23 14:00:00,SHORT,1.3823251383769126,1.3685018869931436,1.3961483897606817,1.0,1.0,WIN,1,-0.7249810245706307,True,-0.6177822673278401,0.7010686636833285,0.001,SYNTHETIC,0
2026-05-23 16:00:00,SHORT,1.3816924114147857,1.3678754873006378,1.3955093355289336,1.0,1.0,WIN,1,-0.26828672920870683,True,-0.4051814122972765,1.0868949759524473,0.001,SYNTHETIC,3
2026-05-23 17:00:00,LONG,1.3829908958603134,1.3691609869017103,1.3968208048189166,1.0,1.0,WIN,1,-0.07015664821452838,False,0.35907598529898704,-1.0478854476875261,0.001,SYNTHETIC,4
2026-05-23 18:00:00,LONG,1.3827983003220914,1.3689703173188705,1.3966262833253122,1.0,1.0,WIN,1,0.13206264167312673,True,0.5093884742515424,0.17390012696864152,0.001,SYNTHETIC,5
2026-05-23 19:00:00,LONG,1.3844701749624047,1.3706254732127805,1.3983148767120288,1.0,1.0,WIN,1,1.0,True,0.9481543915959825,3.5945504481772064,0.001,SYNTHETIC,9
2026-05-23 20:00:00,LONG,1.3853370543274117,1.3714836837841375,1.399190424870686,1.0,1.0,WIN,1,0.39043021846895354,True,0.9597162607158828,0.7299925466485155,0.001,SYNTHETIC,7
2026-05-23 21:00:00,LONG,1.3868453524086035,1.3729768988845175,1.4007138059326896,1.0,1.0,WIN,1,0.6234945695488834,True,1.0,0.7963279940554431,0.001,SYNTHETIC,8
2026-05-23 22:00:00,LONG,1.3873123624176702,1.3734392387934935,1.401185486041847,1.0,1.0,WIN,1,0.0025409450012794377,True,1.0,-2.0021765374594445,0.001,SYNTHETIC,4
2026-05-23 23:00:00,LONG,1.3895320049491093,1.3756366848996182,1.4034273249986005,1.0,1.0,WIN,1,0.16926881920446096,True,1.0,0.28738690328138117,0.001,SYNTHETIC,6
2026-05-24 00:00:00,LONG,1.3900403934976178,1.3761399895626416,1.403940797432594,1.0,1.0,WIN,1,0.7798050828866003,True,1.0,3.882426836754919,0.001,SYNTHETIC,9
2026-05-24 01:00:00,LONG,1.3901098540263344,1.376208755486071,1.4040109525665978,1.0,1.0,WIN,1,1.0,True,1.0,0.3705955474975233,0.001,SYNTHETIC,9
2026-05-24 02:00:00,LONG,1.3922363270909452,1.3783139638200357,1.4061586903618548,1.0,1.0,WIN,1,0.5664231791865573,True,1.0,2.06604963876526,0.001,SYNTHETIC,8
2026-05-24 03:00:00,LONG,1.3941989066161484,1.380256917549987,1.4081408956823098,1.0,1.0,WIN,1,0.4081951221831004,True,1.0,0.4871487035734955,0.001,SYNTHETIC,7
2026-05-24 04:00:00,LONG,1.39366227054099,1.3797256478355802,1.4075988932463999,1.0,1.0,WIN,1,0.6488484892666428,True,1.0,-0.025428060414571407,0.001,SYNTHETIC,8
2026-05-24 05:00:00,LONG,1.3936188596443,1.379682671047857,1.407555048240743,1.0,1.0,LOSS,1,-0.2792303548656252,False,1.0,1.439667625896738,0.001,SYNTHETIC,3
2026-05-24 06:00:00,LONG,1.3923732255110444,1.378449493255934,1.4062969577661548,1.0,1.0,WIN,1,0.500832502864102,True,0.8641921996173783,0.3669894850522433,0.001,SYNTHETIC,8
2026-05-24 08:00:00,SHORT,1.393287598346125,1.3793547223626639,1.4072204743295862,1.0,1.0,LOSS,1,0.042264805003723815,False,-0.3919261793269775,0.7267956562341297,0.001,SYNTHETIC,5
2026-05-24 09:00:00,SHORT,1.3923126028788122,1.378389476850024,1.4062357289076004,1.0,1.0,LOSS,1,-1.0,True,-0.9411479997859751,-0.268036337245554,0.001,SYNTHETIC,0
2026-05-24 11:00:00,LONG,1.3946848263748584,1.3807379781111098,1.408631674638607,1.0,1.0,WIN,1,0.4877072485676015,True,1.0,0.3933442234359078,0.001,SYNTHETIC,8
2026-05-24 12:00:00,LONG,1.3965691682503265,1.3826034765678232,1.4105348599328298,1.0,1.0,WIN,1,0.27146264511321383,True,1.0,0.3287252682426377,0.001,SYNTHETIC,6
2026-05-24 13:00:00,LONG,1.3948326130848094,1.3808842869539613,1.4087809392156576,1.0,1.0,WIN,1,0.20223208422538275,True,0.6297548085636508,2.395005161193325,0.001,SYNTHETIC,6
2026-05-24 14:00:00,LONG,1.3946470180680937,1.3807005478874128,1.4085934882487745,1.0,1.0,WIN,1,0.7017698749871297,True,0.8608791395683547,1.826632151193371,0.001,SYNTHETIC,9
2026-05-24 15:00:00,LONG,1.3933627672664006,1.3794291395937366,1.4072963949390647,1.0,1.0,LOSS,1,0.20425890689809006,True,0.42321542250653493,1.0806944973665589,0.001,SYNTHETIC,6
2026-05-24 16:00:00,SHORT,1.3934370202682107,1.3795026500655285,1.4073713904708929,1.0,1.0,WIN,1,-0.5239722216397672,True,-0.48959596030078945,1.5621559836529229,0.001,SYNTHETIC,1
2026-05-24 17:00:00,SHORT,1.3928088215691097,1.3788807333534185,1.4067369097848008,1.0,1.0,WIN,1,-0.21787998019766253,True,-1.0,-0.2452795398771156,0.001,SYNTHETIC,3
2026-05-24 18:00:00,SHORT,1.392975449571543,1.3790456950758274,1.4069052040672585,1.0,1.0,WIN,1,-0.27300890317015597,True,-0.6966063277830093,0.728482211267407,0.001,SYNTHETIC,3
2026-05-24 19:00:00,SHORT,1.3915009946664865,1.3775859847198215,1.4054160046131514,1.0,1.0,WIN,1,-0.412253756124501,True,-1.0,0.7917110821478434,0.001,SYNTHETIC,2
2026-05-24 20:00:00,SHORT,1.3910877516419051,1.377176874125486,1.4049986291583243,1.0,1.0,WIN,1,-0.7243057007231344,True,-0.9131047863094065,3.0125564595928527,0.001,SYNTHETIC,0
2026-05-24 21:00:00,SHORT,1.3910172090820057,1.3771070369911855,1.4049273811728258,1.0,1.0,WIN,1,-1.0,True,-0.9934819631832417,1.134222203394693,0.001,SYNTHETIC,0
2026-05-24 22:00:00,SHORT,1.3875977541096634,1.3737217765685668,1.40147373165076,1.0,1.0,WIN,1,-0.7718393700069117,True,-1.0,-1.140374243889081,0.001,SYNTHETIC,0
2026-05-24 23:00:00,SHORT,1.390360249203943,1.3764566467119037,1.4042638516959824,1.0,1.0,WIN,1,-0.7974435334122729,True,-0.990165920003256,1.7848124961107765,0.001,SYNTHETIC,0
2026-05-25 03:00:00,LONG,1.3903967389261382,1.3764927715368769,1.4043007063153996,1.0,1.0,WIN,1,0.7642632413137109,True,1.0,2.0726677958833637,0.001,SYNTHETIC,9
2026-05-25 04:00:00,LONG,1.392317894690379,1.378394715743475,1.4062410736372828,1.0,1.0,WIN,1,0.7657210071057241,True,0.8857451577997209,0.9342590573126954,0.001,SYNTHETIC,9
2026-05-25 05:00:00,LONG,1.3947777426745633,1.3808299652478178,1.408725520101309,1.0,1.0,WIN,1,0.7511635575090885,True,1.0,0.18483508951992472,0.001,SYNTHETIC,9
2026-05-25 06:00:00,LONG,1.395265448942986,1.3813127944535561,1.409218103432416,1.0,1.0,WIN,1,0.23071250725648862,True,1.0,0.9395582220152187,0.001,SYNTHETIC,6
2026-05-25 07:00:00,LONG,1.3959503828118627,1.381990878983744,1.4099098866399813,1.0,1.0,WIN,1,0.5176702379959517,True,1.0,-0.7803171648621543,0.001,SYNTHETIC,8
2026-05-25 08:00:00,LONG,1.396751414789193,1.3827839006413012,1.410718928937085,1.0,1.0,WIN,1,0.9695497544510157,True,1.0,2.0625428448318095,0.001,SYNTHETIC,9
2026-05-25 09:00:00,LONG,1.3957581217119674,1.3818005404948477,1.4097157029290872,1.0,1.0,WIN,1,0.0245797001081271,True,1.0,0.31019435666604994,0.001,SYNTHETIC,5
2026-05-25 12:00:00,SHORT,1.3951475166528409,1.3811960414863125,1.4090989918193693,1.0,1.0,WIN,1,-0.19930274085349947,True,-0.5748646542574487,0.9524462915360632,0.001,SYNTHETIC,3
2026-05-25 13:00:00,SHORT,1.3949853619892898,1.3810355083693968,1.4089352156091828,1.0,1.0,WIN,1,-0.2551399322178645,True,-0.7579509346171464,1.2728545733185062,0.001,SYNTHETIC,3
2026-05-25 17:00:00,SHORT,1.3944263130558199,1.3804820499252617,1.408370576186378,1.0,1.0,WIN,1,-0.6664554620575442,True,-0.34921819916090363,1.113772003506109,0.001,SYNTHETIC,0
2026-05-25 18:00:00,SHORT,1.3929293582722806,1.3790000646895577,1.4068586518550035,1.0,1.0,WIN,1,-0.18320019884058703,True,-0.5802686381972811,0.40863259746716085,0.001,SYNTHETIC,3
2026-05-25 19:00:00,SHORT,1.3922767467344903,1.3783539792671453,1.4061995142018353,1.0,1.0,WIN,1,-0.5510119954173379,True,-1.0,3.216941421476104,0.001,SYNTHETIC,1
2026-05-25 20:00:00,SHORT,1.3932551142103198,1.3793225630682167,1.407187665352423,1.0,1.0,WIN,1,-0.15588693430190628,True,-0.644654593535316,2.586560193437495,0.001,SYNTHETIC,4
2026-05-25 21:00:00,SHORT,1.390834014386684,1.376925674242817,1.4047423545305509,1.0,1.0,WIN,1,-0.2353714274378802,True,-1.0,1.0939908525407087,0.001,SYNTHETIC,3
2026-05-25 22:00:00,SHORT,1.3927076346746072,1.3787805583278612,1.4066347110213533,1.0,1.0,WIN,1,-0.32057923634985874,True,-0.6209446696770398,1.6435721489541517,0.001,SYNTHETIC,2
2026-05-25 23:00:00,LONG,1.3943425303238046,1.3803991050205666,1.4082859556270426,1.0,1.0,WIN,1,0.30535161240872666,True,0.3489169664320745,2.0768693066215356,0.001,SYNTHETIC,6
2026-05-26 00:00:00,LONG,1.3947840005198318,1.3808361605146335,1.40873184052503,1.0,1.0,WIN,1,0.44402653150730387,True,0.8015103036723895,0.13716751407127042,0.001,SYNTHETIC,7
2026-05-26 01:00:00,SHORT,1.391105376550284,1.3771943227847812,1.405016430315787,1.0,1.0,WIN,1,0.11123877365602397,False,-0.852654919132779,2.1452904502576144,0.001,SYNTHETIC,5
2026-05-26 03:00:00,SHORT,1.391234730679572,1.3773223833727763,1.4051470779863677,1.0,1.0,WIN,1,-0.5112850135476695,True,-0.6103279082894213,1.1918567529434472,0.001,SYNTHETIC,1
2026-05-26 04:00:00,SHORT,1.3899094977069528,1.3760104027298832,1.4038085926840225,1.0,1.0,WIN,1,-0.2357807290666316,True,-1.0,-0.4612238251255918,0.001,SYNTHETIC,3
2026-05-26 05:00:00,SHORT,1.3899607469428248,1.3760611394733966,1.403860354412253,1.0,1.0,WIN,1,-0.7787539446028149,True,-1.0,0.45813496979977697,0.001,SYNTHETIC,0
2026-05-26 07:00:00,LONG,1.3924205797556914,1.3784963739581346,1.4063447855532483,1.0,1.0,WIN,1,0.23036809821508006,True,0.5624896886316526,1.849440987975694,0.001,SYNTHETIC,6
2026-05-26 11:00:00,SHORT,1.3897933889067304,1.3758954550176632,1.4036913227957977,1.0,1.0,WIN,1,-0.10599200344755011,True,-0.8249317268867592,1.4327134914914237,0.001,SYNTHETIC,4
2026-05-26 12:00:00,SHORT,1.3901509540848689,1.37624944454402,1.4040524636257177,1.0,1.0,WIN,1,-0.2928533298674104,True,-0.9040490440210048,-1.6583181074434572,0.001,SYNTHETIC,3
2026-05-26 13:00:00,SHORT,1.3897371704793404,1.375839798774547,1.4036345421841339,1.0,1.0,WIN,1,-0.5700048557060309,True,-0.7251012385479565,1.014294669547094,0.001,SYNTHETIC,1
2026-05-26 15:00:00,LONG,1.3928396514413817,1.3789112549269678,1.4067680479557956,1.0,1.0,WIN,1,0.674997290248601,True,1.0,-0.20997589465667188,0.001,SYNTHETIC,9
2026-05-26 16:00:00,LONG,1.3933139569851005,1.3793808174152495,1.4072470965549515,1.0,1.0,WIN,1,0.5596956290418106,True,1.0,-0.9182861037889016,0.001,SYNTHETIC,8
2026-05-26 17:00:00,LONG,1.3943008703494095,1.3803578616459153,1.4082438790529037,1.0,1.0,WIN,1,0.5284250982031884,True,1.0,1.3976484013364008,0.001,SYNTHETIC,8
2026-05-26 18:00:00,LONG,1.3938385645542162,1.379900178908674,1.4077769501997583,1.0,1.0,WIN,1,0.38076521036317845,True,1.0,1.997476203342579,0.001,SYNTHETIC,7
2026-05-26 19:00:00,LONG,1.3934637632367841,1.3795291256044162,1.407398400869152,1.0,1.0,WIN,1,0.5820375949043848,True,1.0,1.2297044363255907,0.001,SYNTHETIC,8
2026-05-26 20:00:00,LONG,1.3951227313795806,1.3811715040657848,1.4090739586933765,1.0,1.0,WIN,1,0.30358460469455006,True,0.922512020261216,-0.35086285071281503,0.001,SYNTHETIC,6
2026-05-26 23:00:00,LONG,1.394955869699442,1.3810063110024475,1.4089054283964364,1.0,1.0,WIN,1,0.6100889848444202,True,0.40493182981887504,1.9648235553530642,0.001,SYNTHETIC,8
2026-05-27 00:00:00,LONG,1.3945851330198973,1.3806392816896984,1.4085309843500962,1.0,1.0,WIN,1,-0.22507307813653424,False,0.3368533848476652,1.79223742744518,0.001,SYNTHETIC,3
2026-05-27 01:00:00,SHORT,1.3933941368806053,1.3794601955117993,1.4073280782494113,1.0,1.0,WIN,1,-0.7417750063542354,True,-0.8431969982667368,1.9410421154884911,0.001,SYNTHETIC,0
2026-05-27 02:00:00,SHORT,1.3937258487541089,1.3797885902665679,1.40766310724165,1.0,1.0,WIN,1,-0.07996207093038397,True,-0.40523665323377556,0.5012353071035358,0.001,SYNTHETIC,4
2026-05-27 03:00:00,SHORT,1.393436198156017,1.3795018361744569,1.4073705601375772,1.0,1.0,WIN,1,-0.06565644707695184,True,-0.45527799236670125,-1.7220618068389428,0.001,SYNTHETIC,4
2026-05-27 06:00:00,LONG,1.395113886912426,1.3811627480433017,1.4090650257815502,1.0,1.0,WIN,1,0.4539829311049776,True,0.9322387218056556,2.0089060605046356,0.001,SYNTHETIC,7
2026-05-27 07:00:00,LONG,1.3941823952711483,1.3802405713184367,1.4081242192238599,1.0,1.0,WIN,1,0.2459029079702848,True,0.3770261888148751,-1.1205625715522065,0.001,SYNTHETIC,6
2026-05-27 08:00:00,LONG,1.395793724958368,1.3818357877087843,1.4097516622079518,1.0,1.0,WIN,1,0.9771463283863333,True,1.0,0.7098678963159262,0.001,SYNTHETIC,9
2026-05-27 10:00:00,LONG,1.395207782285457,1.3812557044626024,1.4091598601083115,1.0,1.0,WIN,1,0.24518506792488753,True,0.6012503151951664,0.8790081567119108,0.001,SYNTHETIC,6
2026-05-27 13:00:00,SHORT,1.3954775684024856,1.3815227927184608,1.4094323440865104,1.0,1.0,WIN,1,-0.17971497191138583,True,-0.3028701390704523,0.9302565281260851,0.001,SYNTHETIC,3
2026-05-27 14:00:00,LONG,1.3980977979561264,1.3841168199765652,1.4120787759356876,1.0,1.0,WIN,1,1.0,True,1.0,0.5755814084700539,0.001,SYNTHETIC,9
2026-05-27 17:00:00,SHORT,1.39256793475275,1.3786422554052224,1.4064936141002775,1.0,1.0,WIN,1,-0.3577176581754276,True,-0.9059019317787872,1.129005997583993,0.001,SYNTHETIC,2
2026-05-27 18:00:00,SHORT,1.3923317120989993,1.3784083949780093,1.4062550292199893,1.0,1.0,WIN,1,-0.1396980413713778,True,-1.0,1.792429089181967,0.001,SYNTHETIC,4
2026-05-27 19:00:00,SHORT,1.3937141851389956,1.3797770432876055,1.4076513269903856,1.0,1.0,WIN,1,-0.43403101212469075,True,-1.0,2.9791062168652895,0.001,SYNTHETIC,2
2026-05-27 20:00:00,SHORT,1.3930673876567217,1.3791367137801545,1.4069980615332889,1.0,1.0,WIN,1,-0.1662199738730166,True,-0.6337620784708403,1.2711570222015984,0.001,SYNTHETIC,4
2026-05-27 21:00:00,SHORT,1.3923566499311533,1.3784330834318417,1.4062802164304649,1.0,1.0,WIN,1,-0.274281985661932,True,-1.0,0.9383312940725406,0.001,SYNTHETIC,3
2026-05-27 22:00:00,SHORT,1.3915573955144473,1.377641821559303,1.4054729694695918,1.0,1.0,WIN,1,-0.14104247356393362,True,-0.34863159117363063,2.3749996770898028,0.001,SYNTHETIC,4
2026-05-27 23:00:00,LONG,1.394648663550008,1.3807021769145078,1.408595150185508,1.0,1.0,WIN,1,0.6668922870344977,True,1.0,1.531298638926449,0.001,SYNTHETIC,9
2026-05-28 00:00:00,SHORT,1.3931092632204363,1.379178170588232,1.4070403558526405,1.0,1.0,WIN,1,-0.11248185939452685,True,-0.5487308579812495,1.0757410460492776,0.001,SYNTHETIC,4
2026-05-28 01:00:00,SHORT,1.3916491116122123,1.3777326204960902,1.4055656027283343,1.0,1.0,WIN,1,-0.9706451494660562,True,-0.7661275405884199,0.8106766317938441,0.001,SYNTHETIC,0
2026-05-28 02:00:00,LONG,1.3934566701277749,1.379522103426497,1.4073912368290526,1.0,1.0,WIN,1,0.2666860178182286,True,0.4650518993985823,1.430336175400265,0.001,SYNTHETIC,6
2026-05-28 03:00:00,LONG,1.3957215986352127,1.3817643826488606,1.4096788146215649,1.0,1.0,WIN,1,0.028165150112150705,True,1.0,0.1447508209658988,0.001,SYNTHETIC,5
2026-05-28 04:00:00,LONG,1.396003294763579,1.3820432618159433,1.4099633277112147,1.0,1.0,WIN,1,0.19380852504351148,True,0.4105199531514763,0.6596042827679849,0.001,SYNTHETIC,6
2026-05-28 05:00:00,LONG,1.3945678075292502,1.3806221294539578,1.4085134856045427,1.0,1.0,WIN,1,0.1928915628444447,True,0.6829516949925499,2.2783053102801127,0.001,SYNTHETIC,6
2026-05-28 06:00:00,LONG,1.3967628027659689,1.3827951747383092,1.4107304307936286,1.0,1.0,WIN,1,0.8102033763103484,True,1.0,0.8547560747926934,0.001,SYNTHETIC,9
2026-05-28 07:00:00,LONG,1.3988148888968583,1.3848267400078897,1.412803037785827,1.0,1.0,WIN,1,0.5733238277629993,True,1.0,0.5702159186915225,0.001,SYNTHETIC,8
2026-05-28 08:00:00,LONG,1.399087860485095,1.3850969818802439,1.413078739089946,1.0,1.0,WIN,1,0.6419578538264686,True,1.0,0.9700786213273774,0.001,SYNTHETIC,8
2026-05-28 09:00:00,LONG,1.3988503593392982,1.3848618557459051,1.4128388629326913,1.0,1.0,WIN,1,0.44256478461132476,True,1.0,1.1443304466002486,0.001,SYNTHETIC,7
2026-05-28 10:00:00,LONG,1.3983107145412885,1.3843276073958757,1.4122938216867014,1.0,1.0,WIN,1,0.8156543787819088,True,1.0,-0.3461124100368672,0.001,SYNTHETIC,9
2026-05-28 11:00:00,LONG,1.3984584752035163,1.384473890451481,1.4124430599555515,1.0,1.0,WIN,1,-0.07204368960746471,False,0.8143078250987107,0.7473221128640468,0.001,SYNTHETIC,4
2026-05-28 13:00:00,LONG,1.4009350985393965,1.3869257475540024,1.4149444495247905,1.0,1.0,WIN,1,0.6788452243920532,True,0.5859061758188246,-0.7582801999292827,0.001,SYNTHETIC,9
2026-05-28 14:00:00,LONG,1.4016805723002579,1.3876637665772553,1.4156973780232605,1.0,1.0,WIN,1,0.3693054502603447,True,1.0,0.9863092091881125,0.001,SYNTHETIC,7
2026-05-28 15:00:00,LONG,1.4011736215513475,1.387161885335834,1.415185357766861,1.0,1.0,WIN,1,-0.19816938775603227,False,0.8911604275904667,1.3054461614452038,0.001,SYNTHETIC,3
2026-05-28 16:00:00,LONG,1.4025845315407595,1.3885586862253518,1.416610376856167,1.0,1.0,WIN,1,0.9357923829841657,True,1.0,1.6477212061353188,0.001,SYNTHETIC,9
2026-05-28 17:00:00,LONG,1.4032932183342635,1.389260286150921,1.417326150517606,1.0,1.0,WIN,1,0.8230808214079393,True,1.0,1.6889213642396776,0.001,SYNTHETIC,9
2026-05-28 18:00:00,LONG,1.4034305365733144,1.3893962312075812,1.4174648419390476,1.0,1.0,WIN,1,0.7132908219832198,True,1.0,-0.5953639891820675,0.001,SYNTHETIC,9
2026-05-28 19:00:00,LONG,1.4059022089528748,1.391843186863346,1.4199612310424035,1.0,1.0,WIN,1,0.5283218020855107,True,1.0,1.5650780020657018,0.001,SYNTHETIC,8
2026-05-28 20:00:00,LONG,1.4051207969541222,1.391069588984581,1.4191720049236634,1.0,1.0,LOSS,1,0.998224105447609,True,1.0,0.2841333677561034,0.001,SYNTHETIC,9
2026-05-28 21:00:00,LONG,1.4047367238082644,1.3906893565701817,1.4187840910463472,1.0,1.0,WIN,1,0.7971035596075419,True,0.8390360617775828,1.0224391478713009,0.001,SYNTHETIC,9
2026-05-28 22:00:00,LONG,1.4042562322211174,1.3902136698989063,1.4182987945433285,1.0,1.0,WIN,1,0.6869974680521221,True,0.44528129482903817,0.5874424923500443,0.001,SYNTHETIC,9
2026-05-28 23:00:00,SHORT,1.40239336417526,1.3883694305335073,1.4164172978170126,1.0,1.0,LOSS,1,-0.09353645061029184,True,-0.604373189488922,-2.7004307970625234,0.001,SYNTHETIC,4
2026-05-29 00:00:00,SHORT,1.4026553530937742,1.3886287995628364,1.416681906624712,1.0,1.0,WIN,1,-0.46316124462467545,True,-1.0,4.0255417926803,0.001,SYNTHETIC,2
2026-05-29 01:00:00,LONG,1.406013736363899,1.3919535990002598,1.420073873727538,1.0,1.0,WIN,1,0.15895434873718067,True,0.5574076200832409,1.9042701763945666,0.001,SYNTHETIC,5
2026-05-29 04:00:00,LONG,1.4040898899661143,1.390048991066453,1.4181307888657755,1.0,1.0,WIN,1,0.6623668198154227,True,0.9735192387534829,-0.714743185012066,0.001,SYNTHETIC,8
2026-05-29 05:00:00,LONG,1.4046924421488085,1.3906455177273205,1.4187393665702965,1.0,1.0,WIN,1,0.3294424742378966,True,0.8687537476201874,0.20655946921818683,0.001,SYNTHETIC,7
2026-05-29 06:00:00,SHORT,1.4051229910716543,1.3910717611609378,1.4191742209823708,1.0,1.0,WIN,1,0.008006553255163973,False,-0.35219551035965213,2.7082584702540053,0.001,SYNTHETIC,4
2026-05-29 09:00:00,SHORT,1.4032237822217046,1.3891915443994876,1.4172560200439217,1.0,1.0,WIN,1,-0.5794981220589541,True,-0.6297318682322769,-0.07294152648745289,0.001,SYNTHETIC,1
2026-05-29 10:00:00,SHORT,1.400175938254454,1.3861741788719095,1.4141776976369986,1.0,1.0,WIN,1,-0.8165334605026106,True,-1.0,-1.0637904058337817,0.001,SYNTHETIC,0
2026-05-29 11:00:00,SHORT,1.4021244341593584,1.3881031898177647,1.416145678500952,1.0,1.0,WIN,1,-0.5721736181655943,True,-1.0,0.8786989067091369,0.001,SYNTHETIC,1
2026-05-29 14:00:00,LONG,1.4041430784427025,1.3901016476582755,1.4181845092271295,1.0,1.0,WIN,1,0.4753157980061268,True,0.3208193846067363,0.8770980986550869,0.001,SYNTHETIC,8
2026-05-29 15:00:00,LONG,1.4049568110758746,1.3909072429651157,1.4190063791866334,1.0,1.0,WIN,1,0.007223559684436276,True,1.0,0.009350917713171425,0.001,SYNTHETIC,4
2026-05-29 16:00:00,LONG,1.4053941761930755,1.3913402344311447,1.4194481179550062,1.0,1.0,WIN,1,0.4259762373217128,True,1.0,0.8636677598057787,0.001,SYNTHETIC,7
2026-05-29 17:00:00,LONG,1.4060085427024192,1.3919484572753948,1.4200686281294435,1.0,1.0,WIN,1,0.07607716186920777,True,1.0,-0.7607223236416027,0.001,SYNTHETIC,5
2026-05-29 18:00:00,LONG,1.4063771202598667,1.3923133490572681,1.4204408914624653,1.0,1.0,WIN,1,-0.2829698092549696,False,1.0,1.1434263431271818,0.001,SYNTHETIC,3
2026-05-29 19:00:00,LONG,1.4076825009151614,1.3936056759060098,1.421759325924313,1.0,1.0,WIN,1,0.6099355414325761,True,1.0,2.6468494410890626,0.001,SYNTHETIC,8
2026-05-29 20:00:00,LONG,1.4085353281626305,1.3944499748810042,1.4226206814442568,1.0,1.0,WIN,1,0.44665666741066556,True,1.0,1.0893365262510628,0.001,SYNTHETIC,7
2026-05-29 21:00:00,LONG,1.4085022392003486,1.394417216808345,1.422587261592352,1.0,1.0,WIN,1,0.08087032015085338,True,1.0,2.0560488924084876,0.001,SYNTHETIC,5
2026-05-29 22:00:00,LONG,1.4075238276861421,1.3934485894092807,1.4215990659630036,1.0,1.0,WIN,1,0.005570096041358552,True,0.3211085068735849,4.406595314575181,0.001,SYNTHETIC,4
2026-05-29 23:00:00,LONG,1.40785825259252,1.3937796700665948,1.4219368351184454,1.0,1.0,WIN,1,0.4288141509894181,True,0.5925331658212479,0.6920116464444672,0.001,SYNTHETIC,7
2026-05-30 00:00:00,SHORT,1.4076297641880384,1.393553466546158,1.4217060618299189,1.0,1.0,WIN,1,-0.3144098303108845,True,-0.40792986042826745,0.8860009853903594,0.001,SYNTHETIC,3
2026-05-30 01:00:00,SHORT,1.4066089359595049,1.39254284659991,1.4206750253190998,1.0,1.0,WIN,1,-0.4877167198751965,True,-0.8562247704093539,2.707733576589,0.001,SYNTHETIC,1
2026-05-30 02:00:00,SHORT,1.4049969890101235,1.3909470191200222,1.4190469589002248,1.0,1.0,WIN,1,-0.6195369710969151,True,-1.0,2.294415444176129,0.001,SYNTHETIC,1
2026-05-30 03:00:00,SHORT,1.4040855790336935,1.3900447232433566,1.4181264348240303,1.0,1.0,WIN,1,-0.6746906394289879,True,-1.0,0.7580204878506085,0.001,SYNTHETIC,0
2026-05-30 04:00:00,SHORT,1.4070107584057283,1.392940650821671,1.4210808659897856,1.0,1.0,WIN,1,-0.3680777990577636,True,-0.3789532332696807,0.08113083365560614,0.001,SYNTHETIC,2
2026-05-30 05:00:00,LONG,1.4082687174398019,1.3941860302654039,1.4223514046141998,1.0,1.0,LOSS,1,0.1269140953726851,True,0.6286466105228116,-0.5238341793744175,0.001,SYNTHETIC,5
2026-05-30 06:00:00,LONG,1.4098339524911432,1.3957356129662317,1.4239322920160546,1.0,1.0,WIN,1,0.2740571371780778,True,1.0,-0.36120335485664445,0.001,SYNTHETIC,6
2026-05-30 07:00:00,LONG,1.4100069561655415,1.3959068866038862,1.4241070257271968,1.0,1.0,WIN,1,0.19481162069275926,True,1.0,3.2612954463558,0.001,SYNTHETIC,6
2026-05-30 08:00:00,LONG,1.409965453155223,1.3958657986236709,1.4240651076867752,1.0,1.0,WIN,1,0.38608630468465127,True,1.0,1.8654876767744293,0.001,SYNTHETIC,7
2026-05-30 09:00:00,LONG,1.4085295869790933,1.3944442911093022,1.4226148828488843,1.0,1.0,WIN,1,0.08992560744848807,True,0.5638079262937864,1.580279647593172,0.001,SYNTHETIC,5
2026-05-30 10:00:00,SHORT,1.4074543883982604,1.3933798445142778,1.421528932282243,1.0,1.0,WIN,1,-0.5127402513257724,True,-0.382461324342129,2.9364954801898886,0.001,SYNTHETIC,1
2026-05-30 11:00:00,SHORT,1.406859360650106,1.392790767043605,1.4209279542566071,1.0,1.0,WIN,1,-0.27019560339291415,True,-1.0,0.21126516234917636,0.001,SYNTHETIC,3
2026-05-30 12:00:00,SHORT,1.4079606692977211,1.393881062604744,1.4220402759906983,1.0,1.0,WIN,1,0.08989199946414561,False,-0.5597975842217381,2.7716911969594102,0.001,SYNTHETIC,5
2026-05-30 13:00:00,SHORT,1.407909889837257,1.3938307909388845,1.4219889887356296,1.0,1.0,WIN,1,-0.3895558859666656,True,-0.7790501071712913,0.42363505935321594,0.001,SYNTHETIC,2
2026-05-30 14:00:00,LONG,1.4088204094741519,1.3947322053794105,1.4229086135688933,1.0,1.0,WIN,1,0.18109576840958344,True,0.3223077440606635,2.2362326883334522,0.001,SYNTHETIC,6
2026-05-30 15:00:00,LONG,1.4104131900921622,1.3963090581912405,1.4245173219930838,1.0,1.0,WIN,1,0.25618679340928874,True,0.927911966340336,0.7908905828049777,0.001,SYNTHETIC,6
2026-05-30 16:00:00,LONG,1.4120529597396259,1.3979324301422296,1.4261734893370221,1.0,1.0,WIN,1,0.8201094070372992,True,1.0,-0.8155793658970258,0.001,SYNTHETIC,9
2026-05-30 17:00:00,LONG,1.4114172378391614,1.3973030654607699,1.425531410217553,1.0,1.0,WIN,1,1.0,True,1.0,-0.18515561079127885,0.001,SYNTHETIC,9
2026-05-30 18:00:00,LONG,1.4125204386387376,1.3983952342523502,1.4266456430251249,1.0,1.0,WIN,1,0.4508618512923015,True,1.0,-0.3101819887804622,0.001,SYNTHETIC,7
2026-05-30 19:00:00,LONG,1.4137220910547827,1.3995848701442348,1.4278593119653307,1.0,1.0,WIN,1,0.34356604148224346,True,1.0,0.7875523874217847,0.001,SYNTHETIC,7
2026-05-30 20:00:00,LONG,1.412928822599871,1.3987995343738724,1.4270581108258698,1.0,1.0,WIN,1,0.6024425797864535,True,1.0,-0.711194695977986,0.001,SYNTHETIC,8
2026-05-30 21:00:00,LONG,1.4143438612900692,1.4002004226771685,1.4284872999029699,1.0,1.0,WIN,1,0.35129110141523745,True,0.6252235764074415,0.6159260167644585,0.001,SYNTHETIC,7
2026-05-30 22:00:00,LONG,1.415023217466586,1.4008729852919202,1.4291734496412518,1.0,1.0,WIN,1,0.34995335736281313,True,1.0,0.3806741973477498,0.001,SYNTHETIC,7
2026-05-30 23:00:00,LONG,1.414491554651856,1.4003466391053374,1.4286364701983745,1.0,1.0,WIN,1,0.5302431686504808,True,0.7777688374815515,2.20826377619533,0.001,SYNTHETIC,8
2026-05-31 02:00:00,LONG,1.4158206863040224,1.4016624794409822,1.4299788931670625,1.0,1.0,WIN,1,0.9921787774230691,True,0.4591371670167759,3.3137227293347395,0.001,SYNTHETIC,9
2026-05-31 03:00:00,LONG,1.4157435345506442,1.4015860992051377,1.4299009698961507,1.0,1.0,LOSS,1,-0.3094329606430538,False,0.3008993729725891,1.0120470793978793,0.001,SYNTHETIC,3
2026-05-31 04:00:00,LONG,1.416561066105407,1.402395455444353,1.4307266767664613,1.0,1.0,WIN,1,0.13108036692850317,True,0.7731751696615469,1.0416856128923802,0.001,SYNTHETIC,5
2026-05-31 05:00:00,LONG,1.4157067644056605,1.401549696761604,1.429863832049717,1.0,1.0,WIN,1,0.46374646958366245,True,0.787112120985907,0.589853748719161,0.001,SYNTHETIC,7
2026-05-31 06:00:00,LONG,1.4148706719546753,1.4007219652351286,1.429019378674222,1.0,1.0,WIN,1,1.0,True,0.7571184905235228,2.62905668146684,0.001,SYNTHETIC,9
2026-05-31 07:00:00,LONG,1.4163306856375313,1.402167378781156,1.4304939924939066,1.0,1.0,WIN,1,-0.01693151741862914,False,0.3036913801711167,1.3780200457411875,0.001,SYNTHETIC,4
2026-05-31 08:00:00,SHORT,1.4143319268546304,1.400188607586084,1.4284752461231767,1.0,1.0,WIN,1,-0.485139347614869,True,-0.3308309076723858,2.051333243265154,0.001,SYNTHETIC,1
2026-05-31 09:00:00,SHORT,1.413635344536331,1.3994989910909676,1.4277716979816943,1.0,1.0,WIN,1,-0.28187028628479166,True,-0.8932854596268306,0.49706137577758785,0.001,SYNTHETIC,3
2026-05-31 10:00:00,SHORT,1.4142347441000314,1.400092396659031,1.4283770915410317,1.0,1.0,WIN,1,-0.3282715146427393,True,-0.5073863846546359,0.9960809616004092,0.001,SYNTHETIC,2
2026-05-31 12:00:00,SHORT,1.4139301754477311,1.3997908736932538,1.4280694772022084,1.0,1.0,WIN,1,-0.36262036241337003,True,-0.6827723948864882,1.845507126024048,0.001,SYNTHETIC,2
2026-05-31 14:00:00,LONG,1.4165162308195713,1.4023510685113756,1.430681393127767,1.0,1.0,WIN,1,1.0,True,0.6529325577968036,-0.5577600939304379,0.001,SYNTHETIC,9
2026-05-31 15:00:00,LONG,1.4166250993253764,1.4024588483321225,1.4307913503186303,1.0,1.0,LOSS,1,-0.3960739290082216,False,0.9804865014319883,-0.13576937154468105,0.001,SYNTHETIC,2
2026-05-31 16:00:00,LONG,1.4156591032466335,1.401502512214167,1.4298156942790998,1.0,1.0,WIN,1,0.7783576766560762,True,0.4645721031022897,-1.0978007389823612,0.001,SYNTHETIC,9
2026-05-31 17:00:00,LONG,1.4148730835675063,1.4007243527318312,1.4290218144031814,1.0,1.0,WIN,1,0.4870514911144677,True,0.4141458396885791,0.4467940811093066,0.001,SYNTHETIC,8
2026-05-31 18:00:00,LONG,1.4160874965081214,1.4019266215430402,1.4302483714732026,1.0,1.0,WIN,1,0.17023168644839531,True,0.7878169478131194,2.3782824851057063,0.001,SYNTHETIC,6
2026-05-31 19:00:00,LONG,1.4175225589419869,1.403347333352567,1.4316977845314067,1.0,1.0,WIN,1,1.0,True,0.8818977068248459,-1.235578085786489,0.001,SYNTHETIC,9
2026-05-31 21:00:00,LONG,1.4169002278720562,1.4027312255933355,1.4310692301507768,1.0,1.0,WIN,1,0.5613591286003016,True,0.5178516799960884,1.1701740565118675,0.001,SYNTHETIC,8
2026-05-31 23:00:00,SHORT,1.4149901865142287,1.4008402846490864,1.429140088379371,1.0,1.0,WIN,1,-0.7527269839192685,True,-0.8179270520563119,2.2640681206563222,0.001,SYNTHETIC,0
2026-06-01 00:00:00,SHORT,1.416756289635146,1.4025887267387944,1.4309238525314976,1.0,1.0,WIN,1,-0.5192508154078068,True,-0.34948453542688734,-1.6804841581206071,0.001,SYNTHETIC,1
2026-06-01 02:00:00,SHORT,1.4148616269784735,1.4007130107086887,1.4290102432482583,1.0,1.0,WIN,1,-0.35062463632176516,True,-0.7081979418707252,0.8791914217796575,0.001,SYNTHETIC,2
2026-06-01 03:00:00,LONG,1.4164878545015285,1.4023229759565132,1.4306527330465437,1.0,1.0,WIN,1,0.040926003121239035,True,0.5774378247073727,1.0428017165953603,0.001,SYNTHETIC,5
2026-06-01 05:00:00,SHORT,1.413074683831932,1.3989439369936125,1.4272054306702513,1.0,1.0,WIN,1,-0.3609647693897964,True,-1.0,1.442392015025146,0.001,SYNTHETIC,2
2026-06-01 06:00:00,SHORT,1.4141690926869188,1.4000274017600496,1.428310783613788,1.0,1.0,WIN,1,-0.30204090720011956,True,-0.6334523681567266,0.8643627142033217,0.001,SYNTHETIC,3
2026-06-01 07:00:00,SHORT,1.4131659400198697,1.399034280619671,1.4272975994200685,1.0,1.0,WIN,1,-0.14754330266454235,True,-0.5404430098679927,0.1739794671029432,0.001,SYNTHETIC,4
2026-06-01 08:00:00,SHORT,1.4139650544221634,1.3998254038779416,1.428104704966385,1.0,1.0,WIN,1,-0.4484246272202069,True,-1.0,1.7789258788383826,0.001,SYNTHETIC,2
2026-06-01 10:00:00,LONG,1.4142620386855727,1.400119418298717,1.4284046590724284,1.0,1.0,WIN,1,0.25423524608234677,True,0.5537599040613554,2.390281344529508,0.001,SYNTHETIC,6
2026-06-01 11:00:00,LONG,1.4155126071399198,1.4013574810685205,1.429667733211319,1.0,1.0,WIN,1,0.5029507059216805,True,0.39838903095717515,-0.09901221027327867,0.001,SYNTHETIC,8
2026-06-01 12:00:00,LONG,1.4148821515662955,1.4007333300506326,1.4290309730819584,1.0,1.0,WIN,1,0.035036092118110596,True,0.5354901730969578,1.9320857940298932,0.001,SYNTHETIC,5
2026-06-01 13:00:00,LONG,1.4150424561940755,1.4008920316321347,1.4291928807560164,1.0,1.0,WIN,1,0.19360477085269434,True,0.8184117693087004,-0.16383426817307695,0.001,SYNTHETIC,6
2026-06-01 14:00:00,LONG,1.416038974420798,1.40187858467659,1.430199364165006,1.0,1.0,WIN,1,0.6181907789369971,True,0.41075792063507843,-0.40301503681201994,0.001,SYNTHETIC,8
2026-06-01 15:00:00,LONG,1.4160857831258276,1.4019249252945694,1.4302466409570858,1.0,1.0,WIN,1,0.6200945558442674,True,0.42678791675216154,2.2377067552595804,0.001,SYNTHETIC,8
2026-06-01 18:00:00,SHORT,1.413827643265091,1.39968936683244,1.427965919697742,1.0,1.0,WIN,1,-0.540461224162238,True,-0.499142987147022,2.2981814969416274,0.001,SYNTHETIC,1
2026-06-01 19:00:00,SHORT,1.4139186034130244,1.3997794173788942,1.4280577894471547,1.0,1.0,WIN,1,0.16908229042603135,False,-0.45867379656469964,2.2756198364223685,0.001,SYNTHETIC,6
2026-06-01 20:00:00,SHORT,1.413938862378384,1.3997994737546,1.428078251002168,1.0,1.0,LOSS,1,-0.11820052172655221,True,-1.0,1.7886084458759983,0.001,SYNTHETIC,4
2026-06-01 21:00:00,SHORT,1.412141168012461,1.3980197563323362,1.4262625796925856,1.0,1.0,WIN,1,-0.5190738073010375,True,-1.0,1.3965595259767378,0.001,SYNTHETIC,1
2026-06-01 22:00:00,SHORT,1.4126595128243455,1.398532917696102,1.426786107952589,1.0,1.0,WIN,1,0.20256547809095593,False,-1.0,0.5328245441067869,0.001,SYNTHETIC,6
2026-06-01 23:00:00,SHORT,1.4122566623926553,1.3981340957687287,1.426379229016582,1.0,1.0,WIN,1,-0.1504511206484459,True,-0.5762422844645754,-1.1731692118998667,0.001,SYNTHETIC,4
2026-06-02 02:00:00,LONG,1.4141059485322627,1.39996488904694,1.4282470080175853,1.0,1.0,WIN,1,0.34869015374985024,True,0.6940979606964762,1.2965948766048925,0.001,SYNTHETIC,7
2026-06-02 03:00:00,LONG,1.4152514334490407,1.4010989191145502,1.4294039477835312,1.0,1.0,WIN,1,0.4409136694569258,True,0.8299881568643834,0.4947497312562415,0.001,SYNTHETIC,7
2026-06-02 04:00:00,LONG,1.4156704144411494,1.4015137102967379,1.4298271185855609,1.0,1.0,WIN,1,0.8438888324738895,True,0.9377757342367544,-1.1960642733405087,0.001,SYNTHETIC,9
2026-06-02 06:00:00,LONG,1.414716980301916,1.4005698104988968,1.428864150104935,1.0,1.0,LOSS,1,-0.1725232639115041,False,0.4538608516443218,3.1353475941866886,0.001,SYNTHETIC,3
2026-06-02 07:00:00,LONG,1.4149140954442294,1.400764954489787,1.4290632363986717,1.0,1.0,WIN,1,0.396848716154081,True,0.4323032225051049,2.5985092574398077,0.001,SYNTHETIC,7
2026-06-02 09:00:00,SHORT,1.4131619241679922,1.3990303049263124,1.427293543409672,1.0,1.0,WIN,1,0.22705183704004728,False,-1.0,1.7625876729920054,0.001,SYNTHETIC,6
2026-06-02 10:00:00,SHORT,1.4130626620021518,1.3989320353821302,1.4271932886221734,1.0,1.0,LOSS,1,0.007843287417599765,False,-0.55024565405018,2.232172841525323,0.001,SYNTHETIC,4
2026-06-02 11:00:00,LONG,1.4156251049257085,1.4014688538764515,1.4297813559749655,1.0,1.0,WIN,1,0.04957950745404502,True,0.4143968863122341,0.6354861563176639,0.001,SYNTHETIC,5
2026-06-02 14:00:00,LONG,1.415426177975684,1.4012719161959273,1.4295804397554408,1.0,1.0,WIN,1,0.6300497611568436,True,0.8798812338357204,2.101428841859494,0.001,SYNTHETIC,8
2026-06-02 15:00:00,LONG,1.4145540717823755,1.4004085310645518,1.4286996125001992,1.0,1.0,WIN,1,0.4383663361047813,True,0.9500790311626582,-1.0963760013190424,0.001,SYNTHETIC,7
2026-06-02 16:00:00,LONG,1.4168546319644904,1.4026860856448455,1.4310231782841352,1.0,1.0,WIN,1,0.362360782791228,True,0.47245105459937664,0.11737622216159238,0.001,SYNTHETIC,7
2026-06-02 18:00:00,LONG,1.4167919674131937,1.4026240477390617,1.4309598870873257,1.0,1.0,WIN,1,0.7616012896639079,True,0.7329489367945855,0.4955983566156054,0.001,SYNTHETIC,9
2026-06-02 19:00:00,LONG,1.417436302456094,1.403261939431533,1.431610665480655,1.0,1.0,WIN,1,-0.6138721317705573,False,0.8338931702596986,0.6889523072280819,0.001,SYNTHETIC,1
2026-06-02 20:00:00,LONG,1.4168064565880187,1.4026383920221386,1.430974521153899,1.0,1.0,WIN,1,0.17716401331060982,True,0.6196018830367688,2.3548638458813715,0.001,SYNTHETIC,6
2026-06-02 22:00:00,LONG,1.4190436618438829,1.404853225225444,1.4332340984623217,1.0,1.0,LOSS,1,0.349744657630543,True,1.0,-0.051633892268987625,0.001,SYNTHETIC,7
2026-06-02 23:00:00,LONG,1.4194962074792132,1.4053012454044211,1.4336911695540053,1.0,1.0,WIN,1,0.4777648182763684,True,1.0,0.16679372897709,0.001,SYNTHETIC,8
2026-06-03 00:00:00,LONG,1.419058076808912,1.404867496040823,1.4332486575770012,1.0,1.0,WIN,1,-0.08854691355762101,False,0.5409822932344849,0.7629159819622855,0.001,SYNTHETIC,4
2026-06-03 01:00:00,LONG,1.41917978254585,1.4049879847203917,1.4333715803713085,1.0,1.0,LOSS,1,-0.3363702533018902,False,0.991945838979764,0.3222561936944052,0.001,SYNTHETIC,2
2026-06-03 02:00:00,LONG,1.419086645021305,1.404895778571092,1.4332775114715182,1.0,1.0,WIN,1,0.4628294277527703,True,0.8014194210209058,3.706269725898986,0.001,SYNTHETIC,7
2026-06-03 03:00:00,LONG,1.41957952286195,1.4053837276333305,1.4337753180905697,1.0,1.0,LOSS,1,0.8015162664601638,True,0.35116866370359034,0.9491831718126618,0.001,SYNTHETIC,9
2026-06-03 05:00:00,LONG,1.4193087549638754,1.4051156674142367,1.4335018425135142,1.0,1.0,WIN,1,0.5079144393387833,True,0.4402303049420866,2.070853583023158,0.001,SYNTHETIC,8
2026-06-03 06:00:00,LONG,1.4211537971684676,1.4069422591967828,1.4353653351401523,1.0,1.0,WIN,1,0.75835764944525,True,0.6140843963563682,-0.08392242326971505,0.001,SYNTHETIC,9
2026-06-03 07:00:00,LONG,1.420624570733957,1.4064183250266176,1.4348308164412966,1.0,1.0,WIN,1,-0.26803604837410344,False,0.6039506579792719,-0.19977882469938946,0.001,SYNTHETIC,3
2026-06-03 12:00:00,LONG,1.4216112915271577,1.4073951786118861,1.4358274044424293,1.0,1.0,WIN,1,0.223605566412026,True,0.3130034409695367,0.22873013563089523,0.001,SYNTHETIC,6
2026-06-03 13:00:00,LONG,1.4209448385683974,1.4067353901827133,1.4351542869540814,1.0,1.0,WIN,1,0.45577118904954517,True,0.4382482174719859,0.5516670813737506,0.001,SYNTHETIC,7
2026-06-03 14:00:00,LONG,1.4236132754449993,1.4093771426905493,1.4378494081994493,1.0,1.0,WIN,1,0.4868302682108644,True,1.0,-0.2130304108214957,0.001,SYNTHETIC,8
2026-06-03 15:00:00,LONG,1.424012751463146,1.4097726239485144,1.4382528789777775,1.0,1.0,WIN,1,0.1368342062793369,True,1.0,1.4022386843197594,0.001,SYNTHETIC,5
2026-06-03 16:00:00,LONG,1.42489888316214,1.4106498943305186,1.4391478719937616,1.0,1.0,WIN,1,0.7034347091656118,True,1.0,-1.9806682458546432,0.001,SYNTHETIC,9
2026-06-03 17:00:00,LONG,1.4252641290692873,1.4110114877785944,1.4395167703599803,1.0,1.0,WIN,1,0.8757726114328463,True,1.0,-0.10665929752094538,0.001,SYNTHETIC,9
2026-06-03 18:00:00,LONG,1.426304534090515,1.4120414887496098,1.44056757943142,1.0,1.0,WIN,1,0.5952122648505971,True,1.0,-1.5102451505635406,0.001,SYNTHETIC,8
2026-06-03 19:00:00,LONG,1.4263859382370303,1.41212207885466,1.4406497976194006,1.0,1.0,LOSS,1,0.6467373085279804,True,1.0,1.3005893677160565,0.001,SYNTHETIC,8
2026-06-03 20:00:00,LONG,1.4286616090178748,1.414374992927696,1.4429482251080534,1.0,1.0,WIN,1,0.1295595840899647,True,1.0,1.7064140462079465,0.001,SYNTHETIC,5
2026-06-03 21:00:00,LONG,1.429096516643762,1.4148055514773243,1.4433874818101995,1.0,1.0,WIN,1,0.7120590899447679,True,1.0,0.8263088123102018,0.001,SYNTHETIC,9
2026-06-03 22:00:00,LONG,1.4300214523022645,1.4157212377792419,1.4443216668252872,1.0,1.0,WIN,1,0.9038041468779047,True,1.0,-0.7317361357974704,0.001,SYNTHETIC,9
2026-06-03 23:00:00,LONG,1.4300861417707527,1.415785280353045,1.4443870031884603,1.0,1.0,WIN,1,0.621375642281436,True,1.0,-0.032100386145184956,0.001,SYNTHETIC,8
2026-06-04 00:00:00,LONG,1.429606542299501,1.415310476876506,1.4439026077224961,1.0,1.0,WIN,1,-0.03903497376306775,False,1.0,0.4714561337047087,0.001,SYNTHETIC,4
2026-06-04 01:00:00,LONG,1.4300840991567327,1.4157832581651655,1.4443849401483,1.0,1.0,WIN,1,0.848189747007857,True,0.7150017935505453,0.43787077239785527,0.001,SYNTHETIC,9
2026-06-04 02:00:00,LONG,1.430537677481438,1.4162323007066235,1.4448430542562525,1.0,1.0,WIN,1,0.04434756247552635,True,0.6555894611373111,1.210057849788996,0.001,SYNTHETIC,5
2026-06-04 04:00:00,LONG,1.4316536267752449,1.4173370905074925,1.4459701630429973,1.0,1.0,WIN,1,0.6803106242409409,True,0.7888354873453307,0.027182017530474334,0.001,SYNTHETIC,9
2026-06-04 05:00:00,LONG,1.433068650890456,1.4187379643815514,1.4473993373993606,1.0,1.0,WIN,1,0.8238854966152982,True,1.0,2.6608997052164316,0.001,SYNTHETIC,9
2026-06-04 06:00:00,LONG,1.432237900147857,1.4179155211463783,1.4465602791493355,1.0,1.0,WIN,1,-0.04001704353395363,False,1.0,2.4187567012383617,0.001,SYNTHETIC,4
2026-06-04 07:00:00,LONG,1.4313666495821018,1.4170529830862808,1.4456803160779228,1.0,1.0,WIN,1,0.1918562146539382,True,0.31338207566411375,-0.47297204862102615,0.001,SYNTHETIC,6
2026-06-04 08:00:00,LONG,1.4316690768791174,1.417352386110326,1.4459857676479086,1.0,1.0,WIN,1,0.19090998108438023,True,0.35120699563919516,0.5484474366250632,0.001,SYNTHETIC,6
2026-06-04 10:00:00,SHORT,1.4307854881519717,1.416477633270452,1.4450933430334914,1.0,1.0,WIN,1,-0.33645032077835063,True,-0.948134767003079,2.994238693580499,0.001,SYNTHETIC,2
2026-06-04 12:00:00,LONG,1.4329691812322285,1.4186394894199061,1.4472988730445508,1.0,1.0,WIN,1,0.5242124009754097,True,0.7244742420197271,0.8371366982167046,0.001,SYNTHETIC,8
2026-06-04 13:00:00,LONG,1.433658797550873,1.4193222095753641,1.4479953855263819,1.0,1.0,WIN,1,0.3820584353782841,True,0.8086165934932986,2.9201488027407905,0.001,SYNTHETIC,7
2026-06-04 15:00:00,SHORT,1.4299722193061075,1.4156724971130463,1.4442719414991687,1.0,1.0,LOSS,1,0.2586146585299055,False,-0.39692883320166666,1.416075216656863,0.001,SYNTHETIC,6
2026-06-04 16:00:00,SHORT,1.4309506416658417,1.4166411352491832,1.4452601480825003,1.0,1.0,WIN,1,-0.8421697501295513,True,-0.9061803989583532,0.25287319773177563,0.001,SYNTHETIC,0
2026-06-04 17:00:00,SHORT,1.4280548683183267,1.4137743196351436,1.44233541700151,1.0,1.0,LOSS,1,-0.22821364696384033,True,-1.0,2.331374652309026,0.001,SYNTHETIC,3
2026-06-04 18:00:00,SHORT,1.4293249259541716,1.4150316766946298,1.4436181752137134,1.0,1.0,WIN,1,-0.688284797366236,True,-1.0,-0.8357513034967579,0.001,SYNTHETIC,0
2026-06-04 19:00:00,SHORT,1.4285106198978743,1.4142255136988955,1.4427957260968531,1.0,1.0,WIN,1,-0.752743725274611,True,-1.0,2.937458200960217,0.001,SYNTHETIC,0
2026-06-04 20:00:00,LONG,1.4333249719128396,1.4189917221937112,1.447658221631968,1.0,1.0,WIN,1,0.8070279099848519,True,1.0,-0.5346507892262672,0.001,SYNTHETIC,9
2026-06-04 21:00:00,LONG,1.4359466471255584,1.4215871806543028,1.450306113596814,1.0,1.0,LOSS,1,0.23507382349670192,True,1.0,2.0589085295798775,0.001,SYNTHETIC,6
2026-06-04 22:00:00,LONG,1.43547530200445,1.4211205489844054,1.4498300550244945,1.0,1.0,WIN,1,0.6131224150775975,True,1.0,2.691735428360824,0.001,SYNTHETIC,8
2026-06-04 23:00:00,LONG,1.4348425206005904,1.4204940953945844,1.4491909458065964,1.0,1.0,WIN,1,0.35331757335207054,True,1.0,0.8552942933302823,0.001,SYNTHETIC,7
2026-06-05 00:00:00,LONG,1.4369457975879552,1.4225763396120756,1.4513152555638347,1.0,1.0,WIN,1,-0.20708100876894198,False,1.0,2.4798612029326788,0.001,SYNTHETIC,3
2026-06-05 01:00:00,LONG,1.4382724597129248,1.4238897351157955,1.4526551843100541,1.0,1.0,LOSS,1,0.6433147940313046,True,1.0,-0.32505624005787714,0.001,SYNTHETIC,8
2026-06-05 02:00:00,LONG,1.4364768749207755,1.4221121061715678,1.4508416436699831,1.0,1.0,WIN,1,0.238630779300804,True,0.4014687948275343,1.1860923694725303,0.001,SYNTHETIC,6
2026-06-05 03:00:00,SHORT,1.4353912946775529,1.4210373817307773,1.4497452076243285,1.0,1.0,WIN,1,-0.7548690529028615,True,-0.3636897971568322,1.3190575707444046,0.001,SYNTHETIC,0
2026-06-05 04:00:00,SHORT,1.4336537702903105,1.4193172325874073,1.4479903079932137,1.0,1.0,WIN,1,-0.5145611276430779,True,-0.6099685303628388,1.752696129219479,0.001,SYNTHETIC,1
2026-06-05 05:00:00,SHORT,1.4348339030471577,1.4204855640166862,1.4491822420776292,1.0,1.0,LOSS,1,-0.9459895629634004,True,-0.8077838558994181,2.0348758409597463,0.001,SYNTHETIC,0
2026-06-05 06:00:00,SHORT,1.435355618219347,1.4210020620371535,1.4497091744015405,1.0,1.0,WIN,1,-0.2804930338110761,True,-1.0,-0.8624079388891414,0.001,SYNTHETIC,3
2026-06-05 09:00:00,SHORT,1.4325188301396559,1.4181936418382592,1.4468440184410525,1.0,1.0,WIN,1,-0.015211146795431396,True,-0.6239003876709177,1.2358721036379183,0.001,SYNTHETIC,4
2026-06-05 10:00:00,SHORT,1.433477282820041,1.4191425099918407,1.4478120556482414,1.0,1.0,WIN,1,-0.4027238923856119,True,-0.4947495413711353,1.4151192939398203,0.001,SYNTHETIC,2
2026-06-05 11:00:00,SHORT,1.4324267023488468,1.4181024353253584,1.4467509693723353,1.0,1.0,WIN,1,-0.3359215966668877,True,-1.0,0.36615548992905445,0.001,SYNTHETIC,2
2026-06-05 12:00:00,SHORT,1.4306601125070377,1.4163535113819674,1.444966713632108,1.0,1.0,LOSS,1,-0.5027205890426482,True,-1.0,1.456986114991014,0.001,SYNTHETIC,1
2026-06-05 13:00:00,SHORT,1.4298660978588968,1.415567436880308,1.4441647588374857,1.0,1.0,WIN,1,-0.4444056451733541,True,-1.0,1.3057267378078308,0.001,SYNTHETIC,2
2026-06-05 14:00:00,SHORT,1.431583934256921,1.4172680949143517,1.4458997735994903,1.0,1.0,WIN,1,0.047777028543078554,False,-0.4789048191865563,0.5173198613034956,0.001,SYNTHETIC,5
2026-06-05 15:00:00,SHORT,1.4313839602917307,1.4170701206888134,1.4456977998946479,1.0,1.0,WIN,1,-0.11993803138684433,True,-0.9451685151620303,0.6116445247142261,0.001,SYNTHETIC,4
2026-06-05 16:00:00,SHORT,1.4308247468549393,1.41651649938639,1.4451329943234887,1.0,1.0,WIN,1,-0.5019973892982198,True,-0.7701409448133302,-1.2088525587780476,0.001,SYNTHETIC,1
2026-06-05 19:00:00,SHORT,1.427815022075325,1.4135368718545718,1.4420931722960781,1.0,1.0,WIN,1,-0.5657819855941653,True,-1.0,0.22046169688027747,0.001,SYNTHETIC,1
2026-06-05 20:00:00,SHORT,1.4276195934829894,1.4133433975481595,1.4418957894178193,1.0,1.0,WIN,1,-0.4146206359957531,True,-1.0,-0.649522311396961,0.001,SYNTHETIC,2
2026-06-05 21:00:00,SHORT,1.4279047019201814,1.4136256549009796,1.4421837489393832,1.0,1.0,WIN,1,-0.2347534825819007,True,-0.9693045162422751,0.9196375415756673,0.001,SYNTHETIC,3
2026-06-05 22:00:00,SHORT,1.4283652441191663,1.4140815916779745,1.442648896560358,1.0,1.0,WIN,1,-0.9457477459387855,True,-0.7427463125871369,1.5833323049518728,0.001,SYNTHETIC,0
2026-06-05 23:00:00,SHORT,1.4283857964308955,1.4141019384665865,1.4426696543952044,1.0,1.0,LOSS,1,-0.4456575340968189,True,-0.4887669374787523,0.9305378325877351,0.001,SYNTHETIC,2
2026-06-06 00:00:00,SHORT,1.4275137949152201,1.413238656966068,1.4417889328643723,1.0,1.0,WIN,1,-0.4503532517201012,True,-0.32237358984973824,1.9087997554756542,0.001,SYNTHETIC,2
2026-06-06 02:00:00,SHORT,1.4241750749984057,1.4099333242484215,1.4384168257483898,1.0,1.0,WIN,1,-0.5625112680057163,True,-1.0,-1.213403925061798,0.001,SYNTHETIC,1
2026-06-06 03:00:00,SHORT,1.425432456726185,1.411178132158923,1.4396867812934468,1.0,1.0,WIN,1,-0.6538650708685364,True,-1.0,0.4549535171386225,0.001,SYNTHETIC,1
2026-06-06 04:00:00,SHORT,1.4275831046678849,1.413307273621206,1.4418589357145637,1.0,1.0,WIN,1,-0.25038846341107357,True,-0.8237579422900938,2.5355525170277584,0.001,SYNTHETIC,3
2026-06-06 05:00:00,SHORT,1.42534762002055,1.4110941438203444,1.4396010962207555,1.0,1.0,WIN,1,-0.6779019052748068,True,-1.0,1.3396089980256758,0.001,SYNTHETIC,0
2026-06-06 06:00:00,SHORT,1.4244024390282115,1.4101584146379293,1.4386464634184937,1.0,1.0,WIN,1,-0.5045584330390548,True,-1.0,0.13288882723709694,0.001,SYNTHETIC,1
2026-06-06 08:00:00,LONG,1.4261282577684615,1.4118669751907769,1.4403895403461462,1.0,1.0,WIN,1,0.7594042242072097,True,0.4470342540824333,0.7648865621422214,0.001,SYNTHETIC,9
2026-06-06 09:00:00,SHORT,1.4257895906367912,1.4115316947304233,1.4400474865431592,1.0,1.0,WIN,1,-0.3425410587823262,True,-0.44065152372696104,-1.0427560918015975,0.001,SYNTHETIC,2
2026-06-06 11:00:00,SHORT,1.4224314776164078,1.4082071628402437,1.4366557923925718,1.0,1.0,LOSS,1,-0.5487391937777437,True,-0.7260612871170041,2.0023813315116366,0.001,SYNTHETIC,1
2026-06-06 12:00:00,SHORT,1.4234071964480646,1.409173124483584,1.4376412684125452,1.0,1.0,WIN,1,-0.9946646136523001,True,-0.833810062280498,-0.30084933401109026,0.001,SYNTHETIC,0
2026-06-06 13:00:00,SHORT,1.4246438538222568,1.4103974152840342,1.4388902923604794,1.0,1.0,WIN,1,0.07896703307175326,False,-0.46377954091452417,1.053498661858885,0.001,SYNTHETIC,5
2026-06-06 16:00:00,LONG,1.4264442962702417,1.4121798533075394,1.440708739232944,1.0,1.0,WIN,1,0.2549618818132185,True,1.0,-0.9606783086060807,0.001,SYNTHETIC,6
2026-06-06 17:00:00,LONG,1.425891099576197,1.411632188580435,1.4401500105719591,1.0,1.0,WIN,1,0.41814596109799806,True,1.0,-0.5323652635087408,0.001,SYNTHETIC,7
2026-06-06 22:00:00,SHORT,1.42464590068937,1.410399441682476,1.4388923596962637,1.0,1.0,LOSS,1,-0.14117419883346594,True,-0.35877677834729477,1.4888231326130732,0.001,SYNTHETIC,4
2026-06-06 23:00:00,LONG,1.4257728435262673,1.4115151150910046,1.44003057196153,1.0,1.0,WIN,1,0.7008516271990914,True,0.6394716375207947,1.2082316646037174,0.001,SYNTHETIC,9
2026-06-07 00:00:00,LONG,1.4268155010944261,1.4125473460834819,1.4410836561053704,1.0,1.0,WIN,1,0.39131101449683026,True,0.5637613172767595,2.0652015259506347,0.001,SYNTHETIC,7
2026-06-07 02:00:00,LONG,1.4277232495807008,1.413446017084894,1.4420004820765078,1.0,1.0,WIN,1,0.15642489557286346,True,0.6584581771775825,1.7992551673562898,0.001,SYNTHETIC,5
2026-06-07 03:00:00,LONG,1.426361744922932,1.4120981274737026,1.4406253623721614,1.0,1.0,WIN,1,0.5158967731549662,True,0.8827463081772435,0.35165848722453635,0.001,SYNTHETIC,8
2026-06-07 05:00:00,SHORT,1.4254461890732706,1.4111917271825378,1.4397006509640033,1.0,1.0,WIN,1,-0.7646116910319245,True,-0.7778315423174852,1.9366806654784439,0.001,SYNTHETIC,0
2026-06-07 06:00:00,SHORT,1.4231642663323172,1.408932623668994,1.4373959089956403,1.0,1.0,LOSS,1,-0.8576601660097176,True,-1.0,-0.09033493002851145,0.001,SYNTHETIC,0
2026-06-07 07:00:00,SHORT,1.423525505476315,1.4092902504215519,1.437760760531078,1.0,1.0,WIN,1,-0.34525868365585527,True,-1.0,0.42253040202414,0.001,SYNTHETIC,2
2026-06-07 08:00:00,SHORT,1.421500474147245,1.4072854694057726,1.4357154788887174,1.0,1.0,WIN,1,-0.6098720046267614,True,-1.0,2.17044983512512,0.001,SYNTHETIC,1
2026-06-07 09:00:00,SHORT,1.4200437999389324,1.405843361939543,1.4342442379383218,1.0,1.0,WIN,1,-0.1452675106721158,True,-1.0,1.8085279723917567,0.001,SYNTHETIC,4
2026-06-07 10:00:00,SHORT,1.41763679684175,1.4034604288733326,1.4318131648101675,1.0,1.0,WIN,1,-0.768926114883991,True,-1.0,0.04976341444278021,0.001,SYNTHETIC,0
2026-06-07 11:00:00,SHORT,1.4177980343258358,1.4036200539825774,1.4319760146690943,1.0,1.0,WIN,1,-1.0,True,-1.0,4.668636836739058,0.001,SYNTHETIC,0
2026-06-07 12:00:00,SHORT,1.4183359843521453,1.4041526245086238,1.4325193441956667,1.0,1.0,WIN,1,-0.5392115356409646,True,-1.0,0.14120137105227423,0.001,SYNTHETIC,1
2026-06-07 13:00:00,SHORT,1.4169093645016988,1.4027402708566818,1.4310784581467157,1.0,1.0,WIN,1,-0.0057334908818538755,True,-1.0,-1.002597333379201,0.001,SYNTHETIC,4
2026-06-07 14:00:00,SHORT,1.4158535487696164,1.4016950132819204,1.4300120842573125,1.0,1.0,WIN,1,-0.48962917491541824,True,-1.0,2.792253685164648,0.001,SYNTHETIC,1
2026-06-07 15:00:00,SHORT,1.4145970433786634,1.4004510729448767,1.4287430138124502,1.0,1.0,WIN,1,-0.9116279729398609,True,-1.0,1.2053730561169806,0.001,SYNTHETIC,0
2026-06-07 16:00:00,SHORT,1.4148869269368975,1.4007380576675286,1.4290357962062665,1.0,1.0,WIN,1,-0.9872829788620238,True,-1.0,0.8215539234549845,0.001,SYNTHETIC,0
2026-06-07 17:00:00,SHORT,1.414849597164632,1.4007011011929857,1.4289980931362782,1.0,1.0,WIN,1,-0.1406294258229529,True,-1.0,0.6781192319917588,0.001,SYNTHETIC,4
2026-06-07 18:00:00,SHORT,1.4140088349582642,1.3998687466086817,1.4281489233078468,1.0,1.0,LOSS,1,-0.7285260245109516,True,-0.9725899861567564,0.8581118222374846,0.001,SYNTHETIC,0
2026-06-07 19:00:00,SHORT,1.4136102692960164,1.3994741666030561,1.4277463719889767,1.0,1.0,WIN,1,0.01294276736683253,False,-0.8991916618602529,3.356570824317588,0.001,SYNTHETIC,5
2026-06-07 22:00:00,LONG,1.4157865368395444,1.401628671471149,1.4299444022079397,1.0,1.0,WIN,1,0.6791231565304017,True,0.6579642064738188,-2.4001125957489933,0.001,SYNTHETIC,9
2026-06-07 23:00:00,LONG,1.4157243064567961,1.4015670633922281,1.4298815495213641,1.0,1.0,WIN,1,-0.1196526615902338,False,0.31503296877749376,2.5536654819988076,0.001,SYNTHETIC,4
2026-06-08 00:00:00,LONG,1.4161495164581124,1.4019880212935312,1.4303110116226936,1.0,1.0,WIN,1,-0.009479713870939932,False,0.8494428397251189,0.5162672823638594,0.001,SYNTHETIC,4
2026-06-08 01:00:00,LONG,1.4156156399666693,1.4014594835670027,1.429771796366336,1.0,1.0,WIN,1,0.06525193732818729,True,0.6505511106630418,1.275414921385912,0.001,SYNTHETIC,5
2026-06-08 03:00:00,SHORT,1.4152878028195917,1.4011349247913958,1.4294406808477875,1.0,1.0,WIN,1,0.14826562561373474,False,-0.3862489421733324,-0.45068268203276884,0.001,SYNTHETIC,5
2026-06-08 06:00:00,SHORT,1.4144843228054915,1.4003394795774367,1.4286291660335464,1.0,1.0,LOSS,1,-0.7907069200649632,True,-0.6473539634530929,2.249946109127894,0.001,SYNTHETIC,0
2026-06-08 07:00:00,SHORT,1.4119201242144712,1.3978009229723265,1.426039325456616,1.0,1.0,LOSS,1,-0.8202936715578091,True,-1.0,1.6849902978451148,0.001,SYNTHETIC,0
2026-06-08 08:00:00,SHORT,1.4112430718149938,1.3971306410968438,1.4253555025331437,1.0,1.0,WIN,1,-0.8881990637750372,True,-1.0,-0.38780278833960913,0.001,SYNTHETIC,0
2026-06-08 09:00:00,SHORT,1.4087824055238274,1.3946945814685892,1.4228702295790656,1.0,1.0,WIN,1,-0.42037088718063015,True,-1.0,0.14933849140548494,0.001,SYNTHETIC,2
2026-06-08 10:00:00,SHORT,1.4087923303146321,1.3947044070114858,1.4228802536177785,1.0,1.0,WIN,1,0.08143475341733541,False,-1.0,1.9096417470183398,0.001,SYNTHETIC,5
2026-06-08 11:00:00,SHORT,1.4079582873984147,1.3938787045244305,1.4220378702723988,1.0,1.0,WIN,1,-0.2612670277923237,True,-1.0,2.6806567748527224,0.001,SYNTHETIC,3
2026-06-08 12:00:00,SHORT,1.4073319097999424,1.393258590701943,1.4214052288979417,1.0,1.0,WIN,1,-0.8384692534972218,True,-1.0,2.260026089614069,0.001,SYNTHETIC,0
2026-06-08 13:00:00,SHORT,1.407614638703884,1.393538492316845,1.4216907850909228,1.0,1.0,WIN,1,-0.7083127296999665,True,-1.0,0.5064353710982417,0.001,SYNTHETIC,0
2026-06-08 14:00:00,SHORT,1.4073623329357179,1.3932887096063606,1.4214359562650751,1.0,1.0,WIN,1,-0.5092390073390057,True,-0.7189036070987272,3.193363935719985,0.001,SYNTHETIC,1
2026-06-08 15:00:00,SHORT,1.4050733123224555,1.391022579199231,1.41912404544568,1.0,1.0,WIN,1,-0.3832357499020742,True,-1.0,-0.48283153089884623,0.001,SYNTHETIC,2
2026-06-08 16:00:00,SHORT,1.4066227245630871,1.3925564973174562,1.420688951808718,1.0,1.0,WIN,1,0.051253442615551925,False,-0.8402459562801018,0.0026550407789231456,0.001,SYNTHETIC,5
2026-06-08 18:00:00,SHORT,1.406468845826751,1.3924041573684833,1.4205335342850185,1.0,1.0,LOSS,1,0.08611147747937586,False,-0.7510434196821615,-1.6769483018720535,0.001,SYNTHETIC,5
2026-06-08 19:00:00,SHORT,1.406269599235334,1.3922069032429807,1.4203322952276873,1.0,1.0,WIN,1,0.3448424183768491,False,-0.5726617382996387,2.55190574357124,0.001,SYNTHETIC,7
2026-06-08 21:00:00,SHORT,1.4052357841123833,1.3911834262712595,1.419288141953507,1.0,1.0,WIN,1,-0.2704241231531054,True,-0.315461473669426,1.194569342940832,0.001,SYNTHETIC,3
2026-06-08 22:00:00,SHORT,1.4037711128689985,1.3897334017403085,1.4178088239976885,1.0,1.0,WIN,1,-0.608185810217335,True,-1.0,0.6059874028337339,0.001,SYNTHETIC,1
2026-06-08 23:00:00,SHORT,1.4014665266368462,1.3874518613704778,1.4154811919032146,1.0,1.0,WIN,1,-0.48125300429363405,True,-1.0,1.3338592948290269,0.001,SYNTHETIC,2
2026-06-09 00:00:00,SHORT,1.4013785395011986,1.3873647541061866,1.4153923248962106,1.0,1.0,WIN,1,-0.6074537290345478,True,-1.0,2.28662433724607,0.001,SYNTHETIC,1
2026-06-09 01:00:00,SHORT,1.400908164080274,1.3868990824394714,1.4149172457210768,1.0,1.0,WIN,1,-0.23474676158320829,True,-1.0,-0.5814215593831795,0.001,SYNTHETIC,3
2026-06-09 02:00:00,SHORT,1.4008378010742548,1.3868294230635123,1.4148461790849973,1.0,1.0,WIN,1,-0.9646493841178345,True,-1.0,1.7114789800554255,0.001,SYNTHETIC,0
2026-06-09 03:00:00,SHORT,1.399380481747577,1.3853866769301013,1.4133742865650527,1.0,1.0,WIN,1,-0.6603866285888336,True,-1.0,2.643713819629803,0.001,SYNTHETIC,1
2026-06-09 04:00:00,SHORT,1.3989326867433078,1.3849433598758747,1.412922013610741,1.0,1.0,WIN,1,-0.4012475980783294,True,-1.0,0.12676886162078427,0.001,SYNTHETIC,2
2026-06-09 05:00:00,SHORT,1.3996597967449507,1.3856631987775012,1.4136563947124001,1.0,1.0,WIN,1,-0.20550243167877963,True,-0.9330555676538662,1.1269233320912957,0.001,SYNTHETIC,3
2026-06-09 06:00:00,SHORT,1.3989936936947769,1.385003756757829,1.4129836306317247,1.0,1.0,WIN,1,0.2098149345851023,False,-0.8975411690382399,0.10028640029765579,0.001,SYNTHETIC,6
2026-06-09 07:00:00,SHORT,1.3994234626140498,1.3854292279879092,1.4134176972401904,1.0,1.0,WIN,1,-0.701435615270843,True,-0.6294560939631212,0.7711723361072876,0.001,SYNTHETIC,0
2026-06-09 08:00:00,SHORT,1.399065959175996,1.385075299584236,1.413056618767756,1.0,1.0,WIN,1,-0.3914898122084751,True,-0.39175417590459666,0.4716545280861809,0.001,SYNTHETIC,2
2026-06-09 09:00:00,LONG,1.40008481897097,1.3860839707812602,1.4140856671606798,1.0,1.0,WIN,1,-0.5122345481189469,False,0.3353748476985085,1.5241566579986372,0.001,SYNTHETIC,1
2026-06-09 10:00:00,SHORT,1.398672977987273,1.3846862482074003,1.412659707767146,1.0,1.0,WIN,1,-0.500964514825309,True,-0.33600762523889954,0.10261688584203077,0.001,SYNTHETIC,1
2026-06-09 12:00:00,LONG,1.4001436577447626,1.386142221167315,1.4141450943222102,1.0,1.0,WIN,1,0.0293839288925809,True,0.37154629482375895,0.8755130821405809,0.001,SYNTHETIC,5
2026-06-09 13:00:00,LONG,1.4001174104427943,1.3861162363383663,1.4141185845472222,1.0,1.0,WIN,1,0.38354558109150416,True,0.904110517767987,1.1594218710694308,0.001,SYNTHETIC,7
2026-06-09 15:00:00,LONG,1.3997430976445615,1.3857456666681158,1.4137405286210072,1.0,1.0,WIN,1,0.19305636914389507,True,0.5652724564797432,0.31187214243595784,0.001,SYNTHETIC,6
2026-06-09 16:00:00,LONG,1.4007726439997297,1.3867649175597323,1.414780370439727,1.0,1.0,WIN,1,0.5503311527396657,True,0.8187000572320391,1.8339975076887598,0.001,SYNTHETIC,8
2026-06-09 17:00:00,SHORT,1.3994682646713454,1.385473582024632,1.4134629473180589,1.0,1.0,WIN,1,-0.16107827109490763,True,-0.390601042446181,1.069417328884495,0.001,SYNTHETIC,4
2026-06-09 18:00:00,SHORT,1.3975849230778967,1.3836090738471178,1.4115607723086756,1.0,1.0,WIN,1,-0.809996961725055,True,-1.0,-0.5031578370896338,0.001,SYNTHETIC,0
2026-06-09 19:00:00,SHORT,1.3980460166592985,1.3840655564927056,1.4120264768258914,1.0,1.0,WIN,1,-1.0,True,-1.0,-1.0848884861628927,0.001,SYNTHETIC,0
2026-06-09 20:00:00,SHORT,1.3991357446878459,1.3851443872409674,1.4131271021347243,1.0,1.0,WIN,1,0.005740518116180565,False,-0.33872816370527836,0.3794612770133774,0.001,SYNTHETIC,4
2026-06-09 21:00:00,SHORT,1.3991852996933987,1.3851934466964646,1.4131771526903327,1.0,1.0,WIN,1,0.17179523714212303,False,-0.6443113167244581,0.9405869648696707,0.001,SYNTHETIC,6
2026-06-09 22:00:00,SHORT,1.398025983797479,1.3840457239595043,1.412006243635454,1.0,1.0,WIN,1,0.5437164118954232,False,-0.4337981832183634,1.0660265661483024,0.001,SYNTHETIC,8
2026-06-10 01:00:00,SHORT,1.3961310293909621,1.3821697190970526,1.4100923396848717,1.0,1.0,WIN,1,-0.36156208878831947,True,-1.0,0.012471899426242772,0.001,SYNTHETIC,2
2026-06-10 02:00:00,SHORT,1.397186969601938,1.3832150999059185,1.4111588392979573,1.0,1.0,WIN,1,-0.3381086339910255,True,-0.8574228993361779,1.3696179080219806,0.001,SYNTHETIC,2
2026-06-10 03:00:00,SHORT,1.3955593351656883,1.3816037418140314,1.4095149285173452,1.0,1.0,WIN,1,-0.4666996928625416,True,-1.0,0.8145636502131934,0.001,SYNTHETIC,2
2026-06-10 05:00:00,LONG,1.3980454468217707,1.3840649923535528,1.4120259012899885,1.0,1.0,WIN,1,0.43639215433082573,True,0.5085383754041706,0.19160365867051987,0.001,SYNTHETIC,7
2026-06-10 06:00:00,LONG,1.3993256144434914,1.3853323582990564,1.4133188705879263,1.0,1.0,WIN,1,0.3438208755905829,True,1.0,0.2523878362406797,0.001,SYNTHETIC,7
2026-06-10 07:00:00,LONG,1.399254094405545,1.3852615534614894,1.4132466353496005,1.0,1.0,WIN,1,0.29208200376095145,True,0.6726294784742181,1.7071370738350504,0.001,SYNTHETIC,6
2026-06-10 08:00:00,LONG,1.398589386684981,1.3846034928181312,1.4125752805518308,1.0,1.0,LOSS,1,0.1466101151106834,True,1.0,0.7580415516884231,0.001,SYNTHETIC,5
2026-06-10 10:00:00,SHORT,1.3959333816562813,1.3819740478397184,1.4098927154728442,1.0,1.0,WIN,1,-0.6874785538336481,True,-0.7994985829793955,0.5465731371745373,0.001,SYNTHETIC,0
2026-06-10 11:00:00,SHORT,1.3966648207345733,1.3826981725272276,1.410631468941919,1.0,1.0,WIN,1,-0.4898765028559362,True,-1.0,2.0957396827463834,0.001,SYNTHETIC,1
2026-06-10 13:00:00,SHORT,1.3966019867201562,1.3826359668529546,1.4105680065873578,1.0,1.0,WIN,1,-0.17859989229915715,True,-0.7087346434202023,0.671959000389225,0.001,SYNTHETIC,3
2026-06-10 16:00:00,SHORT,1.3941851532570038,1.3802433017244338,1.4081270047895738,1.0,1.0,WIN,1,-0.31334968630029314,True,-0.9183376402343989,2.3934447175998272,0.001,SYNTHETIC,3
2026-06-10 17:00:00,SHORT,1.3949776704445196,1.3810278937400744,1.4089274471489648,1.0,1.0,WIN,1,-0.6459875789336612,True,-1.0,0.250661073415278,0.001,SYNTHETIC,1
2026-06-10 18:00:00,SHORT,1.394285610751943,1.3803427546444236,1.4082284668594625,1.0,1.0,WIN,1,-1.0,True,-1.0,0.803322866829361,0.001,SYNTHETIC,0
2026-06-10 19:00:00,SHORT,1.3939848327293272,1.380044984402034,1.4079246810566204,1.0,1.0,WIN,1,-0.33640997006664375,True,-0.9910055043782232,1.0492749115547826,0.001,SYNTHETIC,2
2026-06-10 20:00:00,SHORT,1.3938320896950036,1.3798937687980535,1.4077704105919537,1.0,1.0,WIN,1,-0.41045356794075744,True,-1.0,0.4837280045619286,0.001,SYNTHETIC,2
2026-06-10 21:00:00,SHORT,1.3929773574746156,1.3790475838998695,1.4069071310493617,1.0,1.0,LOSS,1,-0.12132787512342919,True,-0.8506498519863399,1.7385626885433387,0.001,SYNTHETIC,4
2026-06-10 22:00:00,SHORT,1.392105983097233,1.3781849232662609,1.4060270429282054,1.0,1.0,WIN,1,-0.5075866138614804,True,-1.0,2.5964448269215796,0.001,SYNTHETIC,1
2026-06-10 23:00:00,SHORT,1.3921262305787414,1.378204968272954,1.4060474928845288,1.0,1.0,WIN,1,-0.9279904162088048,True,-0.8940828129871629,-0.3805703317590743,0.001,SYNTHETIC,0
2026-06-11 00:00:00,SHORT,1.3918367564872955,1.3779183889224227,1.4057551240521684,1.0,1.0,WIN,1,-0.5156933436376779,True,-0.9764082166568224,-0.6822391796719467,0.001,SYNTHETIC,1
2026-06-11 01:00:00,SHORT,1.3912428232234064,1.3773303949911724,1.4051552514556405,1.0,1.0,WIN,1,-0.23402583057808157,True,-1.0,1.6636013270488266,0.001,SYNTHETIC,3
2026-06-11 02:00:00,SHORT,1.3912676950982417,1.3773550181472591,1.4051803720492242,1.0,1.0,WIN,1,-0.1542115807827967,True,-0.5940440468434497,-0.1837576294658676,0.001,SYNTHETIC,4
2026-06-11 04:00:00,LONG,1.3931162415130542,1.3791850790979236,1.4070474039281848,1.0,1.0,WIN,1,-0.33250605026684565,False,0.33312343621421847,1.034994968236879,0.001,SYNTHETIC,2
2026-06-11 05:00:00,LONG,1.3941627365815548,1.3802211092157393,1.4081043639473703,1.0,1.0,WIN,1,0.17379659565461236,True,0.9632033642515783,1.7871351665379636,0.001,SYNTHETIC,6
2026-06-11 06:00:00,LONG,1.3920103592977908,1.378090255704813,1.4059304628907687,1.0,1.0,WIN,1,0.47110397731742404,True,0.6558646375240272,1.5324925761982404,0.001,SYNTHETIC,7
2026-06-11 07:00:00,LONG,1.3924933947967637,1.378568460848796,1.4064183287447314,1.0,1.0,LOSS,1,-0.2094106396147361,False,0.5802730120150953,-0.2206566422640892,0.001,SYNTHETIC,3
2026-06-11 08:00:00,SHORT,1.3916260744296063,1.3777098136853103,1.4055423351739023,1.0,1.0,WIN,1,-0.4400816761763832,True,-0.6892164034986652,-0.45257481719049475,0.001,SYNTHETIC,2
2026-06-11 09:00:00,SHORT,1.3893579381029326,1.3754643587219033,1.403251517483962,1.0,1.0,WIN,1,-0.4884733463070734,True,-1.0,0.5477019116628092,0.001,SYNTHETIC,1
2026-06-11 10:00:00,SHORT,1.3885798021623215,1.3746940041406983,1.4024656001839446,1.0,1.0,WIN,1,-0.15501885324798165,True,-1.0,1.5169359054963427,0.001,SYNTHETIC,4
2026-06-11 11:00:00,SHORT,1.3897107050746587,1.3758135980239121,1.4036078121254052,1.0,1.0,WIN,1,-0.3156528346608376,True,-1.0,-1.1656019523788044,0.001,SYNTHETIC,3
2026-06-11 12:00:00,SHORT,1.3900058619462043,1.3761058033267424,1.4039059205656663,1.0,1.0,LOSS,1,-0.05298501953925899,True,-0.6836567787728963,0.8344172712481783,0.001,SYNTHETIC,4
2026-06-11 17:00:00,SHORT,1.3890053120691244,1.375115258948433,1.4028953651898157,1.0,1.0,WIN,1,-0.1290804475400779,True,-0.612629400235879,0.7455486085739579,0.001,SYNTHETIC,4
2026-06-11 18:00:00,SHORT,1.3874312758310816,1.3735569630727709,1.4013055885893924,1.0,1.0,LOSS,1,-0.7081766656767673,True,-1.0,0.9677636795980924,0.001,SYNTHETIC,0
2026-06-11 19:00:00,SHORT,1.3867718084018716,1.3729040903178529,1.4006395264858904,1.0,1.0,WIN,1,-0.6182000939085449,True,-1.0,1.154446968027474,0.001,SYNTHETIC,1
2026-06-11 20:00:00,SHORT,1.3864307056653966,1.3725663986087426,1.4002950127220506,1.0,1.0,WIN,1,-0.4932526285439455,True,-1.0,1.9156359849232747,0.001,SYNTHETIC,1
2026-06-11 21:00:00,SHORT,1.3860439349933127,1.3721834956433796,1.3999043743432458,1.0,1.0,WIN,1,-0.0076062660256161485,True,-1.0,-0.21813847180039714,0.001,SYNTHETIC,4
2026-06-11 22:00:00,SHORT,1.3842644501875918,1.3704218056857158,1.3981070946894678,1.0,1.0,WIN,1,-0.3028598276170308,True,-1.0,0.924081817833599,0.001,SYNTHETIC,3
2026-06-11 23:00:00,SHORT,1.3835056932320338,1.3696706362997133,1.3973407501643542,1.0,1.0,WIN,1,-0.7318560273803327,True,-1.0,0.044694692115017975,0.001,SYNTHETIC,0
2026-06-12 00:00:00,SHORT,1.3836152349453779,1.369779082595924,1.3974513872948318,1.0,1.0,WIN,1,-0.432161640589906,True,-0.9554318755195479,1.3648031673253458,0.001,SYNTHETIC,2
2026-06-12 01:00:00,SHORT,1.3845194587332907,1.3706742641459577,1.3983646533206238,1.0,1.0,LOSS,1,0.22663843030439523,False,-0.5375101956887123,1.5825774713113956,0.001,SYNTHETIC,6
2026-06-12 02:00:00,SHORT,1.3855984849646015,1.3717425001149555,1.3994544698142475,1.0,1.0,WIN,1,-0.04893076030277016,True,-0.4669691176629051,0.10421246226902628,0.001,SYNTHETIC,4
2026-06-12 03:00:00,LONG,1.3862511334495764,1.3723886221150807,1.400113644784072,1.0,1.0,LOSS,1,-0.0753775710623607,False,0.8081962735747147,-0.13730125592130293,0.001,SYNTHETIC,4
2026-06-12 04:00:00,LONG,1.3849346716768671,1.3710853249600985,1.3987840183936358,1.0,1.0,LOSS,1,-0.017526415412700003,False,0.5140908263572587,1.1242204406422955,0.001,SYNTHETIC,4
2026-06-12 05:00:00,SHORT,1.3827479922715904,1.3689205123488746,1.3965754721943062,1.0,1.0,WIN,1,-0.5116349916905139,True,-0.42810868187915563,2.6525696253005355,0.001,SYNTHETIC,1
2026-06-12 06:00:00,SHORT,1.3824153710905922,1.3685912173796864,1.396239524801498,1.0,1.0,WIN,1,-0.06716281327783646,True,-0.9987635217716538,-0.9158752958353907,0.001,SYNTHETIC,4
2026-06-12 07:00:00,SHORT,1.383478307594574,1.3696435245186283,1.3973130906705198,1.0,1.0,WIN,1,-0.05258126792620865,True,-0.8589312773706107,0.006091470116063147,0.001,SYNTHETIC,4
2026-06-12 08:00:00,SHORT,1.3851428805133383,1.3712914517082049,1.3989943093184718,1.0,1.0,WIN,1,-0.4318752100365344,True,-0.4887282334016999,0.6327416095269585,0.001,SYNTHETIC,2
2026-06-12 10:00:00,LONG,1.3858602670333602,1.3720016643630266,1.3997188697036937,1.0,1.0,LOSS,1,0.5134075347986851,True,1.0,-0.7859586697264446,0.001,SYNTHETIC,8
2026-06-12 11:00:00,LONG,1.3858376760758226,1.3719792993150643,1.399696052836581,1.0,1.0,WIN,1,0.522400713828038,True,1.0,0.6495259425852153,0.001,SYNTHETIC,8
2026-06-12 12:00:00,LONG,1.3854772927411767,1.3716225198137648,1.3993320656685886,1.0,1.0,WIN,1,0.16779191689120587,True,0.9129793913762101,1.1066061478835818,0.001,SYNTHETIC,6
2026-06-12 14:00:00,LONG,1.3870186404681515,1.37314845406347,1.400888826872833,1.0,1.0,WIN,1,-0.10983974105442318,False,0.6524824798030792,0.791863276150484,0.001,SYNTHETIC,4
2026-06-12 16:00:00,LONG,1.3871155968862112,1.3732444409173492,1.4009867528550732,1.0,1.0,WIN,1,-0.23448888894493436,False,0.5872205298091389,0.2924307937460373,0.001,SYNTHETIC,3
2026-06-12 17:00:00,LONG,1.386471422229682,1.3726067080073852,1.4003361364519786,1.0,1.0,WIN,1,-0.18469493012048765,False,0.6934737928946733,0.1701478920210706,0.001,SYNTHETIC,3
2026-06-12 18:00:00,LONG,1.38851065636368,1.3746255498000433,1.4023957629273167,1.0,1.0,WIN,1,0.6305118363535791,True,1.0,2.1250899095794193,0.001,SYNTHETIC,8
2026-06-12 20:00:00,LONG,1.3872445822349717,1.373372136412622,1.4011170280573215,1.0,1.0,WIN,1,0.17377953333002,True,0.6481380415407639,1.1002318637306412,0.001,SYNTHETIC,6
2026-06-12 21:00:00,SHORT,1.387005208382922,1.3731351562990928,1.4008752604667514,1.0,1.0,LOSS,1,-0.19760605992903685,True,-0.4331158365196434,1.79318665327723,0.001,SYNTHETIC,3
2026-06-12 22:00:00,SHORT,1.3846223225859404,1.370776099360081,1.3984685458117998,1.0,1.0,LOSS,1,-0.2655431076256529,True,-0.936266713171408,0.2719004475318072,0.001,SYNTHETIC,3
2026-06-12 23:00:00,SHORT,1.3855334421864927,1.3716781077646276,1.3993887766083577,1.0,1.0,WIN,1,-0.5663246353846623,True,-1.0,2.336228269887622,0.001,SYNTHETIC,1
2026-06-13 00:00:00,SHORT,1.3866330457037837,1.3727667152467458,1.4004993761608215,1.0,1.0,WIN,1,0.3654104615592215,False,-0.3366821552494332,1.0000303584833738,0.001,SYNTHETIC,7
2026-06-13 01:00:00,SHORT,1.384418676390254,1.3705744896263514,1.3982628631541565,1.0,1.0,WIN,1,-0.4976185787983822,True,-0.9949737644008189,3.1864845029168234,0.001,SYNTHETIC,1
2026-06-13 02:00:00,SHORT,1.383347689446384,1.3695142125519202,1.397181166340848,1.0,1.0,WIN,1,-0.14276158752237728,True,-1.0,-0.7182066133492521,0.001,SYNTHETIC,4
2026-06-13 03:00:00,SHORT,1.3829931253782262,1.369163194124444,1.3968230566320083,1.0,1.0,WIN,1,-0.285472850098052,True,-0.7380791684160001,1.4986000801146477,0.001,SYNTHETIC,3
2026-06-13 04:00:00,SHORT,1.3819725439721855,1.3681528185324636,1.3957922694119074,1.0,1.0,WIN,1,0.19964913388138866,False,-0.8794275870416214,0.999303162755873,0.001,SYNTHETIC,6
2026-06-13 05:00:00,SHORT,1.3829753924964452,1.3691456385714806,1.3968051464214097,1.0,1.0,WIN,1,-0.18249094882274347,True,-1.0,-0.3105303956853276,0.001,SYNTHETIC,3
2026-06-13 07:00:00,LONG,1.3849282661573712,1.3710789834957975,1.398777548818945,1.0,1.0,WIN,1,0.3833853269746031,True,0.38947222380471763,1.6506155851746542,0.001,SYNTHETIC,7
2026-06-13 08:00:00,LONG,1.3865203806524236,1.3726551768458992,1.400385584458948,1.0,1.0,WIN,1,0.42175524334072045,True,1.0,-0.9265901185440669,0.001,SYNTHETIC,7
2026-06-13 09:00:00,LONG,1.386483608549615,1.3726187724641188,1.4003484446351113,1.0,1.0,WIN,1,0.41873004849346473,True,1.0,0.3136682637174032,0.001,SYNTHETIC,7
2026-06-13 10:00:00,LONG,1.3858912814503208,1.3720323686358176,1.399750194264824,1.0,1.0,WIN,1,0.1089767515893244,True,1.0,0.9467663213669218,0.001,SYNTHETIC,5
2026-06-13 13:00:00,SHORT,1.3829709919470534,1.3691412820275828,1.396800701866524,1.0,1.0,WIN,1,-0.8612094113835738,True,-1.0,2.5611047380357794,0.001,SYNTHETIC,0
2026-06-13 14:00:00,SHORT,1.3834689039120336,1.3696342148729133,1.397303592951154,1.0,1.0,WIN,1,-0.6610373596447552,True,-0.9287790916193271,1.9371878927985653,0.001,SYNTHETIC,1
2026-06-13 15:00:00,SHORT,1.3838524896600806,1.3700139647634797,1.3976910145566814,1.0,1.0,WIN,1,-0.30738935481573443,True,-0.5585475034560072,-0.23717025591639374,0.001,SYNTHETIC,3
2026-06-13 16:00:00,SHORT,1.3835859648374498,1.3697501051890753,1.3974218244858243,1.0,1.0,WIN,1,-0.19840876133309088,True,-0.3605719458146395,0.9309606667603333,0.001,SYNTHETIC,3
2026-06-13 19:00:00,LONG,1.3848857094699447,1.3710368523752452,1.3987345665646442,1.0,1.0,WIN,1,0.4127145201835596,True,0.5582032201693168,0.14731997155891954,0.001,SYNTHETIC,7
2026-06-13 20:00:00,LONG,1.3861159251784574,1.3722547659266728,1.399977084430242,1.0,1.0,WIN,1,0.7189314414767922,True,0.7524316182655493,1.1382617635500991,0.001,SYNTHETIC,9
2026-06-13 21:00:00,LONG,1.3870131597757076,1.3731430281779504,1.4008832913734648,1.0,1.0,WIN,1,0.87998970319445,True,1.0,1.2402781758987287,0.001,SYNTHETIC,9
2026-06-13 22:00:00,LONG,1.3871479863180451,1.3732765064548647,1.4010194661812256,1.0,1.0,WIN,1,0.419746459808948,True,1.0,1.4107842812075138,0.001,SYNTHETIC,7
2026-06-13 23:00:00,LONG,1.3872770669966012,1.3734042963266353,1.4011498376665672,1.0,1.0,WIN,1,0.6834030286708894,True,1.0,0.9060209843774741,0.001,SYNTHETIC,9
2026-06-14 00:00:00,LONG,1.3883504974260081,1.374466992451748,1.4022340024002682,1.0,1.0,WIN,1,0.1561599133576434,True,1.0,0.6529935050000368,0.001,SYNTHETIC,5
2026-06-14 01:00:00,LONG,1.38685336244334,1.3729848288189064,1.4007218960677734,1.0,1.0,WIN,1,-0.0616207938244073,False,0.3097880395145836,0.6686412367749196,0.001,SYNTHETIC,4
2026-06-14 03:00:00,SHORT,1.3857479208191543,1.3718904416109627,1.399605400027346,1.0,1.0,WIN,1,-0.3061680794304448,True,-0.5848893456050991,0.873398144525549,0.001,SYNTHETIC,3
2026-06-14 04:00:00,SHORT,1.386188162898452,1.3723262812694674,1.4000500445274366,1.0,1.0,WIN,1,-0.5528962463560139,True,-0.590260926896061,0.5151025229449709,0.001,SYNTHETIC,1
2026-06-14 05:00:00,SHORT,1.3869465228385771,1.3730770576101914,1.4008159880669628,1.0,1.0,WIN,1,-0.7565525525873174,True,-0.6006889698917579,-1.1190054883752922,0.001,SYNTHETIC,0
2026-06-14 07:00:00,SHORT,1.3835510557788595,1.369715545221071,1.397386566336648,1.0,1.0,LOSS,1,-1.0,True,-1.0,-0.5899435269209974,0.001,SYNTHETIC,0
2026-06-14 08:00:00,SHORT,1.3828766808984236,1.3690479140894394,1.396705447707408,1.0,1.0,WIN,1,-0.10184206890615738,True,-1.0,-0.5103601180226954,0.001,SYNTHETIC,4
2026-06-14 09:00:00,SHORT,1.384186511638326,1.3703446465219429,1.3980283767547093,1.0,1.0,WIN,1,-0.5635852070194353,True,-0.7926565772929063,0.8550601161588177,0.001,SYNTHETIC,1
2026-06-14 10:00:00,SHORT,1.3856525845721432,1.3717960587264217,1.3995091104178647,1.0,1.0,WIN,1,-0.20440517790856133,True,-1.0,1.3414851574762987,0.001,SYNTHETIC,3
2026-06-14 11:00:00,SHORT,1.3851604550420582,1.3713088504916375,1.3990120595924789,1.0,1.0,WIN,1,-0.46868446643352357,True,-0.6421284388460641,-0.7536718544704826,0.001,SYNTHETIC,2
2026-06-14 12:00:00,LONG,1.3854221302152891,1.3715679089131363,1.399276351517442,1.0,1.0,WIN,1,-0.195258295206565,False,0.3264461051572304,1.073696301447521,0.001,SYNTHETIC,3
2026-06-14 15:00:00,SHORT,1.3825374346584418,1.3687120603118574,1.3963628090050262,1.0,1.0,WIN,1,0.1231958006759975,False,-0.8857539701953828,-0.29368245884176036,0.001,SYNTHETIC,5
2026-06-14 17:00:00,LONG,1.3858612382767062,1.372002625893939,1.3997198506594732,1.0,1.0,WIN,1,0.019747019757778067,True,0.3064522192554158,-0.8254083893708339,0.001,SYNTHETIC,5
2026-06-14 18:00:00,LONG,1.3843092246191109,1.3704661323729197,1.398152316865302,1.0,1.0,WIN,1,0.6142544185934091,True,0.6256343318553529,-0.6880515201324061,0.001,SYNTHETIC,8
2026-06-14 20:00:00,LONG,1.3830262813858587,1.369196018572,1.3968565441997174,1.0,1.0,WIN,1,0.269429817305035,True,0.4468014027012791,2.594261242314169,0.001,SYNTHETIC,6
2026-06-14 21:00:00,SHORT,1.383399104446338,1.3695651134018747,1.3972330954908014,1.0,1.0,WIN,1,0.668393376448337,False,-0.6643741609882126,-0.4573770076909538,0.001,SYNTHETIC,9
2026-06-14 22:00:00,SHORT,1.3847663173462836,1.3709186541728209,1.3986139805197464,1.0,1.0,WIN,1,-0.2918036848654633,True,-0.4152708943387159,0.81489282876068,0.001,SYNTHETIC,3
2026-06-15 01:00:00,LONG,1.38552269062455,1.3716674637183044,1.3993779175307954,1.0,1.0,WIN,1,0.311449174432861,True,0.7877420424812581,4.392165214371314,0.001,SYNTHETIC,6
2026-06-15 02:00:00,LONG,1.3854834190505438,1.3716285848600385,1.3993382532410492,1.0,1.0,WIN,1,0.9151812512626876,True,0.9190974992303846,0.24786159552385534,0.001,SYNTHETIC,9
2026-06-15 03:00:00,LONG,1.3861102498441824,1.3722491473457405,1.3999713523426243,1.0,1.0,WIN,1,0.3236595647997944,True,0.759125446887597,2.0329456605676874,0.001,SYNTHETIC,7
2026-06-15 04:00:00,LONG,1.385354242039147,1.3715006996187555,1.3992077844595383,1.0,1.0,WIN,1,0.6664449730268558,True,0.3932586870340289,3.0594975427342765,0.001,SYNTHETIC,8
2026-06-15 05:00:00,LONG,1.3855250391483707,1.371669788756887,1.3993802895398544,1.0,1.0,WIN,1,0.5775581668814327,True,0.8944612645359906,1.640727633745941,0.001,SYNTHETIC,8
2026-06-15 07:00:00,SHORT,1.3838469070706616,1.3700084379999549,1.3976853761413683,1.0,1.0,WIN,1,-0.24460878534748542,True,-0.7215187466710534,-0.8050671160409055,0.001,SYNTHETIC,3
2026-06-15 09:00:00,LONG,1.3866954344611104,1.3728284801164994,1.4005623888057215,1.0,1.0,WIN,1,0.585502810937736,True,0.719379261211827,-0.10332753388897775,0.001,SYNTHETIC,8
2026-06-15 10:00:00,LONG,1.3863895393433343,1.372525643949901,1.4002534347367677,1.0,1.0,WIN,1,0.014560217321410746,True,0.36914552389426875,2.861459690706581,0.001,SYNTHETIC,5
2026-06-15 12:00:00,LONG,1.3854508682628535,1.371596359580225,1.399305376945482,1.0,1.0,WIN,1,0.4774304433647878,True,0.7451326950308188,-0.3073258781606225,0.001,SYNTHETIC,8
2026-06-15 14:00:00,SHORT,1.3857420062087693,1.3718845861466815,1.399599426270857,1.0,1.0,WIN,1,-0.7473256520988938,True,-0.5701993690375995,1.7604948536481437,0.001,SYNTHETIC,0
2026-06-15 15:00:00,SHORT,1.3856382144073323,1.371781832263259,1.3994945965514056,1.0,1.0,WIN,1,-0.7590795523798545,True,-0.30064773309569265,-0.6026390215092904,0.001,SYNTHETIC,0
2026-06-15 16:00:00,LONG,1.3864827315397574,1.3726179042243598,1.400347558855155,1.0,1.0,WIN,1,0.13946057756146063,True,0.437167456860089,0.38140067691093504,0.001,SYNTHETIC,5
2026-06-15 17:00:00,LONG,1.3877855671639354,1.373907711492296,1.4016634228355749,1.0,1.0,WIN,1,0.7799308485941915,True,0.9413534488921362,2.284007185474102,0.001,SYNTHETIC,9
2026-06-15 18:00:00,LONG,1.38807952779002,1.3741987325121197,1.4019603230679203,1.0,1.0,WIN,1,0.5154128257040543,True,1.0,-0.08983685735172575,0.001,SYNTHETIC,8
2026-06-15 19:00:00,LONG,1.386974673071986,1.3731049263412662,1.400844419802706,1.0,1.0,WIN,1,-0.09349601129044838,False,0.5146058855081302,1.9448126262136378,0.001,SYNTHETIC,4
2026-06-15 20:00:00,LONG,1.3887259400408631,1.3748386806404544,1.4026131994412718,1.0,1.0,WIN,1,0.5237280490599164,True,1.0,-0.5776924180872951,0.001,SYNTHETIC,8
2026-06-15 21:00:00,LONG,1.3897976625308353,1.3758996859055268,1.4036956391561437,1.0,1.0,WIN,1,-0.019891963864947626,False,1.0,-0.07955918571204575,0.001,SYNTHETIC,4
2026-06-15 22:00:00,LONG,1.393504574339187,1.3795695285957952,1.4074396200825787,1.0,1.0,WIN,1,0.6886751182622526,True,1.0,0.7174700957519363,0.001,SYNTHETIC,9
2026-06-15 23:00:00,LONG,1.3919704399290658,1.378050735529775,1.4058901443283565,1.0,1.0,WIN,1,0.4072675950640725,True,1.0,0.26906757276754045,0.001,SYNTHETIC,7
2026-06-16 00:00:00,LONG,1.3922831801815498,1.3783603483797344,1.4062060119833653,1.0,1.0,WIN,1,0.475390250136371,True,1.0,1.2153829391748956,0.001,SYNTHETIC,8
2026-06-16 01:00:00,LONG,1.3894789343230727,1.375584144979842,1.4033737236663033,1.0,1.0,WIN,1,0.42001788765931336,True,0.5837244930119414,1.9845070550645523,0.001,SYNTHETIC,7
2026-06-16 03:00:00,SHORT,1.3898221439457972,1.375923922506339,1.4037203653852552,1.0,1.0,WIN,1,-0.6623778721193334,True,-1.0,0.5614145372132788,0.001,SYNTHETIC,1
2026-06-16 05:00:00,SHORT,1.3900330700879426,1.3761327393870633,1.403933400788822,1.0,1.0,LOSS,1,-0.10544889531636936,True,-0.6890573294161707,0.06775507185946372,0.001,SYNTHETIC,4
2026-06-16 06:00:00,SHORT,1.388040769126315,1.374160361435052,1.401921176817578,1.0,1.0,WIN,1,-0.7861819248487381,True,-0.5077933343629173,-0.5913862419464302,0.001,SYNTHETIC,0
2026-06-16 07:00:00,SHORT,1.387430887734355,1.3735565788570114,1.4013051966116987,1.0,1.0,WIN,1,-0.5591623247187302,True,-0.9801790465539012,2.757665261222403,0.001,SYNTHETIC,1
2026-06-16 08:00:00,SHORT,1.3856982211014952,1.3718412388904802,1.3995552033125103,1.0,1.0,WIN,1,-0.8240860381088831,True,-1.0,-0.441824288242459,0.001,SYNTHETIC,0
2026-06-16 09:00:00,SHORT,1.3857375791113329,1.3718802033202195,1.3995949549024462,1.0,1.0,WIN,1,-0.8804174297586267,True,-1.0,3.1069586558289832,0.001,SYNTHETIC,0
2026-06-16 10:00:00,SHORT,1.3836882466073765,1.3698513641413028,1.3975251290734503,1.0,1.0,WIN,1,-0.3394599129465143,True,-1.0,-0.1251157653106827,0.001,SYNTHETIC,2
2026-06-16 11:00:00,SHORT,1.3838957679416828,1.370056810262266,1.3977347256210997,1.0,1.0,WIN,1,-0.6257783841995721,True,-1.0,0.752637903764492,0.001,SYNTHETIC,1
2026-06-16 12:00:00,SHORT,1.3813998427725969,1.367585844344871,1.3952138412003228,1.0,1.0,WIN,1,-0.542831494683923,True,-1.0,0.2727042643130423,0.001,SYNTHETIC,1
2026-06-16 13:00:00,SHORT,1.3806511069645635,1.3668445958949178,1.3944576180342092,1.0,1.0,WIN,1,-0.700905480133118,True,-1.0,-0.12419183479029455,0.001,SYNTHETIC,0
2026-06-16 14:00:00,SHORT,1.3825282200370115,1.3687029378366413,1.3963535022373816,1.0,1.0,WIN,1,-0.3889473641540517,True,-1.0,2.689183047897181,0.001,SYNTHETIC,2
2026-06-16 15:00:00,SHORT,1.3827693716087297,1.3689416778926424,1.396597065324817,1.0,1.0,WIN,1,-0.014618917293392153,True,-0.43624596577820324,-0.9937265598964125,0.001,SYNTHETIC,4
2026-06-16 16:00:00,SHORT,1.3815738722558455,1.3677581335332871,1.3953896109784039,1.0,1.0,WIN,1,0.22819033765996655,False,-0.8457722424658618,1.114616649055939,0.001,SYNTHETIC,6
2026-06-16 20:00:00,SHORT,1.3809410429633835,1.3671316325337497,1.3947504533930173,1.0,1.0,LOSS,1,-0.24588202358550304,True,-1.0,0.673482810803563,0.001,SYNTHETIC,3
2026-06-16 21:00:00,SHORT,1.380476575525686,1.3666718097704291,1.394281341280943,1.0,1.0,WIN,1,-0.4403120709687125,True,-0.4170370278592401,2.5530889878444203,0.001,SYNTHETIC,2
2026-06-16 22:00:00,SHORT,1.3774932410478071,1.363718308637329,1.3912681734582852,1.0,1.0,LOSS,1,-0.9446382798364941,True,-1.0,0.741780331179504,0.001,SYNTHETIC,0
2026-06-16 23:00:00,SHORT,1.3762540238111247,1.3624914835730135,1.390016564049236,1.0,1.0,WIN,1,-0.725545305886421,True,-1.0,0.7620131011765261,0.001,SYNTHETIC,0
2026-06-17 00:00:00,SHORT,1.3757556659843995,1.3619981093245555,1.3895132226442435,1.0,1.0,WIN,1,-0.6600097753247943,True,-1.0,2.0750271789808696,0.001,SYNTHETIC,1
2026-06-17 01:00:00,SHORT,1.3772147979674791,1.3634426499878043,1.390986945947154,1.0,1.0,WIN,1,-0.8248008643893969,True,-1.0,0.08891225656172647,0.001,SYNTHETIC,0
2026-06-17 02:00:00,SHORT,1.3763046574914994,1.3625416109165844,1.3900677040664144,1.0,1.0,WIN,1,-0.43475704576506874,True,-1.0,1.1027293736190074,0.001,SYNTHETIC,2
2026-06-17 03:00:00,SHORT,1.3754279227360473,1.361673643508687,1.3891822019634077,1.0,1.0,WIN,1,-0.523706684362016,True,-1.0,1.0381176158388603,0.001,SYNTHETIC,1
2026-06-17 04:00:00,SHORT,1.3731664875995437,1.3594348227235482,1.3868981524755393,1.0,1.0,WIN,1,-0.2630884277543609,True,-1.0,1.1176870591542167,0.001,SYNTHETIC,3
2026-06-17 05:00:00,SHORT,1.3733121204201681,1.3595789992159664,1.38704524162437,1.0,1.0,WIN,1,-0.6231934716216705,True,-0.9788710422879875,0.9402501112819364,0.001,SYNTHETIC,1
2026-06-17 06:00:00,SHORT,1.373324347703015,1.359591104225985,1.3870575911800451,1.0,1.0,WIN,1,-0.33258056942944947,True,-1.0,2.0142267561902543,0.001,SYNTHETIC,2
2026-06-17 07:00:00,SHORT,1.3726433888589742,1.3589169549703843,1.386369822747564,1.0,1.0,WIN,1,-0.6476812382070998,True,-1.0,-0.2660466411984509,0.001,SYNTHETIC,1
2026-06-17 08:00:00,SHORT,1.3723038465077586,1.358580808042681,1.386026884972836,1.0,1.0,WIN,1,-0.8388837085426208,True,-1.0,1.1611985101225624,0.001,SYNTHETIC,0
2026-06-17 09:00:00,SHORT,1.3727756584571793,1.3590479018726076,1.386503415041751,1.0,1.0,WIN,1,-0.3594612717676171,True,-0.3931110623876745,1.3641290088712155,0.001,SYNTHETIC,2
2026-06-17 10:00:00,SHORT,1.371784266221117,1.358066423558906,1.3855021088833281,1.0,1.0,WIN,1,-0.8453893900597984,True,-0.7198184666894186,1.2912048169170287,0.001,SYNTHETIC,0
2026-06-17 11:00:00,SHORT,1.3716430723313566,1.357926641608043,1.3853595030546701,1.0,1.0,WIN,1,0.1741157653837152,False,-0.7246978532223567,0.5238862359023064,0.001,SYNTHETIC,6
2026-06-17 12:00:00,LONG,1.3738248263054613,1.3600865780424067,1.387563074568516,1.0,1.0,WIN,1,0.30483004092531374,True,0.5241602331790262,1.8084654482588913,0.001,SYNTHETIC,6
2026-06-17 14:00:00,SHORT,1.3697625368804835,1.3560649115116787,1.3834601622492884,1.0,1.0,WIN,1,-0.6132932486846181,True,-1.0,-1.6592663429269634,0.001,SYNTHETIC,1
2026-06-17 15:00:00,SHORT,1.3711122974628345,1.3574011744882062,1.3848234204374628,1.0,1.0,WIN,1,-0.9726936186716536,True,-0.47510884739926545,0.04125438867778275,0.001,SYNTHETIC,0
2026-06-17 16:00:00,SHORT,1.36928915328758,1.3555962617547042,1.3829820448204557,1.0,1.0,WIN,1,0.05824754688870987,False,-0.7441168412656707,0.64665297344609,0.001,SYNTHETIC,5
2026-06-17 17:00:00,SHORT,1.3699329469404833,1.3562336174710785,1.383632276409888,1.0,1.0,WIN,1,-0.09903558673572993,True,-1.0,-0.09010110150972853,0.001,SYNTHETIC,4
2026-06-17 18:00:00,SHORT,1.3682925463779856,1.3546096209142058,1.3819754718417654,1.0,1.0,WIN,1,-0.46773742875197105,True,-1.0,1.0446213796820474,0.001,SYNTHETIC,2
2026-06-17 19:00:00,SHORT,1.3677264090481382,1.3540491449576568,1.3814036731386197,1.0,1.0,WIN,1,-0.3337280041046762,True,-0.8591333858473962,-0.047384643786366476,0.001,SYNTHETIC,2
2026-06-17 20:00:00,SHORT,1.369831485696139,1.3561331708391777,1.3835298005531005,1.0,1.0,WIN,1,-0.6258520996488072,True,-0.4910981331422181,-1.3122734082701544,0.001,SYNTHETIC,1
2026-06-17 22:00:00,LONG,1.371496278955074,1.3577813161655232,1.3852112417446247,1.0,1.0,WIN,1,-0.15155257569253489,False,0.7152725381275695,2.60060664153257,0.001,SYNTHETIC,4
2026-06-17 23:00:00,LONG,1.3695972664710774,1.3559012938063666,1.3832932391357882,1.0,1.0,WIN,1,0.16437078994674348,True,0.4253824313576415,3.2119478155598467,0.001,SYNTHETIC,6
2026-06-18 01:00:00,SHORT,1.3642156278398856,1.3505734715614868,1.3778577841182844,1.0,1.0,WIN,1,-0.6149643886107036,True,-1.0,1.9385085274187226,0.001,SYNTHETIC,1
2026-06-18 02:00:00,SHORT,1.3635800705995165,1.3499442698935213,1.3772158713055116,1.0,1.0,LOSS,1,-0.39569125094671487,True,-1.0,2.7350875892786837,0.001,SYNTHETIC,2
2026-06-18 03:00:00,SHORT,1.3643526060115791,1.3507090799514634,1.377996132071695,1.0,1.0,WIN,1,-0.2063498315319302,True,-1.0,-0.6254400395131616,0.001,SYNTHETIC,3
2026-06-18 04:00:00,SHORT,1.3654724946274286,1.3518177696811542,1.379127219573703,1.0,1.0,WIN,1,-0.9872302033934115,True,-1.0,1.10868851191043,0.001,SYNTHETIC,0
2026-06-18 05:00:00,SHORT,1.3645592138713873,1.3509136217326734,1.3782048060101013,1.0,1.0,WIN,1,0.0536696276137828,False,-1.0,-0.5838715455760763,0.001,SYNTHETIC,5
2026-06-18 08:00:00,SHORT,1.363413716973301,1.3497795798035679,1.377047854143034,1.0,1.0,LOSS,1,0.07945549783242745,False,-0.39554572265678867,2.2891541967910674,0.001,SYNTHETIC,5
2026-06-18 10:00:00,SHORT,1.3628982021332485,1.349269220111916,1.376527184154581,1.0,1.0,LOSS,1,-0.36977205152383963,True,-0.9151280350015666,3.142403821879633,0.001,SYNTHETIC,2
2026-06-18 11:00:00,SHORT,1.3624013919534035,1.3487773780338694,1.3760254058729375,1.0,1.0,WIN,1,0.04321936737708221,False,-0.7705280369813772,0.5508220816029323,0.001,SYNTHETIC,5
2026-06-18 13:00:00,SHORT,1.3626678809705255,1.3490412021608202,1.3762945597802307,1.0,1.0,WIN,1,-0.021334641975749025,True,-0.3197560070687371,-0.2870998394802988,0.001,SYNTHETIC,4
2026-06-18 14:00:00,SHORT,1.3634371139419172,1.3498027428024981,1.3770714850813364,1.0,1.0,LOSS,1,0.22139899770915603,False,-0.3501876853317238,1.410555356084379,0.001,SYNTHETIC,6
2026-06-18 15:00:00,LONG,1.366446563241144,1.3527820976087326,1.3801110288735554,1.0,1.0,LOSS,1,-0.30735992681776325,False,1.0,2.1315488683729362,0.001,SYNTHETIC,3
2026-06-18 16:00:00,LONG,1.3659417577450244,1.352282340167574,1.3796011753224746,1.0,1.0,WIN,1,0.6313890037922473,True,1.0,2.464583632527089,0.001,SYNTHETIC,8
2026-06-18 17:00:00,LONG,1.366163774859729,1.3525021371111317,1.3798254126083265,1.0,1.0,WIN,1,0.7173814935330064,True,1.0,-1.824070724532524,0.001,SYNTHETIC,9
2026-06-18 18:00:00,LONG,1.3656157544259975,1.3519595968817375,1.3792719119702574,1.0,1.0,WIN,1,-0.012532409765332764,False,1.0,1.3137509796166007,0.001,SYNTHETIC,4
2026-06-18 19:00:00,LONG,1.365292800545872,1.3516398725404133,1.3789457285513307,1.0,1.0,WIN,1,0.5048611385360954,True,0.8406302254622405,0.46699604287823215,0.001,SYNTHETIC,8
2026-06-18 22:00:00,SHORT,1.364692220826855,1.3510452986185866,1.3783391430351235,1.0,1.0,WIN,1,-0.3931585002959471,True,-0.7293174227454438,1.7068814137727792,0.001,SYNTHETIC,2
2026-06-18 23:00:00,SHORT,1.3651003651694102,1.351449361517716,1.3787513688211044,1.0,1.0,WIN,1,-0.43520207240454084,True,-0.3026072433069058,3.8237285659548674,0.001,SYNTHETIC,2
2026-06-19 02:00:00,LONG,1.3681774060023115,1.3544956319422885,1.3818591800623345,1.0,1.0,WIN,1,0.3891362423226975,True,0.6162942082324453,0.7006904620427367,0.001,SYNTHETIC,7
2026-06-19 03:00:00,LONG,1.3667291021088976,1.3530618110878088,1.3803963931299865,1.0,1.0,LOSS,1,0.8789712299857083,True,0.9695138858809577,1.7730160854236245,0.001,SYNTHETIC,9
2026-06-19 04:00:00,LONG,1.3680805375223255,1.3543997321471022,1.3817613428975488,1.0,1.0,WIN,1,0.22499165168504565,True,1.0,-0.8704034548836588,0.001,SYNTHETIC,6
2026-06-19 05:00:00,LONG,1.3676390290325775,1.3539626387422516,1.3813154193229034,1.0,1.0,WIN,1,0.3420986083782506,True,0.6793676679728048,1.722801017755637,0.001,SYNTHETIC,7
2026-06-19 08:00:00,SHORT,1.3656164656816523,1.3519603010248358,1.3792726303384688,1.0,1.0,WIN,1,0.3517298594695815,False,-0.5901914058047114,0.13420553451177564,0.001,SYNTHETIC,7
2026-06-19 09:00:00,SHORT,1.3649764136239477,1.3513266494877083,1.3786261777601871,1.0,1.0,WIN,1,-0.3629672347789161,True,-1.0,-0.03333119695963127,0.001,SYNTHETIC,2
2026-06-19 10:00:00,SHORT,1.365056508471007,1.3514059433862968,1.378707073555717,1.0,1.0,WIN,1,-0.40592219701333815,True,-1.0,-0.6652602860807868,0.001,SYNTHETIC,2
2026-06-19 11:00:00,SHORT,1.364695925268408,1.351048966015724,1.378342884521092,1.0,1.0,LOSS,1,-0.18968592890693342,True,-0.693824258172743,0.051439959275913716,0.001,SYNTHETIC,3
2026-06-19 12:00:00,SHORT,1.3632257975215178,1.3495935395463026,1.3768580554967331,1.0,1.0,WIN,1,-0.3709221117252602,True,-1.0,1.1464221666689505,0.001,SYNTHETIC,2
2026-06-19 13:00:00,SHORT,1.3642421272648728,1.3505997059922241,1.3778845485375215,1.0,1.0,WIN,1,-0.7737301191085397,True,-0.4519721148259696,2.150545502766282,0.001,SYNTHETIC,0
2026-06-19 15:00:00,SHORT,1.3640127915344111,1.350372663619067,1.3776529194497553,1.0,1.0,WIN,1,-0.5957527907454533,True,-0.3128838664077198,-0.056052124457655506,0.001,SYNTHETIC,1
2026-06-19 16:00:00,SHORT,1.3619347533628334,1.348315405829205,1.3755541008964618,1.0,1.0,WIN,1,0.01977827980788449,False,-1.0,2.4558958071888406,0.001,SYNTHETIC,5
2026-06-19 17:00:00,SHORT,1.3620171693564171,1.348396997662853,1.3756373410499814,1.0,1.0,WIN,1,-0.15018104898426968,True,-0.6711713169818903,-0.02337295546856566,0.001,SYNTHETIC,4
2026-06-19 18:00:00,SHORT,1.3620235916599082,1.348403355743309,1.3756438275765073,1.0,1.0,WIN,1,-0.4457662945596585,True,-1.0,0.8362511160009047,0.001,SYNTHETIC,2
2026-06-19 19:00:00,SHORT,1.3610836359562304,1.347472799596668,1.3746944723157928,1.0,1.0,WIN,1,-0.5916454928229925,True,-1.0,0.7704798887455737,0.001,SYNTHETIC,1
2026-06-19 20:00:00,SHORT,1.3605520744926352,1.3469465537477088,1.3741575952375615,1.0,1.0,WIN,1,0.2815481653279893,False,-1.0,2.89968625027154,0.001,SYNTHETIC,6
2026-06-19 21:00:00,SHORT,1.3585311145196706,1.344945803374474,1.3721164256648672,1.0,1.0,WIN,1,-0.31865313194767214,True,-1.0,0.7346806061443469,0.001,SYNTHETIC,3
2026-06-19 22:00:00,SHORT,1.3575847057841182,1.344008858726277,1.3711605528419593,1.0,1.0,WIN,1,-0.4946935805244802,True,-1.0,0.697251250370294,0.001,SYNTHETIC,1
2026-06-19 23:00:00,SHORT,1.3574925973248047,1.3439176713515566,1.3710675232980527,1.0,1.0,WIN,1,-0.6605788113531019,True,-1.0,1.3571099000370481,0.001,SYNTHETIC,1
2026-06-20 00:00:00,SHORT,1.3575681114308153,1.3439924303165072,1.3711437925451235,1.0,1.0,WIN,1,-0.6965444806241257,True,-1.0,1.2707733092539755,0.001,SYNTHETIC,0
2026-06-20 01:00:00,SHORT,1.3574795927391696,1.3439047968117779,1.3710543886665614,1.0,1.0,WIN,1,-0.4848167458483357,True,-1.0,1.0663107951313113,0.001,SYNTHETIC,1
2026-06-20 03:00:00,SHORT,1.3561028469857916,1.3425418185159337,1.3696638754556496,1.0,1.0,WIN,1,-0.09887180243876775,True,-0.6055342336443831,0.877183474276745,0.001,SYNTHETIC,4
2026-06-20 06:00:00,LONG,1.358377614266957,1.3447938381242874,1.3719613904096266,1.0,1.0,WIN,1,0.5116372271663402,True,0.4337220255459085,0.4460980520821287,0.001,SYNTHETIC,8
2026-06-20 08:00:00,LONG,1.3587104261694083,1.345123321907714,1.3722975304311025,1.0,1.0,WIN,1,0.6740906689564932,True,1.0,0.46986099909200396,0.001,SYNTHETIC,9
2026-06-20 09:00:00,LONG,1.3581601197189792,1.3445785185217893,1.371741720916169,1.0,1.0,WIN,1,0.35014630546456704,True,0.3220742652130554,1.1320295843385157,0.001,SYNTHETIC,7
2026-06-20 13:00:00,SHORT,1.3580197154938534,1.3444395183389148,1.3715999126487919,1.0,1.0,WIN,1,0.047521972337832924,False,-0.3223001633737544,3.8363193265950715,0.001,SYNTHETIC,5
2026-06-20 14:00:00,LONG,1.3592935277303406,1.3457005924530372,1.372886463007644,1.0,1.0,WIN,1,0.42059425025801533,True,0.4070143938843363,0.23144046359976134,0.001,SYNTHETIC,7
2026-06-20 15:00:00,LONG,1.3578329641172489,1.3442546344760764,1.3714112937584213,1.0,1.0,LOSS,1,-0.5289136086364308,False,0.4358950376483834,0.11769560972577447,0.001,SYNTHETIC,1
2026-06-20 18:00:00,SHORT,1.3573744393047316,1.3438006949116843,1.3709481836977788,1.0,1.0,WIN,1,-0.13664191323873953,True,-0.31063530213860086,1.6074541259692525,0.001,SYNTHETIC,4
2026-06-20 19:00:00,SHORT,1.357386284496823,1.3438124216518548,1.3709601473417912,1.0,1.0,WIN,1,-0.21052301323832615,True,-0.8344276282794941,-0.1312087099902099,0.001,SYNTHETIC,3
2026-06-20 20:00:00,SHORT,1.3548115106937322,1.3412633955867947,1.3683596258006696,1.0,1.0,WIN,1,-0.47229003156644483,True,-1.0,0.42356906768603464,0.001,SYNTHETIC,2
2026-06-20 21:00:00,SHORT,1.3543653392665258,1.3408216858738606,1.367908992659191,1.0,1.0,LOSS,1,-0.1311854618590565,True,-1.0,1.337334821723462,0.001,SYNTHETIC,4
2026-06-20 22:00:00,SHORT,1.3561252561337644,1.342564003572427,1.369686508695102,1.0,1.0,WIN,1,-0.3617555007307875,True,-0.7919313345282214,0.8519783451686466,0.001,SYNTHETIC,2
2026-06-20 23:00:00,SHORT,1.3564531637799835,1.3428886321421836,1.3700176954177834,1.0,1.0,LOSS,1,0.25971572548839555,False,-0.33502200709149466,0.19372431752687058,0.001,SYNTHETIC,6
2026-06-21 00:00:00,SHORT,1.3561141414377855,1.3425530000234076,1.3696752828521634,1.0,1.0,WIN,1,-0.4921864247910829,True,-0.3963557032549391,2.7994386258350508,0.001,SYNTHETIC,1
2026-06-21 01:00:00,LONG,1.357190224064736,1.3436183218240887,1.3707621263053833,1.0,1.0,WIN,1,0.1551498254105313,True,0.38688369250842936,-0.6556012803725235,0.001,SYNTHETIC,5
2026-06-21 02:00:00,LONG,1.3565518378425314,1.342986319464106,1.3701173562209568,1.0,1.0,WIN,1,0.12381376026216079,True,0.6036672616735445,0.40173031178732477,0.001,SYNTHETIC,5
2026-06-21 03:00:00,LONG,1.3574138905013384,1.343839751596325,1.370988029406352,1.0,1.0,WIN,1,0.4195969849357932,True,0.6060123314342273,1.3975510290384714,0.001,SYNTHETIC,7
2026-06-21 06:00:00,LONG,1.3577711189218062,1.344193407732588,1.3713488301110244,1.0,1.0,WIN,1,0.11555307476098364,True,0.6539659674721153,-1.1950374652887643,0.001,SYNTHETIC,5
2026-06-21 07:00:00,LONG,1.3568587307223239,1.3432901434151006,1.3704273180295472,1.0,1.0,WIN,1,0.07960569859657607,True,0.4356527073502784,2.31243188535987,0.001,SYNTHETIC,5
2026-06-21 08:00:00,LONG,1.3584554156130861,1.3448708614569553,1.372039969769217,1.0,1.0,WIN,1,0.2600593845597831,True,0.5262850074695726,-0.5501100465108946,0.001,SYNTHETIC,6
2026-06-21 10:00:00,LONG,1.3574619834222605,1.343887363588038,1.3710366032564831,1.0,1.0,LOSS,1,-0.4133495821948456,False,0.5543591492290149,-0.5046957317200499,0.001,SYNTHETIC,2
2026-06-21 13:00:00,SHORT,1.3555741609305654,1.3420184193212596,1.369129902539871,1.0,1.0,WIN,1,-0.5579426830424213,True,-1.0,-1.0390041374384285,0.001,SYNTHETIC,1
2026-06-21 14:00:00,SHORT,1.354130541430874,1.3405892360165652,1.3676718468451827,1.0,1.0,WIN,1,-0.5914934475036508,True,-0.9566886382925732,2.471857544447542,0.001,SYNTHETIC,1
2026-06-21 15:00:00,SHORT,1.3528039222270036,1.3392758830047335,1.3663319614492737,1.0,1.0,WIN,1,-0.337388639041738,True,-1.0,0.7730633653601645,0.001,SYNTHETIC,2
2026-06-21 16:00:00,SHORT,1.3513851738134224,1.3378713220752882,1.3648990255515565,1.0,1.0,WIN,1,-0.7016055137155788,True,-1.0,0.7144737256238367,0.001,SYNTHETIC,0
2026-06-21 17:00:00,SHORT,1.3518371248191914,1.3383187535709995,1.3653554960673833,1.0,1.0,WIN,1,-0.029145569212410183,True,-1.0,1.1173209971972138,0.001,SYNTHETIC,4
2026-06-21 18:00:00,SHORT,1.3530865366383849,1.339555671272001,1.3666174020047688,1.0,1.0,WIN,1,-0.21337559957742608,True,-0.9356489230931126,1.7073444379691998,0.001,SYNTHETIC,3
2026-06-21 19:00:00,SHORT,1.3526452846988286,1.3391188318518403,1.3661717375458169,1.0,1.0,LOSS,1,-0.7731737806576109,True,-0.6389711423243135,0.729912457746856,0.001,SYNTHETIC,0
2026-06-21 22:00:00,SHORT,1.350560386272565,1.3370547824098393,1.3640659901352907,1.0,1.0,LOSS,1,-0.5032566507045596,True,-0.5879341581693988,0.49285967891749377,0.001,SYNTHETIC,1
2026-06-22 00:00:00,SHORT,1.351401925645117,1.337887906388666,1.3649159449015682,1.0,1.0,WIN,1,0.103353276055136,False,-0.6357699934025941,1.55804674581768,0.001,SYNTHETIC,5
2026-06-22 02:00:00,LONG,1.3527078962492327,1.3391808172867403,1.366234975211725,1.0,1.0,WIN,1,0.5112635424030155,True,0.3487391207562957,3.0297684779223104,0.001,SYNTHETIC,8
2026-06-22 03:00:00,LONG,1.352543090888628,1.3390176599797416,1.3660685217975144,1.0,1.0,WIN,1,0.09874325200027917,True,0.7434862655687298,0.34776343092860107,0.001,SYNTHETIC,5
2026-06-22 04:00:00,LONG,1.3537299147290793,1.3401926155817885,1.3672672138763702,1.0,1.0,LOSS,1,-0.6575469308020767,False,0.4174744484835181,2.0993986883464535,0.001,SYNTHETIC,1
2026-06-22 05:00:00,LONG,1.3541558996124108,1.3406143406162867,1.3676974586085349,1.0,1.0,WIN,1,0.868558794932188,True,1.0,2.1543645624700374,0.001,SYNTHETIC,9
2026-06-22 06:00:00,LONG,1.354241155291411,1.340698743738497,1.3677835668443252,1.0,1.0,WIN,1,0.39381612503687236,True,0.5243912260392593,-0.4379522672537426,0.001,SYNTHETIC,7
2026-06-22 07:00:00,LONG,1.353772840346812,1.3402351119433438,1.36731056875028,1.0,1.0,WIN,1,0.3805888097165846,True,0.45843905423248993,2.5761939544104853,0.001,SYNTHETIC,7
2026-06-22 08:00:00,LONG,1.3534938598448,1.339958921246352,1.367028798443248,1.0,1.0,WIN,1,-0.1120716983125464,False,0.4316342781580718,0.05710875722238351,0.001,SYNTHETIC,4
2026-06-22 12:00:00,LONG,1.354587831481186,1.3410419531663742,1.368133709795998,1.0,1.0,WIN,1,0.18171983658759236,True,0.4339133075778405,4.225728978969606,0.001,SYNTHETIC,6
2026-06-22 13:00:00,LONG,1.3560478912055707,1.3424874122935149,1.3696083701176265,1.0,1.0,WIN,1,0.5662779986342492,True,1.0,1.6194517875473464,0.001,SYNTHETIC,8
2026-06-22 14:00:00,LONG,1.3567136678013214,1.3431465311233082,1.3702808044793346,1.0,1.0,WIN,1,0.9525516590036901,True,1.0,2.440926977487266,0.001,SYNTHETIC,9
2026-06-22 15:00:00,LONG,1.3566071132701534,1.343041042137452,1.3701731844028548,1.0,1.0,WIN,1,0.6932114437042786,True,0.9522099511770153,1.137487974216821,0.001,SYNTHETIC,9
2026-06-22 17:00:00,SHORT,1.351131853271861,1.3376205347391423,1.3646431718045797,1.0,1.0,WIN,1,-0.9210463583360156,True,-1.0,3.0126539490482402,0.001,SYNTHETIC,0
2026-06-22 18:00:00,SHORT,1.3516304428477652,1.3381141384192876,1.3651467472762429,1.0,1.0,WIN,1,-0.32358387145166445,True,-1.0,0.20751132422169896,0.001,SYNTHETIC,2
2026-06-22 19:00:00,SHORT,1.352488516076088,1.338963630915327,1.366013401236849,1.0,1.0,WIN,1,-0.7771904031902686,True,-1.0,0.809761882504854,0.001,SYNTHETIC,0
2026-06-22 20:00:00,SHORT,1.351207610310606,1.3376955342075,1.364719686413712,1.0,1.0,WIN,1,-0.8547130812856296,True,-1.0,2.1359087356458533,0.001,SYNTHETIC,0
2026-06-22 21:00:00,SHORT,1.3511151653535896,1.3376040137000536,1.3646263170071256,1.0,1.0,WIN,1,-0.1052752439377797,True,-1.0,0.20728621427073546,0.001,SYNTHETIC,4
2026-06-22 22:00:00,SHORT,1.3507470685110858,1.337239597825975,1.3642545391961967,1.0,1.0,LOSS,1,0.06448580370285101,False,-0.39447184064918595,0.5847621382814459,0.001,SYNTHETIC,5
2026-06-23 05:00:00,SHORT,1.3511512467707179,1.3376397343030106,1.364662759238425,1.0,1.0,WIN,1,-0.1505548623947871,True,-0.3482035695749349,3.38372434038417,0.001,SYNTHETIC,4
2026-06-23 06:00:00,SHORT,1.3504268406065163,1.3369225722004512,1.3639311090125814,1.0,1.0,WIN,1,-0.29606440933009126,True,-0.3050776187369919,2.5035505402619567,0.001,SYNTHETIC,3
2026-06-23 07:00:00,SHORT,1.3497396556827557,1.3362422591259282,1.3632370522395831,1.0,1.0,LOSS,1,0.30800557552336844,False,-0.711101223024328,0.943779502711521,0.001,SYNTHETIC,6
2026-06-23 08:00:00,SHORT,1.3501001751895967,1.3365991734377007,1.3636011769414926,1.0,1.0,WIN,1,-0.419965013350037,True,-0.6086130018771551,1.162113879158274,0.001,SYNTHETIC,2
2026-06-23 09:00:00,SHORT,1.3499885368037916,1.3364886514357537,1.3634884221718295,1.0,1.0,WIN,1,-0.6354921415248407,True,-0.6302545601255453,0.6756675413953798,0.001,SYNTHETIC,1
2026-06-23 10:00:00,SHORT,1.3496492784995937,1.3361527857145978,1.3631457712845896,1.0,1.0,WIN,1,0.20796304194285908,False,-0.5371234311141285,-0.08101820302044693,0.001,SYNTHETIC,6
2026-06-23 11:00:00,SHORT,1.3479734549522255,1.3344937204027032,1.3614531895017479,1.0,1.0,WIN,1,-0.6707185499861319,True,-1.0,0.817835990865462,0.001,SYNTHETIC,0
2026-06-23 12:00:00,SHORT,1.346454926224954,1.3329903769627045,1.3599194754872037,1.0,1.0,WIN,1,-0.2640709675649814,True,-1.0,3.718850764884077,0.001,SYNTHETIC,3
2026-06-23 13:00:00,SHORT,1.3475266067115632,1.3340513406444476,1.3610018727786788,1.0,1.0,WIN,1,-0.27293023916169057,True,-0.9510930419750234,3.713683266107199,0.001,SYNTHETIC,3
2026-06-23 14:00:00,SHORT,1.3470951548528578,1.3336242033043293,1.3605661064013863,1.0,1.0,WIN,1,-0.5175686151635163,True,-1.0,-0.31700166795592466,0.001,SYNTHETIC,1
2026-06-23 15:00:00,SHORT,1.3466691579696661,1.3332024663899695,1.3601358495493627,1.0,1.0,WIN,1,-0.7918990293568089,True,-1.0,1.618221721448431,0.001,SYNTHETIC,0
2026-06-23 18:00:00,SHORT,1.3441541261019074,1.3307125848408883,1.3575956673629266,1.0,1.0,WIN,1,-0.507115328761071,True,-1.0,-0.5020226380511401,0.001,SYNTHETIC,1
2026-06-23 19:00:00,SHORT,1.3446821744899078,1.3312353527450087,1.3581289962348069,1.0,1.0,LOSS,1,-0.26816556006210257,True,-1.0,0.6655889240638577,0.001,SYNTHETIC,3
2026-06-23 20:00:00,SHORT,1.3438947392459766,1.3304557918535167,1.3573336866384365,1.0,1.0,WIN,1,0.015334019857599301,False,-1.0,2.166095153701988,0.001,SYNTHETIC,5
2026-06-23 21:00:00,SHORT,1.3428887259296125,1.3294598386703165,1.3563176131889085,1.0,1.0,WIN,1,-0.8263547347832865,True,-1.0,-0.03715862547867532,0.001,SYNTHETIC,0
2026-06-23 22:00:00,SHORT,1.3413883820943822,1.3279744982734383,1.354802265915326,1.0,1.0,WIN,1,-0.5751375811987783,True,-1.0,3.0453038414291935,0.001,SYNTHETIC,1
2026-06-23 23:00:00,SHORT,1.3419592748684952,1.3285396821198103,1.35537886761718,1.0,1.0,WIN,1,-0.640510038621044,True,-0.9661334267069198,3.231361916135472,0.001,SYNTHETIC,1
2026-06-24 00:00:00,SHORT,1.3425210541942547,1.3290958436523121,1.3559462647361973,1.0,1.0,WIN,1,-0.36743407054874644,True,-0.8991117676019857,1.3457122900248488,0.001,SYNTHETIC,2
2026-06-24 01:00:00,SHORT,1.341576562421236,1.3281607967970235,1.3549923280454483,1.0,1.0,WIN,1,-0.7302408997932885,True,-0.5473967738000851,-0.5161446001263248,0.001,SYNTHETIC,0
2026-06-24 02:00:00,LONG,1.3434210077035833,1.3299867976265474,1.3568552177806192,1.0,1.0,WIN,1,0.06572169141651879,True,0.6886409891080175,1.7351240526069784,0.001,SYNTHETIC,5
2026-06-24 03:00:00,LONG,1.3432234033949666,1.329791169361017,1.3566556374289163,1.0,1.0,LOSS,1,-0.20093909995047265,False,0.6133317349402359,1.8211906338996315,0.001,SYNTHETIC,3
2026-06-24 04:00:00,LONG,1.3435520352935715,1.3301165149406358,1.3569875556465072,1.0,1.0,WIN,1,-0.17244967145380657,False,0.5180833814914493,2.0029446391280477,0.001,SYNTHETIC,3
2026-06-24 07:00:00,SHORT,1.3406393921009323,1.327232998179923,1.3540457860219417,1.0,1.0,WIN,1,-0.39571985692021006,True,-1.0,3.277003535455333,0.001,SYNTHETIC,2
2026-06-24 08:00:00,SHORT,1.3402312327611547,1.3268289204335433,1.3536335450887662,1.0,1.0,WIN,1,-0.4805012379200581,True,-1.0,2.02386863354722,0.001,SYNTHETIC,2
2026-06-24 09:00:00,SHORT,1.3404768926652777,1.327072123738625,1.3538816615919305,1.0,1.0,WIN,1,-0.09593419879145465,True,-1.0,1.005744458817298,0.001,SYNTHETIC,4
2026-06-24 15:00:00,SHORT,1.341178187443063,1.3277664055686325,1.3545899693174936,1.0,1.0,WIN,1,-0.4983411941476297,True,-0.6360286486704242,1.0221363854042074,0.001,SYNTHETIC,1
2026-06-24 17:00:00,SHORT,1.339864211958799,1.326465569839211,1.3532628540783869,1.0,1.0,WIN,1,-0.2174637143547592,True,-0.6417587972196707,-0.0015586335187954825,0.001,SYNTHETIC,3
2026-06-24 18:00:00,SHORT,1.3363916103222337,1.3230276942190113,1.3497555264254562,1.0,1.0,WIN,1,-0.511027524513411,True,-1.0,0.37027407682168056,0.001,SYNTHETIC,1
2026-06-24 19:00:00,SHORT,1.3359590622344055,1.3225994716120615,1.3493186528567496,1.0,1.0,WIN,1,-0.6095208397603067,True,-1.0,0.9249031729426567,0.001,SYNTHETIC,1
2026-06-24 20:00:00,SHORT,1.3370556545077679,1.3236850979626902,1.3504262110528455,1.0,1.0,WIN,1,-0.7735030255690247,True,-1.0,1.5699746947957887,0.001,SYNTHETIC,0
2026-06-24 21:00:00,SHORT,1.335002321307396,1.3216522980943222,1.34835234452047,1.0,1.0,WIN,1,-0.38026195761343684,True,-1.0,2.183016100933811,0.001,SYNTHETIC,2
2026-06-24 22:00:00,SHORT,1.3317704363684826,1.3184527320047978,1.3450881407321673,1.0,1.0,LOSS,1,-0.6493298261101523,True,-1.0,-0.1757919888681213,0.001,SYNTHETIC,1
2026-06-24 23:00:00,SHORT,1.3320939887289127,1.3187730488416236,1.3454149286162018,1.0,1.0,WIN,1,-0.39386104760240326,True,-1.0,-0.038311593147402734,0.001,SYNTHETIC,2
2026-06-25 00:00:00,SHORT,1.331773202502518,1.3184554704774927,1.3450909345275432,1.0,1.0,WIN,1,-1.0,True,-1.0,-0.5418189075652724,0.001,SYNTHETIC,0
2026-06-25 01:00:00,SHORT,1.3309233791196928,1.317614145328496,1.3442326129108897,1.0,1.0,WIN,1,-0.3990736511090317,True,-1.0,2.081963882630138,0.001,SYNTHETIC,2
2026-06-25 02:00:00,SHORT,1.329198912756007,1.315906923628447,1.3424909018835671,1.0,1.0,WIN,1,-0.2759279291611284,True,-1.0,-0.15050428323584664,0.001,SYNTHETIC,3
2026-06-25 03:00:00,SHORT,1.328450730406656,1.3151662231025893,1.3417352377107226,1.0,1.0,WIN,1,-0.3141407421908756,True,-1.0,0.003553020126135009,0.001,SYNTHETIC,3
2026-06-25 04:00:00,SHORT,1.328760066363765,1.3154724657001273,1.3420476670274029,1.0,1.0,WIN,1,-0.5590161276052084,True,-1.0,-0.09279241488205026,0.001,SYNTHETIC,1
2026-06-25 05:00:00,SHORT,1.3273732934773645,1.314099560542591,1.3406470264121382,1.0,1.0,WIN,1,-0.22540450537268686,True,-1.0,0.04876934001660704,0.001,SYNTHETIC,3
2026-06-25 06:00:00,SHORT,1.3274204826945435,1.314146277867598,1.340694687521489,1.0,1.0,WIN,1,-0.8818876648867542,True,-1.0,-0.5983305845988685,0.001,SYNTHETIC,0
2026-06-25 07:00:00,SHORT,1.3245271733583797,1.3112819016247959,1.3377724450919635,1.0,1.0,WIN,1,-0.5267618195619591,True,-1.0,-0.19489072056764312,0.001,SYNTHETIC,1
2026-06-25 08:00:00,SHORT,1.323201596864938,1.3099695808962886,1.3364336128335874,1.0,1.0,WIN,1,-0.5580187403482098,True,-1.0,2.3029008445707873,0.001,SYNTHETIC,1
2026-06-25 09:00:00,SHORT,1.3222684868135763,1.3090458019454405,1.3354911716817122,1.0,1.0,WIN,1,-0.18908009328767394,True,-1.0,2.813124933726098,0.001,SYNTHETIC,3
2026-06-25 10:00:00,SHORT,1.3215680036685296,1.3083523236318442,1.334783683705215,1.0,1.0,WIN,1,-1.0,True,-1.0,1.5411223664425089,0.001,SYNTHETIC,0
2026-06-25 11:00:00,SHORT,1.3213941451164275,1.3081802036652632,1.3346080865675918,1.0,1.0,WIN,1,-0.8174389153781899,True,-1.0,1.8294339143048188,0.001,SYNTHETIC,0
2026-06-25 12:00:00,SHORT,1.3218700363935252,1.30865133602959,1.3350887367574604,1.0,1.0,LOSS,1,0.0241752425891546,False,-1.0,-0.3544879012874378,0.001,SYNTHETIC,5
2026-06-25 13:00:00,SHORT,1.3192926854976719,1.3060997586426952,1.3324856123526485,1.0,1.0,WIN,1,-1.0,True,-1.0,0.8331146562361105,0.001,SYNTHETIC,0
2026-06-25 14:00:00,SHORT,1.3194215155668372,1.3062273004111689,1.3326157307225055,1.0,1.0,WIN,1,-0.25567280849374985,True,-1.0,0.5418040890301344,0.001,SYNTHETIC,3
2026-06-25 15:00:00,SHORT,1.3194652449187838,1.3062705924695959,1.3326598973679717,1.0,1.0,WIN,1,-0.6294530691505739,True,-0.8387098404848624,1.828654389014686,0.001,SYNTHETIC,1
2026-06-25 17:00:00,SHORT,1.320536155783031,1.3073307942252008,1.3337415173408613,1.0,1.0,WIN,1,0.24802628976136062,False,-0.35221686279289105,0.62404979066276,0.001,SYNTHETIC,6
2026-06-25 18:00:00,LONG,1.3210412332647288,1.3078308209320815,1.334251645597376,1.0,1.0,WIN,1,0.38969063844278384,True,0.6034571542382695,-0.12431434992503387,0.001,SYNTHETIC,7
2026-06-25 20:00:00,SHORT,1.3162302550147487,1.3030679524646012,1.3293925575648962,1.0,1.0,WIN,1,-0.6477047542360405,True,-1.0,1.5050381173741978,0.001,SYNTHETIC,1
2026-06-25 21:00:00,SHORT,1.3169635614016466,1.30379392578763,1.3301331970156631,1.0,1.0,WIN,1,-0.6080528767528722,True,-1.0,0.5320130375022525,0.001,SYNTHETIC,1
2026-06-25 22:00:00,SHORT,1.3167625557855247,1.3035949302276695,1.32993018134338,1.0,1.0,WIN,1,-0.26394732534568244,True,-1.0,1.3310703005673565,0.001,SYNTHETIC,3
2026-06-25 23:00:00,SHORT,1.317690794197594,1.304513886255618,1.3308677021395698,1.0,1.0,WIN,1,-0.6318291380846994,True,-1.0,3.142778068474435,0.001,SYNTHETIC,1
2026-06-26 00:00:00,SHORT,1.3155131336560826,1.3023580023195218,1.3286682649926433,1.0,1.0,LOSS,1,-0.3207960856885992,True,-1.0,2.591424923528062,0.001,SYNTHETIC,2
2026-06-26 02:00:00,LONG,1.3185667438654984,1.3053810764268434,1.3317524113041534,1.0,1.0,WIN,1,0.5346124324466694,True,0.5482227283209058,1.493416682421851,0.001,SYNTHETIC,8
2026-06-26 03:00:00,LONG,1.318167895411522,1.3049862164574066,1.3313495743656372,1.0,1.0,WIN,1,-0.10695453618723172,False,0.7334378668934858,-0.5158200268589861,0.001,SYNTHETIC,4
2026-06-26 04:00:00,LONG,1.3182194331772836,1.3050372388455107,1.3314016275090566,1.0,1.0,WIN,1,0.06743433679038498,True,0.33969713981048305,0.40035216808374474,0.001,SYNTHETIC,5
2026-06-26 05:00:00,LONG,1.3183424335378948,1.3051590092025158,1.3315258578732738,1.0,1.0,WIN,1,0.5557974799016411,True,0.9424954693703891,1.6107818840823733,0.001,SYNTHETIC,8
2026-06-26 08:00:00,SHORT,1.3162889384775864,1.3031260490928105,1.3294518278623624,1.0,1.0,WIN,1,-0.2340848199689784,True,-0.6452120864995128,1.2692594055875581,0.001,SYNTHETIC,3
2026-06-26 09:00:00,SHORT,1.317114423855405,1.3039432796168509,1.330285568093959,1.0,1.0,WIN,1,-0.4310836305634914,True,-0.5462263886964411,0.3818525930341763,0.001,SYNTHETIC,2
2026-06-26 10:00:00,SHORT,1.3153472328841087,1.3021937605552676,1.3285007052129498,1.0,1.0,LOSS,1,-0.5580316641367592,True,-1.0,0.013935925792973647,0.001,SYNTHETIC,1
2026-06-26 11:00:00,SHORT,1.313963380757289,1.3008237469497161,1.327103014564862,1.0,1.0,WIN,1,-0.8543104184020565,True,-1.0,2.20013733832608,0.001,SYNTHETIC,0
2026-06-26 12:00:00,SHORT,1.3151553779699376,1.3020038241902383,1.328306931749637,1.0,1.0,WIN,1,-0.6433525360721964,True,-1.0,2.747769277758988,0.001,SYNTHETIC,1
2026-06-26 13:00:00,SHORT,1.3143962023268554,1.3012522403035869,1.327540164350124,1.0,1.0,WIN,1,-0.9140225134492288,True,-0.9120378652389683,2.0085604815184053,0.001,SYNTHETIC,0
2026-06-26 14:00:00,SHORT,1.316125753039367,1.3029644955089734,1.3292870105697607,1.0,1.0,WIN,1,-0.21476881205770448,True,-0.4994356415310236,2.4572485418228367,0.001,SYNTHETIC,3
2026-06-26 17:00:00,SHORT,1.314075755509177,1.3009349979540854,1.3272165130642688,1.0,1.0,LOSS,1,0.3466439465501976,False,-0.377867992196913,1.8657291435727066,0.001,SYNTHETIC,7
2026-06-26 18:00:00,SHORT,1.3127634831485013,1.2996358483170163,1.3258911179799864,1.0,1.0,WIN,1,-0.31546918766973264,True,-0.4836914855113608,0.44712976617731925,0.001,SYNTHETIC,3
2026-06-26 19:00:00,SHORT,1.3137915993513645,1.3006536833578508,1.3269295153448781,1.0,1.0,WIN,1,-0.3204733949376752,True,-0.8128785563231224,0.33442928744357037,0.001,SYNTHETIC,2
2026-06-26 20:00:00,SHORT,1.313893545588984,1.300754610133094,1.327032481044874,1.0,1.0,WIN,1,-0.5756075172100921,True,-0.7680351355129068,-0.07649296017265128,0.001,SYNTHETIC,1
2026-06-26 21:00:00,SHORT,1.311962533842427,1.2988429085040027,1.3250821591808513,1.0,1.0,WIN,1,-0.4428551594898896,True,-0.6371015065373992,0.005942513663484361,0.001,SYNTHETIC,2
2026-06-26 22:00:00,SHORT,1.3123076398752573,1.2991845634765047,1.32543071627401,1.0,1.0,WIN,1,-0.37974117525863166,True,-0.9541304330263849,0.226524907959177,0.001,SYNTHETIC,2
2026-06-27 02:00:00,LONG,1.3156621455011908,1.302505524046179,1.3288187669562026,1.0,1.0,LOSS,1,0.3445921461443443,True,1.0,0.48530278120503384,0.001,SYNTHETIC,7
2026-06-27 03:00:00,LONG,1.3149896887823282,1.301839791894505,1.3281395856701514,1.0,1.0,WIN,1,0.10035164502863403,True,1.0,2.4880612716565604,0.001,SYNTHETIC,5
2026-06-27 04:00:00,LONG,1.314634332532092,1.301487989206771,1.3277806758574129,1.0,1.0,LOSS,1,-0.24471797531510436,False,0.42632262317683933,0.9765279334058239,0.001,SYNTHETIC,3
2026-06-27 08:00:00,SHORT,1.3137319976760315,1.3005946776992712,1.326869317652792,1.0,1.0,WIN,1,-0.43669103210689986,True,-0.6117503806905922,1.921078341085118,0.001,SYNTHETIC,2
2026-06-27 10:00:00,LONG,1.3147855079536024,1.3016376528740663,1.3279333630331385,1.0,1.0,LOSS,1,0.0912918098492971,True,0.35196458779628276,0.7992354574684893,0.001,SYNTHETIC,5
2026-06-27 19:00:00,SHORT,1.3118852730855164,1.2987664203546612,1.3250041258163716,1.0,1.0,WIN,1,-0.3231086273671591,True,-1.0,0.46608592675265836,0.001,SYNTHETIC,2
2026-06-27 20:00:00,SHORT,1.310354953429894,1.297251403895595,1.323458502964193,1.0,1.0,LOSS,1,-0.3992526464092949,True,-1.0,1.0015185811812781,0.001,SYNTHETIC,2
2026-06-27 21:00:00,SHORT,1.310744319691541,1.2976368764946256,1.3238517628884563,1.0,1.0,WIN,1,-0.5695812253673859,True,-1.0,0.012597482945564065,0.001,SYNTHETIC,1
2026-06-27 22:00:00,SHORT,1.3106091538019071,1.2975030622638881,1.3237152453399261,1.0,1.0,WIN,1,-0.4608639724372348,True,-1.0,0.8423699882922684,0.001,SYNTHETIC,2
2026-06-27 23:00:00,SHORT,1.3102123430680956,1.2971102196374147,1.3233144664987766,1.0,1.0,WIN,1,-0.5331008325130139,True,-1.0,3.327505647345682,0.001,SYNTHETIC,1
2026-06-28 00:00:00,SHORT,1.3078537049013605,1.294775167852347,1.3209322419503742,1.0,1.0,WIN,1,-0.6846041451899215,True,-1.0,-0.3751047884282743,0.001,SYNTHETIC,0
2026-06-28 01:00:00,SHORT,1.3062987079627948,1.2932357208831669,1.3193616950424227,1.0,1.0,WIN,1,-0.20597516436264113,True,-1.0,0.28009142584670976,0.001,SYNTHETIC,3
2026-06-28 02:00:00,SHORT,1.3051110298764057,1.2920599195776417,1.3181621401751697,1.0,1.0,LOSS,1,-0.6269221259725994,True,-1.0,1.0458727741024383,0.001,SYNTHETIC,1
2026-06-28 03:00:00,SHORT,1.3044909190683203,1.291446009877637,1.3175358282590035,1.0,1.0,WIN,1,-0.526055043875444,True,-1.0,2.5213851927158593,0.001,SYNTHETIC,1
2026-06-28 04:00:00,SHORT,1.3036938112010652,1.2906568730890546,1.3167307493130758,1.0,1.0,WIN,1,-0.9245375298972518,True,-1.0,0.1392144180183097,0.001,SYNTHETIC,0
2026-06-28 05:00:00,SHORT,1.3019571052373717,1.288937534184998,1.3149766762897455,1.0,1.0,LOSS,1,-0.41778661884655616,True,-1.0,2.023730438891157,0.001,SYNTHETIC,2
2026-06-28 06:00:00,SHORT,1.3022508444855196,1.2892283360406644,1.3152733529303748,1.0,1.0,WIN,1,-0.6831744791436383,True,-1.0,0.9395261920604225,0.001,SYNTHETIC,0
2026-06-28 07:00:00,SHORT,1.3022831229391434,1.289260291709752,1.3153059541685348,1.0,1.0,WIN,1,-0.6430545977473707,True,-1.0,-0.4918032007830865,0.001,SYNTHETIC,1
2026-06-28 09:00:00,SHORT,1.3028399685807308,1.2898115688949234,1.3158683682665382,1.0,1.0,WIN,1,-0.2668894225139558,True,-0.45938097629490243,-1.1025245362805165,0.001,SYNTHETIC,3
2026-06-28 10:00:00,LONG,1.3034495693947714,1.2904150737008238,1.316484065088719,1.0,1.0,LOSS,1,-0.37286461052957554,False,0.458154347963045,3.0676119460763847,0.001,SYNTHETIC,2
2026-06-28 11:00:00,LONG,1.3040875280767696,1.2910466527960018,1.3171284033575374,1.0,1.0,WIN,1,0.6584294552267222,True,0.9074447027054887,1.4991001989141073,0.001,SYNTHETIC,8
2026-06-28 12:00:00,LONG,1.3030770611496556,1.2900462905381591,1.316107831761152,1.0,1.0,LOSS,1,0.19509689424111162,True,0.41339265328976016,-0.8265337946516231,0.001,SYNTHETIC,6
2026-06-28 13:00:00,SHORT,1.3025735698505805,1.2895478341520747,1.3155993055490862,1.0,1.0,WIN,1,-0.3413130936418036,True,-0.40225482656228295,1.398738221140499,0.001,SYNTHETIC,2
2026-06-28 15:00:00,SHORT,1.302595262781607,1.289569310153791,1.3156212154094231,1.0,1.0,WIN,1,-0.05365496882529927,True,-0.3671499495385807,1.8206460178013293,0.001,SYNTHETIC,4
2026-06-28 17:00:00,LONG,1.3047104573190165,1.2916633527458263,1.3177575618922066,1.0,1.0,WIN,1,0.6227043012561477,True,0.4617564803633068,0.7630763943738865,0.001,SYNTHETIC,8
2026-06-28 18:00:00,LONG,1.3042036091459157,1.2911615730544566,1.3172456452373749,1.0,1.0,WIN,1,0.44263973679407015,True,0.593488096190271,2.005910769440272,0.001,SYNTHETIC,7
2026-06-28 19:00:00,LONG,1.3037968304159546,1.2907588621117951,1.316834798720114,1.0,1.0,WIN,1,0.7627751024541151,True,0.6047567916959561,-0.36010026038751763,0.001,SYNTHETIC,9
2026-06-28 21:00:00,SHORT,1.301722914706005,1.288705685558945,1.314740143853065,1.0,1.0,WIN,1,-0.10578579747964745,True,-0.8582652516565881,1.2985558243865782,0.001,SYNTHETIC,4
2026-06-28 22:00:00,SHORT,1.3028836576558749,1.2898548210793161,1.3159124942324336,1.0,1.0,WIN,1,-0.16094472758387657,True,-0.5995520823466833,0.8078892459580546,0.001,SYNTHETIC,4
2026-06-28 23:00:00,SHORT,1.301200735024085,1.2881887276738442,1.314212742374326,1.0,1.0,WIN,1,-0.6352944236611389,True,-1.0,2.443197315046989,0.001,SYNTHETIC,1
2026-06-29 00:00:00,SHORT,1.2996558624593773,1.2866593038347836,1.312652421083971,1.0,1.0,WIN,1,-0.44383699445475966,True,-1.0,-0.5271361751480044,0.001,SYNTHETIC,2
2026-06-29 01:00:00,SHORT,1.299417657066403,1.286423480495739,1.3124118336370671,1.0,1.0,WIN,1,-0.7501958799376809,True,-1.0,0.2127324552923966,0.001,SYNTHETIC,0
2026-06-29 02:00:00,SHORT,1.2989887868869279,1.2859988990180586,1.311978674755797,1.0,1.0,LOSS,1,0.12063382989231142,False,-1.0,1.3588337783408915,0.001,SYNTHETIC,5
2026-06-29 03:00:00,SHORT,1.2981870115856,1.285205141469744,1.311168881701456,1.0,1.0,WIN,1,-0.5302595329116241,True,-1.0,1.3645242131428512,0.001,SYNTHETIC,1
2026-06-29 04:00:00,SHORT,1.2968369889097746,1.283868619020677,1.3098053587988723,1.0,1.0,WIN,1,-0.4921369125444047,True,-1.0,2.042205874551184,0.001,SYNTHETIC,1
2026-06-29 05:00:00,SHORT,1.2949364262692755,1.2819870620065827,1.3078857905319683,1.0,1.0,WIN,1,-0.3830042415099444,True,-1.0,-0.35590722439543576,0.001,SYNTHETIC,2
2026-06-29 06:00:00,SHORT,1.2944167123150632,1.2814725451919124,1.3073608794382139,1.0,1.0,WIN,1,-0.8260835972950182,True,-1.0,-0.41715503503655427,0.001,SYNTHETIC,0
2026-06-29 07:00:00,SHORT,1.2940334695494526,1.281093134853958,1.3069738042449472,1.0,1.0,WIN,1,-0.10358866830002739,True,-1.0,1.310786650790548,0.001,SYNTHETIC,4
2026-06-29 08:00:00,SHORT,1.2928212593762063,1.2798930467824443,1.3057494719699683,1.0,1.0,WIN,1,-0.8075988652304154,True,-1.0,3.610821298785325,0.001,SYNTHETIC,0
2026-06-29 09:00:00,SHORT,1.2908529478373167,1.2779444183589435,1.30376147731569,1.0,1.0,WIN,1,-0.8754411687084183,True,-1.0,1.770097215129331,0.001,SYNTHETIC,0
2026-06-29 10:00:00,SHORT,1.2898553186195842,1.2769567654333884,1.30275387180578,1.0,1.0,WIN,1,-0.5499572038109077,True,-1.0,1.814836171763883,0.001,SYNTHETIC,1
2026-06-29 11:00:00,SHORT,1.290679624642709,1.277772828396282,1.3035864208891361,1.0,1.0,WIN,1,-0.8837892493368753,True,-1.0,2.1004522888567365,0.001,SYNTHETIC,0
2026-06-29 12:00:00,SHORT,1.290091729359123,1.2771908120655318,1.3029926466527142,1.0,1.0,WIN,1,-0.03141783914258711,True,-1.0,2.281307749339554,0.001,SYNTHETIC,4
2026-06-29 13:00:00,SHORT,1.2896799901229252,1.276783190221696,1.3025767900241545,1.0,1.0,WIN,1,-0.5692109809049165,True,-1.0,0.1471308475169002,0.001,SYNTHETIC,1
2026-06-29 14:00:00,SHORT,1.2895265778940952,1.2766313121151542,1.3024218436730362,1.0,1.0,WIN,1,-1.0,True,-0.6421222392754112,2.275041676136073,0.001,SYNTHETIC,0
2026-06-29 15:00:00,SHORT,1.2873215455607592,1.2744483301051515,1.3001947610163669,1.0,1.0,WIN,1,-0.44001544456248737,True,-1.0,1.4754552958104008,0.001,SYNTHETIC,2
2026-06-29 16:00:00,SHORT,1.2877050789983828,1.274828028208399,1.3005821297883666,1.0,1.0,LOSS,1,-0.3339482039437879,True,-1.0,2.13108838825671,0.001,SYNTHETIC,2
2026-06-29 17:00:00,SHORT,1.287939648009522,1.2750602515294267,1.3008190444896173,1.0,1.0,WIN,1,-0.6127067972099467,True,-0.9725542453857626,0.1406803926524595,0.001,SYNTHETIC,1
2026-06-29 18:00:00,SHORT,1.2876357413593138,1.2747593839457207,1.3005120987729069,1.0,1.0,WIN,1,-0.8810781468493313,True,-0.9486204782419373,1.3483135038370295,0.001,SYNTHETIC,0
2026-06-29 19:00:00,SHORT,1.2881719302421075,1.2752902109396864,1.3010536495445286,1.0,1.0,WIN,1,-0.3002580393849567,True,-0.5385318687700146,-0.03092218589115385,0.001,SYNTHETIC,3
2026-06-30 00:00:00,SHORT,1.2866434241179587,1.2737769898767792,1.2995098583591382,1.0,1.0,WIN,1,0.016488664486783156,False,-0.5088357512602271,1.7407787295366701,0.001,SYNTHETIC,5
2026-06-30 03:00:00,SHORT,1.2863336819561502,1.2734703451365887,1.2991970187757116,1.0,1.0,WIN,1,-0.09518536070302722,True,-0.559657524139644,-0.6589328552335951,0.001,SYNTHETIC,4
2026-06-30 04:00:00,SHORT,1.284555728746245,1.2717101714587826,1.2974012860337074,1.0,1.0,WIN,1,-0.1388129742753083,True,-0.741110355766846,1.3808619661823593,0.001,SYNTHETIC,4
2026-06-30 06:00:00,SHORT,1.285510275330516,1.2726551725772108,1.2983653780838214,1.0,1.0,LOSS,1,-0.5346978102380688,True,-0.499462966821001,-0.10776712372080843,0.001,SYNTHETIC,1
2026-06-30 07:00:00,SHORT,1.2853826314519932,1.2725288051374732,1.298236457766513,1.0,1.0,WIN,1,-0.33507317983530427,True,-0.636184776051832,1.7617793243162,0.001,SYNTHETIC,2
2026-06-30 08:00:00,LONG,1.2881469881731629,1.2752655182914312,1.3010284580548945,1.0,1.0,WIN,1,0.4439244914092536,True,0.5473344326362081,1.631675534954328,0.001,SYNTHETIC,7
2026-06-30 09:00:00,LONG,1.286895617793431,1.2740266616154967,1.2997645739713652,1.0,1.0,WIN,1,0.19207763557566462,True,0.7006874900350959,0.661682415728813,0.001,SYNTHETIC,6
2026-06-30 10:00:00,LONG,1.2877145450219325,1.2748373995717133,1.3005916904721517,1.0,1.0,WIN,1,0.44040805350348294,True,0.549670196798989,0.7743413315481527,0.001,SYNTHETIC,7
2026-06-30 11:00:00,LONG,1.2861500351854473,1.273288534833593,1.2990115355373018,1.0,1.0,WIN,1,0.1483344180224588,True,0.31108463177566226,1.0126348534438723,0.001,SYNTHETIC,5
2026-06-30 13:00:00,SHORT,1.2864616550044619,1.2735970384544173,1.2993262715545064,1.0,1.0,WIN,1,-0.42353156732954494,True,-0.39031779144476214,0.8815324679437633,0.001,SYNTHETIC,2
2026-06-30 15:00:00,SHORT,1.28653986045084,1.2736744618463316,1.2994052590553484,1.0,1.0,WIN,1,-0.5905425795502572,True,-0.5832339616625114,1.6981245500703623,0.001,SYNTHETIC,1
2026-06-30 16:00:00,SHORT,1.284245206608787,1.2714027545426991,1.297087658674875,1.0,1.0,WIN,1,-0.7498659899394696,True,-0.798931809377171,2.474464496549487,0.001,SYNTHETIC,0
2026-06-30 17:00:00,SHORT,1.2844422538691402,1.2715978313304488,1.2972866764078317,1.0,1.0,WIN,1,-0.3498864451101006,True,-0.9064002090592869,3.5613385109997333,0.001,SYNTHETIC,2
2026-06-30 18:00:00,SHORT,1.2819903117211382,1.2691704086039268,1.2948102148383496,1.0,1.0,WIN,1,-0.5091718353027483,True,-1.0,0.778275703252967,0.001,SYNTHETIC,1
2026-06-30 19:00:00,SHORT,1.2821159832391522,1.2692948234067607,1.2949371430715437,1.0,1.0,WIN,1,-0.8934864132280216,True,-1.0,1.0955965380384027,0.001,SYNTHETIC,0
2026-06-30 20:00:00,SHORT,1.2829594691215234,1.2701298744303082,1.2957890638127385,1.0,1.0,WIN,1,-0.6558260522268573,True,-1.0,0.5285662917579357,0.001,SYNTHETIC,1
2026-06-30 21:00:00,SHORT,1.2828658474030186,1.2700371889289883,1.2956945058770488,1.0,1.0,WIN,1,-0.6155904651444235,True,-0.7411120433325151,1.1315806158710608,0.001,SYNTHETIC,1
2026-06-30 23:00:00,LONG,1.2852334223605666,1.2723810881369608,1.2980857565841724,1.0,1.0,WIN,1,1.0,True,1.0,1.203274310275847,0.001,SYNTHETIC,9
2026-07-01 00:00:00,LONG,1.283891930901187,1.271053011592175,1.2967308502101988,1.0,1.0,WIN,1,0.40922602859779134,True,1.0,0.7754332106380744,0.001,SYNTHETIC,7
2026-07-01 01:00:00,LONG,1.284014085141337,1.2711739442899237,1.2968542259927505,1.0,1.0,WIN,1,0.06301810241801936,True,0.6547867713393277,2.091269737745616,0.001,SYNTHETIC,5
2026-07-01 02:00:00,LONG,1.2836255268826644,1.2707892716138378,1.296461782151491,1.0,1.0,WIN,1,0.8829894557870983,True,0.5529064170944069,1.9436431777290415,0.001,SYNTHETIC,9
2026-07-01 03:00:00,SHORT,1.2814446208872157,1.2686301746783435,1.2942590670960878,1.0,1.0,WIN,1,-0.20758604039595036,True,-0.9481249597073381,-0.10486824264262462,0.001,SYNTHETIC,3
2026-07-01 04:00:00,SHORT,1.2811620766217893,1.2683504558555714,1.2939736973880072,1.0,1.0,WIN,1,-0.2825523318243772,True,-1.0,-0.9557844181634672,0.001,SYNTHETIC,3
2026-07-01 05:00:00,SHORT,1.2798442518065882,1.2670458092885224,1.292642694324654,1.0,1.0,LOSS,1,-0.74992828829041,True,-1.0,-0.5606102305512105,0.001,SYNTHETIC,0
2026-07-01 06:00:00,SHORT,1.2781351561992877,1.265353804637295,1.2909165077612805,1.0,1.0,WIN,1,-0.1425549926940482,True,-1.0,-0.2984894792210987,0.001,SYNTHETIC,4
2026-07-01 07:00:00,SHORT,1.2778832216101992,1.2651043893940972,1.2906620538263012,1.0,1.0,WIN,1,-0.25511762353014844,True,-1.0,0.06257445324614763,0.001,SYNTHETIC,3
2026-07-01 08:00:00,SHORT,1.2773248219184523,1.2645515736992679,1.2900980701376368,1.0,1.0,WIN,1,-0.45587312544859554,True,-1.0,2.1742635715966943,0.001,SYNTHETIC,2
2026-07-01 09:00:00,SHORT,1.27542846499081,1.262674180340902,1.288182749640718,1.0,1.0,WIN,1,-1.0,True,-1.0,1.9828160766149048,0.001,SYNTHETIC,0
2026-07-01 10:00:00,SHORT,1.2752611321275897,1.2625085208063138,1.2880137434488657,1.0,1.0,LOSS,1,-0.5059760007433484,True,-1.0,2.6453903658386153,0.001,SYNTHETIC,1
2026-07-01 11:00:00,SHORT,1.2765450334165764,1.2637795830824106,1.2893104837507423,1.0,1.0,WIN,1,0.14784174306479653,False,-0.7422749423696341,-1.4635095712263546,0.001,SYNTHETIC,5
2026-07-01 12:00:00,SHORT,1.2760171109647995,1.2632569398551514,1.2887772820744476,1.0,1.0,WIN,1,-0.2670543926021434,True,-0.6663384770495112,1.1843959008514358,0.001,SYNTHETIC,3
2026-07-01 13:00:00,SHORT,1.2755615479949736,1.2628059325150238,1.2883171634749233,1.0,1.0,WIN,1,-0.461868528086949,True,-0.6978571399247802,1.7670060357667587,0.001,SYNTHETIC,2
2026-07-01 15:00:00,LONG,1.276073774193524,1.2633130364515888,1.2888345119354592,1.0,1.0,WIN,1,0.14056289820153153,True,0.376677180491353,-0.32532474024856417,0.001,SYNTHETIC,5
2026-07-01 21:00:00,LONG,1.2780070691019416,1.2652269984109221,1.2907871397929611,1.0,1.0,WIN,1,0.6253509932898669,True,0.48516355584931736,-0.527495217599861,0.001,SYNTHETIC,8
2026-07-01 22:00:00,LONG,1.2767107254965442,1.2639436182415786,1.2894778327515097,1.0,1.0,WIN,1,0.5339909225696698,True,0.6112970575476896,2.9183799156855423,0.001,SYNTHETIC,8
2026-07-01 23:00:00,LONG,1.276623647444918,1.2638574109704688,1.2893898839193672,1.0,1.0,WIN,1,0.44400205845907037,True,0.5080009943511434,-0.492912041215494,0.001,SYNTHETIC,7
2026-07-02 02:00:00,SHORT,1.2736554896327101,1.260918934736383,1.2863920445290373,1.0,1.0,WIN,1,-0.6216734554871347,True,-1.0,0.5891337228311775,0.001,SYNTHETIC,1
2026-07-02 03:00:00,SHORT,1.2728825723744286,1.2601537466506842,1.285611398098173,1.0,1.0,WIN,1,-0.25012447906360225,True,-1.0,-0.48261772985542395,0.001,SYNTHETIC,3
2026-07-02 04:00:00,SHORT,1.2722953397818197,1.2595723863840016,1.285018293179638,1.0,1.0,WIN,1,-0.8620611031624843,True,-1.0,0.4563701090440546,0.001,SYNTHETIC,0
2026-07-02 05:00:00,SHORT,1.2723440779798623,1.2596206372000636,1.285067518759661,1.0,1.0,WIN,1,-0.8122325316187629,True,-1.0,-0.2446559108536588,0.001,SYNTHETIC,0
2026-07-02 06:00:00,SHORT,1.2727734613171058,1.2600457267039347,1.285501195930277,1.0,1.0,WIN,1,-0.40814077257022824,True,-1.0,1.9025562472785955,0.001,SYNTHETIC,2
2026-07-02 07:00:00,SHORT,1.2732373157694026,1.2605049426117085,1.2859696889270966,1.0,1.0,WIN,1,-0.41903754201692456,True,-0.3643554876383872,0.3800945734674151,0.001,SYNTHETIC,2
2026-07-02 08:00:00,SHORT,1.270202059986704,1.257500039386837,1.2829040805865712,1.0,1.0,WIN,1,-0.25283169388977,True,-1.0,2.6587175219761194,0.001,SYNTHETIC,3
2026-07-02 11:00:00,SHORT,1.271614460339786,1.2588983157363882,1.284330604943184,1.0,1.0,WIN,1,-0.14794730953610258,True,-0.4927375578626439,1.8006374729316312,0.001,SYNTHETIC,4
2026-07-02 12:00:00,SHORT,1.2712783755840487,1.2585655918282082,1.2839911593398892,1.0,1.0,WIN,1,-0.4940432175784085,True,-0.698829628418331,1.4574187826722194,0.001,SYNTHETIC,1
2026-07-02 13:00:00,LONG,1.271204607965464,1.2584925618858094,1.2839166540451186,1.0,1.0,WIN,1,0.11599983976371363,True,0.37578765732018327,2.234673042194151,0.001,SYNTHETIC,5
2026-07-02 14:00:00,SHORT,1.270911873379137,1.2582027546453456,1.2836209921129282,1.0,1.0,WIN,1,-0.5863202865297316,True,-0.7646336850354901,-0.35250690397058304,0.001,SYNTHETIC,1
2026-07-02 15:00:00,SHORT,1.2705673097134709,1.2578616366163362,1.2832729828106055,1.0,1.0,WIN,1,-0.4084092822879529,True,-0.805655741184564,1.8767890029859244,0.001,SYNTHETIC,2
2026-07-02 16:00:00,SHORT,1.270024394072415,1.2573241501316907,1.2827246380131392,1.0,1.0,LOSS,1,-0.6554374566431451,True,-0.7338625692335343,1.4565944414257603,0.001,SYNTHETIC,1
2026-07-02 17:00:00,SHORT,1.2690461673254605,1.256355705652206,1.281736628998715,1.0,1.0,WIN,1,-0.5520504343016397,True,-0.9699962177050443,2.039359954533851,0.001,SYNTHETIC,1
2026-07-02 18:00:00,SHORT,1.2678105798834498,1.2551324740846153,1.2804886856822844,1.0,1.0,WIN,1,-0.27545269766143526,True,-1.0,0.5227520894821756,0.001,SYNTHETIC,3
2026-07-02 19:00:00,SHORT,1.2662353027831457,1.2535729497553143,1.278897655810977,1.0,1.0,WIN,1,-0.8410253237182013,True,-1.0,-1.0001762497079272,0.001,SYNTHETIC,0
2026-07-02 20:00:00,SHORT,1.2663891458031393,1.2537252543451078,1.2790530372611708,1.0,1.0,WIN,1,-0.6461208235933682,True,-1.0,2.5803450907784744,0.001,SYNTHETIC,1
2026-07-02 21:00:00,SHORT,1.266557866861435,1.2538922881928207,1.2792234455300493,1.0,1.0,WIN,1,-0.3445212770045153,True,-1.0,3.1118878342292184,0.001,SYNTHETIC,2
2026-07-02 22:00:00,SHORT,1.2667308243541882,1.2540635161106464,1.27939813259773,1.0,1.0,WIN,1,-1.0,True,-0.78720966417786,2.436155327081774,0.001,SYNTHETIC,0
2026-07-03 00:00:00,LONG,1.2676566848922504,1.2549801180433278,1.280333251741173,1.0,1.0,WIN,1,0.6055232469207065,True,0.5838917454228528,2.446768993460502,0.001,SYNTHETIC,8
2026-07-03 02:00:00,LONG,1.2678182891662388,1.2551401062745764,1.2804964720579013,1.0,1.0,WIN,1,-0.4283579905416607,False,0.40580149887572964,2.969768470379197,0.001,SYNTHETIC,2
2026-07-03 03:00:00,SHORT,1.2659701357445416,1.2533104343870962,1.278629837101987,1.0,1.0,WIN,1,-0.18136004991461924,True,-0.38049065222967543,1.8606350027719403,0.001,SYNTHETIC,3
2026-07-03 04:00:00,SHORT,1.2654747510084476,1.2528200034983632,1.278129498518532,1.0,1.0,WIN,1,-0.8360732587706345,True,-1.0,0.9297129544921665,0.001,SYNTHETIC,0
2026-07-03 05:00:00,SHORT,1.263517550874201,1.250882375365459,1.2761527263829429,1.0,1.0,LOSS,1,-0.21155201294047649,True,-1.0,-0.06153847369790644,0.001,SYNTHETIC,3
2026-07-03 06:00:00,SHORT,1.2648259976907883,1.2521777377138803,1.2774742576676963,1.0,1.0,LOSS,1,-0.36488860646485094,True,-0.9661785102087147,0.6784039215580419,0.001,SYNTHETIC,2
2026-07-03 07:00:00,SHORT,1.2655732818310526,1.252917549012742,1.2782290146493631,1.0,1.0,WIN,1,-0.4246870549769459,True,-0.9234015197562542,-2.5653820935738607,0.001,SYNTHETIC,2
2026-07-03 09:00:00,LONG,1.2662789691776175,1.2536161794858414,1.2789417588693937,1.0,1.0,WIN,1,0.8193849900907395,True,0.6787653963078673,0.05700382068579718,0.001,SYNTHETIC,9
2026-07-03 10:00:00,LONG,1.2658445525519106,1.2531861070263914,1.2785029980774298,1.0,1.0,WIN,1,0.5829545311112976,True,0.7138378017895841,0.20746664669805376,0.001,SYNTHETIC,8
2026-07-03 11:00:00,LONG,1.2659568918122015,1.2532973228940796,1.2786164607303234,1.0,1.0,WIN,1,0.3848016689418186,True,0.4077038524712498,-1.5016829233776607,0.001,SYNTHETIC,7
2026-07-03 14:00:00,SHORT,1.265853062774762,1.2531945321470144,1.2785115934025095,1.0,1.0,LOSS,1,0.19200360591313262,False,-0.386835509597189,-0.5632003235542803,0.001,SYNTHETIC,6
2026-07-03 17:00:00,LONG,1.2665245623631647,1.253859316739533,1.2791898079867963,1.0,1.0,WIN,1,0.11381609402413795,True,0.3215099938514359,1.2956247519079631,0.001,SYNTHETIC,5
2026-07-03 18:00:00,SHORT,1.265393858265756,1.2527399196830984,1.2780477968484136,1.0,1.0,LOSS,1,-0.7203000583723567,True,-0.31388075292056233,0.11333330408371145,0.001,SYNTHETIC,0
2026-07-03 20:00:00,SHORT,1.2635034546077581,1.2508684200616806,1.2761384891538357,1.0,1.0,WIN,1,-0.8338761466631398,True,-0.573062299581806,2.5687420005687476,0.001,SYNTHETIC,0
2026-07-03 21:00:00,SHORT,1.26088104501666,1.2482722345664934,1.2734898554668268,1.0,1.0,WIN,1,-0.7899561800037724,True,-1.0,1.8394544912778725,0.001,SYNTHETIC,0
2026-07-03 22:00:00,SHORT,1.2609039834390545,1.248294943604664,1.273513023273445,1.0,1.0,WIN,1,-0.6358473891284364,True,-1.0,0.8688413191974236,0.001,SYNTHETIC,1
2026-07-03 23:00:00,SHORT,1.2611959712668916,1.2485840115542228,1.2738079309795605,1.0,1.0,WIN,1,-1.0,True,-1.0,-1.6287025825676347,0.001,SYNTHETIC,0
2026-07-04 00:00:00,SHORT,1.2609884948068382,1.2483786098587697,1.2735983797549066,1.0,1.0,WIN,1,-0.8301867868411124,True,-1.0,0.7049748351801126,0.001,SYNTHETIC,0
2026-07-04 01:00:00,SHORT,1.259692205720938,1.2470952836637288,1.2722891277781474,1.0,1.0,WIN,1,-0.42655397276479057,True,-1.0,0.9333558157141165,0.001,SYNTHETIC,2
2026-07-04 02:00:00,SHORT,1.2590871383895998,1.2464962670057038,1.2716780097734959,1.0,1.0,WIN,1,-0.5684855039923786,True,-0.9289802930634351,1.1322550654208812,0.001,SYNTHETIC,1
2026-07-04 03:00:00,SHORT,1.2559758986344796,1.2434161396481347,1.2685356576208244,1.0,1.0,WIN,1,-0.5792458621175453,True,-1.0,2.0689731572223615,0.001,SYNTHETIC,1
2026-07-04 04:00:00,SHORT,1.2575779461866534,1.2450021667247868,1.27015372564852,1.0,1.0,LOSS,1,-0.774501935296577,True,-1.0,2.0351114873097327,0.001,SYNTHETIC,0
2026-07-04 05:00:00,SHORT,1.2559723690768194,1.2434126453860512,1.2685320927675876,1.0,1.0,WIN,1,-0.48614560287263314,True,-1.0,-0.6085643151431742,0.001,SYNTHETIC,1
2026-07-04 06:00:00,SHORT,1.2572275935525978,1.2446553176170718,1.2697998694881238,1.0,1.0,WIN,1,-0.5202345004591571,True,-0.8453201858003548,0.37542908037591416,0.001,SYNTHETIC,1
2026-07-04 07:00:00,SHORT,1.2579541714549856,1.2453746297404358,1.2705337131695353,1.0,1.0,WIN,1,-0.6446186439433929,True,-0.3046580472757656,1.313685490169529,0.001,SYNTHETIC,1
2026-07-04 09:00:00,SHORT,1.2562171901956667,1.24365501829371,1.2687793620976233,1.0,1.0,WIN,1,-0.770815009471558,True,-0.7964829227922318,0.43711973668952414,0.001,SYNTHETIC,0
2026-07-04 11:00:00,SHORT,1.2544755948263075,1.2419308388780446,1.2670203507745705,1.0,1.0,LOSS,1,-0.6174520204095812,True,-1.0,2.3998700563537247,0.001,SYNTHETIC,1
2026-07-04 12:00:00,SHORT,1.2543933235972038,1.2418493903612318,1.2669372568331758,1.0,1.0,WIN,1,0.2564573292192358,False,-1.0,-0.08000213378329146,0.001,SYNTHETIC,6
2026-07-04 13:00:00,SHORT,1.254253617993894,1.241711081813955,1.2667961541738328,1.0,1.0,WIN,1,-0.20992923904356436,True,-1.0,3.2385671281680963,0.001,SYNTHETIC,3
2026-07-04 14:00:00,SHORT,1.2514576661001489,1.2389430894391473,1.2639722427611504,1.0,1.0,WIN,1,-0.5390807525861506,True,-1.0,-0.21904029878718956,0.001,SYNTHETIC,1
2026-07-04 15:00:00,SHORT,1.2492931485558978,1.2368002170703387,1.2617860800414569,1.0,1.0,WIN,1,-0.3261563500328244,True,-1.0,1.793238823034041,0.001,SYNTHETIC,2
2026-07-04 16:00:00,SHORT,1.2499845248163217,1.2374846795681584,1.262484370064485,1.0,1.0,LOSS,1,-1.0,True,-1.0,-0.1746770682850839,0.001,SYNTHETIC,0
2026-07-04 17:00:00,SHORT,1.2488646606997733,1.2363760140927755,1.261353307306771,1.0,1.0,WIN,1,-0.21128617792707333,True,-1.0,0.940817584493425,0.001,SYNTHETIC,3
2026-07-04 18:00:00,SHORT,1.248098919181827,1.2356179299900087,1.2605799083736453,1.0,1.0,LOSS,1,-0.7460871491472476,True,-1.0,-1.4898222516294188,0.001,SYNTHETIC,0
2026-07-04 19:00:00,SHORT,1.2491777494072445,1.236685971913172,1.261669526901317,1.0,1.0,WIN,1,-0.47308008888669395,True,-1.0,-0.9354315495739958,0.001,SYNTHETIC,2
2026-07-04 23:00:00,LONG,1.2484682155978892,1.2359835334419103,1.2609528977538682,1.0,1.0,WIN,1,0.18189258619782453,True,0.3176855073916782,2.9113474106057264,0.001,SYNTHETIC,6
2026-07-05 00:00:00,SHORT,1.2476317563299129,1.2351554387666137,1.260108073893212,1.0,1.0,WIN,1,-0.27375923253548756,True,-0.5313689365973997,2.3745230408961104,0.001,SYNTHETIC,3
2026-07-05 01:00:00,SHORT,1.2474537115101065,1.2349791743950054,1.2599282486252077,1.0,1.0,WIN,1,-0.4627503068547968,True,-0.9243098392267766,-0.4264914825531789,0.001,SYNTHETIC,2
2026-07-05 02:00:00,SHORT,1.2479724226457913,1.2354926984193335,1.2604521468722492,1.0,1.0,WIN,1,-0.7792553301349308,True,-0.5831010357809957,-0.4442195845049366,0.001,SYNTHETIC,0
2026-07-05 04:00:00,SHORT,1.2458637155020376,1.2334050783470172,1.258322352657058,1.0,1.0,WIN,1,-0.430405901279597,True,-1.0,0.024427974232580585,0.001,SYNTHETIC,2
2026-07-05 05:00:00,SHORT,1.2447501666539034,1.2323026649873643,1.2571976683204424,1.0,1.0,WIN,1,-0.32912147678639087,True,-0.920783360955061,1.396667697659685,0.001,SYNTHETIC,2
2026-07-05 06:00:00,SHORT,1.2439462916054993,1.2315068286894444,1.2563857545215542,1.0,1.0,WIN,1,-0.6019973332385182,True,-1.0,1.3625070847073348,0.001,SYNTHETIC,1
2026-07-05 07:00:00,SHORT,1.2436048881725945,1.2311688392908686,1.2560409370543204,1.0,1.0,WIN,1,-0.7622464083672864,True,-1.0,1.5128126222344658,0.001,SYNTHETIC,0
2026-07-05 08:00:00,SHORT,1.2441974755746872,1.2317555008189403,1.2566394503304341,1.0,1.0,WIN,1,-0.4546892807089476,True,-1.0,2.018110411016533,0.001,SYNTHETIC,2
2026-07-05 12:00:00,LONG,1.244983542087305,1.232533706666432,1.257433377508178,1.0,1.0,WIN,1,0.6804432017757303,True,0.47467296115733143,1.87899393851873,0.001,SYNTHETIC,9
2026-07-05 13:00:00,LONG,1.2453515542223703,1.2328980386801467,1.257805069764594,1.0,1.0,LOSS,1,-0.33045316556251303,False,0.39901102292694923,2.0959883711547036,0.001,SYNTHETIC,2
2026-07-05 14:00:00,LONG,1.245979433979243,1.2335196396394505,1.2584392283190353,1.0,1.0,WIN,1,0.014441510474089675,True,0.30513390543405505,1.6561640352772358,0.001,SYNTHETIC,5
2026-07-05 15:00:00,LONG,1.2456147509553739,1.2331586034458202,1.2580708984649276,1.0,1.0,WIN,1,0.41511457742237623,True,0.6287388828721319,2.3807194022702527,0.001,SYNTHETIC,7
2026-07-05 16:00:00,LONG,1.2450635460090476,1.2326129105489572,1.257514181469138,1.0,1.0,WIN,1,0.058046041714422195,True,0.35626347487630466,1.8931218687755198,0.001,SYNTHETIC,5
2026-07-05 17:00:00,SHORT,1.243695050412006,1.231258099907886,1.2561320009161259,1.0,1.0,WIN,1,-0.3468077505045577,True,-0.6673194109616738,0.3450578849078436,0.001,SYNTHETIC,2
2026-07-05 18:00:00,SHORT,1.241795424835703,1.229377470587346,1.2542133790840602,1.0,1.0,WIN,1,-1.0,True,-1.0,0.6353532551428283,0.001,SYNTHETIC,0
2026-07-05 19:00:00,SHORT,1.24193502105624,1.2295156708456776,1.2543543712668026,1.0,1.0,WIN,1,-0.22573609970500863,True,-1.0,2.685599436652456,0.001,SYNTHETIC,3
2026-07-05 20:00:00,SHORT,1.2427742348124886,1.2303464924643637,1.2552019771606135,1.0,1.0,WIN,1,-1.0,True,-1.0,0.840740023412892,0.001,SYNTHETIC,0
2026-07-05 22:00:00,LONG,1.2454453964179504,1.2329909424537708,1.25789985038213,1.0,1.0,WIN,1,0.11033259460168116,True,0.8294676597783498,-0.3365464073827311,0.001,SYNTHETIC,5
2026-07-05 23:00:00,LONG,1.246329730710458,1.2338664334033533,1.2587930280175625,1.0,1.0,LOSS,1,0.4707398138693602,True,1.0,2.7453780719716674,0.001,SYNTHETIC,7
2026-07-06 00:00:00,LONG,1.2461394892621753,1.2336780943695536,1.258600884154797,1.0,1.0,WIN,1,0.013182393446342255,True,1.0,1.2849648609890625,0.001,SYNTHETIC,5
2026-07-06 01:00:00,LONG,1.2439654861060705,1.2315258312450097,1.2564051409671313,1.0,1.0,LOSS,1,-0.08301655903714084,False,0.4702022223646165,2.2534175698364107,0.001,SYNTHETIC,4
2026-07-06 04:00:00,SHORT,1.2444876319887563,1.2320427556688687,1.256932508308644,1.0,1.0,WIN,1,-0.14559954767996497,True,-0.5513272825787671,1.9736017050062702,0.001,SYNTHETIC,4
2026-07-06 06:00:00,LONG,1.24564363556982,1.2331871992141217,1.2581000719255182,1.0,1.0,WIN,1,0.21341733626418594,True,0.4591362872627096,1.87471879862948,0.001,SYNTHETIC,6
2026-07-06 07:00:00,LONG,1.2463333212774252,1.233869988064651,1.2587966544901994,1.0,1.0,WIN,1,0.27853188030435894,True,0.638583724395539,0.999298625582895,0.001,SYNTHETIC,6
2026-07-06 08:00:00,LONG,1.2470988381406525,1.234627849759246,1.259569826522059,1.0,1.0,WIN,1,0.2614188587280831,True,1.0,2.3326583314667397,0.001,SYNTHETIC,6
2026-07-06 09:00:00,LONG,1.2478408069841118,1.2353623989142708,1.2603192150539528,1.0,1.0,WIN,1,0.48467686876464244,True,1.0,1.6949840700796601,0.001,SYNTHETIC,8
2026-07-06 10:00:00,LONG,1.248284198921696,1.235801356932479,1.2607670409109129,1.0,1.0,WIN,1,-0.06763758784687535,False,1.0,-0.06968878241585344,0.001,SYNTHETIC,4
2026-07-06 11:00:00,LONG,1.2490085446770125,1.2365184592302423,1.2614986301237827,1.0,1.0,WIN,1,0.6315826233008395,True,1.0,-2.129840377836152,0.001,SYNTHETIC,8
2026-07-06 12:00:00,LONG,1.248438771143066,1.2359543834316353,1.2609231588544967,1.0,1.0,WIN,1,0.2455435112453827,True,0.7307826530226511,1.5592870652597504,0.001,SYNTHETIC,6
2026-07-06 13:00:00,LONG,1.248452922103267,1.2359683928822343,1.2609374513242997,1.0,1.0,WIN,1,0.1773448922985384,True,0.5090214196911634,0.5689617360875743,0.001,SYNTHETIC,6
2026-07-06 16:00:00,SHORT,1.2463999283938456,1.2339359291099072,1.258863927677784,1.0,1.0,WIN,1,-0.5519395908511463,True,-0.9128756682656256,-0.19218831529858438,0.001,SYNTHETIC,1
2026-07-06 17:00:00,SHORT,1.2464258184517734,1.2339615602672556,1.2588900766362912,1.0,1.0,WIN,1,-0.6367760955477992,True,-0.6036005736283784,0.5498179048349572,0.001,SYNTHETIC,1
2026-07-06 18:00:00,SHORT,1.2453620800045209,1.2329084592044757,1.257815700804566,1.0,1.0,WIN,1,-0.10140157856372273,True,-1.0,1.7850540860811703,0.001,SYNTHETIC,4
2026-07-06 19:00:00,SHORT,1.2461793506541283,1.2337175571475871,1.2586411441606695,1.0,1.0,WIN,1,-0.6317354532221438,True,-0.45939770528767626,0.4764586268248907,0.001,SYNTHETIC,1
2026-07-06 20:00:00,SHORT,1.2459408760508284,1.23348146729032,1.2584002848113367,1.0,1.0,WIN,1,-0.26545801024492366,True,-0.908536162050538,0.8937554112676904,0.001,SYNTHETIC,3
2026-07-06 21:00:00,SHORT,1.2438630942257254,1.231424463283468,1.2563017251679827,1.0,1.0,WIN,1,-0.9792181832619096,True,-1.0,1.4219135577455018,0.001,SYNTHETIC,0
2026-07-06 22:00:00,SHORT,1.2442963245635141,1.231853361317879,1.2567392878091492,1.0,1.0,WIN,1,-0.22463800905646242,True,-1.0,2.2279553317178302,0.001,SYNTHETIC,3
2026-07-06 23:00:00,SHORT,1.243984164092242,1.2315443224513196,1.2564240057331644,1.0,1.0,WIN,1,-0.1494964256201033,True,-0.9053533629703477,-0.38192348653288394,0.001,SYNTHETIC,4
2026-07-07 00:00:00,SHORT,1.2439232474046353,1.231484014930589,1.2563624798786817,1.0,1.0,WIN,1,-0.9589292961459568,True,-0.770292086378833,1.5136725511219433,0.001,SYNTHETIC,0
2026-07-07 01:00:00,SHORT,1.243441877058728,1.2310074582881407,1.2558762958293155,1.0,1.0,WIN,1,-0.24286565766599957,True,-0.75533234694476,0.9343001073750595,0.001,SYNTHETIC,3
2026-07-07 03:00:00,SHORT,1.2430508420529338,1.2306203336324044,1.2554813504734632,1.0,1.0,LOSS,1,-0.039855487999241074,True,-0.5015405588100978,1.2221575301253793,0.001,SYNTHETIC,4
2026-07-07 04:00:00,SHORT,1.242095785367528,1.2296748275138527,1.2545167432212034,1.0,1.0,WIN,1,-0.1432456244931044,True,-0.5056354139972,-0.5363253984033329,0.001,SYNTHETIC,4
2026-07-07 05:00:00,SHORT,1.2418560246667196,1.2294374644200525,1.2542745849133867,1.0,1.0,LOSS,1,-0.7886947078370667,True,-1.0,-1.49034107029141,0.001,SYNTHETIC,0
2026-07-07 06:00:00,SHORT,1.242573200571483,1.230147468565768,1.2549989325771977,1.0,1.0,WIN,1,-0.4175288389746965,True,-0.7047178974674705,0.2843334345081536,0.001,SYNTHETIC,2
2026-07-07 09:00:00,LONG,1.2443824291079448,1.2319386048168655,1.2568262533990242,1.0,1.0,WIN,1,0.38328030465207497,True,0.5728458342934465,-0.2688397027611453,0.001,SYNTHETIC,7
2026-07-07 11:00:00,SHORT,1.24016891229696,1.2277672231739902,1.2525706014199296,1.0,1.0,WIN,1,-0.7849374145102702,True,-0.9754231437041535,3.4373645952301923,0.001,SYNTHETIC,0
2026-07-07 12:00:00,SHORT,1.2391768035667434,1.2267850355310759,1.251568571602411,1.0,1.0,WIN,1,-0.9250359941347439,True,-1.0,1.0122127694022565,0.001,SYNTHETIC,0
2026-07-07 13:00:00,SHORT,1.2373045115554253,1.224931466439871,1.2496775566709797,1.0,1.0,WIN,1,-0.8798307000953374,True,-1.0,0.19027538336075572,0.001,SYNTHETIC,0
2026-07-07 14:00:00,SHORT,1.2357803580257827,1.2234225544455248,1.2481381616060405,1.0,1.0,WIN,1,-0.3815085915270801,True,-1.0,0.559874025142955,0.001,SYNTHETIC,2
2026-07-07 15:00:00,SHORT,1.2359779012760508,1.2236181222632903,1.2483376802888113,1.0,1.0,WIN,1,-0.8823811318975082,True,-1.0,0.3752576028070702,0.001,SYNTHETIC,0
2026-07-07 16:00:00,SHORT,1.2355258469032155,1.2231705884341835,1.2478811053722476,1.0,1.0,WIN,1,-0.540608012189623,True,-1.0,2.3638527377938994,0.001,SYNTHETIC,1
2026-07-07 17:00:00,SHORT,1.235458446192629,1.2231038617307026,1.2478130306545554,1.0,1.0,WIN,1,-0.08861858110903398,True,-1.0,0.8455642659251027,0.001,SYNTHETIC,4
2026-07-07 18:00:00,SHORT,1.2361005427116198,1.2237395372845037,1.248461548138736,1.0,1.0,LOSS,1,-0.2742209550928807,True,-0.5176570355405827,1.7551510119718126,0.001,SYNTHETIC,3
2026-07-07 20:00:00,LONG,1.236592895422063,1.2242269664678425,1.2489588243762837,1.0,1.0,WIN,1,0.20828301117017597,True,0.34132021871232054,2.436312926843565,0.001,SYNTHETIC,6
2026-07-07 21:00:00,LONG,1.2359870004508875,1.2236271304463786,1.2483468704553964,1.0,1.0,WIN,1,0.1797795713708009,True,0.4007628551825971,0.5376775709464363,0.001,SYNTHETIC,6
2026-07-08 00:00:00,SHORT,1.2347842569460812,1.2224364143766204,1.247132099515542,1.0,1.0,WIN,1,-0.10074158128480767,True,-0.43954447787180073,0.3573295053659654,0.001,SYNTHETIC,4
2026-07-08 01:00:00,SHORT,1.233804317845899,1.22146627466744,1.246142361024358,1.0,1.0,WIN,1,0.11013475352977109,False,-1.0,1.2622847256302063,0.001,SYNTHETIC,5
2026-07-08 02:00:00,SHORT,1.2335443586361674,1.2212089150498058,1.245879802222529,1.0,1.0,WIN,1,-0.36340942895673733,True,-1.0,2.0841506677474113,0.001,SYNTHETIC,2
2026-07-08 03:00:00,SHORT,1.2326259235803452,1.2202996643445416,1.2449521828161487,1.0,1.0,WIN,1,-0.7301993878124132,True,-1.0,-0.4844139122852006,0.001,SYNTHETIC,0
2026-07-08 04:00:00,SHORT,1.232191208937442,1.2198692968480676,1.2445131210268165,1.0,1.0,WIN,1,0.18649089826858012,False,-1.0,0.6301743718580053,0.001,SYNTHETIC,6
2026-07-08 05:00:00,SHORT,1.2319279596985517,1.2196086801015662,1.2442472392955373,1.0,1.0,WIN,1,-0.5374454052035651,True,-1.0,0.4300495727266241,0.001,SYNTHETIC,1
2026-07-08 06:00:00,SHORT,1.2326189004703674,1.2202927114656636,1.244945089475071,1.0,1.0,WIN,1,-0.6746643348040707,True,-0.7163933304735385,0.12742672956593604,0.001,SYNTHETIC,0
2026-07-08 07:00:00,SHORT,1.231432115443826,1.2191177942893876,1.2437464365982642,1.0,1.0,WIN,1,0.19711859908898033,False,-1.0,-0.32184311879189703,0.001,SYNTHETIC,6
2026-07-08 08:00:00,SHORT,1.2306394039785273,1.2183330099387422,1.2429457980183125,1.0,1.0,WIN,1,-0.6374754542059442,True,-0.8350807767036007,-2.208703654528448,0.001,SYNTHETIC,1
2026-07-08 11:00:00,LONG,1.2338825594932947,1.2215437338983617,1.2462213850882278,1.0,1.0,WIN,1,0.32004633186204073,True,0.5413168157307585,1.1971229253841202,0.001,SYNTHETIC,7
2026-07-08 12:00:00,LONG,1.2348747189753382,1.2225259717855848,1.2472234661650916,1.0,1.0,WIN,1,0.7792584192346661,True,1.0,-1.8622332894289126,0.001,SYNTHETIC,9
2026-07-08 13:00:00,LONG,1.2358546480496753,1.2234961015691785,1.248213194530172,1.0,1.0,WIN,1,-0.29463748410645607,False,1.0,1.8968480796227032,0.001,SYNTHETIC,3
2026-07-08 14:00:00,LONG,1.2339158961663665,1.2215767372047028,1.2462550551280303,1.0,1.0,WIN,1,0.7779501455934505,True,1.0,2.4577216410295035,0.001,SYNTHETIC,9
2026-07-08 15:00:00,LONG,1.2346390790057569,1.2222926882156993,1.2469854697958145,1.0,1.0,WIN,1,0.33363961930111075,True,1.0,2.704192443216048,0.001,SYNTHETIC,7
2026-07-08 17:00:00,SHORT,1.2333279045499834,1.2209946255044837,1.2456611835954832,1.0,1.0,WIN,1,0.30755924712269633,False,-0.4139965923073976,0.145143921761139,0.001,SYNTHETIC,6
2026-07-08 18:00:00,SHORT,1.233401682817621,1.2210676659894448,1.2457356996457973,1.0,1.0,WIN,1,-0.34246513887963353,True,-0.812915173680667,-0.5217193132958147,0.001,SYNTHETIC,2
2026-07-08 21:00:00,SHORT,1.233780178520978,1.2214423767357683,1.246117980306188,1.0,1.0,WIN,1,0.07792212364395121,False,-0.30234130304149887,-0.9410205492415484,0.001,SYNTHETIC,5
2026-07-09 00:00:00,SHORT,1.2333547356416392,1.2210211882852229,1.2456882829980556,1.0,1.0,LOSS,1,0.12564359025661367,False,-0.39948361392851833,4.429354924262101,0.001,SYNTHETIC,5
2026-07-09 01:00:00,SHORT,1.232529855297909,1.2202045567449298,1.244855153850888,1.0,1.0,WIN,1,0.10022234534975055,False,-0.7277751476257106,1.1864896563987009,0.001,SYNTHETIC,5
2026-07-09 02:00:00,SHORT,1.2319642684104772,1.2196446257263724,1.244283911094582,1.0,1.0,WIN,1,-0.07834934665116028,True,-0.457336642042676,-1.6144022995197833,0.001,SYNTHETIC,4
2026-07-09 03:00:00,SHORT,1.2326059260740703,1.2202798668133295,1.244931985334811,1.0,1.0,WIN,1,-0.4269197902307782,True,-0.447422126838647,-0.8273556442182901,0.001,SYNTHETIC,2
2026-07-09 04:00:00,SHORT,1.231870007127881,1.2195513070566022,1.2441887071991597,1.0,1.0,WIN,1,-0.651274291224482,True,-0.6111851137088578,1.9979573346717117,0.001,SYNTHETIC,1
2026-07-09 06:00:00,SHORT,1.231544741857097,1.2192292944385261,1.243860189275668,1.0,1.0,WIN,1,-0.5341279511978556,True,-0.5252656904219927,1.051215679400155,0.001,SYNTHETIC,1
2026-07-09 07:00:00,SHORT,1.2308272907805993,1.2185190178727934,1.2431355636884052,1.0,1.0,WIN,1,0.11567187907681892,False,-0.6792411844801133,0.8124626715744481,0.001,SYNTHETIC,5
2026-07-09 08:00:00,SHORT,1.2312995888654281,1.2189865929767738,1.2436125847540824,1.0,1.0,WIN,1,-0.3031615004569052,True,-0.8406297955992734,2.199155224276819,0.001,SYNTHETIC,3
2026-07-09 10:00:00,SHORT,1.2312222796146675,1.2189100568185207,1.2435345024108142,1.0,1.0,WIN,1,-0.5954780492929597,True,-1.0,0.1579873052667886,0.001,SYNTHETIC,1
2026-07-09 15:00:00,LONG,1.23253786678988,1.2202124881219814,1.2448632454577788,1.0,1.0,WIN,1,0.4844897565042555,True,0.5912805785599857,1.0876155750530427,0.001,SYNTHETIC,8
2026-07-09 16:00:00,LONG,1.2336671938019854,1.2213305218639656,1.2460038657400052,1.0,1.0,WIN,1,0.7191665858211402,True,0.9714549020296058,1.0780179576133246,0.001,SYNTHETIC,9
2026-07-09 17:00:00,LONG,1.232302806792231,1.2199797787243087,1.2446258348601533,1.0,1.0,WIN,1,0.4384261158700748,True,0.4095900619245168,2.466666094554405,0.001,SYNTHETIC,7
2026-07-09 18:00:00,LONG,1.2316425883136781,1.2193261624305414,1.2439590141968149,1.0,1.0,WIN,1,0.027829764494550963,True,0.471813337363098,2.1477247859653095,0.001,SYNTHETIC,5
2026-07-09 20:00:00,SHORT,1.2296555669814186,1.2173590113116044,1.241952122651233,1.0,1.0,WIN,1,-0.45229529404070057,True,-0.970809366897264,3.3380157241094834,0.001,SYNTHETIC,2
2026-07-09 21:00:00,SHORT,1.2307188463970327,1.2184116579330624,1.243026034861003,1.0,1.0,WIN,1,0.08316653902583693,False,-1.0,1.9314749511536207,0.001,SYNTHETIC,5
2026-07-09 22:00:00,SHORT,1.229342993802421,1.2170495638643968,1.2416364237404451,1.0,1.0,WIN,1,-0.8471275395746998,True,-1.0,0.6087882349579925,0.001,SYNTHETIC,0
2026-07-09 23:00:00,SHORT,1.2299975960401812,1.2176976200797793,1.242297572000583,1.0,1.0,WIN,1,-0.5703876852768285,True,-0.7036250367007774,0.9281592976908088,0.001,SYNTHETIC,1
2026-07-10 00:00:00,SHORT,1.229254489161768,1.2169619442701503,1.2415470340533858,1.0,1.0,WIN,1,-0.6088793318678046,True,-1.0,-1.0774932399203485,0.001,SYNTHETIC,1
2026-07-10 02:00:00,SHORT,1.2297621813014739,1.217464559488459,1.2420598031144887,1.0,1.0,WIN,1,-0.6464736150349054,True,-0.4175913573592803,1.003802375269841,0.001,SYNTHETIC,1
2026-07-10 07:00:00,SHORT,1.2286411720561825,1.2163547603356206,1.2409275837767444,1.0,1.0,WIN,1,0.08278635931104339,False,-0.33575063113035486,-0.07104149992425712,0.001,SYNTHETIC,5
2026-07-10 11:00:00,SHORT,1.2279778624698774,1.2156980838451785,1.2402576410945763,1.0,1.0,LOSS,1,0.15170244338715233,False,-0.6282286766201454,1.6296700782760694,0.001,SYNTHETIC,5
2026-07-10 13:00:00,SHORT,1.2279028354062744,1.2156238070522116,1.2401818637603372,1.0,1.0,WIN,1,-0.25234723107393386,True,-0.6261451345221191,2.2273631802710545,0.001,SYNTHETIC,3
2026-07-10 14:00:00,SHORT,1.227200475215342,1.2149284704631886,1.2394724799674954,1.0,1.0,WIN,1,-0.31274824128369894,True,-0.9362781390969421,2.9738844505759534,0.001,SYNTHETIC,3
2026-07-10 15:00:00,SHORT,1.227008603953067,1.2147385179135364,1.2392786899925976,1.0,1.0,WIN,1,-0.2801944771344543,True,-0.7827719334561439,-0.4140958424183028,0.001,SYNTHETIC,3
2026-07-10 16:00:00,SHORT,1.2255655061686743,1.2133098511069875,1.2378211612303611,1.0,1.0,WIN,1,-0.5500780380962353,True,-1.0,2.628707173332301,0.001,SYNTHETIC,1
2026-07-10 17:00:00,SHORT,1.2273156626832429,1.2150425060564105,1.2395888193100753,1.0,1.0,WIN,1,-0.48536256731371524,True,-0.7281032489631918,2.7073776255727244,0.001,SYNTHETIC,1
2026-07-10 18:00:00,SHORT,1.2267149394617833,1.2144477900671655,1.2389820888564012,1.0,1.0,WIN,1,-0.023200326772685353,True,-0.7198214207260462,2.120330734960907,0.001,SYNTHETIC,4
2026-07-10 22:00:00,SHORT,1.225954873383669,1.2136953246498323,1.2382144221175055,1.0,1.0,WIN,1,-0.6757924255007655,True,-0.5631527481829214,0.6292745054811824,0.001,SYNTHETIC,0
2026-07-11 00:00:00,SHORT,1.2258375880075694,1.2135792121274938,1.238095963887645,1.0,1.0,WIN,1,-0.47620839912717783,True,-0.4277720659995914,2.4440086682267674,0.001,SYNTHETIC,2
2026-07-11 02:00:00,LONG,1.2283073441978847,1.216024270755906,1.2405904176398634,1.0,1.0,WIN,1,0.21603881590484247,True,0.7884497430219839,2.1286914543830235,0.001,SYNTHETIC,6
2026-07-11 03:00:00,LONG,1.2285550716944083,1.216269520977464,1.2408406224113524,1.0,1.0,WIN,1,0.30989156858743316,True,1.0,1.911740763520362,0.001,SYNTHETIC,6
2026-07-11 04:00:00,LONG,1.2277962911633435,1.2155183282517101,1.240074254074977,1.0,1.0,WIN,1,0.23758325406985664,True,0.6599407490236144,1.9186272383519944,0.001,SYNTHETIC,6
2026-07-11 06:00:00,SHORT,1.2256820145401852,1.2134251943947834,1.237938834685587,1.0,1.0,LOSS,1,0.011104271867739823,False,-0.4361072373731009,-0.7292800186195235,0.001,SYNTHETIC,4
2026-07-11 07:00:00,SHORT,1.2259054517623622,1.2136463972447387,1.2381645062799858,1.0,1.0,WIN,1,-0.4590462750549318,True,-0.7711209709176037,0.9482535607189748,0.001,SYNTHETIC,2
2026-07-11 08:00:00,SHORT,1.2268274648481376,1.2145591901996562,1.239095739496619,1.0,1.0,LOSS,1,-0.36350874065818267,True,-0.922629965292922,2.9213817634414845,0.001,SYNTHETIC,2
2026-07-11 09:00:00,SHORT,1.22418795250018,1.211946072975178,1.2364298320251819,1.0,1.0,WIN,1,-0.4977406063854387,True,-1.0,0.9492761455509069,0.001,SYNTHETIC,1
2026-07-11 10:00:00,SHORT,1.2234429258681783,1.2112084966094965,1.23567735512686,1.0,1.0,WIN,1,-0.3378257688521122,True,-1.0,-2.4350434822215545,0.001,SYNTHETIC,2
2026-07-11 11:00:00,SHORT,1.2234555390325281,1.2112209836422028,1.2356900944228535,1.0,1.0,WIN,1,-0.4191124866924507,True,-0.8662301771784175,2.0328023269171243,0.001,SYNTHETIC,2
2026-07-11 12:00:00,SHORT,1.2235930866775042,1.2113571558107292,1.2358290175442792,1.0,1.0,WIN,1,-0.694046532595091,True,-1.0,0.8313668917596146,0.001,SYNTHETIC,0
2026-07-11 13:00:00,SHORT,1.2248970669640142,1.212648096294374,1.2371460376336545,1.0,1.0,WIN,1,-0.6531704287564277,True,-0.7554210659285038,-1.8162575350606833,0.001,SYNTHETIC,1
2026-07-11 15:00:00,LONG,1.226141801266842,1.2138803832541736,1.2384032192795102,1.0,1.0,WIN,1,0.7991487744042334,True,0.8342704548680835,-0.14551838796638528,0.001,SYNTHETIC,9
2026-07-11 16:00:00,LONG,1.226023602836398,1.213763366808034,1.238283838864762,1.0,1.0,WIN,1,0.27269688505445644,True,0.6828685463147538,-0.45116356450352346,0.001,SYNTHETIC,6
2026-07-11 17:00:00,LONG,1.22694207620192,1.2146726554399008,1.2392114969639394,1.0,1.0,WIN,1,0.2897409038515393,True,1.0,2.2924646404125486,0.001,SYNTHETIC,6
2026-07-11 18:00:00,LONG,1.2279233008296833,1.2156440678213865,1.24020253383798,1.0,1.0,WIN,1,0.42314879741852923,True,1.0,0.5103972337045232,0.001,SYNTHETIC,7
2026-07-11 19:00:00,LONG,1.2290987770861144,1.2168077893152531,1.2413897648569756,1.0,1.0,WIN,1,0.3315816467292533,True,1.0,0.3710120471362695,0.001,SYNTHETIC,7
2026-07-11 20:00:00,LONG,1.2270822973176585,1.214811474344482,1.239353120290835,1.0,1.0,WIN,1,0.152211579347771,True,0.7046114701626905,1.3156239903226636,0.001,SYNTHETIC,5
2026-07-11 21:00:00,LONG,1.2279159038783696,1.215636744839586,1.2401950629171532,1.0,1.0,LOSS,1,-0.08827398171216805,False,0.6896087854758148,0.5633992802825425,0.001,SYNTHETIC,4
2026-07-12 00:00:00,SHORT,1.2275463690105182,1.215270905320413,1.2398218327006234,1.0,1.0,WIN,1,-0.5995089144112977,True,-0.5498753345037645,0.8537463946761155,0.001,SYNTHETIC,1
2026-07-12 01:00:00,SHORT,1.2270795443534896,1.2148087489099548,1.2393503397970245,1.0,1.0,WIN,1,-0.4863785658804876,True,-0.44575328160026284,-0.07011698612755501,0.001,SYNTHETIC,1
2026-07-12 02:00:00,SHORT,1.2271883102909307,1.2149164271880213,1.23946019339384,1.0,1.0,WIN,1,-0.4416050848385763,True,-0.3143729729842249,2.3704394740333137,0.001,SYNTHETIC,2
2026-07-12 03:00:00,SHORT,1.2244306954893867,1.2121863885344928,1.2366750024442805,1.0,1.0,WIN,1,-0.9131297106054792,True,-0.9942526409832375,0.29263907750860874,0.001,SYNTHETIC,0
2026-07-12 04:00:00,SHORT,1.225937931006044,1.2136785516959836,1.2381973103161046,1.0,1.0,WIN,1,-0.5904130827786973,True,-0.6074709033738345,-0.6110521947047935,0.001,SYNTHETIC,1
2026-07-12 05:00:00,SHORT,1.2249928529566927,1.2127429244271257,1.2372427814862597,1.0,1.0,WIN,1,-0.5593569286477876,True,-1.0,-0.6127807681451125,0.001,SYNTHETIC,1
2026-07-12 06:00:00,SHORT,1.2245683853017473,1.21232270144873,1.2368140691547647,1.0,1.0,WIN,1,-0.7672830496304085,True,-0.7293314156339138,2.5463682158507313,0.001,SYNTHETIC,0
2026-07-12 07:00:00,SHORT,1.224842856087431,1.2125944275265566,1.2370912846483053,1.0,1.0,WIN,1,-0.4822083256406278,True,-0.881891170802354,0.5571534283337262,0.001,SYNTHETIC,2
2026-07-12 08:00:00,LONG,1.2251877117986285,1.2129358346806423,1.2374395889166148,1.0,1.0,WIN,1,-0.008765653907378962,False,0.404548767661491,1.025525618757039,0.001,SYNTHETIC,4
2026-07-12 09:00:00,SHORT,1.2228789335644379,1.2106501442287936,1.2351077229000822,1.0,1.0,WIN,1,-0.7786946176460885,True,-1.0,-0.07175457852200684,0.001,SYNTHETIC,0
2026-07-12 10:00:00,SHORT,1.2226331344703265,1.2104068031256232,1.2348594658150298,1.0,1.0,LOSS,1,-0.3868373550880602,True,-1.0,0.903183824174646,0.001,SYNTHETIC,2
2026-07-12 11:00:00,SHORT,1.2221691676731283,1.209947475996397,1.2343908593498596,1.0,1.0,WIN,1,-0.6920376815941707,True,-1.0,0.3136763003561286,0.001,SYNTHETIC,0
2026-07-12 12:00:00,SHORT,1.2219223995733655,1.2097031755776317,1.2341416235690992,1.0,1.0,WIN,1,-0.641004159820295,True,-1.0,1.089797563823689,0.001,SYNTHETIC,1
2026-07-12 13:00:00,SHORT,1.2235691881784296,1.2113334962966453,1.235804880060214,1.0,1.0,LOSS,1,-0.11059795699993497,True,-1.0,0.7139938367270806,0.001,SYNTHETIC,4
2026-07-12 17:00:00,LONG,1.224408314793573,1.2121642316456371,1.2366523979415087,1.0,1.0,LOSS,1,0.14842726408314694,True,0.9785353078894728,0.31413564009040773,0.001,SYNTHETIC,5
2026-07-12 22:00:00,SHORT,1.2213635360857222,1.209149900724865,1.2335771714465795,1.0,1.0,WIN,1,-0.4322993145034536,True,-0.902942738908332,-0.5964344575958254,0.001,SYNTHETIC,2
2026-07-12 23:00:00,SHORT,1.2205364674529335,1.2083311027784043,1.2327418321274628,1.0,1.0,WIN,1,-0.04700285541047233,True,-0.849979299714419,2.830455712956131,0.001,SYNTHETIC,4
2026-07-13 00:00:00,SHORT,1.221046217096372,1.2088357549254083,1.2332566792673358,1.0,1.0,WIN,1,-0.7623042178310409,True,-0.3959862069415905,0.11880100790189108,0.001,SYNTHETIC,0
2026-07-13 01:00:00,SHORT,1.2216143459481918,1.20939820248871,1.2338304894076737,1.0,1.0,WIN,1,-0.17525498141675427,True,-0.5001748808694211,1.4331206973258777,0.001,SYNTHETIC,3
2026-07-13 02:00:00,SHORT,1.2211258838230599,1.2089146249848293,1.2333371426612905,1.0,1.0,WIN,1,-0.38040872605489573,True,-0.946781288085152,-0.4055389036920276,0.001,SYNTHETIC,2
2026-07-13 03:00:00,SHORT,1.2179347660211388,1.2057554183609274,1.2301141136813503,1.0,1.0,WIN,1,-0.4033572597263048,True,-1.0,0.2776833504233507,0.001,SYNTHETIC,2
2026-07-13 04:00:00,SHORT,1.2184889820112457,1.2063040921911332,1.2306738718313581,1.0,1.0,WIN,1,-0.9830453497966127,True,-1.0,1.8478038817651739,0.001,SYNTHETIC,0
2026-07-13 05:00:00,SHORT,1.2168771729034125,1.2047084011743783,1.2290459446324467,1.0,1.0,WIN,1,-0.8050737205035421,True,-1.0,1.080781059009055,0.001,SYNTHETIC,0
2026-07-13 06:00:00,SHORT,1.2146508063205808,1.202504298257375,1.2267973143837865,1.0,1.0,WIN,1,-0.5499423266473179,True,-1.0,1.0642005267238244,0.001,SYNTHETIC,1
2026-07-13 07:00:00,SHORT,1.2117694636247163,1.1996517689884691,1.2238871582609634,1.0,1.0,WIN,1,-0.1655625485115566,True,-1.0,2.706460158127591,0.001,SYNTHETIC,4
2026-07-13 08:00:00,SHORT,1.213171322544614,1.2010396093191678,1.22530303577006,1.0,1.0,WIN,1,0.07457934871529848,False,-1.0,-0.10333503708531153,0.001,SYNTHETIC,5
2026-07-13 09:00:00,SHORT,1.212614535325186,1.200488389971934,1.224740680678438,1.0,1.0,WIN,1,-0.6993305754750267,True,-1.0,1.7643503756906245,0.001,SYNTHETIC,0
2026-07-13 10:00:00,SHORT,1.2116013309693547,1.1994853176596612,1.2237173442790483,1.0,1.0,WIN,1,-0.8929540375913287,True,-1.0,1.1173659163038714,0.001,SYNTHETIC,0
2026-07-13 11:00:00,SHORT,1.2132226502020447,1.2010904237000242,1.2253548767040652,1.0,1.0,WIN,1,-0.059789557921620384,True,-0.6090359776983139,0.6109857521447815,0.001,SYNTHETIC,4
2026-07-13 12:00:00,LONG,1.213869857687517,1.2017311591106419,1.2260085562643923,1.0,1.0,WIN,1,1.0,True,0.7878847009848795,3.135526118316133,0.001,SYNTHETIC,9
2026-07-13 13:00:00,LONG,1.2157985144478987,1.2036405293034196,1.2279564995923777,1.0,1.0,WIN,1,0.8320821899903553,True,1.0,-0.9156299278587806,0.001,SYNTHETIC,9
2026-07-13 14:00:00,LONG,1.2140551411451914,1.2019145897337395,1.2261956925566433,1.0,1.0,WIN,1,0.0252372805354239,True,0.4996541954672635,0.6129885859897729,0.001,SYNTHETIC,5
2026-07-13 15:00:00,LONG,1.2133031976421742,1.2011701656657525,1.2254362296185959,1.0,1.0,WIN,1,1.0,True,0.5769874697875572,0.4381736324079427,0.001,SYNTHETIC,9
2026-07-13 16:00:00,SHORT,1.212555478010893,1.200429923230784,1.2246810327910018,1.0,1.0,WIN,1,-0.10913010727015166,True,-0.6303399868216515,2.0477285159006513,0.001,SYNTHETIC,4
2026-07-13 17:00:00,SHORT,1.2114712490708037,1.1993565365800958,1.2235859615615117,1.0,1.0,WIN,1,-0.7262702245055705,True,-0.9779325208561248,2.7676081151687493,0.001,SYNTHETIC,0
2026-07-13 18:00:00,SHORT,1.2114525502456526,1.199338024743196,1.2235670757481092,1.0,1.0,WIN,1,0.0802906499013133,False,-1.0,2.4999088505301668,0.001,SYNTHETIC,5
2026-07-13 19:00:00,SHORT,1.211212849955524,1.1991007214559686,1.2233249784550793,1.0,1.0,WIN,1,-0.7179621566583494,True,-0.9139292264773947,1.067397753358511,0.001,SYNTHETIC,0
2026-07-13 20:00:00,SHORT,1.2107471499492817,1.1986396784497888,1.2228546214487745,1.0,1.0,WIN,1,-0.6268207522615894,True,-0.8809883933260128,0.593297924917256,0.001,SYNTHETIC,1
2026-07-13 22:00:00,LONG,1.211488805800193,1.199373917742191,1.223603693858195,1.0,1.0,WIN,1,0.19013613605844829,True,0.3952154628504494,1.0648302659616038,0.001,SYNTHETIC,6
2026-07-13 23:00:00,LONG,1.2149927277269754,1.2028428004497056,1.2271426550042452,1.0,1.0,WIN,1,0.5111021396014301,True,1.0,0.6345441635294228,0.001,SYNTHETIC,8
2026-07-14 00:00:00,LONG,1.2139858184896102,1.201845960304714,1.2261256766745063,1.0,1.0,WIN,1,0.5033263315936214,True,0.9834377622015645,2.4358923344036834,0.001,SYNTHETIC,8
2026-07-14 01:00:00,LONG,1.2125931433006014,1.2004672118675954,1.2247190747336074,1.0,1.0,WIN,1,0.6279493667568414,True,0.5872107779915864,2.0887536079250877,0.001,SYNTHETIC,8
2026-07-14 02:00:00,LONG,1.213086120452289,1.200955259247766,1.225216981656812,1.0,1.0,WIN,1,-0.4790850377153646,False,0.4364643083962445,0.12293650355404173,0.001,SYNTHETIC,2
2026-07-14 04:00:00,SHORT,1.2135012415692261,1.2013662291535339,1.2256362539849184,1.0,1.0,WIN,1,-0.3058807900717763,True,-0.43763955389524195,2.287369321779649,0.001,SYNTHETIC,3
2026-07-14 05:00:00,SHORT,1.2132518069627474,1.20111928889312,1.2253843250323748,1.0,1.0,LOSS,1,-0.43770792929098284,True,-0.42391823906359616,1.964785704922777,0.001,SYNTHETIC,2
2026-07-14 07:00:00,SHORT,1.2113475649484169,1.1992340892989326,1.2234610405979012,1.0,1.0,WIN,1,-1.0,True,-0.5594884928973306,0.9912231992707415,0.001,SYNTHETIC,0
2026-07-14 09:00:00,SHORT,1.2120911471904912,1.1999702357185862,1.2242120586623961,1.0,1.0,WIN,1,0.08426726392835954,False,-0.6057431071068833,-1.4710449020866156,0.001,SYNTHETIC,5
2026-07-14 10:00:00,SHORT,1.2111209782076489,1.1990097684255723,1.2232321879897254,1.0,1.0,WIN,1,-0.12477449483543193,True,-0.7487819164873876,2.5924892480405544,0.001,SYNTHETIC,4
2026-07-14 15:00:00,SHORT,1.2100485785062984,1.1979480927212354,1.2221490642913615,1.0,1.0,WIN,1,0.13485187308623237,False,-0.350813056306134,1.2501396350160474,0.001,SYNTHETIC,5
2026-07-14 16:00:00,SHORT,1.2107117287149665,1.1986046114278168,1.222818846002116,1.0,1.0,WIN,1,-0.703491347517823,True,-0.8257473620438242,-0.12749241545237333,0.001,SYNTHETIC,0
2026-07-14 17:00:00,SHORT,1.2091626041941426,1.197070978152201,1.221254230236084,1.0,1.0,WIN,1,-0.7115589045743702,True,-0.9041906006311282,2.0129618697482248,0.001,SYNTHETIC,0
2026-07-14 18:00:00,SHORT,1.2099431358409487,1.1978437044825392,1.2220425671993582,1.0,1.0,WIN,1,0.2027778230309369,False,-0.5879911092446546,4.346044850986889,0.001,SYNTHETIC,6
2026-07-14 19:00:00,SHORT,1.2095352968468525,1.1974399438783838,1.221630649815321,1.0,1.0,WIN,1,-0.8627813124490882,True,-1.0,1.4443914584929596,0.001,SYNTHETIC,0
2026-07-14 20:00:00,SHORT,1.2093985956002,1.197304609644198,1.221492581556202,1.0,1.0,WIN,1,-0.007344577989664786,True,-0.30161717528867205,1.5120012284611897,0.001,SYNTHETIC,4
2026-07-14 22:00:00,LONG,1.2114808605225278,1.1993660519173026,1.223595669127753,1.0,1.0,WIN,1,0.26942131303797046,True,0.7190318465002902,-1.4502683732760209,0.001,SYNTHETIC,6
2026-07-14 23:00:00,LONG,1.2109389373725052,1.1988295479987803,1.2230483267462302,1.0,1.0,WIN,1,0.4209470899354751,True,0.49080393943033673,2.1887074193364278,0.001,SYNTHETIC,7
2026-07-15 00:00:00,LONG,1.2106796884737212,1.198572891588984,1.2227864853584585,1.0,1.0,WIN,1,0.3832901419528777,True,0.784559858191023,3.66585916853199,0.001,SYNTHETIC,7
2026-07-15 02:00:00,LONG,1.2117423331439812,1.1996249098125413,1.223859756475421,1.0,1.0,LOSS,1,-0.15597907094170826,False,0.4237649035088308,1.97895857631142,0.001,SYNTHETIC,4
2026-07-15 04:00:00,SHORT,1.2092940930626483,1.1972011521320218,1.2213870339932749,1.0,1.0,WIN,1,-0.21440946247936646,True,-0.7179099520580543,1.3175067546727808,0.001,SYNTHETIC,3
2026-07-15 05:00:00,SHORT,1.2101905218668312,1.1980886166481628,1.2222924270854996,1.0,1.0,WIN,1,0.030233028952479146,False,-0.3576668273264669,0.6693427966338368,0.001,SYNTHETIC,5
2026-07-15 06:00:00,SHORT,1.2089744174150743,1.1968846732409235,1.221064161589225,1.0,1.0,WIN,1,-0.15647513670898305,True,-0.4448379852556837,1.0230398465921475,0.001,SYNTHETIC,4
2026-07-15 07:00:00,SHORT,1.2078784467109003,1.1957996622437912,1.2199572311780094,1.0,1.0,WIN,1,-0.21588267750250623,True,-1.0,0.7363855097261043,0.001,SYNTHETIC,3
2026-07-15 08:00:00,SHORT,1.2068711125846014,1.1948024014587555,1.2189398237104474,1.0,1.0,WIN,1,-0.9971623815713828,True,-1.0,-2.230549421825364,0.001,SYNTHETIC,0
2026-07-15 09:00:00,SHORT,1.2057618742832088,1.1937042555403767,1.2178194930260409,1.0,1.0,WIN,1,-0.6398593851040579,True,-1.0,0.9736242727939123,0.001,SYNTHETIC,1
2026-07-15 10:00:00,SHORT,1.2057863822005486,1.193728518378543,1.217844246022554,1.0,1.0,LOSS,1,0.046805131967855185,False,-1.0,3.5439632671357737,0.001,SYNTHETIC,5
2026-07-15 11:00:00,SHORT,1.2058504997039228,1.1937919947068836,1.217909004700962,1.0,1.0,WIN,1,-0.114959351301884,True,-1.0,0.255791079315885,0.001,SYNTHETIC,4
2026-07-15 12:00:00,SHORT,1.2062785339277677,1.1942157485884901,1.2183413192670454,1.0,1.0,WIN,1,-0.11336119935815622,True,-0.606905297720839,-1.1910147214810585,0.001,SYNTHETIC,4
2026-07-15 16:00:00,LONG,1.2067592015216673,1.1946916095064506,1.218826793536884,1.0,1.0,WIN,1,-0.2743784452207928,False,0.3617073283227518,2.977194320834816,0.001,SYNTHETIC,3
2026-07-15 17:00:00,LONG,1.2075503761554185,1.1954748723938644,1.2196258799169726,1.0,1.0,WIN,1,0.5442815484494938,True,0.49110562866531,1.9180297457037088,0.001,SYNTHETIC,8
2026-07-15 18:00:00,LONG,1.2080818244561835,1.1960010062116218,1.2201626427007453,1.0,1.0,LOSS,1,-0.09396826624012658,False,0.33168951611308656,1.3308709583653726,0.001,SYNTHETIC,4
2026-07-15 21:00:00,SHORT,1.2046663113397051,1.192619648226308,1.2167129744531022,1.0,1.0,LOSS,1,0.04129042633845287,False,-0.8768307465832194,1.1805681136936796,0.001,SYNTHETIC,5
2026-07-15 22:00:00,SHORT,1.205088527650299,1.1930376423737958,1.217139412926802,1.0,1.0,WIN,1,-0.5824689136406358,True,-1.0,0.7450004850362666,0.001,SYNTHETIC,1
2026-07-15 23:00:00,SHORT,1.2057201653057767,1.193662963652719,1.2177773669588345,1.0,1.0,WIN,1,-0.8016949792348804,True,-0.9377881591370548,0.1330176741228366,0.001,SYNTHETIC,0
2026-07-16 00:00:00,SHORT,1.205486491143798,1.1934316262323599,1.217541356055236,1.0,1.0,WIN,1,-0.46586473251935545,True,-0.5186263251962465,0.41989767999159444,0.001,SYNTHETIC,2
2026-07-16 02:00:00,LONG,1.207051437456025,1.1949809230814648,1.2191219518305854,1.0,1.0,WIN,1,0.48233703490715174,True,0.9681358996706653,0.9173229156789899,0.001,SYNTHETIC,8
2026-07-16 03:00:00,LONG,1.206696203031654,1.1946292410013373,1.2187631650619706,1.0,1.0,LOSS,1,0.6500881330134016,True,0.5092888842230041,0.9866154603217272,0.001,SYNTHETIC,8
2026-07-16 04:00:00,LONG,1.2073487640193137,1.1952752763791206,1.2194222516595068,1.0,1.0,WIN,1,0.3515444485598201,True,0.6610033272331955,-0.03731951755248347,0.001,SYNTHETIC,7
2026-07-16 05:00:00,LONG,1.2069260665788368,1.1948568059130484,1.2189953272446252,1.0,1.0,WIN,1,-0.44348334702444536,False,0.41558338458462174,1.0139951400805212,0.001,SYNTHETIC,2
2026-07-16 12:00:00,LONG,1.2090500035244334,1.1969595034891891,1.2211405035596776,1.0,1.0,WIN,1,0.3556153332854589,True,1.0,2.2359143247333586,0.001,SYNTHETIC,7
2026-07-16 13:00:00,LONG,1.210047745442973,1.1979472679885432,1.2221482228974028,1.0,1.0,WIN,1,0.5384978252175205,True,1.0,0.5657750289147447,0.001,SYNTHETIC,8
2026-07-16 14:00:00,LONG,1.2106328244745963,1.1985264962298503,1.2227391527193423,1.0,1.0,WIN,1,0.36192909883187985,True,1.0,2.274901461800433,0.001,SYNTHETIC,7
2026-07-16 15:00:00,LONG,1.2108418966462267,1.1987334776797645,1.2229503156126889,1.0,1.0,WIN,1,1.0,True,1.0,-1.6758702847982032,0.001,SYNTHETIC,9
2026-07-16 16:00:00,LONG,1.211793589582292,1.199675653686469,1.223911525478115,1.0,1.0,WIN,1,0.31512416173201263,True,1.0,0.7201980124574605,0.001,SYNTHETIC,6
2026-07-16 17:00:00,LONG,1.2122042032777072,1.2000821612449302,1.2243262453104842,1.0,1.0,WIN,1,0.1835493169249217,True,1.0,0.5295971916408777,0.001,SYNTHETIC,6
2026-07-16 18:00:00,LONG,1.2119468286932806,1.1998273604063479,1.2240662969802134,1.0,1.0,WIN,1,0.5917436404037766,True,0.698205624986162,-0.8458399192624967,0.001,SYNTHETIC,8
2026-07-16 21:00:00,SHORT,1.2086697577015304,1.196583060124515,1.2207564552785457,1.0,1.0,WIN,1,-0.6806430867622183,True,-1.0,1.1644072203761942,0.001,SYNTHETIC,0
2026-07-16 22:00:00,SHORT,1.2081913084411238,1.1961093953567126,1.220273221525535,1.0,1.0,WIN,1,-1.0,True,-1.0,1.1848016282401135,0.001,SYNTHETIC,0
2026-07-16 23:00:00,SHORT,1.2075952017386835,1.1955192497212968,1.2196711537560703,1.0,1.0,WIN,1,-0.13378354326676695,True,-1.0,0.3518553364655408,0.001,SYNTHETIC,4
2026-07-17 00:00:00,SHORT,1.2090097467379102,1.196919649270531,1.2210998442052894,1.0,1.0,WIN,1,-0.23943172702348686,True,-1.0,0.6300250323840362,0.001,SYNTHETIC,3
2026-07-17 01:00:00,SHORT,1.2089232299026955,1.1968339976036686,1.2210124622017224,1.0,1.0,WIN,1,-0.627741894719258,True,-0.9915507975890586,0.8002761542251916,0.001,SYNTHETIC,1
2026-07-17 04:00:00,SHORT,1.2062216338034002,1.1941594174653662,1.2182838501414341,1.0,1.0,LOSS,1,0.22853503578827444,False,-0.5201680731952548,-0.8530559436006389,0.001,SYNTHETIC,6
2026-07-17 05:00:00,SHORT,1.2069408800050783,1.1948714712050275,1.219010288805129,1.0,1.0,WIN,1,-0.7950258601621965,True,-0.9673007385518569,0.05198641334211651,0.001,SYNTHETIC,0
2026-07-17 06:00:00,SHORT,1.2067451354418537,1.1946776840874351,1.2188125867962722,1.0,1.0,WIN,1,-0.6149471608224828,True,-0.8578574252330138,2.7359771287168924,0.001,SYNTHETIC,1
2026-07-17 10:00:00,SHORT,1.2047818107755897,1.1927339926678338,1.2168296288833456,1.0,1.0,WIN,1,-0.23734480388998305,True,-0.5947305058576557,0.9604169834598684,0.001,SYNTHETIC,3
2026-07-17 11:00:00,SHORT,1.2054514407873427,1.1933969263794693,1.217505955195216,1.0,1.0,WIN,1,-0.47922902064601625,True,-0.43009376596733273,0.6356303811338049,0.001,SYNTHETIC,2
2026-07-17 12:00:00,SHORT,1.2062334190526458,1.1941710848621194,1.2182957532431722,1.0,1.0,WIN,1,0.14299971317042648,False,-0.6049386719053836,0.5179479680772715,0.001,SYNTHETIC,5
2026-07-17 15:00:00,LONG,1.2067910546784417,1.1947231441316573,1.2188589652252262,1.0,1.0,WIN,1,1.0,True,0.6105677855001943,0.2199148321965359,0.001,SYNTHETIC,9
2026-07-17 16:00:00,LONG,1.2081783766228025,1.1960965928565745,1.2202601603890304,1.0,1.0,WIN,1,0.22428986146584773,True,0.9725813552203222,0.9277002376130923,0.001,SYNTHETIC,6
2026-07-17 17:00:00,LONG,1.2076798733515133,1.1956030746179982,1.2197566720850284,1.0,1.0,WIN,1,0.4286720237450704,True,0.6519131075673628,1.9336207571674493,0.001,SYNTHETIC,7
2026-07-17 18:00:00,LONG,1.2078716824606426,1.1957929656360362,1.219950399285249,1.0,1.0,WIN,1,0.21552363902956112,True,0.510009461012674,2.0040298000230132,0.001,SYNTHETIC,6
2026-07-17 20:00:00,SHORT,1.20558617146429,1.193530309749647,1.2176420331789328,1.0,1.0,WIN,1,-0.302450480586047,True,-0.4365086046810341,2.1066418304848114,0.001,SYNTHETIC,3
2026-07-17 21:00:00,SHORT,1.2052326421155968,1.1931803156944407,1.2172849685367528,1.0,1.0,WIN,1,-0.42539255674457416,True,-1.0,0.7666672074494175,0.001,SYNTHETIC,2
2026-07-17 22:00:00,SHORT,1.2068233569990519,1.1947551234290614,1.2188915905690423,1.0,1.0,WIN,1,-0.17294583174868705,True,-0.4820126552041701,2.5148400130647293,0.001,SYNTHETIC,3
2026-07-17 23:00:00,SHORT,1.2060839761302395,1.194023136368937,1.218144815891542,1.0,1.0,WIN,1,-0.3496552730904976,True,-0.6390712842122904,-1.2232823487991165,0.001,SYNTHETIC,2
2026-07-18 02:00:00,SHORT,1.204949285592319,1.1928997927363958,1.2169987784482421,1.0,1.0,WIN,1,-0.03759915135531683,True,-0.36430934553768235,1.1040341628462413,0.001,SYNTHETIC,4
2026-07-18 03:00:00,SHORT,1.2050100231563354,1.192959922924772,1.2170601233878988,1.0,1.0,WIN,1,-0.2792463467789196,True,-0.6866543164720176,1.1919526005580021,0.001,SYNTHETIC,3
2026-07-18 04:00:00,SHORT,1.2034357462550134,1.1914013887924633,1.2154701037175635,1.0,1.0,WIN,1,-0.6813613177131915,True,-1.0,1.7924362315580666,0.001,SYNTHETIC,0
2026-07-18 05:00:00,SHORT,1.2041629290693543,1.1921212997786608,1.2162045583600478,1.0,1.0,WIN,1,-0.36825617708154906,True,-0.5751351183279722,2.2600509643116484,0.001,SYNTHETIC,2
2026-07-18 06:00:00,SHORT,1.2034235732598908,1.191389337527292,1.2154578089924897,1.0,1.0,WIN,1,-0.17199276634660612,True,-0.6772392443389883,0.8613541585170703,0.001,SYNTHETIC,4
2026-07-18 08:00:00,SHORT,1.2027000084223374,1.190673008338114,1.2147270085065607,1.0,1.0,WIN,1,-0.025757456377498766,True,-0.7985203420420144,1.3409407250471193,0.001,SYNTHETIC,4
2026-07-18 12:00:00,SHORT,1.203690466726695,1.191653562059428,1.215727371393962,1.0,1.0,WIN,1,-0.27778617315480925,True,-0.43952886057853463,0.2800095800482374,0.001,SYNTHETIC,3
2026-07-18 14:00:00,SHORT,1.2021078429940142,1.190086764564074,1.2141289214239543,1.0,1.0,WIN,1,-0.11556973094333864,True,-0.5698725451693303,3.0878319454738823,0.001,SYNTHETIC,4
2026-07-18 15:00:00,SHORT,1.2022833002154572,1.1902604672133026,1.2143061332176117,1.0,1.0,WIN,1,-0.2354344060318504,True,-0.9375711104672141,2.976639607463441,0.001,SYNTHETIC,3
2026-07-18 16:00:00,SHORT,1.20192069555094,1.1899014885954307,1.2139399025064495,1.0,1.0,WIN,1,-0.6631243505235618,True,-0.6800539653352144,3.4913207444305687,0.001,SYNTHETIC,1
2026-07-18 20:00:00,LONG,1.2028930851846735,1.1908641543328269,1.2149220160365202,1.0,1.0,WIN,1,0.18158163733365207,True,0.38498967276637786,1.2700874357255667,0.001,SYNTHETIC,6
2026-07-18 22:00:00,SHORT,1.2005075574605173,1.188502481885912,1.2125126330351226,1.0,1.0,WIN,1,-0.4523018926234021,True,-1.0,0.18094418509147103,0.001,SYNTHETIC,2
2026-07-18 23:00:00,SHORT,1.2007528094897035,1.1887452813948065,1.2127603375846006,1.0,1.0,WIN,1,-0.39490917422703087,True,-0.9512912634299361,0.61166032039848,0.001,SYNTHETIC,2
2026-07-19 00:00:00,SHORT,1.201092781595094,1.189081853779143,1.213103709411045,1.0,1.0,WIN,1,-0.16780376294952695,True,-0.5714211958818894,0.09016041460764312,0.001,SYNTHETIC,4
2026-07-19 01:00:00,SHORT,1.2014991005011844,1.1894841094961726,1.2135140915061962,1.0,1.0,WIN,1,-0.04224707594978644,True,-0.34928745853750076,0.5617127129238885,0.001,SYNTHETIC,4
2026-07-19 02:00:00,SHORT,1.2006069663586083,1.1886008966950221,1.2126130360221945,1.0,1.0,WIN,1,0.06316140834152079,False,-0.7922416132754796,0.8536408252859583,0.001,SYNTHETIC,5
2026-07-19 03:00:00,SHORT,1.197349452083374,1.1853759575625402,1.209322946604208,1.0,1.0,WIN,1,-0.7425938422446772,True,-1.0,-0.15041807281548952,0.001,SYNTHETIC,0
2026-07-19 04:00:00,SHORT,1.1979609977222625,1.1859813877450398,1.2099406076994852,1.0,1.0,WIN,1,-0.727544544805171,True,-1.0,-0.8526378147360485,0.001,SYNTHETIC,0
2026-07-19 05:00:00,SHORT,1.1976866861545545,1.185709819293009,1.2096635530161002,1.0,1.0,WIN,1,-0.3034508308471575,True,-1.0,-1.3966000253494315,0.001,SYNTHETIC,3
2026-07-19 06:00:00,SHORT,1.1961052338599023,1.1841441815213032,1.2080662861985014,1.0,1.0,WIN,1,-0.5395944575947142,True,-1.0,-0.18392662272602833,0.001,SYNTHETIC,1
2026-07-19 07:00:00,SHORT,1.1952275799532843,1.1832753041537514,1.2071798557528173,1.0,1.0,LOSS,1,-0.16240201788251685,True,-1.0,2.9909756890381054,0.001,SYNTHETIC,4
2026-07-19 11:00:00,LONG,1.1969883417517222,1.185018458334205,1.2089582251692395,1.0,1.0,WIN,1,-0.23938491029090794,False,0.41045392261013475,1.8751621024107603,0.001,SYNTHETIC,3
2026-07-19 13:00:00,SHORT,1.1947580380133882,1.1828104576332543,1.206705618393522,1.0,1.0,WIN,1,-0.5215022473742236,True,-1.0,-1.9805006665348621,0.001,SYNTHETIC,1
2026-07-19 14:00:00,SHORT,1.1944724843054046,1.1825277594623507,1.2064172091484586,1.0,1.0,LOSS,1,-0.3396537540456288,True,-1.0,0.9803732574833189,0.001,SYNTHETIC,2
2026-07-19 15:00:00,SHORT,1.1938812436053345,1.1819424311692812,1.2058200560413879,1.0,1.0,WIN,1,-0.3012178439974388,True,-1.0,0.5451730321736776,0.001,SYNTHETIC,3
2026-07-19 16:00:00,SHORT,1.1937244419325315,1.1817871975132062,1.2056616863518568,1.0,1.0,WIN,1,-0.6603645545287768,True,-1.0,2.5543736440404166,0.001,SYNTHETIC,1
2026-07-19 17:00:00,SHORT,1.1934420274644633,1.1815076071898185,1.205376447739108,1.0,1.0,WIN,1,-0.5373125207125294,True,-0.46922164630996577,0.4758546072196656,0.001,SYNTHETIC,1
2026-07-19 18:00:00,SHORT,1.193830431447886,1.181892127133407,1.205768735762365,1.0,1.0,LOSS,1,-0.27392846922075786,True,-0.46029092843408403,2.048741037751349,0.001,SYNTHETIC,3
2026-07-19 19:00:00,SHORT,1.1923903640315403,1.180466460391225,1.2043142676718557,1.0,1.0,WIN,1,-1.0,True,-0.8541325932385936,1.0736196252975059,0.001,SYNTHETIC,0
2026-07-19 20:00:00,SHORT,1.1929958987928149,1.1810659398048866,1.2049258577807431,1.0,1.0,WIN,1,-0.2272481498198415,True,-0.5028966549114138,1.8543757542255626,0.001,SYNTHETIC,3
2026-07-19 21:00:00,SHORT,1.1907563412304283,1.178848777818124,1.2026639046427325,1.0,1.0,WIN,1,-0.6222314225408491,True,-1.0,0.5134489623478559,0.001,SYNTHETIC,1
2026-07-19 22:00:00,SHORT,1.1882149456510178,1.1763327961945076,1.200097095107528,1.0,1.0,WIN,1,-0.24149748665219584,True,-1.0,2.4855545306464455,0.001,SYNTHETIC,3
2026-07-19 23:00:00,SHORT,1.1892198744758462,1.1773276757310878,1.2011120732206046,1.0,1.0,WIN,1,-1.0,True,-1.0,-0.15042873493506187,0.001,SYNTHETIC,0
2026-07-20 00:00:00,SHORT,1.189656239562131,1.1777596771665098,1.2015528019577524,1.0,1.0,WIN,1,-0.4980964070598088,True,-1.0,2.8779833513458795,0.001,SYNTHETIC,1
2026-07-20 01:00:00,SHORT,1.189779913869039,1.1778821147303487,1.2016777130077294,1.0,1.0,WIN,1,-0.02713271458485822,True,-1.0,0.17015977951400396,0.001,SYNTHETIC,4
2026-07-20 02:00:00,SHORT,1.1875590335931048,1.1756834432571737,1.1994346239290359,1.0,1.0,WIN,1,-0.2973796016146944,True,-1.0,0.091936405285167,0.001,SYNTHETIC,3
2026-07-20 03:00:00,SHORT,1.1873983156727992,1.1755243325160711,1.1992722988295272,1.0,1.0,LOSS,1,0.0199727494747704,False,-0.5484576984631768,0.031334904573092334,0.001,SYNTHETIC,5
2026-07-20 04:00:00,SHORT,1.1871938950817986,1.1753219561309807,1.1990658340326166,1.0,1.0,WIN,1,-0.36909418233672836,True,-0.9420284782514253,2.2447789639479403,0.001,SYNTHETIC,2
2026-07-20 05:00:00,SHORT,1.1852548397065426,1.173402291309477,1.197107388103608,1.0,1.0,LOSS,1,-0.9984602209701978,True,-1.0,-1.7269986597827676,0.001,SYNTHETIC,0
2026-07-20 06:00:00,SHORT,1.184674941278079,1.1728281918652983,1.1965216906908598,1.0,1.0,WIN,1,-0.45004124806925677,True,-1.0,2.139263426949868,0.001,SYNTHETIC,2
2026-07-20 07:00:00,SHORT,1.1850056226969428,1.1731555664699733,1.1968556789239122,1.0,1.0,WIN,1,-0.37745319198079874,True,-1.0,0.6052845092037304,0.001,SYNTHETIC,2
2026-07-20 08:00:00,SHORT,1.1862419417267525,1.1743795223094848,1.19810436114402,1.0,1.0,WIN,1,-0.5174724091013109,True,-0.3880100916881574,-1.0875740420063231,0.001,SYNTHETIC,1
2026-07-20 09:00:00,SHORT,1.1858480673468874,1.1739895866734185,1.1977065480203564,1.0,1.0,WIN,1,-0.2622746829693684,True,-0.4486170599231367,0.9202389174181669,0.001,SYNTHETIC,3
2026-07-20 10:00:00,LONG,1.18639285867891,1.174528930092121,1.1982567872656993,1.0,1.0,WIN,1,-0.6317293327552966,False,0.4771837119157564,0.35840953982468826,0.001,SYNTHETIC,1
2026-07-20 13:00:00,SHORT,1.1841265811307442,1.1722853153194368,1.1959678469420516,1.0,1.0,WIN,1,-0.007233271049919832,True,-0.8558101554678486,-0.1370570745406291,0.001,SYNTHETIC,4
2026-07-20 14:00:00,SHORT,1.1850920868376131,1.173241165969237,1.1969430077059893,1.0,1.0,WIN,1,-0.4656613925132083,True,-0.5693889234492007,0.804312863849065,0.001,SYNTHETIC,2
2026-07-20 15:00:00,SHORT,1.1845431667092683,1.1726977350421757,1.196388598376361,1.0,1.0,WIN,1,-0.5613818401292118,True,-0.9629494451011361,1.4454829274570213,0.001,SYNTHETIC,1
2026-07-20 16:00:00,LONG,1.1849073480884436,1.173058274607559,1.196756421569328,1.0,1.0,WIN,1,0.13052079357802188,True,0.3085788535221288,-0.43557392190680805,0.001,SYNTHETIC,5
2026-07-20 21:00:00,SHORT,1.1845280630013117,1.1726827823712986,1.1963733436313249,1.0,1.0,WIN,1,-0.2599539073764869,True,-0.5127809437634522,-0.24959661971105584,0.001,SYNTHETIC,3
2026-07-20 22:00:00,SHORT,1.1835504449060352,1.1717149404569749,1.1953859493550956,1.0,1.0,WIN,1,0.14038732499389267,False,-0.5002136308894704,1.8993223162268766,0.001,SYNTHETIC,5
2026-07-20 23:00:00,SHORT,1.1833585264354765,1.1715249411711217,1.1951921116998312,1.0,1.0,WIN,1,-1.0,True,-0.7511231297058891,0.538329145974981,0.001,SYNTHETIC,0
2026-07-21 00:00:00,SHORT,1.183466985194957,1.1716323153430075,1.1953016550469067,1.0,1.0,WIN,1,-1.0,True,-0.6650004675994956,-0.11649543696407716,0.001,SYNTHETIC,0
2026-07-21 01:00:00,SHORT,1.1833583395473837,1.1715247561519098,1.1951919229428576,1.0,1.0,LOSS,1,-0.34127785792922916,True,-0.5073685801071581,-1.1155118953048686,0.001,SYNTHETIC,2
2026-07-21 02:00:00,SHORT,1.183357517445411,1.171523942270957,1.195191092619865,1.0,1.0,WIN,1,-0.048807805034927515,True,-0.40116484287019144,1.7630430462153863,0.001,SYNTHETIC,4
2026-07-21 04:00:00,LONG,1.1850150175202476,1.1731648673450452,1.19686516769545,1.0,1.0,WIN,1,0.4816686382166505,True,0.6130297783837917,0.4810273807374801,0.001,SYNTHETIC,8
2026-07-21 06:00:00,LONG,1.1845521804411083,1.1727066586366972,1.1963977022455194,1.0,1.0,WIN,1,0.4363376317051994,True,0.47307553519757795,-0.29791051899684673,0.001,SYNTHETIC,7
2026-07-21 10:00:00,SHORT,1.1818802841822547,1.1700614813404322,1.1936990870240771,1.0,1.0,WIN,1,-0.29714819775908385,True,-0.5610718009959011,1.3896184215645515,0.001,SYNTHETIC,3
2026-07-21 11:00:00,SHORT,1.1822504105736367,1.1704279064679002,1.1940729146793732,1.0,1.0,WIN,1,-0.73947317767594,True,-0.8644078230110439,-0.2223374810949832,0.001,SYNTHETIC,0
2026-07-21 12:00:00,SHORT,1.1818417415430935,1.1700233241276625,1.1936601589585245,1.0,1.0,WIN,1,-0.5261413230031632,True,-0.5814449655896918,1.0736156018801337,0.001,SYNTHETIC,1
2026-07-21 13:00:00,SHORT,1.1808506124140006,1.1690421062898606,1.1926591185381406,1.0,1.0,WIN,1,-0.34569074013597356,True,-1.0,2.684867444807443,0.001,SYNTHETIC,2
2026-07-21 14:00:00,SHORT,1.1822654163105577,1.170442762147452,1.1940880704736634,1.0,1.0,LOSS,1,-0.5496351456836666,True,-0.8215416124485235,1.5953912072132743,0.001,SYNTHETIC,1
2026-07-21 15:00:00,SHORT,1.181712390628226,1.1698952667219438,1.1935295145345084,1.0,1.0,WIN,1,-0.3846411545564711,True,-0.3267451726113424,1.7762517893308871,0.001,SYNTHETIC,2
2026-07-21 16:00:00,SHORT,1.1806394668383784,1.1688330721699947,1.1924458615067621,1.0,1.0,WIN,1,-0.20417693048566204,True,-0.6778924688823199,1.4186901461968109,0.001,SYNTHETIC,3
2026-07-21 17:00:00,SHORT,1.1807102011978634,1.1689030991858849,1.192517303209842,1.0,1.0,WIN,1,-0.11794058820096422,True,-0.4638209705601787,0.44576162261750685,0.001,SYNTHETIC,4
2026-07-21 19:00:00,SHORT,1.1811495187979664,1.1693380236099866,1.1929610139859461,1.0,1.0,WIN,1,-0.2850362248027184,True,-0.48071119117245414,1.3829775757783127,0.001,SYNTHETIC,3
2026-07-21 21:00:00,LONG,1.1822044301176362,1.17038238581646,1.1940264744188125,1.0,1.0,WIN,1,0.6692553435010897,True,0.7571364171718451,0.7632561188834744,0.001,SYNTHETIC,9
2026-07-21 23:00:00,SHORT,1.1798678957148172,1.168069216757669,1.1916665746719655,1.0,1.0,WIN,1,-0.6572570892903231,True,-0.5992938323543786,1.9656983628284956,0.001,SYNTHETIC,1
2026-07-22 00:00:00,SHORT,1.1795374953359894,1.1677421203826295,1.1913328702893493,1.0,1.0,WIN,1,-0.44768993142197977,True,-0.7625233671858889,-0.6219958727578195,0.001,SYNTHETIC,2
2026-07-22 01:00:00,SHORT,1.1795701993240004,1.1677744973307604,1.1913659013172404,1.0,1.0,WIN,1,-0.622144951338025,True,-1.0,1.870233267844976,0.001,SYNTHETIC,1
2026-07-22 02:00:00,SHORT,1.1764979199026606,1.164732940703634,1.1882628991016873,1.0,1.0,WIN,1,-0.8158958319123337,True,-1.0,1.6530173044209524,0.001,SYNTHETIC,0
2026-07-22 03:00:00,SHORT,1.1788614896497471,1.1670728747532497,1.1906501045462445,1.0,1.0,WIN,1,-0.05812740378546691,True,-0.4150144669321943,1.573366485166777,0.001,SYNTHETIC,4
2026-07-22 06:00:00,LONG,1.1810200812476932,1.1692098804352162,1.1928302820601702,1.0,1.0,WIN,1,-0.019928010907002913,False,0.5546917506352481,0.7798804058091111,0.001,SYNTHETIC,4
2026-07-22 07:00:00,LONG,1.1830759081274815,1.1712451490462068,1.1949066672087563,1.0,1.0,WIN,1,0.547235281123752,True,1.0,2.260483843187501,0.001,SYNTHETIC,8
2026-07-22 08:00:00,LONG,1.1837535906867696,1.171916054779902,1.1955911265936372,1.0,1.0,WIN,1,0.4981174301467619,True,1.0,0.5109422115054856,0.001,SYNTHETIC,8
2026-07-22 09:00:00,LONG,1.1846059761525942,1.1727599163910682,1.1964520359141202,1.0,1.0,WIN,1,0.5922209280025658,True,1.0,-0.8824737343356361,0.001,SYNTHETIC,8
2026-07-22 10:00:00,LONG,1.1844453922846696,1.172600938361823,1.1962898462075162,1.0,1.0,WIN,1,0.5389179474494579,True,1.0,1.57897994699706,0.001,SYNTHETIC,8
2026-07-22 11:00:00,LONG,1.1844874884368888,1.1726426135525199,1.1963323633212577,1.0,1.0,WIN,1,0.49623621652510824,True,1.0,0.07926716370697634,0.001,SYNTHETIC,8
2026-07-22 12:00:00,LONG,1.1838101452688685,1.1719720438161798,1.1956482467215572,1.0,1.0,WIN,1,0.15333127155839577,True,0.3862967988015201,3.47883025247714,0.001,SYNTHETIC,5
2026-07-22 14:00:00,SHORT,1.1823233305330634,1.1705000972277326,1.1941465638383941,1.0,1.0,WIN,1,-0.7178717498946272,True,-0.9186550952776829,2.323371006975698,0.001,SYNTHETIC,0
2026-07-22 15:00:00,SHORT,1.1810099579715247,1.1691998583918095,1.19282005755124,1.0,1.0,WIN,1,-0.5519512612295147,True,-1.0,3.158420367512782,0.001,SYNTHETIC,1
2026-07-22 16:00:00,SHORT,1.1812009899523528,1.1693889800528292,1.1930129998518764,1.0,1.0,WIN,1,-0.17558879995821197,True,-1.0,1.6472889415372818,0.001,SYNTHETIC,3
2026-07-22 17:00:00,SHORT,1.179248845036895,1.167456356586526,1.191041333487264,1.0,1.0,WIN,1,-0.7433167772094227,True,-1.0,0.5917011475027828,0.001,SYNTHETIC,0
2026-07-22 18:00:00,SHORT,1.1796935465989375,1.167896611132948,1.191490482064927,1.0,1.0,WIN,1,-0.728026378323196,True,-1.0,-1.371996717945614,0.001,SYNTHETIC,0
2026-07-22 19:00:00,SHORT,1.1797432939800827,1.167945861040282,1.1915407269198834,1.0,1.0,WIN,1,-0.2798177166644572,True,-1.0,1.2333159222963463,0.001,SYNTHETIC,3
2026-07-22 20:00:00,SHORT,1.1796276293730394,1.167831353079309,1.19142390566677,1.0,1.0,WIN,1,-0.7768327259616665,True,-0.6993171475351074,2.6054666571162777,0.001,SYNTHETIC,0
2026-07-22 21:00:00,SHORT,1.178983636964259,1.1671938005946163,1.1907734733339017,1.0,1.0,WIN,1,-0.23815315783954977,True,-0.8726849894949958,0.9868596470156925,0.001,SYNTHETIC,3
2026-07-22 22:00:00,LONG,1.1817667010087498,1.1699490339986622,1.1935843680188374,1.0,1.0,WIN,1,0.34768794387658075,True,0.9891566353013396,0.9942312196852013,0.001,SYNTHETIC,7
2026-07-22 23:00:00,LONG,1.1831456627684767,1.171314206140792,1.1949771193961614,1.0,1.0,WIN,1,0.6230001846561267,True,1.0,-1.8813798316405659,0.001,SYNTHETIC,8
2026-07-23 00:00:00,LONG,1.1816881967625814,1.1698713147949555,1.1935050787302073,1.0,1.0,WIN,1,0.1213990732962843,True,0.9752388868259444,1.7966877086805786,0.001,SYNTHETIC,5
2026-07-23 01:00:00,LONG,1.1821033648652606,1.170282331216608,1.1939243985139132,1.0,1.0,WIN,1,0.8555228799675105,True,1.0,1.7215840776583702,0.001,SYNTHETIC,9
2026-07-23 02:00:00,LONG,1.1813649049771104,1.1695512559273393,1.1931785540268816,1.0,1.0,WIN,1,0.12318589128119994,True,0.9767149724961256,-1.7041986917006968,0.001,SYNTHETIC,5
2026-07-23 03:00:00,SHORT,1.1800722969536879,1.168271573984151,1.1918730199232248,1.0,1.0,WIN,1,-0.09308049939604618,True,-0.6211312109200847,2.8430122182063577,0.001,SYNTHETIC,4
2026-07-23 04:00:00,SHORT,1.1791050033421744,1.1673139533087526,1.1908960533755961,1.0,1.0,LOSS,1,-0.8526387151327955,True,-1.0,2.4301279553912196,0.001,SYNTHETIC,0
2026-07-23 05:00:00,SHORT,1.179228107886458,1.1674358268075933,1.1910203889653226,1.0,1.0,WIN,1,0.04249026132671907,False,-1.0,2.4452243426385056,0.001,SYNTHETIC,5
2026-07-23 06:00:00,SHORT,1.178472904654162,1.1666881756076204,1.1902576337007036,1.0,1.0,WIN,1,-0.5214145345565386,True,-1.0,0.007133481315293899,0.001,SYNTHETIC,1
2026-07-23 07:00:00,SHORT,1.1792245841962887,1.167432338354326,1.1910168300382515,1.0,1.0,LOSS,1,0.2060155052692273,False,-0.7584832464597355,1.7065853706533871,0.001,SYNTHETIC,6
2026-07-23 09:00:00,LONG,1.181765979802794,1.169948320004766,1.193583639600822,1.0,1.0,WIN,1,0.3672047911853613,True,1.0,0.9370935472201176,0.001,SYNTHETIC,7
2026-07-23 10:00:00,LONG,1.1808748428371094,1.1690660944087383,1.1926835912654805,1.0,1.0,LOSS,1,0.6574126738656786,True,0.5883938254920557,2.2301566119285736,0.001,SYNTHETIC,8
2026-07-23 11:00:00,LONG,1.1811178061081475,1.169306628047066,1.192928984169229,1.0,1.0,WIN,1,0.07214119346746523,True,1.0,1.5857620092132731,0.001,SYNTHETIC,5
2026-07-23 12:00:00,LONG,1.1817313656022461,1.1699140519462237,1.1935486792582686,1.0,1.0,WIN,1,0.24618344434436104,True,0.9119268822106873,1.595305381797521,0.001,SYNTHETIC,6
2026-07-23 13:00:00,LONG,1.1814201356676148,1.1696059343109386,1.193234337024291,1.0,1.0,WIN,1,0.3179647709848559,True,0.33888848415611267,0.5975663528661963,0.001,SYNTHETIC,7
2026-07-23 14:00:00,SHORT,1.1802350211673813,1.1684326709557076,1.192037371379055,1.0,1.0,WIN,1,-0.5553480636809505,True,-0.4994277813441011,2.1669910036043776,0.001,SYNTHETIC,1
2026-07-23 15:00:00,LONG,1.1814284242141466,1.1696141399720053,1.193242708456288,1.0,1.0,WIN,1,0.3888424394104799,True,0.46459442560953307,2.495686722396574,0.001,SYNTHETIC,7
2026-07-23 16:00:00,LONG,1.182276850938412,1.170454082429028,1.1940996194477962,1.0,1.0,WIN,1,0.23544407201032888,True,0.3686455130076268,-0.4960335219229448,0.001,SYNTHETIC,6
2026-07-23 17:00:00,LONG,1.1823071270405696,1.170484055770164,1.1941301983109753,1.0,1.0,WIN,1,-0.2685255289791313,False,0.37113631628704796,0.35313134555185344,0.001,SYNTHETIC,3
2026-07-23 20:00:00,SHORT,1.1799991515652353,1.168199160049583,1.1917991430808876,1.0,1.0,WIN,1,-0.1635845530336565,True,-0.7899365642510752,-0.8972046711999244,0.001,SYNTHETIC,4
2026-07-23 21:00:00,SHORT,1.1792115515841275,1.1674194360682861,1.1910036670999689,1.0,1.0,WIN,1,-0.42471084618587507,True,-0.9265069313183187,3.0859145836551374,0.001,SYNTHETIC,2
2026-07-23 22:00:00,SHORT,1.1784048085070191,1.166620760421949,1.1901888565920893,1.0,1.0,WIN,1,-0.6365037394117226,True,-1.0,1.1152075343922523,0.001,SYNTHETIC,1
2026-07-23 23:00:00,SHORT,1.1787253944133422,1.1669381404692087,1.1905126483574757,1.0,1.0,WIN,1,-0.8316207574882651,True,-1.0,2.345701227991375,0.001,SYNTHETIC,0
2026-07-24 00:00:00,SHORT,1.1771226405015065,1.1653514140964913,1.1888938669065217,1.0,1.0,WIN,1,-0.40121920237755515,True,-1.0,1.769591235811915,0.001,SYNTHETIC,2
2026-07-24 01:00:00,SHORT,1.1756324985876714,1.1638761736017946,1.1873888235735481,1.0,1.0,WIN,1,-0.7617574380432581,True,-1.0,1.8611982507324556,0.001,SYNTHETIC,0
2026-07-24 02:00:00,SHORT,1.176362372040079,1.1645987483196782,1.18812599576048,1.0,1.0,WIN,1,-0.13761395718422703,True,-1.0,0.3208335093407263,0.001,SYNTHETIC,4
2026-07-24 03:00:00,SHORT,1.1766751951377257,1.1649084431863483,1.188441947089103,1.0,1.0,WIN,1,0.022272097952129366,False,-0.7021261696777807,0.5934570957232429,0.001,SYNTHETIC,5
2026-07-24 04:00:00,SHORT,1.1763514757812235,1.1645879610234111,1.1881149905390358,1.0,1.0,LOSS,1,0.06755522475142489,False,-0.8501099630887482,0.18162731102683968,0.001,SYNTHETIC,5
2026-07-24 05:00:00,SHORT,1.175577596256356,1.1638218202937924,1.1873333722189194,1.0,1.0,WIN,1,-0.20899398420762783,True,-0.5865264306604406,0.26201141008696865,0.001,SYNTHETIC,3
2026-07-24 06:00:00,SHORT,1.1743495082920423,1.1626060132091218,1.1860930033749628,1.0,1.0,WIN,1,-0.3957665409929132,True,-0.5489471986868008,2.846184845243405,0.001,SYNTHETIC,2
2026-07-24 07:00:00,SHORT,1.1740264655129042,1.1622862008577752,1.1857667301680332,1.0,1.0,WIN,1,-0.5663659889745588,True,-0.9545904295467235,1.0260706909061872,0.001,SYNTHETIC,1
2026-07-24 08:00:00,SHORT,1.174243299290792,1.1625008662978842,1.1859857322837,1.0,1.0,WIN,1,-0.5801372144937116,True,-0.9382218793060707,-0.8763302531210257,0.001,SYNTHETIC,1
2026-07-24 09:00:00,SHORT,1.1758041484361665,1.1640461069518049,1.1875621899205282,1.0,1.0,WIN,1,-0.13718473682029164,True,-0.42317279663804747,0.3854856566268141,0.001,SYNTHETIC,4
2026-07-24 13:00:00,SHORT,1.173007608166051,1.1612775320843904,1.1847376842477115,1.0,1.0,WIN,1,-0.7142358225307401,True,-0.5865352467413452,0.019549632418207286,0.001,SYNTHETIC,0
2026-07-24 14:00:00,SHORT,1.1726110233841218,1.1608849131502805,1.1843371336179631,1.0,1.0,WIN,1,-0.6222262779385705,True,-1.0,0.6050753171189613,0.001,SYNTHETIC,1
2026-07-24 15:00:00,SHORT,1.1733802087524599,1.1616464066649352,1.1851140108399845,1.0,1.0,WIN,1,0.2472664030592008,False,-0.4389782619155122,1.1330330329061868,0.001,SYNTHETIC,6
2026-07-24 16:00:00,LONG,1.1755354129986524,1.1637800588686658,1.187290767128639,1.0,1.0,LOSS,1,-0.30061032054222414,False,0.33272650119876007,1.1964668691506362,0.001,SYNTHETIC,3
2026-07-24 19:00:00,LONG,1.173333338868807,1.161600005480119,1.185066672257495,1.0,1.0,WIN,1,-0.06413452176209233,False,0.4018095427155276,2.31855057504689,0.001,SYNTHETIC,4
2026-07-24 20:00:00,LONG,1.174921884527429,1.1631726656821546,1.1866711033727033,1.0,1.0,WIN,1,0.2692106244756437,True,0.30105461948401246,1.9603783536208386,0.001,SYNTHETIC,6
2026-07-24 23:00:00,LONG,1.1763734173145797,1.1646096831414339,1.1881371514877255,1.0,1.0,WIN,1,0.42123673698762826,True,1.0,1.6460818399627342,0.001,SYNTHETIC,7
2026-07-25 00:00:00,LONG,1.1781486163402586,1.166367130176856,1.1899301025036613,1.0,1.0,WIN,1,0.11118522811808934,True,1.0,1.7933758620188125,0.001,SYNTHETIC,5
2026-07-25 01:00:00,LONG,1.177809059914776,1.166030969315628,1.1895871505139237,1.0,1.0,WIN,1,0.47034525166917907,True,1.0,-0.5579258297615368,0.001,SYNTHETIC,7
2026-07-25 02:00:00,LONG,1.1789456201252273,1.167156163923975,1.1907350763264797,1.0,1.0,WIN,1,0.10035505391316768,True,1.0,0.9718923710299207,0.001,SYNTHETIC,5
2026-07-25 03:00:00,LONG,1.1804868812549776,1.1686820124424278,1.1922917500675274,1.0,1.0,WIN,1,0.40702273357393104,True,1.0,0.31721238507780436,0.001,SYNTHETIC,7
2026-07-25 04:00:00,LONG,1.180631239874826,1.1688249274760778,1.1924375522735742,1.0,1.0,WIN,1,0.48108270548251886,True,1.0,2.1843686365757513,0.001,SYNTHETIC,8
2026-07-25 05:00:00,LONG,1.1800525351097602,1.1682520097586626,1.1918530604608577,1.0,1.0,WIN,1,-0.30537559635719375,False,0.8055737017118975,4.752067766817388,0.001,SYNTHETIC,3
2026-07-25 06:00:00,LONG,1.1798244508431568,1.1680262063347253,1.1916226953515883,1.0,1.0,WIN,1,0.6724879559842805,True,0.5119825892158287,1.8401468117313073,0.001,SYNTHETIC,9
2026-07-25 07:00:00,LONG,1.1800372833463066,1.1682369105128436,1.1918376561797697,1.0,1.0,WIN,1,-0.18314064916138947,False,0.3768315855494841,3.4626702558811595,0.001,SYNTHETIC,3
2026-07-25 08:00:00,SHORT,1.1781450434174536,1.1663635929832792,1.189926493851628,1.0,1.0,WIN,1,-0.3953361574093008,True,-0.6790967941161846,2.267983003952299,0.001,SYNTHETIC,2
2026-07-25 09:00:00,SHORT,1.1784716085699776,1.1666868924842777,1.1902563246556774,1.0,1.0,WIN,1,-0.29435022628450896,True,-0.9090004000565277,1.3298551888050967,0.001,SYNTHETIC,3
2026-07-25 11:00:00,SHORT,1.1769708207772285,1.1652011125694561,1.1887405289850008,1.0,1.0,WIN,1,-0.7195111591973735,True,-0.9637305145710476,0.9747906896605546,0.001,SYNTHETIC,0
2026-07-25 12:00:00,SHORT,1.1787376010333852,1.1669502250230512,1.1905249770437192,1.0,1.0,WIN,1,-0.9814622626991264,True,-0.45741336881451566,0.5044459798072923,0.001,SYNTHETIC,0
2026-07-25 13:00:00,LONG,1.180338832452808,1.1685354441282798,1.192142220777336,1.0,1.0,WIN,1,0.5667956688919927,True,0.4863931081772133,-0.2330466565408037,0.001,SYNTHETIC,8
2026-07-25 14:00:00,LONG,1.1796369049390354,1.167840535889645,1.1914332739884257,1.0,1.0,WIN,1,-0.19306068954823888,False,0.36357555275924797,0.956325942628685,0.001,SYNTHETIC,3
2026-07-25 16:00:00,LONG,1.1798383899826466,1.16804000608282,1.1916367738824731,1.0,1.0,WIN,1,0.6264769100406937,True,1.0,1.8729889682664482,0.001,SYNTHETIC,8
2026-07-25 17:00:00,LONG,1.1809110184665277,1.1691019082818623,1.192720128651193,1.0,1.0,WIN,1,-0.5304339773034896,False,0.8903497049959728,2.4191783255772377,0.001,SYNTHETIC,1
2026-07-25 18:00:00,LONG,1.1815989477846984,1.1697829583068515,1.1934149372625453,1.0,1.0,LOSS,1,-0.06573011475504498,False,0.8374418334165737,0.28970274023491144,0.001,SYNTHETIC,4
2026-07-25 19:00:00,LONG,1.1804379834174648,1.16863360358329,1.1922423632516395,1.0,1.0,WIN,1,0.09670895507035931,True,0.46990463417099987,1.333816972789635,0.001,SYNTHETIC,5
2026-07-25 20:00:00,LONG,1.1809063487524027,1.1690972852648787,1.1927154122399268,1.0,1.0,WIN,1,-0.5311250390914211,False,0.4882266731806987,0.7904988745828438,0.001,SYNTHETIC,1
2026-07-25 21:00:00,LONG,1.1807959253664946,1.1689879661128297,1.1926038846201594,1.0,1.0,WIN,1,-0.19766626489129654,False,0.4074982359718546,2.1012324343341677,0.001,SYNTHETIC,3
2026-07-25 23:00:00,SHORT,1.179739294892435,1.1679419019435107,1.1915366878413594,1.0,1.0,WIN,1,-0.380693408413105,True,-0.7082966255714488,1.0030888818749086,0.001,SYNTHETIC,2
2026-07-26 00:00:00,LONG,1.1817135165136392,1.1698963813485028,1.1935306516787756,1.0,1.0,WIN,1,0.35299240405288645,True,0.5243921497192097,2.9906727205506947,0.001,SYNTHETIC,7
2026-07-26 01:00:00,LONG,1.1831697168055482,1.1713380196374927,1.1950014139736036,1.0,1.0,WIN,1,0.48620749973737376,True,0.7028824122374364,-0.3139621117390502,0.001,SYNTHETIC,8
2026-07-26 02:00:00,LONG,1.1819811411770529,1.1701613297652824,1.1938009525888233,1.0,1.0,LOSS,1,-0.25733573739037463,False,0.4944262654070189,0.06499116406275768,0.001,SYNTHETIC,3
2026-07-26 05:00:00,SHORT,1.1806245098157655,1.1688182647176077,1.1924307549139233,1.0,1.0,LOSS,1,0.23866101255097585,False,-0.4372761194996562,-1.3167620253984724,0.001,SYNTHETIC,6
2026-07-26 06:00:00,SHORT,1.1814024627944846,1.1695884381665398,1.1932164874224294,1.0,1.0,WIN,1,-0.6649917678911035,True,-0.7495387064648793,2.196231117817865,0.001,SYNTHETIC,1
2026-07-26 08:00:00,LONG,1.1829576561346211,1.1711280795732748,1.1947872326959674,1.0,1.0,WIN,1,0.6744096266191437,True,0.8645695172499503,1.5961312061521902,0.001,SYNTHETIC,9
2026-07-26 09:00:00,LONG,1.1834400248563466,1.171605624607783,1.19527442510491,1.0,1.0,WIN,1,0.5712666851567855,True,1.0,-0.6296246762443731,0.001,SYNTHETIC,8
2026-07-26 10:00:00,LONG,1.1840854710819775,1.1722446163711577,1.1959263257927972,1.0,1.0,WIN,1,0.4253701083737057,True,1.0,2.5038680944438108,0.001,SYNTHETIC,7
2026-07-26 11:00:00,LONG,1.182683809293839,1.1708569712009005,1.1945106473867775,1.0,1.0,WIN,1,0.1665966057231212,True,0.7175832081156381,0.2135971274574221,0.001,SYNTHETIC,6
2026-07-26 16:00:00,LONG,1.1836302203631133,1.171793918159482,1.1954665225667445,1.0,1.0,WIN,1,-0.06857266361359535,False,0.35030571697329654,1.3253472277665663,0.001,SYNTHETIC,4
2026-07-26 18:00:00,SHORT,1.182405801401033,1.1705817433870227,1.1942298594150433,1.0,1.0,WIN,1,-0.3159018525229448,True,-0.4384580923190285,2.5937138398028656,0.001,SYNTHETIC,3
2026-07-26 20:00:00,SHORT,1.181990496416077,1.1701705914519163,1.1938104013802378,1.0,1.0,WIN,1,-0.27959650296119365,True,-0.7493684905336456,1.2187687386913904,0.001,SYNTHETIC,3
2026-07-26 21:00:00,SHORT,1.1816666734128958,1.1698500066787667,1.1934833401470248,1.0,1.0,WIN,1,-0.6325268142977765,True,-0.7156678446543486,1.6425181246244507,0.001,SYNTHETIC,1
2026-07-26 22:00:00,SHORT,1.1808248003376627,1.1690165523342861,1.1926330483410392,1.0,1.0,WIN,1,-0.7007932304721718,True,-0.6787134084620948,0.0684387284815573,0.001,SYNTHETIC,0
2026-07-27 00:00:00,SHORT,1.1816570731392186,1.1698405024078264,1.1934736438706108,1.0,1.0,WIN,1,-0.37293457852805834,True,-0.42690280147891463,3.0253600133676675,0.001,SYNTHETIC,2
2026-07-27 01:00:00,LONG,1.1831108834268187,1.1712797745925505,1.1949419922610869,1.0,1.0,WIN,1,0.0963480453016458,True,0.39970552276933347,1.1998865996483223,0.001,SYNTHETIC,5
2026-07-27 02:00:00,LONG,1.184485121770991,1.1726402705532812,1.196329972988701,1.0,1.0,WIN,1,-0.07863896580299845,False,1.0,2.0093038211570247,0.001,SYNTHETIC,4
2026-07-27 03:00:00,LONG,1.1841957989362373,1.172353840946875,1.1960377569255995,1.0,1.0,WIN,1,0.7889248346529902,True,1.0,1.0818328658749203,0.001,SYNTHETIC,9
2026-07-27 04:00:00,LONG,1.1836697097037248,1.1718330126066876,1.195506406800762,1.0,1.0,LOSS,1,0.4554719589280912,True,0.5965341907067664,1.870840264083951,0.001,SYNTHETIC,7
2026-07-27 06:00:00,SHORT,1.180211009894897,1.168408899795948,1.192013119993846,1.0,1.0,WIN,1,-0.38380231388067676,True,-1.0,0.008050750473343582,0.001,SYNTHETIC,2
2026-07-27 07:00:00,SHORT,1.1785095189230603,1.1667244237338297,1.190294614112291,1.0,1.0,WIN,1,-0.9547870861070793,True,-1.0,-0.5272427953786853,0.001,SYNTHETIC,0
2026-07-27 08:00:00,SHORT,1.1796210539112901,1.1678248433721772,1.191417264450403,1.0,1.0,WIN,1,-0.4313003105962544,True,-1.0,2.4018122871855025,0.001,SYNTHETIC,2
2026-07-27 09:00:00,SHORT,1.180095266468974,1.168294313804284,1.1918962191336637,1.0,1.0,WIN,1,-0.6827400507034848,True,-1.0,-0.07257189743052206,0.001,SYNTHETIC,0
2026-07-27 10:00:00,SHORT,1.1800366744020927,1.1682363076580717,1.1918370411461137,1.0,1.0,WIN,1,-0.48881743570357206,True,-0.3999206082670205,0.9046012899968825,0.001,SYNTHETIC,1
2026-07-27 11:00:00,SHORT,1.178394887375547,1.1666109385017915,1.1901788362493024,1.0,1.0,WIN,1,-0.19555233881814113,True,-0.6911336225037149,0.1277663437691981,0.001,SYNTHETIC,3
2026-07-27 12:00:00,SHORT,1.1767678663609888,1.165000187697379,1.1885355450245987,1.0,1.0,LOSS,1,0.18718587531231595,False,-0.6207335994269756,-0.20830338556745054,0.001,SYNTHETIC,6
2026-07-27 13:00:00,SHORT,1.1778418677421327,1.1660634490647115,1.189620286419554,1.0,1.0,WIN,1,0.04196568169005188,False,-0.812072287993701,1.393264206802284,0.001,SYNTHETIC,5
2026-07-27 14:00:00,SHORT,1.1777893958337935,1.1660115018754555,1.1895672897921314,1.0,1.0,WIN,1,-0.18557870600316284,True,-0.7444444231126952,-0.32696852083389183,0.001,SYNTHETIC,3
2026-07-27 15:00:00,SHORT,1.1788463930876416,1.167057929156765,1.1906348570185181,1.0,1.0,WIN,1,-0.4856864981246055,True,-0.953236100573693,-0.13356249920512947,0.001,SYNTHETIC,1
2026-07-27 17:00:00,LONG,1.180111606026467,1.1683104899662022,1.1919127220867316,1.0,1.0,WIN,1,0.2286489240670319,True,1.0,0.8371398256518402,0.001,SYNTHETIC,6
2026-07-27 18:00:00,LONG,1.1802177285819369,1.1684155512961174,1.1920199058677563,1.0,1.0,WIN,1,0.3253399207698596,True,0.8125197517637253,0.4818341701535033,0.001,SYNTHETIC,7
2026-07-27 19:00:00,LONG,1.1802472522641463,1.1684447797415047,1.1920497247867878,1.0,1.0,WIN,1,0.636904909014222,True,0.7286954422755576,1.0614720567464415,0.001,SYNTHETIC,8
2026-07-27 20:00:00,LONG,1.1803714706221715,1.1685677559159497,1.1921751853283933,1.0,1.0,WIN,1,0.9781559934204332,True,0.8624285076259044,2.6013237330548113,0.001,SYNTHETIC,9
2026-07-27 21:00:00,LONG,1.1822939782142883,1.1704710384321453,1.1941169179964313,1.0,1.0,WIN,1,0.2550556079107883,True,1.0,2.0513577071436373,0.001,SYNTHETIC,6
2026-07-27 23:00:00,LONG,1.1812942022463178,1.1694812602238547,1.1931071442687808,1.0,1.0,WIN,1,0.07707560131330549,True,0.4726756002939939,2.64464052417324,0.001,SYNTHETIC,5
2026-07-28 00:00:00,LONG,1.1809836798852793,1.1691738430864265,1.1927935166841321,1.0,1.0,WIN,1,0.47199480588544435,True,0.4016171440482078,2.854124951828474,0.001,SYNTHETIC,7
2026-07-28 01:00:00,LONG,1.1815243276423015,1.1697090843658786,1.1933395709187244,1.0,1.0,WIN,1,0.8962130498896554,True,0.5490597253838693,-0.307085044472572,0.001,SYNTHETIC,9
2026-07-28 02:00:00,SHORT,1.1807462781577558,1.1689388153761782,1.1925537409393334,1.0,1.0,WIN,1,0.0717210185048483,False,-0.6425826869843856,-0.05903704307342417,0.001,SYNTHETIC,5
2026-07-28 05:00:00,LONG,1.1847691093324906,1.1729214182391656,1.1966168004258155,1.0,1.0,WIN,1,0.2535831879352975,True,1.0,-0.05725484225834526,0.001,SYNTHETIC,6
2026-07-28 06:00:00,LONG,1.1849097842715288,1.1730606864288136,1.196758882114244,1.0,1.0,WIN,1,0.10285710882013765,True,1.0,-0.2680774344505621,0.001,SYNTHETIC,5
2026-07-28 07:00:00,LONG,1.1843134707589953,1.1724703360514053,1.1961566054665853,1.0,1.0,LOSS,1,0.3003560791623708,True,1.0,2.069600632708523,0.001,SYNTHETIC,6
2026-05-25 05:00:00,SHORT,1.1637650000000002,1.1646425000000002,1.162712,0.0754018208143471,0.09048218497722414,LOSS,9,-0.2151394422310757,True,-0.3376068376065488,0.0,0.0005850000000000577,eurusd,3
2026-05-25 08:00:00,SHORT,1.163915,1.16484125,1.1628035,0.07958055356276166,0.09549666427530636,LOSS,6,-0.10927152317880795,True,-0.3461538461537745,0.0,0.0006174999999999931,eurusd,4
2026-05-25 11:00:00,LONG,1.16437,1.1631764285714283,1.1658022857142858,0.10250791660482247,0.12300949992578697,LOSS,17,-0.39886039886039887,False,0.4429824561402765,0.0,0.0007957142857143282,eurusd,2
2026-05-25 16:00:00,SHORT,1.163885,1.165075,1.1624569999999999,0.10224377838016852,0.12269253405621748,WIN,18,-0.14035087719298245,True,-0.4954128440366673,0.0,0.0007933333333333866,eurusd,4
2026-05-25 22:00:00,SHORT,1.164215,1.1652998214285715,1.1629132142857141,0.09318050605527928,0.11181660726634277,WIN,10,-0.4519774011299435,True,-0.3333333333329221,0.0,0.000723214285714329,eurusd,2
2026-05-25 23:00:00,LONG,1.16441,1.1633701785714285,1.1656577857142858,0.08930028328264074,0.10716033993918414,LOSS,5,0.654639175257732,True,0.43333333333358,0.0,0.0006932142857143228,eurusd,8
2026-05-26 02:00:00,SHORT,1.163585,1.16454875,1.1624285,0.08282592161294017,0.09939110593553584,WIN,8,0.46691176470588236,False,-0.4801324503311443,0.0,0.0006425000000000061,eurusd,7
2026-05-26 03:00:00,LONG,1.163875,1.1628801785714284,1.1650687857142856,0.08547493747795479,0.10256992497352667,LOSS,5,-0.16666666666666666,False,0.322033898304887,0.0,0.0006632142857143007,eurusd,4
2026-05-26 07:00:00,SHORT,1.16296,1.1637817857142858,1.161973857142857,0.0706632828545966,0.08479593942551208,LOSS,3,-0.71280276816609,True,-0.4624060150375099,-0.7631059208764527,0.0005478571428571476,eurusd,0
2026-05-26 08:00:00,SHORT,1.162795,1.163558392857143,1.1618789285714286,0.06565154280357983,0.07878185136429197,LOSS,1,-0.14347826086956522,True,-0.3484848484851747,-0.6037895589228444,0.0005089285714285749,eurusd,4
2026-05-26 10:00:00,LONG,1.163705,1.1627626785714285,1.1648357857142857,0.08097597145080028,0.09717116574094888,LOSS,6,0.2954091816367265,True,0.3006134969324786,0.5844456415200242,0.0006282142857142935,eurusd,6
2026-05-26 12:00:00,LONG,1.164265,1.1631592857142858,1.1655918571428572,0.09497101482173434,0.11396521778607739,LOSS,3,0.6783783783783783,True,0.3787878787877594,0.1543179782558447,0.0007371428571428648,eurusd,9
2026-05-26 14:00:00,SHORT,1.163475,1.1646594642857144,1.1620536428571429,0.10180401690748772,0.12216482028897763,WIN,2,-0.2851485148514851,True,-0.3826086956521756,0.075707485280942,0.0007896428571428597,eurusd,3
2026-05-26 15:00:00,SHORT,1.163195,1.1643805357142858,1.161772357142857,0.10192063362426873,0.12230476034911482,WIN,1,0.09113924050632911,False,-0.3532110091739662,0.1081861401106427,0.0007903571428571661,eurusd,5
2026-05-26 21:00:00,LONG,1.162955,1.1615444642857142,1.1646476428571428,0.12128893330229736,0.14554671996275684,WIN,12,0.2356902356902357,True,0.3200000000000118,-0.5901260716892359,0.0009403571428571496,eurusd,6
2026-05-26 22:00:00,LONG,1.1632,1.161769642857143,1.1649164285714286,0.12296742975043916,0.14756091570053462,WIN,11,0.43018867924528303,True,0.3834951456309109,-0.453609969481601,0.0009535714285714267,eurusd,7
2026-05-27 00:00:00,LONG,1.1631049999999998,1.1618723214285713,1.1645842142857141,0.1059817102865608,0.12717805234388058,WIN,9,-0.24129930394431554,False,0.3773584905656346,1.7012990242590378,0.0008217857142857213,eurusd,3
2026-05-27 01:00:00,LONG,1.16334,1.1621555357142856,1.1647613571428572,0.10181583077298062,0.1221789969275691,WIN,8,0.3627906976744186,True,0.4076923076924233,-0.9363043043737233,0.0007896428571428597,eurusd,7
2026-05-27 04:00:00,SHORT,1.163395,1.1644439285714285,1.1621362857142856,0.09016100047091277,0.10819320056509915,LOSS,4,-0.04501607717041801,True,-0.3195488721804147,-0.6249505217489776,0.0006992857142857277,eurusd,4
2026-05-27 05:00:00,LONG,1.16384,1.1627991071428572,1.1650890714285715,0.08943607859695633,0.10732329431636287,WIN,10,0.014760147601476014,True,0.4787234042551784,-0.7046979374521245,0.0006939285714285814,eurusd,5
2026-05-27 08:00:00,SHORT,1.163955,1.164797142857143,1.1629444285714285,0.0723518398170903,0.08682220778050072,LOSS,1,-0.3954154727793696,True,-0.3521739130432801,-0.9831593416900448,0.0005614285714286016,eurusd,2
2026-05-27 10:00:00,SHORT,1.164065,1.1649516071428572,1.1630010714285712,0.07616474534130528,0.09139769440956252,LOSS,5,-0.06192660550458716,True,-0.4479768786127546,0.5257515179229956,0.0005910714285714468,eurusd,4
2026-05-27 17:00:00,SHORT,1.162555,1.1641048214285714,1.1606952142857143,0.13331166513166323,0.15997399815799584,WIN,13,0.07700312174817898,False,-0.4798534798534691,2.040571499831093,0.001033214285714282,eurusd,5
2026-05-27 19:00:00,LONG,1.16323,1.1615585714285714,1.1652357142857144,0.14368857160050427,0.1724262859206166,LOSS,9,0.46984924623115576,True,0.4371428571427121,0.3046019400032648,0.0011142857142857185,eurusd,7
2026-05-27 21:00:00,LONG,1.16294,1.1611742857142857,1.1650588571428573,0.15183193335119355,0.18219832002142844,LOSS,7,0.09731543624161074,True,0.3758169934636947,-0.3189583819099981,0.0011771428571428766,eurusd,5
2026-05-27 23:00:00,SHORT,1.162575,1.1642603571428571,1.1605525714285714,0.14496760577659287,0.1739611269319,WIN,7,-0.5064377682403434,True,-0.4611650485438693,-0.3478889839046496,0.001123571428571446,eurusd,1
2026-05-28 01:00:00,SHORT,1.162605,1.1642153571428573,1.1606725714285715,0.13851283478543247,0.16621540174251898,WIN,5,-0.2383177570093458,True,-0.4555555555550237,-0.3417540549845406,0.0010735714285714673,eurusd,3
2026-05-28 02:00:00,SHORT,1.16176,1.1634394642857142,1.1597446428571427,0.1445620683888501,0.17347448206662014,WIN,4,-0.07370184254606366,True,-0.3804780876495046,-0.0677957024424573,0.0011196428571428965,eurusd,4
2026-05-28 04:00:00,SHORT,1.161,1.1626907142857144,1.1589711428571428,0.14562569213732326,0.17475083056479557,WIN,2,0.0488997555012225,False,-0.4456066945606873,-0.6097509989174302,0.001127142857142898,eurusd,5
2026-05-28 06:00:00,SHORT,1.158715,1.160355892857143,1.1567459285714283,0.14161315398031205,0.16993578477637827,LOSS,3,0.22481572481572482,False,-0.5000000000000416,0.4002505589037512,0.0010939285714286168,eurusd,6
2026-05-28 07:00:00,LONG,1.159175,1.1577585714285714,1.1608747142857145,0.12219281570329343,0.14663137884395977,WIN,2,0.08598726114649681,True,0.3582677165355404,-0.2832678928725235,0.0009442857142857626,eurusd,5
2026-05-28 09:00:00,LONG,1.161025,1.1595673214285713,1.1627742142857143,0.1255510063459998,0.15066120761519214,WIN,6,0.3700623700623701,True,0.3597785977861238,-0.1601989189692892,0.0009717857142857682,eurusd,7
2026-05-28 11:00:00,LONG,1.161565,1.1601148214285713,1.1633052142857143,0.12484695832163557,0.14981634998595506,WIN,4,-0.16138328530259366,False,0.3774509803920096,-0.0441057626938633,0.0009667857142857354,eurusd,4
2026-05-28 12:00:00,SHORT,1.161315,1.1627764285714286,1.1595612857142858,0.12584256394074841,0.1510110767289019,LOSS,3,-0.07662835249042145,True,-0.4758064516127472,-0.4846961177669784,0.0009742857142857371,eurusd,4
2026-05-28 13:00:00,SHORT,1.160365,1.1618998214285716,1.1585232142857143,0.13227057249844068,0.1587246869981288,LOSS,1,-0.310126582278481,True,-0.5,0.1752327825550321,0.001023214285714296,eurusd,3
2026-05-28 15:00:00,LONG,1.16366,1.1617898214285713,1.1659042142857141,0.16071520645451173,0.19285824774540647,WIN,4,0.3549618320610687,True,0.4247787610618939,1.7198161221252632,0.0012467857142857142,eurusd,7
2026-05-28 16:00:00,SHORT,1.163065,1.1649501785714287,1.1608027857142857,0.16208712079107096,0.1945045449492737,LOSS,1,-0.21166306695464362,True,-0.3924731182795049,0.8305101726734356,0.0012567857142857161,eurusd,3
2026-05-28 18:00:00,SHORT,1.164805,1.1669194642857144,1.162267642857143,0.18152946507907056,0.21783535809488086,LOSS,23,-0.699724517906336,True,-0.4513513513516244,0.7869751514424799,0.0014096428571428454,eurusd,0
2026-05-28 21:00:00,SHORT,1.1648,1.1668325,1.162361,0.17449347527471512,0.2093921703296772,LOSS,20,-0.0975,True,-0.3457142857140682,0.0035010298175089,0.001354999999999995,eurusd,4
2026-05-28 23:00:00,LONG,1.165115,1.163241607142857,1.1673630714285712,0.1607903818200633,0.19294845818406833,LOSS,12,0.2655172413793103,True,0.4393939393942044,-0.9492675592644776,0.0012489285714285536,eurusd,6
2026-05-29 01:00:00,SHORT,1.165025,1.1667628571428572,1.1629395714285715,0.14916908588719,0.17900290306460895,WIN,10,-0.45703125,True,-0.3636363636369141,-0.988809467575097,0.0011585714285714216,eurusd,2
2026-05-29 03:00:00,SHORT,1.164875,1.1665373214285715,1.1628802142857144,0.14270384621280113,0.17124461545536515,WIN,8,-0.1525,True,-0.3527607361965822,-0.8365452723825845,0.0011082142857142818,eurusd,4
2026-05-29 04:00:00,SHORT,1.16447,1.1660669642857142,1.1625536428571428,0.13714086972737122,0.16456904367283784,WIN,7,-0.5572687224669604,True,-0.4015151515153299,-0.4639262523317232,0.0010646428571428374,eurusd,1
2026-05-29 06:00:00,SHORT,1.1637300000000002,1.1650955357142858,1.1620913571428573,0.11734128314004617,0.14080953976806304,LOSS,3,0.010610079575596816,False,-0.3524590163932039,-0.9089176064704776,0.0009103571428571275,eurusd,4
2026-05-29 07:00:00,LONG,1.163915,1.1628285714285715,1.1652187142857142,0.09334260417886944,0.11201112501464333,WIN,2,0.5726141078838174,True,0.4700000000004662,-0.877805748711741,0.0007242857142857011,eurusd,8
2026-05-29 09:00:00,LONG,1.16535,1.16434125,1.1665605000000001,0.0865619770884286,0.10387437250611431,LOSS,1,-0.2365038560411311,False,0.4274193548386765,-0.2900041962873952,0.0006724999999999966,eurusd,3
2026-05-29 11:00:00,SHORT,1.16281,1.1640073214285713,1.1613732142857143,0.10296793358944537,0.12356152030732681,LOSS,1,0.013409961685823755,False,-0.316023738872575,0.4502669785070726,0.0007982142857142652,eurusd,5
2026-05-29 12:00:00,LONG,1.164165,1.1628492857142856,1.1657438571428569,0.11301785277124025,0.13562142332547303,WIN,5,0.3687374749498998,True,0.428792569659454,-0.1520628513756343,0.0008771428571428304,eurusd,7
2026-05-29 14:00:00,LONG,1.164785,1.1634044642857142,1.1664416428571427,0.11852279298632433,0.14222735158357394,WIN,3,0.7993421052631579,True,0.4454545454545968,0.2089702798117607,0.0009203571428571296,eurusd,9
2026-05-29 15:00:00,LONG,1.164895,1.163457142857143,1.1666204285714286,0.12343233878221183,0.1481188065386618,WIN,2,0.4084967320261438,True,0.4801324503312855,0.3153656057608007,0.0009585714285714118,eurusd,7
2026-05-29 17:00:00,LONG,1.16686,1.16508625,1.1689885,0.15201052397030554,0.18241262876437428,LOSS,9,0.4596078431372549,True,0.3230994152047194,2.943714776410685,0.001182499999999991,eurusd,7
2026-05-29 20:00:00,SHORT,1.16623,1.1681526785714287,1.1639227857142858,0.1648627261713883,0.19783527140566978,WIN,20,0.002840909090909091,False,-0.4954954954952666,0.0227690297377433,0.0012817857142857372,eurusd,4
2026-05-29 22:00:00,SHORT,1.166465,1.168424642857143,1.1641134285714285,0.16799842748328458,0.20159811297994915,WIN,18,-0.23939393939393938,True,-0.3362068965512323,-0.4006472723055531,0.0013064285714285973,eurusd,3
2026-06-01 02:00:00,SHORT,1.16486,1.1664832142857142,1.162912142857143,0.13934844408033703,0.16721813289640444,LOSS,7,-0.7977941176470589,True,-0.4729729729729527,0.0,0.0010821428571428568,eurusd,0
2026-06-01 05:00:00,LONG,1.16465,1.1630776785714285,1.1665367857142857,0.1350037718259944,0.16200452619118946,LOSS,11,0.01568627450980392,True,0.3484848484849402,0.0,0.0010482142857143012,eurusd,5
2026-06-01 07:00:00,LONG,1.16482,1.1635685714285713,1.1663217142857143,0.107435360950935,0.12892243314111437,WIN,2,0.23043478260869565,True,0.4504950495048656,0.0,0.0008342857142857239,eurusd,6
2026-06-01 09:00:00,LONG,1.166475,1.165340357142857,1.1678365714285714,0.09727108229004654,0.11672529874806727,LOSS,1,0.009237875288683603,True,0.4931972789114449,0.0,0.0007564285714285786,eurusd,4
2026-06-01 16:00:00,SHORT,1.16101,1.1624917857142858,1.1592318571428573,0.12762902251364755,0.15315482701637706,LOSS,24,-0.03597883597883598,True,-0.4960886571055806,0.0,0.0009878571428571753,eurusd,4
2026-06-01 17:00:00,LONG,1.161755,1.1602426785714286,1.163569785714286,0.130175590255389,0.15621070830647066,WIN,24,-0.4456824512534819,False,0.4224137931033261,0.0,0.0010082142857143245,eurusd,2
2026-05-25 07:00:00,LONG,4564.955,4552.094999999999,4580.387000000001,0.28171142979504904,0.3380537157540589,LOSS,1,0.26639344262295084,True,0.3349961627013778,0.0,8.573333333333721,gold,6
2026-05-25 08:00:00,SHORT,4553.405000000001,4568.326250000001,4535.4995,0.3276943298476706,0.3932331958172127,LOSS,4,0.11501597444089456,False,-0.4044065387347861,0.0,9.947500000000218,gold,5
2026-05-25 09:00:00,LONG,4562.5650000000005,4546.818,4581.461400000001,0.3451348090383435,0.41416177084601613,LOSS,15,0.057692307692307696,True,0.4409448818897671,0.0,10.49800000000032,gold,5
2026-05-25 10:00:00,LONG,4564.88,4548.615,4584.398000000001,0.35630728518603616,0.4275687422232553,LOSS,14,0.16666666666666666,True,0.4717581543356475,0.0,10.843333333333703,gold,6
2026-05-25 12:00:00,LONG,4567.719999999999,4550.685624999999,4588.16125,0.3729294921755314,0.4475153906106497,LOSS,12,-0.1951219512195122,False,0.3919491525423255,0.0,11.356250000000273,gold,3
2026-05-25 13:00:00,SHORT,4568.745000000001,4584.903333333335,4549.3550000000005,0.3536711576884627,0.42440538922615123,WIN,11,0.1095890410958904,False,-0.3188524590161776,0.0,10.772222222222505,gold,5
2026-05-25 14:00:00,SHORT,4569.52,4585.465000000001,4550.3859999999995,0.34894255851819483,0.41873107022183775,WIN,10,0.2857142857142857,False,-0.3085561497325343,0.0,10.63000000000029,gold,6
2026-05-25 15:00:00,LONG,4567.75,4550.889999999999,4587.982000000001,0.3691095178151296,0.4429314213781595,LOSS,9,0.14332247557003258,True,0.3526528258362013,0.0,11.240000000000277,gold,5
2026-05-25 19:00:00,LONG,4573.685,4557.884107142857,4592.646071428572,0.3454740074391542,0.4145688089269771,LOSS,4,0.2789473684210526,True,0.3486445783130386,0.0,10.533928571428792,gold,6
2026-05-25 20:00:00,SHORT,4565.24,4581.75875,4545.4175,0.3618374937571778,0.43420499250861333,WIN,4,0.31095406360424027,False,-0.3727647867950541,0.0,11.012500000000207,gold,6
2026-05-26 02:00:00,SHORT,4559.705,4577.047678571429,4538.8937857142855,0.3803465042459794,0.4564158050951632,WIN,2,-0.7962529274004684,True,-0.3206402863392268,0.0,11.561785714285893,gold,0
2026-05-26 07:00:00,SHORT,4525.6,4546.328392857144,4500.725928571429,0.4580252973560028,0.5496303568271912,WIN,8,-0.8011204481792717,True,-0.3961499493414283,0.0,13.818928571428712,gold,0
2026-05-26 10:00:00,LONG,4538.31,4517.408571428571,4563.391714285715,0.46055532943825517,0.5526663953259021,LOSS,2,0.6867088607594937,True,0.4550464037122407,0.0,13.934285714286034,gold,9
2026-05-26 11:00:00,SHORT,4523.825000000001,4545.764642857144,4497.497428571429,0.4849799198055528,0.5819759037666554,WIN,9,-0.31197771587743733,True,-0.3078253926004466,0.0,14.626428571428862,gold,3
2026-05-26 14:00:00,SHORT,4507.335,4533.514821428572,4475.919214285714,0.5808270614137137,0.6969924736964604,LOSS,10,0.10131332082551595,False,-0.3946801968019638,0.0,17.45321428571463,gold,5
2026-05-26 15:00:00,LONG,4520.504999999999,4492.781249999999,4553.7735,0.6132887807888745,0.7359465369466696,LOSS,5,0.2753246753246753,True,0.3554190907131483,0.0,18.482500000000332,gold,6
2026-05-26 16:00:00,SHORT,4513.639999999999,4540.7101785714285,4481.155785714284,0.5997416402599477,0.7196899683119411,WIN,16,-0.3787878787878788,True,-0.4369913363088,0.0,18.04678571428602,gold,2
2026-05-26 20:00:00,SHORT,4491.13,4517.498392857144,4459.487928571428,0.5871215675596919,0.7045458810716302,LOSS,4,-0.4369230769230769,True,-0.4462798046538141,0.0,17.578928571428865,gold,2
2026-05-26 21:00:00,LONG,4499.344999999999,4473.271785714284,4530.632857142857,0.5794891097640888,0.6953869317168905,WIN,3,0.1237785016286645,True,0.4799823373565088,0.0,17.382142857143208,gold,5
2026-05-26 22:00:00,LONG,4509.02,4482.924285714285,4540.334857142858,0.5787447003055004,0.6944936403665843,LOSS,10,0.0756578947368421,True,0.4142624949207423,0.0,17.397142857143212,gold,5
2026-05-27 03:00:00,SHORT,4515.264999999999,4544.074642857143,4480.693428571428,0.6380498787367618,0.7656598544841021,WIN,6,-0.19421487603305784,True,-0.4099405267630033,0.0,19.206428571428855,gold,3
2026-05-27 04:00:00,SHORT,4508.07,4536.154285714286,4474.3688571428565,0.6229780308266315,0.7475736369919538,WIN,9,-0.2794871794871795,True,-0.4253417455310816,0.0,18.722857142857396,gold,3
2026-05-27 06:00:00,SHORT,4497.2,4522.179821428572,4467.224214285714,0.5554527579065195,0.6665433094878114,WIN,7,-0.3601190476190476,True,-0.4693011103853829,0.0,16.653214285714512,gold,2
2026-05-27 11:00:00,LONG,4497.995000000001,4471.342678571429,4529.977785714286,0.5925378180405194,0.7110453816486112,LOSS,2,0.7991718426501035,True,0.4508852084523557,0.0,17.768214285714357,gold,9
2026-05-27 13:00:00,SHORT,4445.85,4475.676964285714,4410.057642857143,0.6708945260347061,0.8050734312416596,WIN,3,-0.1260815822002472,True,-0.4349093938762761,0.0,19.88464285714294,gold,4
2026-05-27 14:00:00,SHORT,4428.715,4460.885714285714,4390.110142857143,0.7264119340647114,0.8716943208776661,LOSS,1,-0.20036429872495445,True,-0.3714512431669726,0.0,21.44714285714287,gold,3
2026-05-27 19:00:00,LONG,4450.915,4415.017321428571,4493.992214285714,0.8065235703541522,0.9678282844249786,LOSS,8,0.11212121212121212,True,0.3694292415949869,0.0,23.93178571428572,gold,5
2026-05-28 03:00:00,LONG,4457.185,4425.974285714286,4494.637857142858,0.7002337638153665,0.840280516578452,LOSS,1,-0.07868852459016394,False,0.4482200647249325,0.0,20.80714285714274,gold,4
2026-05-28 04:00:00,SHORT,4410.18,4441.793035714286,4372.244357142858,0.7168196244662488,0.8601835493594987,WIN,2,0.23855755894590847,False,-0.4401139766251173,0.0,21.075357142857033,gold,6
2026-05-28 05:00:00,SHORT,4394.455,4425.177678571428,4357.587785714286,0.6991237496214737,0.8389484995457684,WIN,24,-0.6443914081145584,True,-0.4141930656024276,0.0,20.481785714285643,gold,1
2026-05-28 11:00:00,SHORT,4387.035,4413.5458928571425,4355.221928571428,0.6043009198044377,0.7251611037653375,WIN,24,-0.3458904109589041,True,-0.389380530973462,0.0,17.673928571428537,gold,2
