time,open_eur,high_eur,low_eur,close_eur,buy_volume_eur,sell_volume_eur,avg_speed_eur,tick_count_eur,volume_delta_eur,rejection_speed_eur,micro_trend_eur,source_date_eur,symbol_eur,open_gold,high_gold,low_gold,close_gold,buy_volume_gold,sell_volume_gold,avg_speed_gold,tick_count_gold,volume_delta_gold,rejection_speed_gold,micro_trend_gold,source_date_gold,symbol_gold,tr_eur,tr_gold,atr_eur,atr_gold,alpha_divergence,alpha_rejection_z,alpha_rejection_z_gold,alpha_micro_trend,alpha_micro_trend_gold,alpha_regime,alpha_near_high,alpha_near_low,hour,alpha_is_fixing_hour,alpha_is_ny_session,alpha_mom_3h,alpha_mom_6h,alpha_mom_12h,target_long,target_short,target
2026-04-02 05:00:00,1.15525,1.156035,1.154395,1.15468,0.0,0.0,5.495334871006308e-08,6213,0.0,0.0,-0.3262195121952111,2026-04-02,EURUSD,4696.01,4704.31,4655.3150000000005,4686.77,0.0,0.0,0.0011406863469855,27944.0,0.0,0.0,0.14200428615166,2026-04-02,GOLD,0.0016399999999998638,48.99499999999989,,,0.0,0.0,0.0,-0.3262195121952111,0.14200428615166,normal,0.0,0.0,5,0,0,0.0,0.0,0.0,0,0,0
2026-04-02 06:00:00,1.154685,1.154895,1.15377,1.15398,0.0,0.0,4.4233491417717134e-08,3234,0.0,0.0,-0.3133333333333017,2026-04-02,EURUSD,4686.75,4699.425,4675.73,4676.205,0.0,0.0,0.0006270439555679,20259.0,0.0,0.0,-0.479953576703912,2026-04-02,GOLD,0.0011250000000000426,23.69500000000062,,,0.0016479891580168937,0.0,0.0,-0.3133333333333017,-0.479953576703912,normal,0.0,0.0,6,0,0,0.0,0.0,0.0,0,0,0
2026-04-02 07:00:00,1.153985,1.15419,1.153225,1.153695,0.0,0.0,4.5364180838647096e-08,2940,0.0,0.0,-0.012953367875616,2026-04-02,EURUSD,4676.225,4681.48,4657.33,4672.709999999999,0.0,0.0,0.0005901724992048,16572.0,0.0,0.0,0.1368530020703698,2026-04-02,GOLD,0.0009650000000001047,24.149999999999636,,,0.0005004295859752927,0.0,0.0,-0.012953367875616,0.1368530020703698,normal,0.0,0.0,7,0,0,0.0,0.0,0.0,0,0,0
2026-04-02 08:00:00,1.1537,1.1539,1.152485,1.152525,0.0,0.0,5.026523027177737e-08,3570,0.0,0.0,-0.471731448763143,2026-04-02,EURUSD,4672.719999999999,4680.7,4586.030000000001,4594.215,0.0,0.0,0.0010544159375608,24502.0,0.0,0.0,-0.4135417766980034,2026-04-02,GOLD,0.001414999999999944,94.66999999999916,,,0.015784470100630665,0.0,0.0,-0.471731448763143,-0.4135417766980034,normal,0.0,0.0,8,0,0,-0.0018663179409013075,0.0,0.0,0,0,0
2026-04-02 09:00:00,1.152535,1.153545,1.15152,1.15344,0.0,0.0,5.8964660644343306e-08,5568,0.0,0.0,0.4481481481481908,2026-04-02,EURUSD,4594.235000000001,4608.719999999999,4553.865,4599.355,0.0,0.0,0.0011234495914633,29552.0,0.0,0.0,0.3292771853067203,2026-04-02,GOLD,0.0020249999999999435,54.85499999999956,,,-0.00032488928900242797,0.0,0.0,0.4481481481481908,0.3292771853067203,normal,0.0,0.0,9,0,0,-0.00046794571829666953,0.0,0.0,0,0,0
2026-04-02 10:00:00,1.153435,1.153785,1.151875,1.153255,0.0,0.0,6.566487482714278e-08,5723,0.0,0.0,0.2225130890052891,2026-04-02,EURUSD,4598.82,4651.1900000000005,4597.32,4642.9,0.0,0.0,0.0006758937758371,23118.0,0.0,0.0,0.3461110079821654,2026-04-02,GOLD,0.0019100000000000783,53.8700000000008,,,-0.009628021665008979,0.0,0.0,0.2225130890052891,0.3461110079821654,normal,0.0,0.0,10,0,0,-0.0003813832945449569,0.0,0.0,0,0,0
2026-04-02 11:00:00,1.153245,1.153575,1.152435,1.15253,0.0,0.0,5.35912639139614e-08,4150,0.0,0.0,-0.4166666666666991,2026-04-02,EURUSD,4642.81,4649.005,4617.33,4620.92,0.0,0.0,0.0006452282083578,20545.0,0.0,0.0,-0.3866614048934308,2026-04-02,GOLD,0.0011399999999999189,31.675000000000182,,,0.004105454732218239,0.0,0.0,-0.4166666666666991,-0.3866614048934308,normal,0.0,0.0,11,0,0,4.338300687578567e-06,-0.0018619877368620807,0.0,0,0,0
2026-04-02 12:00:00,1.152535,1.15319,1.152165,1.15262,0.0,0.0,5.1086824891595976e-08,3146,0.0,0.0,-0.0560975609756615,2026-04-02,EURUSD,4620.9,4631.88,4613.31,4621.885,0.0,0.0,0.0006024923608072,17814.0,0.0,0.0,-0.0382337102853582,2026-04-02,GOLD,0.0010249999999998316,18.56999999999971,,,-0.00013074379950439585,0.0,0.0,-0.0560975609756615,-0.0382337102853582,normal,0.0,0.0,12,0,0,-0.0007109169094188239,-0.0011785299571916985,0.0,0,0,0
2026-04-02 13:00:00,1.152625,1.152685,1.15111,1.15122,0.0,0.0,5.193707242828618e-08,3723,0.0,0.0,-0.4301587301588313,2026-04-02,EURUSD,4621.975,4635.16,4604.255,4620.635,0.0,0.0,0.0006295715031407,17676.0,0.0,0.0,0.0300113250283057,2026-04-02,GOLD,0.001574999999999882,30.904999999999745,,,-0.000944171650216874,0.0,0.0,-0.4301587301588313,0.0300113250283057,normal,0.0,0.0,13,0,1,-0.0017645707150629741,-0.002145281031815216,0.0,0,0,0
2026-04-02 14:00:00,1.1512250000000002,1.15194,1.150915,1.151765,0.0,0.0,5.4222966344152336e-08,3528,0.0,0.0,0.3292682926830087,2026-04-02,EURUSD,4620.63,4630.7,4592.82,4600.19,0.0,0.0,0.0006744177020916,20436.0,0.0,0.0,-0.3054382259767842,2026-04-02,GOLD,0.0010250000000000536,37.88000000000011,,,0.004898127332587876,0.0,0.0,0.3292682926830087,-0.3054382259767842,normal,0.0,0.0,14,0,1,-0.0006637571256280506,-0.0006594217045183814,0.0,0,0,0
2026-04-02 15:00:00,1.151775,1.15313,1.151695,1.152455,0.0,0.0,6.271509330647208e-08,5669,0.0,0.0,0.0296167247386409,2026-04-02,EURUSD,4600.455,4630.335,4594.595,4601.985,0.0,0.0,0.0007537726154375,23539.0,0.0,0.0,-0.2932288752098639,2026-04-02,GOLD,0.001435000000000075,35.73999999999978,,,0.0002088792673085038,0.0,0.0,0.0296167247386409,-0.2932288752098639,normal,0.0,0.0,15,0,1,-0.00014315212298932067,-0.0008539672631433515,0.0,0,0,0
2026-04-02 16:00:00,1.152465,1.15325,1.152035,1.15312,0.0,0.0,6.380751665878754e-08,8633,0.0,0.0,0.3930041152260904,2026-04-02,EURUSD,4602.035,4651.505,4580.945,4646.235000000001,0.0,0.0,0.0011979144614378,32899.0,0.0,0.0,0.4253117913832206,2026-04-02,GOLD,0.0012150000000001882,70.5600000000004,,,-0.009038386918365449,0.0,0.0,0.3930041152260904,0.4253117913832206,normal,0.0,0.0,16,0,1,0.0016504230294818178,-0.00011705997372657428,0.0,0,0,0
2026-04-02 17:00:00,1.153135,1.156385,1.15267,1.155125,0.0,0.0,1.0316363339054417e-07,14558,0.0,0.0,0.1608344549125283,2026-04-02,EURUSD,4646.485000000001,4699.5,4631.805,4681.59,0.0,0.0,0.0012981933482459,34240.0,0.0,0.0,0.2354309771770451,2026-04-02,GOLD,0.003714999999999913,67.69499999999971,,,-0.0058706260283676315,0.0,0.0,0.1608344549125283,0.2354309771770451,normal,0.0,0.0,17,0,1,0.002917261767808599,0.002251568288894834,0.00038538815949018534,0,0,0
2026-04-02 18:00:00,1.155135,1.155855,1.154165,1.1545,0.0,0.0,6.95465108595163e-08,10452,0.0,0.0,-0.3017751479288743,2026-04-02,EURUSD,4681.9,4684.075,4652.675,4661.2,0.0,0.0,0.0008896281569493,32196.0,0.0,0.0,-0.2285031847133842,2026-04-02,GOLD,0.0016899999999999693,31.399999999999636,0.0015642857142857006,44.61857142857135,0.0038142909178169315,0.0,0.0,-0.3017751479288743,-0.2285031847133842,normal,0.0,0.0,18,0,1,0.0017744727559863005,0.0016310666134546903,0.0004506143953968422,0,0,0
2026-04-02 19:00:00,1.15451,1.1548,1.153905,1.15392,0.0,0.0,6.074732398944088e-08,6087,0.0,0.0,-0.483240223463455,2026-04-02,EURUSD,4661.21,4670.62,4643.035,4659.13,0.0,0.0,0.0007050215023035,26853.0,0.0,0.0,0.0834692767808841,2026-04-02,GOLD,0.0008950000000000902,27.585000000000036,0.001511071428571431,43.08928571428565,-5.82903333239404e-05,0.0,0.0,-0.483240223463455,0.0834692767808841,normal,0.0,0.0,19,1,1,0.0006937699458859914,0.0023453379892637294,0.00019502554834693875,0,0,0
2026-04-02 20:00:00,1.153925,1.154925,1.153635,1.153755,0.0,0.0,4.865040896482159e-08,3838,0.0,0.0,-0.4069767441861265,2026-04-02,EURUSD,4659.185,4668.385,4645.895,4648.709999999999,0.0,0.0,0.0006310493068276,21991.0,0.0,0.0,-0.3748332592263798,2026-04-02,GOLD,0.0012900000000000134,22.48999999999978,0.0015228571428571433,43.00321428571416,0.002093478191771858,0.0,0.0,-0.4069767441861265,-0.3748332592263798,normal,0.0,0.0,20,0,1,-0.0011860188291309415,0.001727783011291395,0.0010672219691547635,0,0,0
2026-04-02 21:00:00,1.15377,1.154005,1.153315,1.153615,0.0,0.0,4.6637511721378796e-08,3169,0.0,0.0,-0.0652173913041449,2026-04-02,EURUSD,4648.975,4672.105,4647.54,4668.645,0.0,0.0,0.000557591198055,15740.0,0.0,0.0,0.3591491960105989,2026-04-02,GOLD,0.0006899999999998574,24.5649999999996,0.0015032142857142685,43.03285714285702,-0.004409629347271959,0.0,0.0,-0.0652173913041449,0.3591491960105989,normal,0.0,0.0,21,0,0,-0.0007665656128194032,0.0010065468933710964,0.00015172007213215544,0,0,0
2026-04-02 22:00:00,1.153645,1.15438,1.153335,1.153455,0.0,0.0,4.4648249726079535e-08,3467,0.0,0.0,-0.3851674641147136,2026-04-02,EURUSD,4668.639999999999,4681.86,4661.515,4672.195,0.0,0.0,0.0005346007311712,19647.0,0.0,0.0,0.0249447038584283,2026-04-02,GOLD,0.0010449999999999626,20.344999999999345,0.0014767857142856983,37.72392857142846,-0.0008990863856365161,0.0,0.0,-0.3851674641147136,0.0249447038584283,normal,0.0,0.0,22,0,0,-0.0004029742096507416,0.00029051616483966036,0.00017342218329852166,0,0,0
2026-04-02 23:00:00,1.15346,1.153985,1.153215,1.153855,0.0,0.0,4.0816799059073785e-08,1531,0.0,0.0,0.3311688311689135,2026-04-02,EURUSD,4672.43,4677.995,4664.375,4676.209999999999,0.0,0.0,0.0004983397721312,8551.0,0.0,0.0,0.3689427312775092,2026-04-02,GOLD,0.0007699999999999374,13.61999999999989,0.0013871428571428407,34.77857142857134,-0.0005125549063715873,0.0,0.0,0.3311688311689135,0.3689427312775092,normal,0.0,0.0,23,0,0,8.667351387425803e-05,-0.0010994481116761712,0.001149644694715013,0,0,0
2026-04-03 00:00:00,1.15385,1.15418,1.15373,1.154025,0.0,0.0,9.780084050126813e-08,701,0.0,0.0,0.1555555555560599,2026-04-02,EURUSD,0.0,0.0,0.0,0.0,0.0,0.0,0.0,0.0,0.0,0.0,0.0,0,0,0.00045000000000006146,4676.209999999999,0.0012828571428571253,364.9457142857141,1.0001473322037864,0.0,0.0,0.1555555555560599,0.0,normal,0.0,0.0,0,0,0,0.00035540453270810346,-0.00041143352100481145,0.0012189620169700266,0,0,0
2026-04-03 01:00:00,1.153945,1.154115,1.153755,1.1540050000000002,0.0,0.0,4.132638105250476e-08,620,0.0,0.0,0.1944444444445301,2026-04-02,EURUSD,0.0,0.0,0.0,0.0,0.0,0.0,0.0,0.0,0.0,0.0,0.0,0,0,0.00035999999999991594,0.0,0.0012271428571428394,362.6832142857141,0.0,0.0,0.0,0.1944444444445301,0.0,normal,0.0,0.0,1,0,0,0.00047682831146445004,7.366195230185113e-05,0.002419172703740591,0,0,0
2026-04-03 02:00:00,1.154,1.15429,1.1539549999999998,1.154145,0.0,0.0,3.90845928674077e-08,428,0.0,0.0,0.0671641791045468,2026-04-02,EURUSD,0.0,0.0,0.0,0.0,0.0,0.0,0.0,0.0,0.0,0.0,0.0,0,0,0.00033500000000019625,0.0,0.001177857142857151,361.35678571428554,0.0,0.0,0.0,0.0671641791045468,0.0,normal,0.0,0.0,2,0,0,0.0002513314064591654,0.0003380267041095397,0.0020663937521978593,0,0,0
2026-04-03 03:00:00,1.15415,1.1545,1.153805,1.153805,0.0,0.0,4.2439533274268555e-08,1493,0.0,0.0,-0.4999999999998402,2026-04-02,EURUSD,0.0,0.0,0.0,0.0,0.0,0.0,0.0,0.0,0.0,0.0,0.0,0,0,0.0006950000000001122,0.0,0.0011150000000000246,359.14928571428555,0.0,0.0,0.0,-0.4999999999998402,0.0,normal,0.0,0.0,3,0,0,-0.00019063711791345028,0.00016469966149879056,0.0011714123328026016,0,0,0
2026-04-03 04:00:00,1.153815,1.153985,1.153375,1.1535,0.0,0.0,4.3371954243586127e-08,1391,0.0,-0.7547425455294409,-0.2950819672132281,2026-04-02,EURUSD,0.0,0.0,0.0,0.0,0.0,0.0,0.0,0.0,0.0,0.0,0.0,0,0,0.0006099999999999994,0.0,0.0010853571428571637,356.44357142857126,0.0,-4.694855340334425,0.0,-0.2950819672132281,0.0,normal,0.9975051561547408,1.0022460390211267,4,0,0,-0.0004376064228492904,3.9013225483497393e-05,0.00032954072429580705,0,0,0
2026-04-03 05:00:00,1.153495,1.15383,1.153215,1.153615,0.0,0.0,3.6950476317444334e-08,1057,0.0,-1.074753798287409,0.1504065040654765,2026-04-02,EURUSD,0.0,0.0,0.0,0.0,0.0,0.0,0.0,0.0,0.0,0.0,0.0,0,0,0.0006149999999998101,0.0,0.0010267857142857162,353.8907142857141,0.0,-3.803390904325425,0.0,0.1504065040654765,0.0,normal,0.9976046040029921,1.0023459595191653,5,0,0,-0.00045921439680451925,-0.00020799840534557745,-0.0013072178335676865,0,0,0
2026-04-03 06:00:00,1.153625,1.15375,1.15342,1.15362,0.0,0.0,3.0975860993958734e-08,512,0.0,0.0,0.1060606060605754,2026-04-03,EURUSD,0.0,0.0,0.0,0.0,0.0,0.0,0.0,0.0,0.0,0.0,0.0,0,0,0.0003300000000001635,0.0,0.0009635714285714288,348.8507142857141,0.0,0.2903570791520649,0.0,0.1060606060605754,0.0,normal,0.9976089278224813,1.0023503038886452,6,0,0,-0.00016033905209278387,-0.00035094560343140735,-0.0007622347336508906,0,0,0
2026-04-03 07:00:00,1.153625,1.153635,1.153385,1.153385,0.0,0.0,4.114321934833161e-08,1303,0.0,0.0,-0.5,2026-04-03,EURUSD,0.0,0.0,0.0,0.0,0.0,0.0,0.0,0.0,0.0,0.0,0.0,0,0,0.00024999999999986144,0.0,0.0007160714285714251,344.01535714285694,0.0,0.2903570791520649,0.0,-0.5,0.0,normal,0.9974057083064897,1.0021461185230882,7,0,0,-9.969657563924095e-05,-0.0005372593706266526,-0.00046363699389906365,1,0,1
2026-04-03 08:00:00,1.153385,1.15381,1.152935,1.153805,0.0,0.0,4.16527871291258e-08,1097,0.0,0.0,0.4942857142855497,2026-04-03,EURUSD,0.0,0.0,0.0,0.0,0.0,0.0,0.0,0.0,0.0,0.0,0.0,0,0,0.0008749999999999591,0.0,0.0006578571428571386,341.77249999999987,0.0,0.2903570791520649,0.0,0.4942857142855497,0.0,normal,0.9977689091435811,1.0025110455594028,8,0,0,0.00016469966149879056,-0.0002945903677614714,4.3336756937017995e-05,0,0,0
2026-04-03 09:00:00,1.153795,1.154055,1.153505,1.153965,0.0,0.0,4.82913893793653e-08,766,0.0,0.0,0.3363636363633868,2026-04-03,EURUSD,0.0,0.0,0.0,0.0,0.0,0.0,0.0,0.0,0.0,0.0,0.0,0,0,0.0005500000000000504,0.0,0.0006332142857142786,339.8021428571427,0.0,0.2903570791520649,0.0,0.3363636363633868,0.0,normal,0.9979072713672349,1.0026500653827606,9,0,0,0.0002990586154885122,0.00013867161262082206,0.00030339411328728083,0,0,0
2026-04-03 10:00:00,1.15396,1.154635,1.15395,1.154285,0.0,0.0,5.4009229438044486e-08,1115,0.0,0.0,-0.0109489051094015,2026-04-03,EURUSD,0.0,0.0,0.0,0.0,0.0,0.0,0.0,0.0,0.0,0.0,0.0,0,0,0.0006850000000000467,0.0,0.0005899999999999953,338.19571428571413,0.0,0.2903570791520649,0.0,-0.0109489051094015,0.0,normal,0.9981839958145428,1.0029281050294767,10,0,0,0.0007803118646418916,0.0006805374945817455,0.0007195772700279157,0,0,0
2026-04-03 11:00:00,1.1542750000000002,1.154535,1.154015,1.154305,0.0,0.0,4.662720007439292e-08,777,0.0,0.0,0.0576923076918232,2026-04-03,EURUSD,0.0,0.0,0.0,0.0,0.0,0.0,0.0,0.0,0.0,0.0,0.0,0,0,0.000520000000000076,0.0,0.0005778571428571537,336.4410714285713,0.0,0.2903570791520649,0.0,0.0576923076918232,0.0,normal,0.9982012910924994,1.0029454825073962,11,0,0,0.00043334878944012445,0.0005981198233377949,0.0003899970100227357,0,0,0
2026-04-03 12:00:00,1.1542949999999998,1.154555,1.154065,1.154305,0.0,0.0,5.364666682874881e-08,775,0.0,0.0558391510045089,-0.0102040816331755,2026-04-02,EURUSD,0.0,0.0,0.0,0.0,0.0,0.0,0.0,0.0,0.0,0.0,0.0,0,0,0.0004900000000001015,0.0,0.0005382142857143066,334.9878571428571,0.0,0.4924038239932313,0.0,-0.0102040816331755,0.0,normal,0.9982012910924994,1.0029454825073962,12,0,0,0.00029463631912585164,0.0005937830481439477,0.00024262905916239141,0,1,1
2026-04-03 13:00:00,1.154355,1.1549049999999998,1.154185,1.154475,0.0,0.0,4.810429863903363e-08,663,0.0,0.0,-0.0972222222219566,2026-04-03,EURUSD,0.0,0.0,0.0,0.0,0.0,0.0,0.0,0.0,0.0,0.0,0.0,0,0,0.0007199999999998319,0.0,0.0005346428571428705,334.01499999999993,0.0,0.2804793104829549,0.0,-0.0972222222219566,0.0,normal,0.9983483009551316,1.003093191069714,13,0,1,0.00016460406225493607,0.0009450443693994615,0.00040727726482958637,0,1,1
2026-04-03 14:00:00,1.15449,1.154675,1.154085,1.154425,0.0,0.0,4.8955010937011186e-08,1011,0.0,0.0,0.0762711864404132,2026-04-03,EURUSD,0.0,0.0,0.0,0.0,0.0,0.0,0.0,0.0,0.0,0.0,0.0,0,0,0.0005899999999998684,0.0,0.0005446428571428566,0.0,0.0,0.2804793104829549,0.0,0.0762711864404132,0.0,normal,0.9983050627602399,1.002370419251625,14,0,1,0.00010395865910672875,0.000537352498905852,0.00024260383227425741,0,1,1
2026-04-03 15:00:00,1.154435,1.154595,1.15181,1.1531,0.0,0.0,1.0936631094124012e-07,4402,0.0,0.0,-0.036804308797089,2026-04-03,EURUSD,0.0,0.0,0.0,0.0,0.0,0.0,0.0,0.0,0.0,0.0,0.0,0,0,0.0027850000000000374,0.0,0.000717857142857151,0.0,0.0,0.2804793104829549,0.0,-0.036804308797089,0.0,normal,0.9971592505956062,1.001119976384994,15,0,1,-0.001043918201861671,-0.0007495894589523155,-0.0006110217931105666,0,1,1
2026-04-03 16:00:00,1.153095,1.15386,1.152795,1.15348,0.0,0.0,6.331807843430495e-08,2050,0.0,0.0,0.1431924882629279,2026-04-03,EURUSD,0.0,0.0,0.0,0.0,0.0,0.0,0.0,0.0,0.0,0.0,0.0,0,0,0.0010650000000000936,0.0,0.0007700000000000008,0.0,0.0,0.2804793104829549,0.0,0.1431924882629279,0.0,normal,0.9974878608767842,1.0014498919092558,16,0,1,-0.0008618636176616068,-0.0006974014216591939,-1.7338534893718283e-05,0,1,1
2026-04-03 17:00:00,1.153485,1.153655,1.15208,1.1521,0.0,0.0,5.577556561527708e-08,1884,0.0,0.1948919396350528,-0.4873015873017164,2026-04-02,EURUSD,0.0,0.0,0.0,0.0,0.0,0.0,0.0,0.0,0.0,0.0,0.0,0,0,0.001575000000000104,0.0,0.0008328571428571431,0.0,0.0,0.9697250360427329,0.0,-0.4873015873017164,0.0,normal,0.9967513226139956,1.0002517776369366,17,0,1,-0.002013989648526393,-0.0019102403610831153,-0.0013132630903726072,0,0,0
2026-04-03 18:00:00,1.152085,1.152765,1.152,1.1522,0.0,0.0,4.914524765752759e-08,3274,0.0,0.0,-0.2385620915032641,2026-04-03,EURUSD,0.0,0.0,0.0,0.0,0.0,0.0,0.0,0.0,0.0,0.0,0.0,0,0,0.0007650000000001267,0.0,0.0008439285714285808,0.0,0.0,0.2447132591466048,0.0,-0.2385620915032641,0.0,normal,0.9976405394289671,1.0003385975117423,18,0,1,-0.0007805047263897968,-0.0018236081451609154,-0.001230907924620106,0,0,0
2026-04-03 19:00:00,1.152205,1.152235,1.151895,1.15191,0.0,0.0,5.9109377908171634e-08,3067,0.0,0.0,-0.4558823529415414,2026-04-03,EURUSD,0.0,0.0,0.0,0.0,0.0,0.0,0.0,0.0,0.0,0.0,0.0,0,0,0.00034000000000000696,0.0,0.0008242857142857377,0.0,0.0,0.2447132591466048,0.0,-0.4558823529415414,0.0,normal,0.9973894408727839,1.0000868198748056,19,1,1,-0.0013610985886188809,-0.002221789124926876,-0.0012788444448298408,0,0,0
2026-04-03 20:00:00,1.1519,1.152205,1.151845,1.152035,0.0,0.0,6.724391702832639e-08,3159,0.0,0.8417157781280139,0.0277777777779662,2026-04-02,EURUSD,0.0,0.0,0.0,0.0,0.0,0.0,0.0,0.0,0.0,0.0,0.0,0,0,0.00035999999999991594,0.0,0.0008264285714285771,0.0,0.0,2.672147461137181,0.0,0.0277777777779662,0.0,normal,0.9975149471168625,1.000195344718313,20,0,1,-5.641871365336115e-05,-0.002070294735474487,-0.0015340547146182049,0,0,0
2026-04-03 21:00:00,1.1520100000000002,1.1521499999999998,1.15142,1.151465,0.0,0.0,5.1776664270940243e-08,1873,0.0,0.0,-0.4383561643834533,2026-04-03,EURUSD,0.0,0.0,0.0,0.0,0.0,0.0,0.0,0.0,0.0,0.0,0.0,0,0,0.0007299999999996754,0.0,0.0008607142857142781,0.0,0.0,0.09406263363664666,0.0,-0.4383561643834533,0.0,normal,0.9970214000285739,1.0000390821767902,21,0,0,-0.0006379100850546493,-0.00141791691960802,-0.0021664435229837853,0,0,0
2026-04-03 22:00:00,1.1514600000000002,1.151595,1.15138,1.151405,0.0,0.0,2.599642361099435e-08,350,0.0,-1.3668137603776198,-0.3837209302327503,2026-04-02,EURUSD,0.0,0.0,0.0,0.0,0.0,0.0,0.0,0.0,0.0,0.0,0.0,0,0,0.0002149999999998542,0.0,0.0008135714285714135,0.0,0.0,-3.008433131809415,0.0,-0.3837209302327503,0.0,normal,0.9969694477034909,1.000021713074745,22,0,0,-0.0004384023057356634,-0.0017989041855949184,-0.0024950510489176736,0,0,0
2026-04-03 23:00:00,1.151435,1.153315,1.151285,1.15195,0.0,0.0,1.1628382130985361e-07,1263,0.0,2.711393079216239,-0.172413793103486,2026-04-02,EURUSD,0.0,0.0,0.0,0.0,0.0,0.0,0.0,0.0,0.0,0.0,0.0,0,0,0.0020300000000001983,0.0,0.0009192857142857098,0.0,0.0,3.7695036448095727,0.0,-0.172413793103486,0.0,normal,0.9974413479896617,1.0005776154470876,23,0,0,-7.37824805668863e-05,-0.00013019703150751738,-0.0020401886849661377,0,1,1
2026-04-06 00:00:00,1.15238,1.152425,1.15192,1.152155,0.0,0.0,1.961407452574342e-08,218,0.0,0.0,-0.0346534653465433,2026-04-02,EURUSD,0.0,0.0,0.0,0.0,0.0,0.0,0.0,0.0,0.0,0.0,0.0,0,0,0.0005049999999999777,0.0,0.000906428571428562,0.0,0.0,-0.03552398735392643,0.0,-0.0346534653465433,0.0,normal,0.9976188517670286,1.0007556773518287,0,0,0,0.000599236624647892,-3.905571949303077e-05,-0.0018625926423258,0,1,1
2026-04-06 01:00:00,1.15215,1.15215,1.150515,1.1515,0.0,0.0,6.159230643080126e-08,5323,0.0,0.0,0.102446483180349,2026-04-02,EURUSD,4649.785,4666.135,4608.655000000001,4645.825,0.0,0.0,0.0014434109063144,18578.0,0.0,0.0,0.1466597077244162,2026-04-03,GOLD,0.0016400000000000858,4666.135,0.0009864285714285628,333.29535714285714,-inf,-0.03552398735392643,0.0,0.102446483180349,0.1466597077244162,normal,0.997051705551539,1.0008561383380485,1,0,0,8.250789253128055e-05,-0.0003559305848547245,-0.002576928907078946,0,0,0
2026-04-06 02:00:00,1.1514950000000002,1.151685,1.150865,1.150975,0.0,0.0,4.464977047549464e-08,2135,0.0,0.0,-0.3658536585367967,2026-04-02,EURUSD,4645.845,4651.465,4605.34,4610.575000000001,0.0,0.0,0.0007204131338824,15681.0,0.0,0.0,-0.3865040650406378,2026-04-05,GOLD,0.0008200000000000429,46.125,0.001009999999999987,336.59000000000003,0.007131530504305816,-0.03552398735392643,0.0,-0.3658536585367967,-0.3865040650406378,normal,0.9965971227070627,1.0003998209497487,2,0,0,-0.0008463909023829208,-0.00092011093412947,-0.0029885007687809884,1,0,1
2026-04-06 03:00:00,1.15098,1.15184,1.150935,1.15118,0.0,0.0,4.231218568058486e-08,3524,0.0,0.0,-0.2292817679557252,2026-04-05,EURUSD,4610.594999999999,4629.514999999999,4600.985000000001,4622.465,0.0,0.0,0.0006999647634068,22288.0,0.0,0.0,0.2528916929547998,2026-04-02,GOLD,0.0009049999999999336,28.529999999998836,0.00102321428571428,338.62785714285707,-0.002400744184111847,-0.03552398735392643,0.0,-0.2292817679557252,0.2528916929547998,normal,0.9967746264844297,1.0005780020251802,3,0,0,-0.0008462403062087231,-0.0002475107797457188,-0.0016650767496313446,0,0,0
2026-04-06 04:00:00,1.151175,1.151435,1.150635,1.150685,0.0,0.0,4.0342048624521945e-08,2461,0.0,0.0,-0.4374999999997398,2026-04-02,EURUSD,4622.685,4643.325000000001,4620.635,4625.995,0.0,0.0,0.0005730514964356,17881.0,0.0,0.0,-0.2637725870427698,2026-04-03,GOLD,0.0007999999999999119,22.69000000000051,0.0010382142857142832,340.2485714285714,-0.0011936553842878395,-0.08190128589000659,0.0,-0.4374999999997398,-0.2637725870427698,normal,0.9963460198024947,1.0001477599162114,4,0,0,-0.0007077724706904265,-0.0006253229749740852,-0.0024231022644519706,1,0,1
2026-04-06 05:00:00,1.15069,1.152875,1.150685,1.152065,0.0,0.0,5.345458472644889e-08,4223,0.0,0.0,0.130136986301315,2026-04-02,EURUSD,4626.125,4672.04,4623.785,4648.110000000001,0.0,0.0,0.0006735373425693,20049.0,0.0,0.0,0.0040928401201993,2026-04-02,GOLD,0.0021900000000001363,48.25500000000011,0.0009957142857142903,343.6953571428571,-0.0035813075051693843,-0.15618382009074852,0.0,0.130136986301315,0.0040928401201993,normal,0.997540923279404,1.0013472227654572,5,0,0,0.0009470231760027037,9.9830721819405e-05,-3.0379307351835472e-05,0,0,0
2026-04-06 06:00:00,1.15207,1.15232,1.151735,1.151905,0.0,0.0,4.4921463770249326e-08,2462,0.0,0.0,-0.2094017094017321,2026-04-06,EURUSD,4648.0650000000005,4648.135,4625.46,4640.63,0.0,0.0,0.0005418820707627,16357.0,0.0,0.0,0.1690187431091288,2026-04-03,GOLD,0.0005850000000000577,22.675000000000182,0.0009614285714285734,345.315,0.0014703751826118383,-0.15618382009074852,0.0,-0.2094017094017321,0.1690187431091288,normal,0.9974023837458493,1.001208154609023,6,0,0,0.0006297885647768009,-0.00021698469389974662,-0.0002560319388994481,1,0,1
2026-04-06 07:00:00,1.151915,1.152505,1.151855,1.15243,0.0,0.0,4.2283363722320914e-08,1658,0.0,0.0,0.3846153846154897,2026-04-02,EURUSD,4640.645,4659.975,4640.035,4659.1,0.0,0.0,0.0003892429775925,11325.0,0.0,0.0,0.4561183550651967,2026-04-06,GOLD,0.0006499999999998174,19.94000000000051,0.0008953571428571243,346.73928571428576,-0.003524296300185359,-0.15618382009074852,0.0,0.3846153846154897,0.4561183550651967,normal,0.9978569665903257,1.0016644719973231,7,0,0,0.0015164880049709506,0.0008076422058185262,0.00045142415640109235,1,0,1
2026-04-06 08:00:00,1.152415,1.152965,1.152305,1.152535,0.0,0.0,4.002130644011864e-08,1936,0.0,0.0,-0.1515151515154981,2026-04-04,EURUSD,4659.11,4678.975,4651.53,4652.71,0.0,0.0,0.0005526489503102,11549.0,0.0,0.0,-0.4570049189287735,2026-04-06,GOLD,0.000660000000000105,27.44500000000062,0.0008878571428571228,348.6996428571429,0.0014626213435853241,-0.15618382009074852,0.0,-0.1515151515154981,-0.4570049189287735,normal,0.9979478831592211,1.001755735474983,8,0,0,0.0004079630923603528,0.001355372618866646,0.0004340145915706639,1,0,1
2026-04-06 09:00:00,1.15254,1.15377,1.1522,1.153305,0.0,0.0,6.464318185037433e-08,3239,0.0,0.0,0.2038216560510085,2026-04-05,EURUSD,4652.780000000001,4667.955,4643.85,4666.1,0.0,0.0,0.0005922339874525,12928.0,0.0,0.0,0.4230450114084382,2026-04-06,GOLD,0.0015700000000000713,24.104999999999563,0.0009757142857142702,350.42142857142863,-0.00220980015988248,-0.15618382009074852,0.0,0.2038216560510085,0.4230450114084382,normal,0.9986146046644531,1.002425000977823,9,0,0,0.001215378004262524,0.001845932000208439,0.0015979643323940085,1,0,1
2026-04-06 10:00:00,1.153315,1.15688,1.15254,1.156435,0.0,0.0,6.10226718312685e-08,4973,0.0,0.0,0.3974654377880632,2026-04-03,EURUSD,4666.110000000001,4688.41,4645.095,4684.93,0.0,0.0,0.0005587469071228,16333.0,0.0,0.0,0.4196583169802597,2026-04-05,GOLD,0.0043400000000000105,43.3149999999996,0.0012599999999999914,353.51535714285717,-0.001321550519494341,-0.15618382009074852,0.0,0.3974654377880632,0.4196583169802597,normal,0.9996153447202824,1.005145521788069,10,0,0,0.0034752653089558105,0.004997023512081977,0.004368575783499473,0,1,1
2026-04-06 11:00:00,1.156455,1.156855,1.15538,1.155525,0.0,0.0,5.6499624727743744e-08,4346,0.0,0.0,-0.4016949152544141,2026-04-02,EURUSD,4684.53,4698.245,4681.13,4695.88,0.0,0.0,0.0005849669823756,15897.0,0.0,0.0,0.3618171194858421,2026-04-05,GOLD,0.001474999999999893,17.11499999999978,0.0013132142857142926,354.73785714285714,-0.003124182576359158,-0.15618382009074852,0.0,-0.4016949152544141,0.3618171194858421,normal,0.9988287462831063,1.0043545716483488,11,0,0,0.0025942813016524013,0.0030033027650349098,0.0031034333087371913,0,0,0
2026-04-06 12:00:00,1.155545,1.156035,1.15473,1.155035,0.0,0.0,5.676303540455655e-08,3705,0.0,0.0,-0.2662835249041497,2026-04-02,EURUSD,4696.07,4706.705,4691.055,4693.68,0.0,0.0,0.0005259279422005,14225.0,0.0,0.0,-0.3322683706070248,2026-04-06,GOLD,0.0013049999999998896,15.649999999999636,0.001391071428571438,355.85571428571427,4.444611340659321e-05,-0.15254173595165413,0.0,-0.2662835249041497,-0.3322683706070248,normal,0.9984051932784732,1.003928675419269,12,0,0,0.001500036850616171,0.00271723796667267,0.0024996636737244504,0,0,0
2026-04-06 13:00:00,1.155065,1.155435,1.153775,1.154805,0.0,0.0,6.866719164046757e-08,3867,0.0,0.0,0.1204819277108304,2026-04-02,EURUSD,4694.06,4697.7,4685.055,4689.88,0.0,0.0,0.0005676910446726,12534.0,0.0,0.0,-0.1184262554369676,2026-04-04,GOLD,0.0016599999999999948,12.644999999999527,0.001364642857142852,356.7589285714285,0.0006104711260140894,-0.15254173595165413,0.0,0.1204819277108304,-0.1184262554369676,normal,0.9982063826844618,1.0037287649443947,13,0,1,-0.0014095042090562782,0.0020608626988189993,0.002870169344333595,0,0,0
2026-04-06 14:00:00,1.154845,1.155,1.15402,1.15457,0.0,0.0,4.7597273030385544e-08,3046,0.0,0.0,0.0612244897958675,2026-04-03,EURUSD,4690.21,4696.98,4677.045,4677.96,0.0,0.0,0.0004737523819381,13648.0,0.0,0.0,-0.4541008276899931,2026-04-03,GOLD,0.0009799999999999809,19.93499999999949,0.0013985714285714237,358.182857142857,0.0023381452963395777,-0.15254173595165413,0.0,0.0612244897958675,-0.4541008276899931,normal,0.9980032501210153,1.0035245085896318,14,0,1,-0.000826464161311824,0.0017656730598203385,0.003123438823606106,0,0,0
2026-04-06 15:00:00,1.1545649999999998,1.155455,1.15427,1.15534,0.0,0.0,4.4371763006015796e-08,3011,0.0,0.0,0.4029535864980033,2026-04-05,EURUSD,4677.969999999999,4686.9,4659.89,4675.96,0.0,0.0,0.0005343277024262,14961.0,0.0,0.0,0.0949648278415277,2026-04-06,GOLD,0.0011849999999999916,27.00999999999931,0.0013660714285714168,26.816785714285547,0.0010944517448920887,-0.15254173595165413,0.0,0.4029535864980033,0.0949648278415277,normal,0.9986688334140102,1.0041937740924718,15,0,1,0.00026406126221290016,0.0017644942144532383,0.0036136833509963218,0,0,0
2026-04-06 16:00:00,1.155365,1.1561249999999998,1.15493,1.15601,0.0,0.0,5.009828990701807e-08,4467,0.0,0.0,0.4037656903767614,2026-04-04,EURUSD,4675.969999999999,4681.855,4660.219999999999,4680.465,0.0,0.0,0.0008485264157231,23566.0,0.0,0.0,0.4357522532933023,2026-04-03,GOLD,0.001194999999999835,21.63500000000022,0.0013928571428571163,25.06749999999985,-0.0003835226549322446,-0.15254173595165413,0.0,0.4037656903767614,0.4357522532933023,normal,0.9992479773183045,1.0047761219975402,16,0,1,0.0010434662129104044,-0.0003675087661650922,0.004627678295971549,0,1,1
2026-04-06 17:00:00,1.156,1.157165,1.15425,1.154315,0.0,0.0,7.35035037085923e-08,10394,0.0,0.0,-0.4777015437393239,2026-04-05,EURUSD,4680.254999999999,4697.72,4660.42,4682.88,0.0,0.0,0.0008818272580329,29418.0,0.0,0.0,0.1021447721179727,2026-04-05,GOLD,0.002915000000000001,37.30000000000018,0.0015364285714285497,25.69392857142852,-0.0019822246662934973,-0.1400631462923643,0.0,-0.4777015437393239,0.1021447721179727,high_vol,0.9975370841669079,1.0033028687153145,17,0,1,-0.0002208614462527736,-0.0010471430734946274,0.0019530148038522377,0,0,0
2026-04-06 18:00:00,1.1542949999999998,1.15444,1.15355,1.154425,0.0,0.0,5.248744543141312e-08,6241,0.0,0.0,0.4831460674157415,2026-04-04,EURUSD,4682.87,4683.995,4652.195,4668.285,0.0,0.0,0.000673754968333,22792.0,0.0,0.0,0.0059748427673115,2026-04-02,GOLD,0.0008899999999998354,31.800000000000182,0.0015428571428571156,26.34464285714278,0.003211966403674049,-0.1400631462923643,0.0,0.4831460674157415,0.0059748427673115,high_vol,0.9976321440762553,1.003398478072863,18,0,1,-0.0007919746568110231,-0.0005281225244256893,0.0021876804076725875,0,0,0
2026-04-06 19:00:00,1.15442,1.154815,1.154225,1.1545,0.0,0.0,4.449550049766284e-08,3955,0.0,0.0,-0.033898305084599,2026-04-05,EURUSD,4668.325,4672.68,4658.025,4660.465,0.0,0.0,0.0005151969705173,14733.0,0.0,0.0,-0.3335039235755441,2026-04-02,GOLD,0.0005899999999998684,14.655000000000655,0.0014285714285713822,23.944642857142817,0.0017401007814078495,-0.1400631462923643,0.0,-0.033898305084599,-0.3335039235755441,high_vol,0.9976969576508105,1.0034636662711918,19,1,1,-0.0013062170742467183,-0.00026411385472002724,0.0017962045417074801,0,0,0
2026-04-06 20:00:00,1.15449,1.1549049999999998,1.153415,1.154145,0.0,0.0,4.9173170044067214e-08,5955,0.0,0.0,-0.0100671140938767,2026-04-04,EURUSD,4660.485,4661.225,4645.995,4653.8150000000005,0.0,0.0,0.0005408525267346,19656.0,0.0,0.0,0.0134602757714984,2026-04-04,GOLD,0.0014899999999997693,15.230000000000473,0.0014932142857142189,23.412857142857124,0.0011194038222244185,-0.08885032909721428,0.0,-0.0100671140938767,0.0134602757714984,high_vol,0.9973901733979165,1.003155108799103,20,0,1,-0.00014727349120469135,-0.00036810241042128933,0.0013969207008897033,0,0,0
2026-04-06 21:00:00,1.15414,1.155255,1.15396,1.15457,0.0,0.0,5.202990736408671e-08,6117,0.0,0.0,-0.0289575289574654,2026-04-02,EURUSD,4653.8150000000005,4666.6900000000005,4648.91,4658.34,0.0,0.0,0.0004623694331813,16702.0,0.0,0.0,0.0303712035995468,2026-04-02,GOLD,0.001294999999999824,17.780000000000655,0.0015392857142856478,23.258571428571422,-0.0006040825988076204,-0.08885032909721428,0.0,-0.0289575289574654,0.0303712035995468,high_vol,0.9977574503203952,1.0035245085896318,21,0,0,0.00012560365549951769,-0.0006664704762233686,0.0010968477549304634,0,0,0
2026-04-06 22:00:00,1.154575,1.154685,1.15407,1.15428,0.0,0.0,3.529021228774152e-08,2083,0.0,0.0,-0.1585365853656203,2026-04-05,EURUSD,4658.305,4659.47,4645.645,4655.459999999999,0.0,0.0,0.0004229360794897,9168.0,0.0,0.0,0.2099457504519613,2026-04-02,GOLD,0.0006150000000000322,13.824999999999818,0.001536071428571357,22.28571428571422,0.00036707022221615926,-0.2041241452319315,0.0,-0.1585365853656203,0.2099457504519613,high_vol,0.9975068378321156,1.0032724475560946,22,0,0,-0.00019055868341277815,-0.0014965268466535786,-0.0018634856260837385,0,0,0
2026-04-06 23:00:00,1.154285,1.154455,1.15407,1.15413,0.0,0.0,3.8352424881359236e-08,1788,0.0,-0.9355423273064734,-0.3441558441560089,2026-04-04,EURUSD,4655.49,4658.51,4649.264999999999,4650.575000000001,0.0,0.0,0.000386281195978,5005.0,0.0,0.0,-0.3583017847483833,2026-04-06,GOLD,0.0003850000000000797,9.2450000000008,0.0014514285714285005,21.224285714285738,0.0009193544082332084,-4.694855340334425,0.0,-0.3441558441560089,-0.3583017847483833,high_vol,0.9973772106830056,1.0031420711594374,23,0,0,-1.299663387166472e-05,-0.00016026821101677857,-0.0012072434607643956,0,0,0
2026-04-07 00:00:00,1.154135,1.154475,1.15402,1.154285,0.0,0.0,1.447991167415589e-07,561,0.0,4.17293688937052,0.0824175824173732,2026-04-03,EURUSD,0.0,0.0,0.0,0.0,0.0,0.0,0.0,0.0,0.0,0.0,0.0,0,0,0.0004549999999998722,4650.575000000001,0.0011739285714284905,350.3142857142858,1.0001343002954606,4.583448455309134,0.0,0.0824175824173732,0.0,normal,0.9975111587370858,1.003276793435983,0,0,0,-0.00024684514581196915,-0.00012127249496507453,-0.000649330972654516,0,0,0
2026-04-07 01:00:00,1.15427,1.154785,1.1542249999999998,1.15427,0.0,0.0,4.6608003852301526e-08,1860,0.0,-0.3386419573097837,-0.4196428571427438,2026-04-03,EURUSD,4651.505,4668.325,4649.795,4658.485,0.0,0.0,0.0006838157552239,7675.0,0.0,0.0,-0.0310307609282151,2026-04-05,GOLD,0.000560000000000116,4668.325,0.0011085714285713635,682.5435714285715,-inf,-0.5185609331412222,0.0,-0.4196428571427438,-0.0310307609282151,normal,0.9974981960221748,1.0031591251787055,1,0,0,-8.663409224896057e-06,-0.00019922044174980336,-0.0004632816795910877,0,1,1
2026-04-07 02:00:00,1.154265,1.154335,1.1538849999999998,1.154085,0.0,0.0,3.1584581752922634e-08,1047,0.0,-0.9895394691363112,-0.055555555555391,2026-04-03,EURUSD,4658.525,4661.22,4651.56,4658.935,0.0,0.0,0.0003412625026019,7132.0,0.0,0.0,0.2634575569357351,2026-04-03,GOLD,0.0004500000000002835,9.659999999999854,0.0010474999999999632,682.1157142857145,-0.0002568723874784018,-1.1691801715292194,0.0,-0.055555555555391,0.2634575569357351,normal,0.9973383225382725,1.0029983443924442,2,0,0,-3.8990408359640405e-05,-5.198653548721399e-05,-0.0004200698095395694,0,1,1
2026-04-07 03:00:00,1.15408,1.154385,1.153655,1.15375,0.0,0.0,3.926084436420246e-08,3048,0.0,-0.6332260383075808,-0.3698630136986718,2026-04-03,EURUSD,4658.9,4661.25,4649.13,4655.02,0.0,0.0,0.0004308631046962,14942.0,0.0,0.0,-0.0140264026402701,2026-04-06,GOLD,0.0007299999999998974,12.11999999999989,0.0009810714285713848,682.0782142857144,0.0005500475561590612,-0.7413627294558823,0.0,-0.3698630136986718,-0.0140264026402701,normal,0.9970488219052599,1.0027072008065112,3,0,0,-0.00046349038582316204,-0.0007102211212832721,-0.0013762182560977942,0,0,0
2026-04-07 04:00:00,1.153755,1.154015,1.15273,1.15301,0.0,0.0,3.8963618946757446e-08,3412,0.0,-0.6430218594027245,-0.282101167315213,2026-04-06,EURUSD,4654.995,4664.57,4616.605,4627.035,0.0,0.0,0.0011343612899486,27525.0,0.0,0.0,-0.2825497758782391,2026-04-06,GOLD,0.0012849999999999806,47.965000000000146,0.001002857142857099,684.0803571428575,0.0053704026407997985,-0.7146332058116848,0.0,-0.282101167315213,-0.2825497758782391,normal,0.9964093279696501,1.002020535594016,4,0,0,-0.0010915990192934544,-0.0011002529715492537,-0.0025951332600928634,0,0,0
2026-04-07 05:00:00,1.153015,1.153195,1.152425,1.152975,0.0,0.0,3.935772789566837e-08,2021,0.0,0.0,0.2142857142856936,2026-04-07,EURUSD,4627.129999999999,4654.1,4619.945,4650.55,0.0,0.0,0.0006325238486883,19687.0,0.0,0.0,0.3960620699751101,2026-04-06,GOLD,0.0007699999999999374,34.155000000000655,0.000973214285714238,684.5907142857146,-0.005112443536343769,-0.028155878281615955,0.0,0.2142857142856936,0.3960620699751101,normal,0.9963790816348577,1.0010766365526793,5,0,0,-0.0009618009072122069,-0.0010007538145616612,-0.001160861636554933,0,0,0
2026-04-07 06:00:00,1.15297,1.15347,1.15288,1.15344,0.0,0.0,3.499727147584748e-08,1253,0.0,-0.7624484515784549,0.4491525423727442,2026-04-04,EURUSD,4650.655,4654.219999999999,4639.73,4649.785,0.0,0.0,0.0004367130655731,13538.0,0.0,0.0,0.1939268461007897,2026-04-04,GOLD,0.0005900000000000905,14.489999999999782,0.0009299999999999706,684.0803571428575,0.0005678011673303507,-0.7965128754583581,0.0,0.4491525423727442,0.1939268461007897,normal,0.996780925797099,1.0013760412551926,6,0,0,-0.0002686890574215006,-0.0007320549084498529,-0.0008532386252896318,1,0,1
2026-04-07 07:00:00,1.153455,1.153875,1.15329,1.153825,0.0,0.0,3.575370868216842e-08,1444,0.0,-0.7117110083813138,0.4145299145297426,2026-04-04,EURUSD,4649.76,4664.219999999999,4645.72,4659.755,0.0,0.0,0.0004152917754927,10583.0,0.0,0.0,0.2586486486487027,2026-04-03,GOLD,0.0005850000000000577,18.49999999999909,0.0007635714285714032,682.7375000000003,-0.0018104010025588035,-0.7038842103837053,0.0,0.4145299145297426,0.2586486486487027,normal,0.997113635479815,1.0014103454261414,7,0,0,0.0007068455607497359,-0.00038552505046463015,-0.0005846686877436502,0,0,0
2026-04-07 08:00:00,1.153835,1.153975,1.15302,1.153535,0.0,0.0,4.042811722198802e-08,2530,0.0,-0.5070021714241215,0.0392670157069456,2026-04-06,EURUSD,4660.43,4661.58,4623.225,4642.965,0.0,0.0,0.0007086386025012,17621.0,0.0,0.0,0.0146656237778648,2026-04-03,GOLD,0.0009550000000000392,38.35499999999956,0.0007682142857142749,683.2057142857144,0.0033518557889468115,-0.4666563639684912,0.0,0.0392670157069456,0.0146656237778648,normal,0.9968630229915353,1.00115865301163,8,0,0,0.00048570003686099206,-0.00047656801708717555,-0.000528529777454323,1,0,1
2026-04-07 09:00:00,1.15356,1.1545450000000002,1.15326,1.154465,0.0,0.0,4.6219734842029697e-08,4108,0.0,-0.2196235776291672,0.4377431906614261,2026-04-06,EURUSD,4642.97,4656.58,4638.015,4653.57,0.0,0.0,0.0005426369003146,19684.0,0.0,0.0,0.3378669539455568,2026-04-03,GOLD,0.0012850000000002026,18.5649999999996,0.0008178571428571559,683.485,-0.0014778833747739473,-0.15963519906078227,0.0,0.4377431906614261,0.3378669539455568,normal,0.9976667113160181,1.0017701802720351,9,0,0,0.0008886461367734189,0.0006197183098590742,-9.094294845701789e-05,1,0,1
2026-04-07 10:00:00,1.154485,1.154605,1.15368,1.154275,0.0,0.0,4.7540432508930534e-08,3756,0.0,0.0,0.1432432432430914,2026-04-07,EURUSD,4653.495,4657.195,4636.68,4646.155000000001,0.0,0.0,0.0005100772383587,15511.0,0.0,0.0,-0.0381428223250971,2026-04-04,GOLD,0.0009250000000000647,20.514999999999418,0.0007775000000000341,683.8625000000001,0.001428821937869973,0.06758557736543182,0.0,0.1432432432430914,-0.0381428223250971,normal,0.9975025169271452,1.001605310540816,10,0,0,0.00039000715013104426,0.0010971283857033054,-4.3317046124480285e-06,1,0,1
2026-04-07 11:00:00,1.15423,1.15756,1.154195,1.15735,0.0,0.0,7.538719857991612e-08,9295,0.0,1.0411846076474236,0.4375928677563981,2026-04-03,EURUSD,4646.17,4690.935,4644.3150000000005,4682.915,0.0,0.0,0.0007837108661186,22918.0,0.0,0.0,0.3279708279708344,2026-04-03,GOLD,0.0033649999999998403,46.61999999999989,0.0009253571428571782,685.9224999999998,-0.005247908688591263,1.0710120344138698,0.0,0.4375928677563981,0.3279708279708344,normal,0.9998185839178965,1.0042735969802807,11,0,0,0.003307225181724105,0.00379453153797793,0.0027899803315050153,0,1,1
2026-04-07 12:00:00,1.1573449999999998,1.15754,1.156225,1.15628,0.0,0.0,5.44481643217556e-08,5096,0.0,0.1364257333692304,-0.458174904943028,2026-04-02,EURUSD,4682.905,4694.65,4658.88,4671.03,0.0,0.0,0.0006105967088322,17779.0,0.0,0.0,-0.160329885378802,2026-04-05,GOLD,0.001314999999999955,35.76999999999953,0.0009753571428571726,687.4899999999999,0.001613423262815994,0.15373600982908156,0.0,-0.458174904943028,-0.160329885378802,normal,0.9988942257852725,1.0033451200728898,12,0,0,0.0015721567999029684,0.002462200027743,0.0017283426536773838,0,0,0
2026-04-07 13:00:00,1.156305,1.15637,1.15458,1.15542,0.0,0.0,8.267610667951727e-08,8459,0.0,0.0,-0.0307262569831941,2026-04-07,EURUSD,4671.02,4680.805,4649.36,4652.175,0.0,0.0,0.0008057039189108,21822.0,0.0,0.0,-0.4104786134520591,2026-04-05,GOLD,0.0017899999999999583,31.44500000000062,0.0010757142857143068,689.0757142857141,0.0032928184516994863,0.01637070891190014,0.0,-0.0307262569831941,-0.4104786134520591,normal,0.9981512837347524,1.002598867605267,13,0,1,0.0009919646531371118,0.0013823586765755458,0.0009963006922124595,0,0,0
2026-04-07 14:00:00,1.155425,1.156205,1.1548,1.156,0.0,0.0,5.6476498601192165e-08,4467,0.0,0.178256792819579,0.3540925266904502,2026-04-03,EURUSD,4652.185,4664.21,4628.925,4659.860000000001,0.0,0.0,0.0006164107773289,20098.0,0.0,0.0,0.3767181521893305,2026-04-07,GOLD,0.0014049999999998786,35.284999999999854,0.0011435714285714502,359.41214285714267,-0.0011499335386202514,0.18822632981267312,0.0,0.3540925266904502,0.3767181521893305,normal,0.9986523376758009,1.0031021541531986,14,0,1,-0.001166457856309866,0.002136909586618385,0.001659323186766981,1,0,1
2026-04-07 15:00:00,1.156005,1.156975,1.155395,1.156035,0.0,0.0,7.852627634418917e-08,6458,0.0,0.0,-0.0949367088606705,2026-04-07,EURUSD,4659.875,4671.125,4646.955,4651.74,0.0,0.0,0.0006971033681311,20848.0,0.0,0.0,-0.3020273065784096,2026-04-07,GOLD,0.0015800000000001369,24.170000000000073,0.0012164285714285944,27.68678571428557,0.0017728184380312317,0.00888509469523487,0.0,-0.0949367088606705,-0.3020273065784096,normal,0.9986825736894848,1.00313252489316,15,0,1,-0.00021188639429903233,0.0013599372869683712,0.001980498374864359,0,0,0
2026-04-07 16:00:00,1.156065,1.156495,1.155595,1.156365,0.0,0.0,6.046978551329258e-08,6693,0.0,0.0,0.3555555555556158,2026-04-07,EURUSD,4651.780000000001,4663.25,4635.620000000001,4644.22,0.0,0.0,0.0007474712413274,27869.0,0.0,0.0,-0.1887441187115561,2026-04-03,GOLD,0.0009000000000001229,27.6299999999992,0.0012485714285714402,28.97035714285695,0.0019020578652704234,0.00888509469523487,0.0,0.3555555555556158,-0.1887441187115561,normal,0.9989676561042193,1.0034188775842245,16,0,1,0.0008178844056707657,0.0018106603712289004,0.0029097752838223023,0,0,0
2026-04-07 17:00:00,1.156355,1.158345,1.155845,1.15719,0.0,0.0,6.492745619157775e-08,8544,0.0,0.0,0.0379999999999833,2026-04-07,EURUSD,4644.26,4661.485000000001,4607.56,4633.1900000000005,0.0,0.0,0.0009173707941127,30980.0,0.0,0.0,-0.0247102457116445,2026-04-03,GOLD,0.0024999999999999467,53.92500000000018,0.001375000000000015,31.9564285714284,0.003088437710170644,0.00888509469523487,0.0,0.0379999999999833,-0.0247102457116445,normal,0.999002887740699,1.0041347593118857,17,0,1,0.0010294117647058343,-0.0001382468570442219,0.003655760098874472,0,0,0
2026-04-07 18:00:00,1.157185,1.157835,1.156595,1.15711,0.0,0.0,6.267326810344767e-08,7534,0.0,0.0,-0.0846774193546834,2026-04-07,EURUSD,4633.205,4659.625,4624.93,4655.74,0.0,0.0,0.0007058748958469,26564.0,0.0,0.0,0.3880242109814022,2026-04-06,GOLD,0.0012399999999999078,34.69499999999971,0.0013717857142857242,31.008571428571226,-0.0049361900243949375,0.00888509469523487,0.0,-0.0846774193546834,0.3880242109814022,normal,0.9989338236881068,1.0040653404776885,18,0,1,0.0009299026413560618,0.0007178192133394656,0.003181786655569452,0,0,0
2026-04-07 19:00:00,1.15712,1.15795,1.15697,1.157145,0.0,0.0,6.432431017503487e-08,6657,0.0,0.3877755173133284,-0.3214285714286443,2026-04-04,EURUSD,4655.805,4668.805,4652.745,4657.175,0.0,0.0,0.0006350519461985,23060.0,0.0,0.0,-0.2241594022415544,2026-04-03,GOLD,0.0009799999999999809,16.0600000000004,0.0013867857142857273,29.716071428571208,-0.0002779739065781328,0.38149896549622747,0.0,-0.3214285714286443,-0.2241594022415544,normal,0.998964039211116,1.0040957112176498,19,1,1,0.0006745275064534706,0.001492963597653052,0.0028773860854116595,1,0,1
2026-04-07 20:00:00,1.15715,1.1579549999999998,1.15664,1.157755,0.0,0.0,5.341648516700154e-08,5002,0.0,-0.0738165221087533,0.3479087452472186,2026-04-04,EURUSD,4657.165,4686.610000000001,4653.985,4675.93,0.0,0.0,0.0005499272505788,20997.0,0.0,0.0,0.1726436781609058,2026-04-03,GOLD,0.001314999999999955,32.62500000000091,0.0014385714285714318,31.011428571428432,-0.0034999599271221538,-0.07827132605581144,0.0,0.3479087452472186,0.1726436781609058,normal,0.9994906526121321,1.0046250298284054,20,0,1,0.00048825171320188154,0.001518166089965467,0.0036583198602557765,1,0,1
2026-04-07 21:00:00,1.157765,1.15831,1.157135,1.157465,0.0,0.0,4.536913585155372e-08,3505,0.0,-0.3964380653651635,-0.2191489361702449,2026-04-04,EURUSD,4675.92,4686.4,4657.58,4662.215,0.0,0.0,0.0004859883060086,16063.0,0.0,0.0,-0.3391741845940227,2026-04-05,GOLD,0.001174999999999926,28.81999999999971,0.0014807142857142797,31.74857142857133,0.0026826215809006015,-0.3838870206427301,0.0,-0.2191489361702449,-0.3391741845940227,normal,0.999240295421485,1.0043733865544395,21,0,0,0.0003067988350284878,0.001236986769431736,0.002598606280831195,1,0,1
2026-04-07 22:00:00,1.15747,1.160175,1.157295,1.159505,0.0,0.0,8.708815152746181e-08,9172,0.0,1.2229313167079976,0.2673611111110899,2026-04-05,EURUSD,4662.25,4718.695,4660.835,4700.84,0.0,0.0,0.0009472534030061,30222.0,0.0,0.0,0.1914103007259037,2026-04-03,GOLD,0.0028799999999999937,57.85999999999967,0.0016182142857142764,33.141785714285625,-0.00652221641617845,1.1474849444481416,0.0,0.2673611111110899,0.1914103007259037,high_vol,0.9994225009158102,1.0061435668264747,22,0,0,0.0020395023959831615,0.0027154056029021767,0.004530982651447912,1,0,1
2026-04-07 23:00:00,1.1595,1.160505,1.159245,1.159465,0.0,0.0,6.299282543671167e-08,4981,0.0,0.202032261488926,-0.325396825396775,2026-04-02,EURUSD,4701.005,4717.15,4697.3150000000005,4705.754999999999,0.0,0.0,0.0007925923812349,14557.0,0.0,0.0,-0.0744895386942746,2026-04-03,GOLD,0.0012599999999998168,19.834999999999127,0.0016164285714285345,33.23249999999988,-0.0010800552947267672,0.11465497041269058,0.0,-0.325396825396775,-0.0744895386942746,high_vol,0.9991038384151728,1.0061088574093757,23,0,0,0.0014769964284324644,0.00196596928767101,0.0018274506415516534,1,0,1
2026-04-08 00:00:00,1.15949,1.16008,1.159315,1.159845,0.0,0.0,1.274754426550893e-07,652,0.0,3.234696216498968,0.1928104575162649,2026-04-05,EURUSD,0.0,0.0,0.0,0.0,0.0,0.0,0.0,0.0,0.0,0.0,0.0,0,0,0.0007649999999999046,4705.754999999999,0.0016049999999999517,367.89249999999987,1.000327737361628,3.7414642050143576,0.0,0.1928104575162649,0.0,high_vol,0.9994312820711674,1.0064385968718137,0,0,0,0.002056217682608219,0.002363647362826349,0.0030831632476562287,1,0,1
2026-04-08 01:00:00,1.159825,1.16697,1.1587999999999998,1.166785,0.0,0.0,1.4101916360834622e-07,10768,0.0,2.9054689694965585,0.4773561811505389,2026-04-05,EURUSD,4720.225,4819.780000000001,4713.195,4818.33,0.0,0.0,0.0015106284272149,23823.0,0.0,0.0,0.4863958343106374,2026-04-03,GOLD,0.008170000000000233,4819.780000000001,0.0019482142857142654,708.8324999999999,-inf,2.650592630752841,0.0,0.4773561811505389,0.4863958343106374,high_vol,0.9998414697892832,1.0124606807384429,1,0,0,0.006278541274078231,0.008330848770033095,0.009836250021637127,0,0,0
2026-04-08 02:00:00,1.1668150000000002,1.169025,1.166145,1.168635,0.0,0.0,9.374931024744869e-08,15422,0.0,1.087847675301866,0.3645833333334096,2026-04-06,EURUSD,4818.4400000000005,4836.285,4801.639999999999,4833.55,0.0,0.0,0.0010843755787345,26813.0,0.0,0.0,0.4210564294992167,2026-04-03,GOLD,0.0028799999999999937,34.64500000000044,0.0020599999999999824,708.7521428571428,-0.0015732173121354442,0.8095596420125354,0.0,0.3645833333334096,0.4210564294992167,high_vol,0.9996663886572145,1.014065991279259,2,0,0,0.007908820016128137,0.009397497743477645,0.01092993079584792,0,0,0
2026-04-08 03:00:00,1.16864,1.169695,1.16661,1.16717,0.0,0.0,8.200206989619554e-08,15607,0.0,0.6010677729838246,-0.3184764991895899,2026-04-06,EURUSD,4833.56,4857.755,4808.805,4817.94,0.0,0.0,0.0009814975487721,25821.0,0.0,0.0,-0.3133810010214732,2026-04-03,GOLD,0.0030850000000000044,48.94999999999982,0.0021524999999999856,710.0024999999999,0.001975911116622431,0.28226859205951443,0.0,-0.3184764991895899,-0.3133810010214732,high_vol,0.9978413176084365,1.0127947588780182,3,0,0,0.006315499053752838,0.008384702777189945,0.009632061313022522,0,0,0
2026-04-08 04:00:00,1.16718,1.16883,1.1671049999999998,1.167545,0.0,0.0,6.014451700676268e-08,9440,0.0,-0.2412739801051066,-0.2449275362318514,2026-04-02,EURUSD,4817.935,4825.435,4788.13,4810.38,0.0,0.0,0.000879228946699,27256.0,0.0,0.0,0.0964347942635256,2026-04-07,GOLD,0.0017250000000001986,37.30500000000029,0.0021753571428571516,710.1467857142858,0.0018904253143657845,-0.5890074308548892,0.0,-0.2449275362318514,0.0964347942635256,high_vol,0.9981619140032232,1.0131201596633186,4,0,0,0.0006513625046602467,0.00693399338510825,0.009668227592498857,0,0,0
2026-04-08 05:00:00,1.16754,1.168235,1.166875,1.16736,0.0,0.0,5.5875300491683705e-08,5669,0.0,-0.4363771664821744,-0.1433823529412965,2026-04-06,EURUSD,4809.965,4825.375,4798.615,4804.030000000001,0.0,0.0,0.0005412481171655,16003.0,0.0,0.0,-0.2976457399102829,2026-04-04,GOLD,0.0013599999999998058,26.76000000000022,0.002159642857142842,710.3317857142857,0.0011616098957726306,-0.7611069379418938,0.0,-0.1433823529412965,-0.2976457399102829,high_vol,0.9980037531151283,1.012559850114496,5,0,0,-0.001091016442259729,0.0068091749211920405,0.008788530837632536,0,0,0
2026-04-08 06:00:00,1.167365,1.167585,1.16661,1.16705,0.0,0.0,4.8822139414310834e-08,4421,0.0,-0.746199429542064,-0.0487179487179288,2026-04-06,EURUSD,4804.04,4806.005,4795.08,4797.59,0.0,0.0,0.0004257920696863,16442.0,0.0,0.0,-0.2702517162470818,2026-04-03,GOLD,0.0009750000000001702,10.925000000000182,0.0021649999999999885,709.1385714285715,0.0010749847013440395,-1.0749108862516277,0.0,-0.0487179487179288,-0.2702517162470818,high_vol,0.9977387267621046,1.0121680456540216,6,0,0,-0.00010281278648360814,0.0062120369532134845,0.0085903673808021,1,0,1
2026-04-08 07:00:00,1.167055,1.168115,1.167055,1.16763,0.0,0.0,4.863991339988848e-08,4366,0.0,-0.7923682936916354,0.0424528301887454,2026-04-02,EURUSD,4797.5650000000005,4806.66,4790.275,4803.67,0.0,0.0,0.0004497742594583,12315.0,0.0,0.0,0.3175160207507023,2026-04-03,GOLD,0.0010650000000000936,16.38500000000022,0.002062499999999999,706.4571428571428,-0.00077032339450267,-1.1138497995237786,0.0,0.0424528301887454,0.3175160207507023,high_vol,0.9982345825193747,1.0126710724879013,7,0,0,7.280233310047457e-05,0.0007242122584709687,0.009061094331306752,0,0,0
2026-04-08 08:00:00,1.16764,1.17086,1.167215,1.16914,0.0,0.0,5.671698288158799e-08,7012,0.0,-0.5069308561663186,0.0281207133059312,2026-04-07,EURUSD,4803.655,4843.91,4800.375,4827.58,0.0,0.0,0.0005095809685078,16444.0,0.0,0.0,0.1248995061444818,2026-04-04,GOLD,0.0036450000000001204,43.534999999999854,0.002234285714285728,707.0885714285715,-0.0036842264432204175,-0.8270121671721576,0.0,0.0281207133059312,0.1248995061444818,high_vol,0.9985309943118734,1.0137696616547873,8,0,0,0.0015248081140351033,0.0004321280810517525,0.00983368674719598,0,0,0
2026-04-08 09:00:00,1.169115,1.170855,1.168455,1.169625,0.0,0.0,6.629249465946314e-08,9012,0.0,-0.1504161947339869,-0.0125000000000821,2026-04-07,EURUSD,4827.625,4839.9,4821.37,4831.485,0.0,0.0,0.0006410153603722,12134.0,0.0,0.0,0.0458715596329987,2026-04-05,GOLD,0.0023999999999999577,18.529999999999745,0.002335714285714298,707.265,-0.0003940590612871997,-0.47236099112232044,0.0,-0.0125000000000821,0.0458715596329987,high_vol,0.998945219753002,1.0138209902225919,9,0,0,0.0022064178912641896,0.002103378256809174,0.010505717235510303,0,0,0
2026-04-08 10:00:00,1.169635,1.17001,1.167885,1.16955,0.0,0.0,6.404058889621713e-08,8186,0.0,-0.2788850830844133,0.2835294117647437,2026-04-04,EURUSD,4820.115,4821.425,4805.325,4813.505,0.0,0.0,0.0006155044037505,16158.0,0.0,0.0,0.0080745341614972,2026-04-06,GOLD,0.0021249999999999325,26.159999999999854,0.0023935714285714393,706.8032142857143,0.0036573000071490336,-0.5867127652309196,0.0,0.2835294117647437,0.0080745341614972,high_vol,0.9988811642724152,1.01330364453147,10,0,0,0.0016443565170474184,0.0017172785631389687,0.008663179546444466,0,0,0
2026-04-08 11:00:00,1.169555,1.16992,1.166895,1.16811,0.0,0.0,6.818174126455942e-08,7938,0.0,-0.0891010179950095,-0.0983471074380351,2026-04-05,EURUSD,4813.52,4819.985,4790.395,4793.925,0.0,0.0,0.0005609665010846,16853.0,0.0,0.0,-0.380702940182515,2026-04-08,GOLD,0.0030250000000000554,29.589999999999236,0.0025257142857143056,706.8582142857142,0.002836479175752804,-0.35297426544713006,0.0,-0.0983471074380351,-0.380702940182515,high_vol,0.9976512990451463,1.0117185470041055,11,0,0,-0.0008809894452332934,0.000642475328947345,0.00745602497703679,0,0,0
2026-04-08 12:00:00,1.168135,1.16894,1.1678000000000002,1.16795,0.0,0.0,5.9051564106612905e-08,6084,0.0,-0.4903479857087572,-0.3684210526316814,2026-04-05,EURUSD,4793.89,4806.955,4776.575,4783.3150000000005,0.0,0.0,0.0005730296600756,14592.0,0.0,0.0,-0.2781435154706675,2026-04-08,GOLD,0.0011399999999999189,30.38000000000011,0.002401428571428586,704.8953571428572,0.002076244368929725,-0.7235657030312772,0.0,-0.3684210526316814,-0.2781435154706675,high_vol,0.9975146473532276,1.0115799684733844,12,0,0,-0.0014320829325636941,0.0007711751852963467,0.006988002707258412,1,0,1
2026-04-08 13:00:00,1.16793,1.16925,1.167755,1.169025,0.0,0.0,5.316620795552177e-08,4348,0.0,-0.6873996245651294,0.3494983277592311,2026-04-06,EURUSD,4783.28,4796.255,4771.355,4782.705,0.0,0.0,0.0004893518646762,13025.0,0.0,0.0,-0.0441767068273228,2026-04-08,GOLD,0.001494999999999802,24.900000000000546,0.002418214285714299,705.2571428571429,0.0010479427348858428,-0.8771606650195195,0.0,0.3494983277592311,-0.0441767068273228,high_vol,0.9984327759083067,1.0123181503290613,13,0,1,-0.00044889059894837047,0.0011947277819173152,0.0019198052768933938,0,0,0
2026-04-08 14:00:00,1.1690200000000002,1.17103,1.168545,1.17002,0.0,0.0,5.8994290790671135e-08,6465,0.0,-0.4434723067180295,0.093561368209285,2026-04-05,EURUSD,4782.74,4802.85,4778.110000000001,4798.635,0.0,0.0,0.0006701420184499,15138.0,0.0,0.0,0.3296281325788123,2026-04-08,GOLD,0.0024850000000000705,24.73999999999978,0.002541071428571454,370.89892857142866,-0.0024796144816494614,-0.6069396057127691,0.0,0.093561368209285,0.3296281325788123,high_vol,0.999137511421569,1.0126580087329442,14,0,1,0.0016351199801389882,0.0007526900114613877,0.0011851433510035037,0,0,0
2026-04-08 15:00:00,1.170025,1.171805,1.16884,1.171415,0.0,0.0,8.631633707244066e-08,9073,0.0,0.7090278779647498,0.368465430016905,2026-04-04,EURUSD,4798.82,4807.29,4769.3150000000005,4799.735,0.0,0.0,0.0007689961571412,21181.0,0.0,0.0,0.3010533245556301,2026-04-08,GOLD,0.0029649999999998844,37.974999999999454,0.0021692857142857147,29.341428571428555,0.0009630554568529348,0.48479237716667667,0.0,0.368465430016905,0.3010533245556301,high_vol,0.9996671801195592,1.0136899173153227,15,0,1,0.0029667365897512177,0.001530405044351868,0.003637002321855487,0,1,1
2026-04-08 16:00:00,1.171405,1.172175,1.1687,1.16943,0.0,0.0,7.428850073498042e-08,10889,0.0,0.1731218033561756,-0.28992805755398,2026-04-05,EURUSD,4799.745,4806.785,4768.335,4777.81,0.0,0.0,0.0008087766845172,27063.0,0.0,0.0,-0.2535760728218477,2026-04-07,GOLD,0.003474999999999895,38.44999999999982,0.002211785714285708,29.613214285714225,0.002873428695927105,-0.04189596641038906,0.0,-0.28992805755398,-0.2535760728218477,high_vol,0.9976581995009277,1.0117533060228663,16,0,1,0.0003464425482773148,-0.00010260356547397986,0.0016144987987614101,0,0,0
2026-04-08 17:00:00,1.16942,1.17035,1.168955,1.16942,0.0,0.0,7.429917749747996e-08,12127,0.0,0.0,-0.1666666666665605,2026-04-08,EURUSD,4777.425,4792.14,4732.360000000001,4736.25,0.0,0.0,0.000965104850685,30182.0,0.0,0.0,-0.434928069588493,2026-04-08,GOLD,0.001395000000000035,59.779999999999745,0.0020910714285714243,30.386785714285647,0.008689994812046575,-0.20991839135050785,0.0,-0.1666666666665605,-0.434928069588493,high_vol,0.9976496683515687,1.0110885832983887,17,0,1,-0.0005128117468078397,0.0011214697245978122,0.0017646655701752945,0,0,0
2026-04-08 18:00:00,1.16944,1.169655,1.16844,1.168625,0.0,0.0,5.7484710729713996e-08,7791,0.0,0.0,-0.3477366255143431,2026-04-08,EURUSD,4736.27,4763.195,4734.475,4756.55,0.0,0.0,0.000637615625229,24198.0,0.0,0.0,0.2686281337047466,2026-04-07,GOLD,0.001214999999999966,28.719999999999345,0.002054642857142836,29.773571428571294,-0.0049659155033189295,-0.20991839135050785,0.0,-0.3477366255143431,0.2686281337047466,normal,0.9969714419775205,1.010361910361046,18,0,1,-0.002381734910343547,0.0005779356993020901,0.0013495565742684956,0,1,1
2026-04-08 19:00:00,1.1686299999999998,1.16887,1.16772,1.168175,0.0,0.0,5.635958732696374e-08,6250,0.0,0.0,-0.1043478260870622,2026-04-08,EURUSD,4756.56,4765.68,4745.54,4760.615,0.0,0.0,0.0004739002250203,18966.0,0.0,0.0,0.2485104270108797,2026-04-08,GOLD,0.0011499999999999844,20.140000000000327,0.002039642857142849,29.300714285714157,-0.001239678931783561,-0.19419283190378966,0.0,-0.1043478260870622,0.2485104270108797,normal,0.996587540256361,1.0099728524000553,19,1,1,-0.0010731724002291942,-0.0007271016445328238,0.00046675744884949744,0,0,0
2026-04-08 20:00:00,1.16818,1.168535,1.1669,1.167485,0.0,0.0,5.640768520273141e-08,5024,0.0,-0.5848996696657145,-0.142201834862313,2026-04-05,EURUSD,4760.55,4764.495,4731.84,4734.055,0.0,0.0,0.0005567783244513,18750.0,0.0,0.0,-0.4321696524268682,2026-04-08,GOLD,0.001635000000000053,32.654999999999745,0.0020867857142856977,30.852857142856983,0.004988446176182215,-0.7331560415712269,0.0,-0.142201834862313,-0.4321696524268682,normal,0.9959988909505835,1.008944505178739,20,0,1,-0.0016546664158298974,-0.0021666296302627064,-0.0014155704192825302,0,0,0
2026-04-08 21:00:00,1.16747,1.16802,1.164995,1.165035,0.0,0.0,6.99032115176447e-08,7602,0.0,-0.0573593596905215,-0.4867768595041192,2026-04-03,EURUSD,4734.06,4744.58,4703.865,4705.225,0.0,0.0,0.0007888899261677,23178.0,0.0,0.0,-0.4665970772442447,2026-04-07,GOLD,0.0030250000000000554,40.715000000000146,0.002226785714285695,32.59071428571412,0.003991388540098728,-0.24166042221082695,0.0,-0.4867768595041192,-0.4665970772442447,high_vol,0.9939087593576045,1.0066880095394866,21,0,0,-0.0030719863086960952,-0.00544640456200407,-0.0039243347226674,0,0,0
2026-04-08 22:00:00,1.16501,1.16704,1.164345,1.166785,0.0,0.0,5.643355387582967e-08,6271,0.0,-0.5896802991497405,0.4053803339517234,2026-04-06,EURUSD,4705.07,4731.9,4699.68,4730.705,0.0,0.0,0.0005549007785511,19607.0,0.0,0.0,0.4629112352576122,2026-04-07,GOLD,0.002695000000000114,32.219999999999345,0.0021589285714285517,31.7824999999998,-0.003913155648379352,-0.6908860427924923,0.0,0.4053803339517234,0.4629112352576122,high_vol,0.9954017104954465,1.0068907490507422,22,0,0,-0.0011898902133670175,-0.002261785656259896,-0.002364157154461255,0,0,0
2026-04-08 23:00:00,1.166795,1.16694,1.166055,1.166255,0.0,0.0,4.7403279549779464e-08,2752,0.0,-0.9381558552394408,-0.2740112994351849,2026-04-02,EURUSD,4730.695,4732.305,4717.21,4719.4,0.0,0.0,0.0004431562901476,7311.0,0.0,0.0,-0.3549188473004294,2026-04-07,GOLD,0.0008850000000000247,15.095000000000255,0.0020507142857142707,31.537142857142694,0.0019354676009588623,-0.964102469972283,0.0,-0.2740112994351849,-0.3549188473004294,normal,0.9949495595794144,1.0064333793579567,23,0,0,-0.0010535467265104792,-0.002706469873954509,-0.001588035373380925,0,0,0
2026-04-09 00:00:00,1.166205,1.16672,1.1661700000000002,1.16655,0.0,0.0,6.44109600489609e-08,433,0.0,-0.1140615298250068,0.19090909090919,2026-04-03,EURUSD,0.0,0.0,0.0,0.0,0.0,0.0,0.0,0.0,0.0,0.0,0.0,0,0,0.0005499999999998284,4719.4,0.0019382142857142634,366.76857142857125,1.0002529463968,-0.05561992723796437,0.0,0.19090909090919,0.0,normal,0.9952012284855077,1.0066879530548845,0,0,0,0.0013003901170349774,-0.0017755909722965146,-0.0011986814504045817,0,0,0
2026-04-09 01:00:00,1.166645,1.166785,1.166005,1.16623,0.0,0.0,4.755587362349789e-08,1862,0.0,-1.2389622870704706,-0.2115384615384232,2026-04-02,EURUSD,4719.995,4734.21,4704.905000000001,4717.8150000000005,0.0,0.0,0.0008152383350561,11495.0,0.0,0.0,-0.0594608428595914,2026-04-07,GOLD,0.0007800000000000029,4734.21,0.0017778571428571169,702.812857142857,-inf,-1.8751068319653301,0.0,-0.2115384615384232,-0.0594608428595914,normal,0.9949282317060167,1.0016189359682912,1,0,0,-0.0004756660395872636,-0.001664990262588928,-0.0023908812899637866,0,0,0
2026-04-09 02:00:00,1.16624,1.166335,1.165755,1.16591,0.0,0.0,3.36039990662151e-08,1276,0.0,-2.256943159110322,-0.2327586206895495,2026-04-02,EURUSD,4717.685,4720.0650000000005,4705.57,4715.845,0.0,0.0,0.0004759452949323,11096.0,0.0,0.0,0.2088651259054831,2026-04-08,GOLD,0.0005799999999998029,14.4950000000008,0.0017378571428571085,701.6782142857143,0.00014317776870098609,-3.1176779421172585,0.0,-0.2327586206895495,0.2088651259054831,normal,0.9946552349265255,1.0013441033370694,2,0,0,-0.00029581866744410323,-0.001349053735165806,-0.0035127604656330913,0,0,0
2026-04-09 03:00:00,1.16591,1.166105,1.1652900000000002,1.16572,0.0,0.0,4.2937210930389635e-08,3160,0.0,0.0,0.027607361963242,2026-04-08,EURUSD,4715.81,4719.215,4698.83,4706.905,0.0,0.0,0.0005319307099618,18527.0,0.0,0.0,-0.1038753985773985,2026-04-08,GOLD,0.0008149999999997881,20.38500000000022,0.001689285714285679,701.3557142857143,0.0017327737712229396,0.7128471058756471,0.0,0.027607361963242,-0.1038753985773985,normal,0.9944931430887027,1.0011809214622815,3,0,0,-0.0007114997214006102,0.000587965168428406,-0.004861641689751339,0,0,0
2026-04-09 04:00:00,1.16573,1.166365,1.16505,1.16619,0.0,0.0,4.2148705646122176e-08,3221,0.0,-1.3281675513766749,0.3669201520913915,2026-04-06,EURUSD,4706.62,4728.265,4699.675,4727.335,0.0,0.0,0.0006871013222713,22913.0,0.0,0.0,0.4674711437565482,2026-04-07,GOLD,0.0013150000000001771,28.590000000000146,0.0016057142857142579,701.6307142857141,-0.0039372474718049055,-1.4621704592529883,0.0,0.3669201520913915,0.4674711437565482,normal,0.9948941071085803,1.0015845818893885,4,0,0,-3.429855174363894e-05,-0.000509948276674721,-0.0027705805392369554,0,0,0
2026-04-09 05:00:00,1.166195,1.166745,1.16593,1.1665299999999998,0.0,0.0,4.011595599228716e-08,2201,0.0,-1.381267067755673,0.236196319018114,2026-04-06,EURUSD,4727.345,4733.0650000000005,4717.635,4719.195,0.0,0.0,0.0004380102521372,14362.0,0.0,0.0,-0.3988982501620569,2026-04-07,GOLD,0.0008150000000000102,15.430000000000291,0.0014521428571428383,700.0203571428572,0.002013448083681313,-1.415951460732656,0.0,0.236196319018114,-0.3988982501620569,normal,0.9951841661867894,1.0018765915600616,5,0,0,0.0005317734645040595,0.00023579748854229976,-0.0024713105642113486,0,0,0
2026-04-09 06:00:00,1.16654,1.16669,1.16606,1.1662400000000002,0.0,0.0,4.117276881211912e-08,2047,0.0,0.0,-0.214285714285387,2026-04-09,EURUSD,4719.125,4720.355,4705.365,4711.59,0.0,0.0,0.0004338129518413,14448.0,0.0,0.0,-0.0847231487658135,2026-04-07,GOLD,0.0006299999999999084,14.989999999999782,0.0012489285714285536,698.344642857143,0.0013629031065236497,0.7262254800866219,0.0,-0.214285714285387,-0.0847231487658135,normal,0.9949367628553759,1.001627524488017,6,0,0,0.00044607624472425833,-0.0002657408598001343,-0.002040859985025012,0,0,0
2026-04-09 07:00:00,1.166255,1.16711,1.1662,1.16664,0.0,0.0,4.65379641658274e-08,1331,0.0,-0.8051178312312254,-0.016483516483621,2026-04-04,EURUSD,4711.68,4725.5650000000005,4709.78,4721.025,0.0,0.0,0.0003812635016058,8516.0,0.0,0.0,0.2123851757997397,2026-04-09,GOLD,0.0009100000000001884,15.785000000000764,0.0012142857142857075,695.202142857143,-0.0016595261307665865,-0.5430422147882804,0.0,-0.016483516483621,0.2123851757997397,low_vol,0.9952780088297395,1.0019710652770442,7,0,0,0.00038587194196471053,0.0003515601553722991,-0.0013140154514521551,0,0,0
2026-04-09 08:00:00,1.166645,1.16678,1.16593,1.16608,0.0,0.0,4.0168552285253377e-08,2479,0.0,-1.2075730528257769,-0.3235294117644677,2026-04-02,EURUSD,4721.085,4726.705,4706.0,4713.295,0.0,0.0,0.0005152649120468,14152.0,0.0,0.0,-0.147669645013277,2026-04-09,GOLD,0.0008500000000000174,20.704999999999927,0.0011882142857142825,694.6296428571429,0.0011573453227694541,-1.1003315401222886,0.0,-0.3235294117644677,-0.147669645013277,low_vol,0.9948002644656302,1.001490108172406,8,0,0,-0.0003857594746812243,0.00014580885317050374,-0.0012034415859734082,0,0,0
2026-04-09 09:00:00,1.16609,1.166435,1.16543,1.166435,0.0,0.0,4.8618965464038595e-08,3439,0.0,-0.5166661511470382,0.5000000000001105,2026-04-04,EURUSD,4713.41,4725.525,4703.69,4712.73,0.0,0.0,0.0005386482652392,16389.0,0.0,0.0,-0.0859858026105109,2026-04-09,GOLD,0.0010050000000001447,21.835000000000036,0.001177857142857151,694.7507142857145,0.0004243124799960807,-0.017619575003675503,0.0,0.5000000000001105,-0.0859858026105109,low_vol,0.9951031202678782,1.001795000622668,9,0,0,0.0001672040060365365,0.0006133548364959385,0.0012016806362040722,0,0,0
2026-04-09 10:00:00,1.16644,1.166925,1.16555,1.1663,0.0,0.0,4.609328060259386e-08,4373,0.0,-0.6522472096989623,0.0454545454546041,2026-04-05,EURUSD,4712.72,4731.56,4705.77,4724.52,0.0,0.0,0.0006133457431077,17337.0,0.0,0.0,0.2270259790616784,2026-04-08,GOLD,0.001374999999999904,25.789999999999964,0.0011592857142857119,694.2603571428573,-0.00261747193117734,-0.20317612579364447,0.0,0.0454545454546041,0.2270259790616784,low_vol,0.9949879497515303,1.0016790556063708,10,0,0,-0.0002914352328052816,9.43242524802379e-05,-0.00041567212468451853,0,0,0
2026-04-09 11:00:00,1.16631,1.167485,1.165975,1.167215,0.0,0.0,4.743706837031879e-08,3351,0.0,-0.4933363759256812,0.3211920529801519,2026-04-05,EURUSD,4724.469999999999,4733.225,4720.04,4726.35,0.0,0.0,0.0005047152559659,11356.0,0.0,0.0,-0.0214258627227407,2026-04-08,GOLD,0.0015100000000001224,13.1850000000004,0.001051071428571431,692.2939285714286,0.00039719134535221023,0.06918553178210793,0.0,0.3211920529801519,-0.0214258627227407,low_vol,0.9957685499178877,1.0024649051612708,11,0,0,0.0009733465971459854,0.0005872116447926956,0.0008231475963660362,1,0,1
2026-04-09 12:00:00,1.16721,1.16792,1.16686,1.167465,0.0,0.0,4.5317336094616984e-08,3020,0.0,-0.6106533912530215,0.0707547169809631,2026-04-03,EURUSD,4726.305,4733.37,4723.075000000001,4729.375,0.0,0.0,0.0004350640977299,11224.0,0.0,0.0,0.1119475473531072,2026-04-08,GOLD,0.001060000000000061,10.294999999999163,0.0009342857142857129,690.7278571428573,-0.0004258437275337368,-0.10615300859036801,0.0,0.0707547169809631,0.1119475473531072,low_vol,0.9959818286518651,1.002679618154413,12,0,0,0.0008830324878796869,0.0010503841404854164,0.0007843641507008225,1,0,1
2026-04-09 13:00:00,1.16747,1.167955,1.1671200000000002,1.1671200000000002,0.0,0.0,4.4129915557553966e-08,3111,0.0,-0.6665282760959627,-0.5,2026-04-04,EURUSD,4729.365,4746.795,4723.865,4741.145,0.0,0.0,0.0004919288739501,11544.0,0.0,0.0,0.2535979066725005,2026-04-09,GOLD,0.0008349999999999191,22.93000000000029,0.0009307142857142768,691.2875000000001,-0.00278421300931031,-0.19480059889082274,0.0,-0.5,0.2535979066725005,low_vol,0.9956875039989764,1.0023833142238772,13,0,1,0.0007030781102634887,0.00041143797572540386,0.0007631427762964105,1,0,1
2026-04-09 14:00:00,1.167115,1.168945,1.16696,1.16884,0.0,0.0,4.523515539077325e-08,3286,0.0,-0.5372439637990531,0.4471032745591804,2026-04-02,EURUSD,4740.995000000001,4757.645,4738.5650000000005,4756.62,0.0,0.0,0.0004253102329494,12124.0,0.0,0.0,0.4462788259957783,2026-04-08,GOLD,0.0019849999999999035,19.079999999999927,0.001033214285714282,355.55035714285725,-0.0017902664102573684,0.01320687015667467,0.0,0.4471032745591804,0.4462788259957783,low_vol,0.9971548616887411,1.0038605396166944,14,0,1,0.0013922028075377124,0.002366904500548994,0.002513058469350238,0,0,0
2026-04-09 15:00:00,1.16885,1.16901,1.167915,1.1686,0.0,0.0,5.80158808659866e-08,4849,0.0,0.6303638938675805,0.1255707762558128,2026-04-03,EURUSD,4756.56,4759.73,4735.015,4746.120000000001,0.0,0.0,0.0005809288830864,17100.0,0.0,0.0,-0.0506777260772295,2026-04-08,GOLD,0.0010950000000000681,24.714999999999236,0.0010557142857142868,19.15785714285721,0.0020021180458810184,1.8617255623412574,0.0,0.1255707762558128,-0.0506777260772295,low_vol,0.9969501141041228,1.003654415143278,15,0,1,0.0009721918858383027,0.0018560828507374616,0.0024705761246268665,1,0,1
2026-04-09 16:00:00,1.168605,1.16953,1.16812,1.16818,0.0,0.0,5.8680612898118176e-08,6164,0.0,0.8265222515897532,-0.4574468085106718,2026-04-08,EURUSD,4746.145,4777.139999999999,4738.82,4764.515,0.0,0.0,0.0006642560939509,24477.0,0.0,0.0,0.1705375782881214,2026-04-09,GOLD,0.0014099999999999113,38.31999999999971,0.0011150000000000088,20.85964285714285,-0.004235201909071562,1.9877137158428528,0.0,-0.4574468085106718,0.1705375782881214,low_vol,0.9981458538044174,1.0032936973147992,16,0,1,0.000908218520803139,0.001611935179627988,0.0017064114766889293,1,0,1
2026-04-09 17:00:00,1.16817,1.168815,1.16743,1.16847,0.0,0.0,5.7182335035651074e-08,6356,0.0,0.8545969732203287,0.2509025270759384,2026-04-04,EURUSD,4764.575,4776.265,4747.325000000001,4768.645,0.0,0.0,0.0006153078421251,23981.0,0.0,0.0,0.2366966136834989,2026-04-08,GOLD,0.0013849999999999696,28.9399999999996,0.0011557142857143074,21.47071428571423,-0.0006185754363408069,1.842866499941225,0.0,0.2509025270759384,0.2366966136834989,low_vol,0.9989868807468869,1.003542764386844,17,0,1,-0.00031655316382073195,0.001075208937513672,0.0016630519575151492,1,0,1
2026-04-09 18:00:00,1.16846,1.17072,1.1677650000000002,1.17055,0.0,0.0,7.149764963108524e-08,10033,0.0,2.187703989327477,0.4424703891708545,2026-04-08,EURUSD,4768.8150000000005,4798.08,4761.335,4792.875,0.0,0.0,0.0006349496636414,25590.0,0.0,0.0,0.3583480745679576,2026-04-08,GOLD,0.002954999999999819,36.74499999999989,0.0012728571428571392,22.053214285714212,-0.0033010023375694697,2.8500244065884526,0.0,0.4424703891708545,0.3583480745679576,normal,0.9998547902145688,1.005329176489786,18,0,1,0.0016686633578639753,0.0026424775046789417,0.003695637261627027,0,0,0
2026-04-09 19:00:00,1.17054,1.1714099999999998,1.17023,1.171065,0.0,0.0,4.919043257323716e-08,5179,0.0,-0.0851760874206595,0.2076271186441571,2026-04-05,EURUSD,4792.98,4801.09,4784.575,4788.945,0.0,0.0,0.0004969687490702,19558.0,0.0,0.0,-0.2353920678171753,2026-04-09,GOLD,0.0011799999999997368,16.515000000000327,0.0012989285714285481,22.130714285714216,0.0012599312581526023,0.3463488295072631,0.0,0.2076271186441571,-0.2353920678171753,normal,0.9997054831357084,1.0057714852556587,19,1,1,0.0024696536492663235,0.0033801151552539377,0.0037929438387163117,0,0,0
2026-04-09 20:00:00,1.17107,1.172355,1.171015,1.17142,0.0,0.0,5.1424276816378083e-08,3721,0.0,0.1707185145017144,-0.1977611940300016,2026-04-06,EURUSD,4788.995,4801.29,4786.895,4797.87,0.0,0.0,0.0004300594550696,15865.0,0.0,0.0,0.262417506078455,2026-04-08,GOLD,0.0013400000000001189,14.394999999999527,0.001349642857142849,22.088214285714198,-0.0015605243929732726,0.5902369022291027,0.0,-0.1977611940300016,0.262417506078455,normal,0.9992024600057149,1.0060763777059205,20,0,1,0.002524669011613412,0.0022073166558296275,0.004579445664105286,0,1,1
2026-04-09 21:00:00,1.1714099999999998,1.17149,1.169745,1.1699199999999998,0.0,0.0,5.608951724109047e-08,4936,0.0,0.7965941890528754,-0.3997134670488741,2026-04-04,EURUSD,4798.02,4798.18,4767.85,4772.215,0.0,0.0,0.0005408556574344,19730.0,0.0,0.0,-0.3560830860534193,2026-04-09,GOLD,0.0017449999999998855,30.329999999999927,0.0014092857142856843,23.127142857142708,0.004066667296530935,1.2001358649075258,0.0,-0.3997134670488741,-0.3560830860534193,normal,0.9979229840790544,1.004788099747068,21,0,0,-0.0005382085344497467,0.0011295567345539492,0.002987736136175423,0,0,0
2026-04-09 22:00:00,1.16989,1.170855,1.169805,1.170055,0.0,0.0,4.1526837450621954e-08,3289,0.0,-0.8217411469768775,-0.2619047619045756,2026-04-03,EURUSD,4772.195,4782.66,4767.14,4768.8,0.0,0.0,0.0004145741818657,14794.0,0.0,0.0,-0.3930412371133789,2026-04-09,GOLD,0.0010499999999999954,15.519999999999527,0.0014235714285713971,22.756785714285538,0.0008309931227939993,-0.5091639765996528,0.0,-0.2619047619045756,-0.3930412371133789,normal,0.998038136912454,1.0042959529633924,22,0,0,-0.0008624628009546997,0.0016050608639079922,0.003219583297608075,0,0,0
2026-04-09 23:00:00,1.17008,1.170085,1.1695449999999998,1.16989,0.0,0.0,5.2715763804288397e-08,1584,0.0,0.4498529011380101,0.1388888888893343,2026-04-06,EURUSD,4768.91,4773.46,4761.07,4765.745,0.0,0.0,0.0003841955126118,6981.0,0.0,0.0,-0.1226795803066575,2026-04-09,GOLD,0.000540000000000207,12.390000000000327,0.0013903571428571157,22.082142857142703,0.0004996033668688282,0.773173108255036,0.0,0.1388888888893343,-0.1226795803066575,normal,0.9978973945605214,1.0041543281404233,23,0,0,-0.0013061071178568362,0.0012152644055902773,0.002291780006254296,0,0,0
2026-04-10 00:00:00,1.16991,1.17079,1.1696,1.170265,0.0,0.0,7.699507604698413e-08,1150,0.0,2.786268842021027,0.0588235294117756,2026-04-08,EURUSD,0.0,0.0,0.0,0.0,0.0,0.0,0.0,0.0,0.0,0.0,0.0,0,0,0.0011900000000000244,4765.745,0.0013771428571428387,360.650357142857,1.00032054295703,2.593847009315304,0.0,0.0588235294117756,0.0,normal,0.9982172635421865,1.00447620273808,0,0,0,0.0002948919584246923,-0.0002434752893937242,0.0023983588373099884,0,1,1
2026-04-10 01:00:00,1.17019,1.170275,1.169265,1.16942,0.0,0.0,4.7607754108812744e-08,1906,0.0,-0.1757814393762777,-0.3465346534652138,2026-04-08,EURUSD,4766.77,4780.655,4758.8150000000005,4764.185,0.0,0.0,0.0007965306886846,6853.0,0.0,0.0,-0.254120879120938,2026-04-08,GOLD,0.0010099999999999554,4780.655,0.001341428571428541,701.1839285714284,-inf,-0.051747834402113196,0.0,-0.3465346534652138,-0.254120879120938,normal,0.997496492103501,1.0037509119780266,1,0,0,-0.0005427095307486418,-0.0014047042649213415,0.001970662828157943,0,0,0
2026-04-10 02:00:00,1.169415,1.1696149999999998,1.169025,1.16915,0.0,0.0,3.8339902305013725e-08,1119,0.0,-1.1630422473127475,-0.2881355932204091,2026-04-08,EURUSD,4764.21,4764.395,4756.99,4763.8,0.0,0.0,0.0004285482329409,6121.0,0.0,0.0,0.4196488858878863,2026-04-08,GOLD,0.0005899999999998684,7.405000000000655,0.0013078571428570987,700.9775,-0.00015007238242237264,-1.046231443692342,0.0,-0.2881355932204091,0.4196488858878863,normal,0.9972661864367021,1.0035191622677138,2,0,0,-0.0006325381018730258,-0.0019378190572125753,0.00026522021833597087,0,0,0
2026-04-10 03:00:00,1.16916,1.16916,1.16856,1.16879,0.0,0.0,4.3343323560079936e-08,2185,0.0,-0.6464437947197338,-0.1166666666667036,2026-04-08,EURUSD,4764.025,4764.025,4750.87,4762.875,0.0,0.0,0.0005355459247274,11280.0,0.0,0.0,0.4125807677689005,2026-04-08,GOLD,0.0005999999999999339,13.154999999999745,0.0012910714285713856,700.2792857142855,-0.00011374328809787837,-0.5215537383766979,0.0,-0.1166666666667036,0.4125807677689005,normal,0.9969591122143037,1.0032101626539633,3,0,0,-0.001260398285858444,-0.0009658780087525853,0.00016258771179189502,0,0,0
2026-04-10 04:00:00,1.16881,1.169465,1.168625,1.169235,0.0,0.0,4.0846753101091416e-08,2041,0.0,-0.895773531091061,0.2261904761903849,2026-04-08,EURUSD,4762.895,4777.16,4758.05,4764.62,0.0,0.0,0.0005377461994626,18165.0,0.0,0.0,-0.1562009419152131,2026-04-08,GOLD,0.0008399999999999519,19.109999999999673,0.0012092857142856747,700.2814285714285,1.4360281555214627e-05,-0.7904218762484483,0.0,0.2261904761903849,-0.1562009419152131,normal,0.9973386900725463,1.003264889354144,4,0,0,-0.00015819808109995837,-0.0007008217562423091,0.0009031142460922403,0,0,0
2026-04-10 05:00:00,1.16924,1.16941,1.16868,1.169095,0.0,0.0,4.245711663334797e-08,1676,0.0,-0.7461280917807668,0.0684931506847606,2026-04-04,EURUSD,4764.655,4765.48,4738.135,4753.115,0.0,0.0,0.0004838626740986,15754.0,0.0,0.0,0.0478149570305329,2026-04-08,GOLD,0.0007300000000001194,27.344999999999345,0.0011832142857142497,700.4692857142855,0.0022949367445194158,-0.6889307172646957,0.0,0.0684931506847606,0.0478149570305329,normal,0.9972192723193912,1.003144762019169,5,0,0,-4.7042723345991355e-05,-0.0006795510689040496,0.0005348875024606681,0,0,0
2026-04-10 06:00:00,1.16909,1.16967,1.1689850000000002,1.169565,0.0,0.0,3.505625840165861e-08,1193,0.0,0.0,0.3467153284670823,2026-04-10,EURUSD,4753.075,4769.72,4752.94,4766.59,0.0,0.0,0.0003765998688867,12705.0,0.0,0.0,0.3134684147795001,2026-04-10,GOLD,0.0006849999999998246,16.780000000000655,0.0011314285714285294,698.9307142857142,-0.002432962587103571,0.054862397941579585,0.0,0.3467153284670823,0.3134684147795001,low_vol,0.9976201747764115,1.003548046643728,6,0,0,0.0006630789106683022,-0.0005981551187125289,-0.0008414847721156526,0,1,1
2026-04-10 07:00:00,1.16957,1.16966,1.169125,1.1692,0.0,0.0,3.929411257757776e-08,1238,0.0,-0.9667434410388244,-0.3598130841118411,2026-04-04,EURUSD,4766.58,4770.92,4758.085,4758.715,0.0,0.0,0.0003446426624594,7083.0,0.0,0.0,-0.450915465523985,2026-04-09,GOLD,0.0005349999999999522,12.835000000000036,0.0010707142857142424,697.780357142857,0.0013400426323348924,-0.8969737307622501,0.0,-0.3598130841118411,-0.450915465523985,low_vol,0.9973088356342575,1.0032348575204002,7,0,0,-2.993410221208137e-05,-0.00018812744779450608,-0.0015925674492875963,0,1,1
2026-04-10 08:00:00,1.169205,1.1692749999999998,1.16877,1.16904,0.0,0.0,3.5335776694447156e-08,1535,0.0,-1.3090406695700498,0.0346534653465433,2026-04-04,EURUSD,4758.75,4769.3,4757.495,4765.995,0.0,0.0,0.0003961942371433,11685.0,0.0,0.0,0.2200338839474621,2026-04-08,GOLD,0.0005049999999997556,11.805000000000291,0.0008957142857142378,695.9989285714286,-0.0016666704595766912,-1.2257255855450913,0.0,0.0346534653465433,0.2200338839474621,low_vol,0.9971723582020805,1.0030975691375716,8,0,0,-4.704493646789931e-05,-9.408544669187169e-05,-0.002031722183332918,0,0,0
2026-04-10 09:00:00,1.16901,1.169365,1.16832,1.16843,0.0,0.0,4.5775229209371776e-08,2723,0.0,-0.2859266532616192,-0.3947368421054197,2026-04-05,EURUSD,4765.93,4766.005,4743.05,4746.385,0.0,0.0,0.0004504795456621,17281.0,0.0,0.0,-0.3547157482030038,2026-04-08,GOLD,0.0010449999999999626,22.954999999999927,0.0008860714285713968,696.4589285714285,0.0035927701323139605,-0.22710060089903142,0.0,-0.3947368421054197,-0.3547157482030038,low_vol,0.9966520379919053,1.002470936467762,9,0,0,-0.0009704462770345756,-0.0003080108488264788,-0.001273591356673709,1,0,1
2026-04-10 10:00:00,1.168415,1.168975,1.167905,1.16799,0.0,0.0,4.8722392795574826e-08,3094,0.0,-0.0116144214983366,-0.4205607476633516,2026-04-04,EURUSD,4746.055,4757.6900000000005,4741.45,4749.71,0.0,0.0,0.000428848214669,9489.0,0.0,0.0,0.0086206896551922,2026-04-08,GOLD,0.0010700000000001264,16.24000000000069,0.000866785714285683,696.5907142857143,-0.001077106835495667,0.018025382356566293,0.0,-0.4205607476633516,0.0086206896551922,low_vol,0.9962767250534181,1.001728167413538,10,0,0,-0.0010348956551488042,-0.0010647987786885915,-0.001764874300780761,1,0,1
2026-04-10 11:00:00,1.16798,1.1689850000000002,1.1677499999999998,1.168595,0.0,0.0,4.201618917271259e-08,2531,0.0,-0.6334550200155645,0.18421052631578,2026-04-06,EURUSD,4749.81,4753.455,4730.735,4740.82,0.0,0.0,0.0004827534461726,12108.0,0.0,0.0,-0.0561179577464622,2026-04-10,GOLD,0.0012350000000003192,22.720000000000255,0.0008303571428571426,696.0471428571428,0.0023896771060133437,-0.5943693447860305,0.0,0.18421052631578,-0.0561179577464622,low_vol,0.9967927803438379,1.0014868964571586,11,0,0,-0.00038065421200306204,-0.00042768124061765,-0.0011069416782775177,1,0,1
2026-04-10 12:00:00,1.1686,1.1711,1.16848,1.171035,0.0,0.0,8.54689646746691e-08,5901,0.0,2.7452118872657656,0.4751908396947065,2026-04-06,EURUSD,4740.87,4760.855,4740.76,4751.63,0.0,0.0,0.0005474565286914,13262.0,0.0,0.0,0.0409305797462177,2026-04-08,GOLD,0.0026200000000000667,20.094999999999345,0.0009425000000000049,696.3739285714286,-0.00019221880997122298,2.3043692379442384,0.0,0.4751908396947065,0.0409305797462177,low_vol,0.9988740611845388,1.0034919791595256,12,0,0,0.0022294874318529168,0.0012568775570405144,0.0006579706305835931,1,0,1
2026-04-10 13:00:00,1.17103,1.17158,1.170585,1.171285,0.0,0.0,4.738357535930808e-08,2947,0.0,-0.2382849096394248,0.2035175879397882,2026-04-07,EURUSD,4751.64,4760.775,4742.525,4757.24,0.0,0.0,0.0003818242211782,10522.0,0.0,0.0,0.3063013698630217,2026-04-10,GOLD,0.0009950000000000792,18.25,0.0009749999999999957,696.7925000000001,-0.0009671611227179966,-0.317049758912092,0.0,0.2035175879397882,0.3063013698630217,low_vol,0.9990873071723154,1.0037062110098032,13,0,1,0.002821085796967271,0.001783270612384369,0.001594807682440802,1,0,1
2026-04-10 14:00:00,1.17128,1.17188,1.17109,1.171405,0.0,0.0,4.613243142120196e-08,2380,0.0,-0.3396228281671279,-0.1012658227849026,2026-04-05,EURUSD,4757.265,4768.91,4753.425,4768.195,0.0,0.0,0.0003654939587272,10247.0,0.0,0.0,0.4538262835001804,2026-04-09,GOLD,0.0007900000000000684,15.484999999999673,0.0009464285714285703,357.48821428571426,-0.0022003542476336513,-0.4149955988062786,0.0,-0.1012658227849026,0.4538262835001804,low_vol,0.9991896652464484,1.0034049150698543,14,0,1,0.002404596973288431,0.002023027441319325,0.0019287516571868668,1,0,1
2026-04-10 15:00:00,1.1714099999999998,1.172565,1.17095,1.17208,0.0,0.0,7.201064874904222e-08,6123,0.0,1.5630804358333914,0.1996904024767644,2026-04-03,EURUSD,4768.25,4782.39,4759.875,4771.87,0.0,0.0,0.0006543137233783,18096.0,0.0,0.0,0.0327559404841292,2026-04-08,GOLD,0.001615000000000144,22.515000000000327,0.0009896428571428695,17.621071428571472,-0.0001945007946051458,1.1954480036742992,0.0,0.1996904024767644,0.0327559404841292,normal,0.9995863768746295,1.003983108194924,15,0,1,0.0008923729862899688,0.0031238499525003682,0.0028148769239983995,0,0,0
2026-04-10 16:00:00,1.1720700000000002,1.17348,1.17186,1.172775,0.0,0.0,5.520472179766458e-08,6117,0.0,0.3225124648662582,0.0648148148148211,2026-04-02,EURUSD,4771.889999999999,4780.215,4765.47,4775.225,0.0,0.0,0.000643510509241,22669.0,0.0,0.0,0.161580196676821,2026-04-10,GOLD,0.0016200000000001769,14.74499999999989,0.00106321428571432,18.145357142857133,-0.0001101157295897437,0.15047915319354996,0.0,0.0648148148148211,0.161580196676821,normal,0.9993992228244195,1.0045784329681438,16,0,1,0.0012721071302030929,0.004096781650527737,0.0030276206237409564,0,0,0
2026-04-10 17:00:00,1.172765,1.173825,1.1720199999999998,1.17279,0.0,0.0,6.378763008849003e-08,7813,0.0,0.9309573343608518,-0.0734072022159915,2026-04-09,EURUSD,4775.26,4795.219999999999,4767.58,4774.85,0.0,0.0,0.0006518344787485,24044.0,0.0,0.0,-0.2369753979739294,2026-04-10,GOLD,0.0018050000000000566,27.639999999999418,0.0011492857142857574,19.179999999999968,9.132050817561854e-05,0.6718723984889219,0.0,-0.0734072022159915,-0.2369753979739294,normal,0.9991182672033737,1.004315992292871,17,0,1,0.0011823408641757904,0.0035897808907277007,0.003160564368165142,0,0,0
2026-04-10 18:00:00,1.17278,1.17395,1.172175,1.172235,0.0,0.0,5.286081603567543e-08,6259,0.0,0.1915860677456136,-0.4661971830984342,2026-04-07,EURUSD,4775.04,4787.4,4755.45,4762.4,0.0,0.0,0.0005850618905336,21896.0,0.0,0.0,-0.2824726134585191,2026-04-10,GOLD,0.001775000000000082,31.949999999999818,0.001216071428571481,20.097142857142835,0.0021341812495302426,0.11457678091054942,0.0,-0.4661971830984342,-0.2824726134585191,normal,0.9985391200647386,1.0038407193320489,18,0,1,0.00013224353286456214,0.0010247345297107469,0.0022829000525836918,0,0,0
2026-04-10 19:00:00,1.172225,1.17254,1.17136,1.17205,0.0,0.0,4.7305849430277817e-08,4048,0.0,-0.2344303438507714,0.0847457627120462,2026-04-07,EURUSD,4762.195,4766.2,4747.735000000001,4763.915,0.0,0.0,0.0005318086022006,18675.0,0.0,0.0,0.3762523693473921,2026-04-09,GOLD,0.0011799999999999589,18.464999999999236,0.0012482142857143266,19.46285714285711,-0.00047593510076093803,-0.2750616306839045,0.0,0.0847457627120462,0.3762523693473921,normal,0.9983815324332382,1.003682295011775,19,1,1,-0.0006181918952909982,0.0006531288285942516,0.002437564146424931,0,0,0
2026-04-10 20:00:00,1.1720549999999998,1.1726100000000002,1.1719,1.17233,0.0,0.0,3.760345890165193e-08,2506,0.0,-0.9256773901071808,0.1056338028169366,2026-04-06,EURUSD,4763.99,4768.745,4758.285,4760.505,0.0,0.0,0.0004162852252123,14212.0,0.0,0.0,-0.2877629063096844,2026-04-10,GOLD,0.0007100000000002105,10.460000000000036,0.0012500000000000685,19.011428571428496,0.000954695483897483,-0.8594537006330787,0.0,0.1056338028169366,-0.2877629063096844,normal,0.9986200434430769,1.0039220723613789,20,0,1,-0.00039222708242725446,0.0007896500356410208,0.0028142749606514528,0,0,0
2026-04-10 21:00:00,1.1723249999999998,1.1735449999999998,1.171885,1.17316,0.0,0.0,4.314307580902682e-08,3214,0.0,-0.4624208673334666,0.2680722891566805,2026-04-02,EURUSD,4760.515,4773.365,4751.075,4765.38,0.0,0.0,0.000422557652592,11268.0,0.0,0.0,0.1417676087932153,2026-04-10,GOLD,0.0016599999999997728,22.289999999999964,0.0013303571428571986,19.686785714285634,-0.00031605924273803154,-0.3921171809034771,0.0,0.2680722891566805,0.1417676087932153,normal,0.9993270582222411,1.004632840933419,21,0,0,0.0007890909246013322,0.0009214388096374648,0.004048167198719588,0,1,1
2026-04-10 22:00:00,1.17314,1.17326,1.17273,1.17273,0.0,0.0,4.079533931204384e-08,2279,0.0,-0.6382237705152761,-0.5,2026-04-07,EURUSD,4765.445,4770.57,4758.370000000001,4759.845,0.0,0.0,0.0003494949890528,11201.0,0.0,0.0,-0.3790983606557716,2026-04-09,GOLD,0.0005299999999999194,12.199999999998909,0.0013321428571429245,19.714999999999822,0.0007949709161813034,-0.56351301259844,0.0,-0.5,-0.3790983606557716,normal,0.9989607734571319,1.0042646114322418,22,0,0,0.0005801800264493284,-3.837053143174174e-05,0.004058253923406863,0,1,1
2026-04-10 23:00:00,1.17274,1.1731,1.17231,1.1724899999999998,0.0,0.0,5.458624281822362e-08,3016,0.0,0.405344174993298,-0.2721518987345312,2026-04-03,EURUSD,4759.969999999999,4760.025,4741.29,4749.445,0.0,0.0,0.0004627075519039,9715.0,0.0,0.0,-0.0647184414197842,2026-04-09,GOLD,0.0007900000000000684,18.734999999999673,0.0013139285714286464,19.41357142857123,0.001980294411143224,0.40292487537434635,0.0,-0.2721518987345312,-0.0647184414197842,normal,0.9987563354486987,1.0040590879897238,23,0,0,0.00013648034256541486,-0.00025580027114846526,0.0033330623526539593,0,1,1
2026-04-13 00:00:00,1.167195,1.1682100000000002,1.16656,1.1672,0.0,0.0,8.226936081391964e-08,913,0.0,0.0,-0.1121212121212635,2026-04-07,EURUSD,0.0,0.0,0.0,0.0,0.0,0.0,0.0,0.0,0.0,0.0,0.0,0,0,0.005929999999999769,4749.445,0.001661071428571478,357.4996428571426,0.9954882344412321,0.16266536773718746,0.0,-0.1121212121212635,0.0,high_vol,0.9942501810128199,1.0005486215882595,0,0,0,-0.005080295952811231,-0.004295213843640511,-0.0032748807678677494,0,0,0
2026-04-13 01:00:00,1.16721,1.167915,1.16657,1.16724,0.0,0.0,6.104566507246247e-08,6349,0.0,0.0,-0.0018587360594092,2026-04-09,EURUSD,4690.425,4692.360000000001,4644.44,4659.1900000000005,0.0,0.0,0.0011274389266014,20045.0,0.0,0.0,-0.1921953255425487,2026-04-11,GOLD,0.0013449999999999296,4692.360000000001,0.001668928571428593,691.0453571428569,-inf,0.15444822682288506,0.0,-0.0018587360594092,-0.1921953255425487,high_vol,0.9942842540142255,1.0005829104375257,1,0,0,-0.004681384461896587,-0.004103920481208112,-0.0034534720413903486,0,0,0
2026-04-13 02:00:00,1.1672349999999998,1.16755,1.16641,1.167485,0.0,0.0,4.45070946657714e-08,2661,0.0,0.0,0.4429824561402765,2026-04-12,EURUSD,4659.165,4671.969999999999,4644.505,4671.405,0.0,0.0,0.0005202406190369,15821.0,0.0,0.0,0.4794283633715944,2026-04-09,GOLD,0.001140000000000141,27.464999999999236,0.0015632142857143125,691.5717857142855,-0.0024118034877802508,0.1036993903727029,0.0,0.4429824561402765,0.4794283633715944,normal,0.9944929511478343,1.0009216313303213,2,0,0,-0.00426869312318201,-0.004132795373316345,-0.003346408799689171,0,0,0
2026-04-13 03:00:00,1.16749,1.16877,1.167115,1.16877,0.0,0.0,4.8036416577344686e-08,3864,0.0,0.0,0.4999999999999329,2026-04-05,EURUSD,4671.485,4698.57,4664.755,4695.715,0.0,0.0,0.0005327084289031,17291.0,0.0,0.0,0.4155700133077021,2026-04-09,GOLD,0.001655000000000184,33.8149999999996,0.0016103571428571772,692.6835714285711,-0.004103345254408586,0.07354863128634344,0.0,0.4999999999999329,0.4155700133077021,high_vol,0.9955875463179863,1.0020233022693565,3,0,0,0.0013450993831392033,-0.0037420300726243028,-0.0028240393147225262,0,0,0
2026-04-13 04:00:00,1.16877,1.16897,1.1680549999999998,1.168635,0.0,0.0,4.23323055334032e-08,3180,0.0,0.0,0.133879781421003,2026-04-02,EURUSD,4694.924999999999,4728.195,4693.885,4721.355,0.0,0.0,0.0007071562679286,23959.0,0.0,0.0,0.30064121247449,2026-04-11,GOLD,0.0009150000000002212,34.30999999999949,0.0016192857142857595,694.028214285714,-0.005575803358430775,0.03110760544442654,0.0,0.133879781421003,0.30064121247449,high_vol,0.9954725499382427,1.0019075625208975,4,0,0,0.0011951269661767405,-0.0034918523445294225,-0.003530088891731009,0,0,0
2026-04-13 05:00:00,1.16864,1.16901,1.16852,1.168855,0.0,0.0,3.3911972266418964e-08,1643,0.0,0.0,0.1836734693875609,2026-04-05,EURUSD,4721.345,4728.07,4711.3,4720.615,0.0,0.0,0.0004664751495654,17521.0,0.0,0.0,0.0554561717352604,2026-04-09,GOLD,0.0004900000000001015,16.769999999999527,0.0015389285714286136,693.6178571428567,0.0003449884837011252,-0.005659978361870799,0.0,0.1836734693875609,0.0554561717352604,normal,0.995659951445973,1.002096175444312,5,0,0,0.0011734626140806892,-0.0031002396608924565,-0.0033552468898950805,0,0,0
2026-04-13 06:00:00,1.16885,1.1689349999999998,1.16858,1.16881,0.0,0.0,3.782199585361291e-08,1395,0.0,0.0,0.1478873239437412,2026-04-09,EURUSD,4720.605,4724.04,4712.389999999999,4718.295,0.0,0.0,0.0003545169967072,12913.0,0.0,0.0,0.006866952789693,2026-04-09,GOLD,0.0003549999999998832,11.650000000000546,0.0014485714285714499,693.3967857142854,0.00045296217293200325,-0.005659978361870799,0.0,0.1478873239437412,0.006866952789693,normal,0.9956216193193916,1.002057595528159,6,0,0,3.4224013278683074e-05,0.0013793694311170501,-0.0029217690991993894,0,0,0
2026-04-13 07:00:00,1.168815,1.169015,1.168585,1.168615,0.0,0.0,3.4672839616561066e-08,1277,0.0,0.0,-0.4302325581398411,2026-04-07,EURUSD,4718.285,4725.06,4708.76,4723.235,0.0,0.0,0.0003784730442536,9563.0,0.0,0.0,0.3880368098159354,2026-04-13,GOLD,0.00042999999999993044,16.300000000000182,0.001350357142857155,692.5867857142855,-0.0012138247267839963,-0.05571416420429113,0.0,-0.4302325581398411,0.3880368098159354,normal,0.9954555134375399,1.001890415891496,7,0,0,-1.7113983408090228e-05,0.001177992529385552,-0.0029307623394907445,0,0,0
2026-04-13 08:00:00,1.16862,1.16892,1.16833,1.1687850000000002,0.0,0.0,4.0736436408922534e-08,2249,0.0,0.0,0.2711864406782978,2026-04-11,EURUSD,4723.29,4730.865,4716.525,4729.52,0.0,0.0,0.0004217616815801,14165.0,0.0,0.0,0.4062064156206881,2026-04-13,GOLD,0.0005899999999998684,14.340000000000146,0.0012657142857142828,691.3289285714283,-0.001185184441378384,-0.13189052520993894,0.0,0.2711864406782978,0.4062064156206881,normal,0.9956003236935135,1.0020361622414076,8,0,0,-5.9887667845703874e-05,0.0011135046702956952,-0.0030238925899703784,0,0,0
2026-04-13 09:00:00,1.1688,1.1695,1.167805,1.16856,0.0,0.0,5.6016585152346765e-08,4092,0.0,0.0,-0.0545722713863296,2026-04-08,EURUSD,4729.54,4732.860000000001,4720.935,4725.715,0.0,0.0,0.0004161869110814,18295.0,0.0,0.0,-0.0991614255765016,2026-04-10,GOLD,0.001695000000000002,11.925000000000182,0.0013025,690.8617857142855,0.0006120137850124108,-0.14848289065077178,0.0,-0.0545722713863296,-0.0991614255765016,normal,0.9954086630606074,1.0018432626606426,9,0,0,-0.00021389276272432145,-0.0001796760697143629,-0.003921033789082373,0,0,0
2026-04-13 10:00:00,1.16855,1.170015,1.16855,1.169705,0.0,0.0,4.854669368090928e-08,3673,0.0,0.0,0.288395904436845,2026-04-05,EURUSD,4725.8,4740.13,4724.945,4733.75,0.0,0.0,0.0004672615780943,17221.0,0.0,0.0,0.0798485347382024,2026-04-11,GOLD,0.0014650000000000496,15.1850000000004,0.00135642857142856,691.1992857142856,-0.0007204333770929328,-0.14914329564111456,0.0,0.288395904436845,0.0798485347382024,normal,0.99638400272584,1.0028249071938684,10,0,0,0.000932728058428145,0.0009155981123274426,-0.0025794513656169915,0,0,0
2026-04-13 11:00:00,1.16971,1.169715,1.168355,1.16861,0.0,0.0,4.528777795134719e-08,3398,0.0,0.0,-0.3124999999999183,2026-04-02,EURUSD,4733.575000000001,4738.7,4720.29,4723.435,0.0,0.0,0.0004498985706256,12976.0,0.0,0.0,-0.3291689299294105,2026-04-10,GOLD,0.0013600000000000279,18.409999999999854,0.0013350000000000068,690.9221428571426,0.0012429000662300682,-0.18842450073707773,0.0,-0.3124999999999183,-0.3291689299294105,normal,0.9954512543123641,1.0018861292341459,11,0,0,-0.00014972813648383987,-0.0002096068374606297,-0.0033091966669224204,0,0,0
2026-04-13 12:00:00,1.168615,1.16925,1.16838,1.168625,0.0,0.0,4.750985915817919e-08,2930,0.0,0.0,-0.218390804597619,2026-04-07,EURUSD,4723.425,4728.645,4710.635,4714.675,0.0,0.0,0.0004708148470109,12774.0,0.0,0.0,-0.2756801776790719,2026-04-10,GOLD,0.0008699999999999264,18.01000000000022,0.0013592857142857215,691.3371428571429,0.0018674182852452814,-0.049864300950568125,0.0,-0.218390804597619,-0.2756801776790719,normal,0.9954640316878913,1.001898989206197,12,0,0,5.562401588288246e-05,-0.00015828064441603118,0.0012208704592187036,0,0,0
2026-04-13 13:00:00,1.16863,1.169515,1.16826,1.169355,0.0,0.0,4.2160667003785337e-08,2667,0.0,0.0,0.3725099601592356,2026-04-05,EURUSD,4714.695,4724.045,4708.6,4722.185,0.0,0.0,0.0003770032160531,10917.0,0.0,0.0,0.3795726772417859,2026-04-12,GOLD,0.0012550000000000061,15.444999999999709,0.001392500000000003,691.1021428571429,-0.0009682330285567531,-0.07100864606141441,0.0,0.3725099601592356,0.3795726772417859,normal,0.9960858639635418,1.002524841179345,13,0,1,-0.0002992207436918193,0.0006332282231529263,0.0018119666906548648,0,0,0
2026-04-13 14:00:00,1.16937,1.169975,1.1681,1.168175,0.0,0.0,5.1957160865812334e-08,3945,0.0,0.0,-0.4599999999999763,2026-04-05,EURUSD,4722.265,4729.235,4703.87,4706.735,0.0,0.0,0.0004958361947391,14733.0,0.0,0.0,-0.3870490833826214,2026-04-09,GOLD,0.001875000000000071,25.36499999999978,0.0011028571428571673,353.6678571428571,0.002262687186200707,-0.10207315801539137,0.0,-0.4599999999999763,-0.3870490833826214,normal,0.9950807104220792,1.001513190044667,14,0,1,-0.00037223710219835837,-0.0005219095043145217,0.0005910140173106537,1,0,1
2026-04-13 15:00:00,1.168185,1.169915,1.168065,1.169845,0.0,0.0,5.27963655261548e-08,4780,0.0,0.0,0.462162162162157,2026-04-04,EURUSD,4707.01,4725.27,4703.76,4723.59,0.0,0.0,0.0005225385174958,16835.0,0.0,0.0,0.4218967921896664,2026-04-11,GOLD,0.0018500000000001293,21.51000000000022,0.0011389285714286101,20.03571428571422,-0.0021514583322677083,0.04992450305785998,0.0,0.462162162162157,0.4218967921896664,normal,0.9965032582307594,1.0029449335996776,15,0,1,0.001043961921061154,0.0010996440062982504,0.0009197703568708526,0,0,0
2026-04-13 16:00:00,1.1698499999999998,1.17122,1.169645,1.170535,0.0,0.0,6.587871346012796e-08,6468,0.0,0.0,0.0650793650794438,2026-04-09,EURUSD,4723.51,4744.755,4721.514999999999,4730.825000000001,0.0,0.0,0.0007394772906994,25584.0,0.0,0.0,-0.0993975903614209,2026-04-10,GOLD,0.001574999999999882,23.24000000000069,0.0011700000000000202,19.73392857142861,-0.0009418522736694968,0.09120295419425677,0.0,0.0650793650794438,-0.0993975903614209,normal,0.9970910175050045,1.0035364923140235,16,0,1,0.0010091033090893209,0.0007095806207548794,0.0016258284237593568,1,0,1
2026-04-13 17:00:00,1.17054,1.1720549999999998,1.17005,1.17103,0.0,0.0,6.15894354556871e-08,7124,0.0,0.0,-0.0112219451371763,2026-04-04,EURUSD,4730.639999999999,4731.355,4708.93,4719.25,0.0,0.0,0.0006573977056703,25642.0,0.0,0.0,-0.0397993311036769,2026-04-10,GOLD,0.0020049999999998125,22.424999999999272,0.0011949999999999936,18.92035714285716,0.002869602677289973,0.261325319608749,0.0,-0.0112219451371763,-0.0397993311036769,normal,0.9975126708973976,1.0039608713917063,17,0,1,0.00244398313608829,0.0020708362926897816,0.0018607953937828103,1,0,1
2026-04-13 18:00:00,1.17102,1.17126,1.17026,1.17097,0.0,0.0,5.3580617905723796e-08,5178,0.0,0.0,0.2100000000000199,2026-04-05,EURUSD,4719.195,4719.98,4700.435,4714.615,0.0,0.0,0.0005578046946952,22074.0,0.0,0.0,0.2255052443080193,2026-04-12,GOLD,0.0009999999999998899,19.544999999999163,0.0012010714285713986,17.86571428571428,0.000930910641757321,0.29743063581634166,0.0,0.2100000000000199,0.2255052443080193,normal,0.9978057935571284,1.0039094315035022,18,0,1,0.000961665861716865,0.002006631725318231,0.0018480334699395584,1,0,1
2026-04-13 19:00:00,1.170975,1.173155,1.1707,1.172515,0.0,0.0,7.197385481156705e-08,7947,0.0,0.0,0.2393075356415451,2026-04-07,EURUSD,4714.525,4746.305,4709.475,4733.185,0.0,0.0,0.0006585093778988,24549.0,0.0,0.0,0.1437686668476561,2026-04-11,GOLD,0.002454999999999874,36.82999999999993,0.0013414285714285251,19.29857142857145,-0.0026193968455068273,0.26162429420708405,0.0,0.2393075356415451,0.1437686668476561,normal,0.9991223174228514,1.0052340086247546,19,1,1,0.0016915342129879551,0.0027023444548490705,0.003337283878779518,1,0,1
2026-04-13 20:00:00,1.17251,1.173785,1.172485,1.17335,0.0,0.0,4.546681271668642e-08,3607,0.0,0.0,0.165384615384664,2026-04-11,EURUSD,4733.195,4750.26,4725.615,4730.01,0.0,0.0,0.0004795627901301,17430.0,0.0,0.0,-0.3216676810711966,2026-04-09,GOLD,0.0013000000000000789,24.645000000000437,0.001408928571428539,20.22678571428573,0.0013829400768351485,0.15881912019760575,0.0,0.165384615384664,-0.3216676810711966,normal,0.9996294040220312,1.00594988040226,20,0,1,0.0019811618831284683,0.004429986945448938,0.003905765388843685,1,0,1
2026-04-13 21:00:00,1.17336,1.176545,1.17336,1.176455,0.0,0.0,6.24676315047864e-08,4610,0.0,0.0,0.4717425431711734,2026-04-02,EURUSD,4730.014999999999,4740.915,4723.389999999999,4738.46,0.0,0.0,0.0003664253436304,14907.0,0.0,0.0,0.3599144079885703,2026-04-09,GOLD,0.003195000000000059,17.525000000000546,0.0016064285714285484,20.314285714285752,0.0008598036614044791,0.061671623831746215,0.0,0.4717425431711734,0.3599144079885703,normal,0.999923504838319,1.0086118946168157,21,0,0,0.004684150746816718,0.005650321196397856,0.006756178544533364,0,0,0
2026-04-13 22:00:00,1.176445,1.176505,1.175405,1.176025,0.0,0.0,4.728828454699476e-08,3114,0.0,0.0,0.0636363636363709,2026-04-02,EURUSD,4738.455,4747.575,4730.705,4741.31,0.0,0.0,0.000341859649171,13920.0,0.0,0.0,0.128630705394196,2026-04-13,GOLD,0.0010999999999998789,16.86999999999989,0.0016428571428571206,20.495000000000022,-0.0009669660771797206,-0.20412414523194067,0.0,0.0636363636363709,0.128630705394196,normal,0.999558027954732,1.0082432420846874,22,0,0,0.0029935651143055964,0.004690163045103279,0.0054030717146631435,0,0,0
2026-04-13 23:00:00,1.17604,1.17631,1.175675,1.17589,0.0,0.0,4.6765206412429826e-08,1771,0.0,-0.3626592639691993,-0.1614173228344942,2026-04-04,EURUSD,4741.34,4744.285,4738.34,4740.3,0.0,0.0,0.0003366723484553,5038.0,0.0,0.0,-0.1703111858704571,2026-04-10,GOLD,0.0006349999999999412,5.944999999999709,0.0015671428571428306,20.06785714285713,9.822781777246714e-05,-4.694855340334424,0.0,-0.1614173228344942,-0.1703111858704571,normal,0.9994432852122105,1.0081275023362284,23,0,0,0.002164741978097018,0.004150192565519406,0.006229623227595349,0,0,0
2026-04-14 00:00:00,1.175885,1.176015,1.175415,1.17576,0.0,0.0,7.049903152931239e-08,553,0.0,1.8879359094170725,0.0749999999997594,2026-04-12,EURUSD,0.0,0.0,0.0,0.0,0.0,0.0,0.0,0.0,0.0,0.0,0.0,0,0,0.0005999999999999339,4740.3,0.001505357142857108,357.5760714285714,0.9998894454413252,4.61206829157989,0.0,0.0749999999997594,0.0,normal,0.9993327922008932,1.0080160492451196,0,0,0,-0.000590757827541255,0.004090625720556407,0.006105465825221756,0,0,0
2026-04-14 01:00:00,1.17572,1.176495,1.1757,1.176155,0.0,0.0,5.3051037101011556e-08,1425,0.0,0.2751773925974568,0.0723270440252029,2026-04-05,EURUSD,4744.435,4756.025,4744.435,4749.845,0.0,0.0,0.0017553486416279,1968.0,0.0,0.0,-0.033218291630656,2026-04-09,GOLD,0.0007950000000001012,4756.025,0.0014649999999999702,695.9771428571429,-inf,0.5033816784455097,0.0,0.0723270440252029,-0.033218291630656,normal,0.999668520966049,1.008354695175796,1,0,0,0.00011054186773229446,0.0031044378963169805,0.005815171611700531,0,0,0
2026-04-14 02:00:00,1.17616,1.17669,1.176115,1.17668,0.0,0.0,4.650354574250355e-08,1254,0.0,-0.3667276733755685,0.4826086956520597,2026-04-10,EURUSD,4758.185,4766.0,4754.625,4757.665,0.0,0.0,0.0003667059306107,8256.0,0.0,0.0,-0.2327472527472559,2026-04-11,GOLD,0.0005749999999999922,16.154999999999745,0.0014439285714285463,695.8446428571427,-0.0011999997744280844,-1.0463932857019749,0.0,0.4826086956520597,-0.2327472527472559,normal,0.9999915015849543,1.0081954220449572,2,0,0,0.000671831548869184,0.0028380278689223992,0.007280587240781511,0,0,0
2026-04-14 03:00:00,1.176675,1.1768,1.176105,1.17664,0.0,0.0,4.38206863358704e-08,2129,0.0,-0.6054095157763779,0.2697841726618372,2026-04-09,EURUSD,4757.905,4775.86,4751.68,4770.0650000000005,0.0,0.0,0.0004895038268789,14471.0,0.0,0.0,0.2603391232423587,2026-04-10,GOLD,0.0006950000000001122,24.17999999999938,0.001403928571428554,696.4685714285713,-0.002640314486567763,-1.4897225050570353,0.0,0.2697841726618372,0.2603391232423587,normal,0.9998640380693404,1.0075654754004306,3,0,0,0.0007484520650473669,0.0001572520835899649,0.005808461804768905,0,0,0
2026-04-14 04:00:00,1.176635,1.176785,1.17596,1.176015,0.0,0.0,3.646140564500799e-08,2202,0.0,-1.2591307890943937,-0.4333333333330372,2026-04-03,EURUSD,4770.04,4777.0,4761.895,4764.83,0.0,0.0,0.0005028168292056,20023.0,0.0,0.0,-0.3056934789804981,2026-04-10,GOLD,0.0008250000000000757,15.104999999999563,0.0013289285714285543,695.7357142857143,0.0005662958106826821,-2.4610031585890777,0.0,-0.4333333333330372,-0.3056934789804981,normal,0.9993329367777022,1.0070302833092855,4,0,0,-0.00011903193031537196,-8.503220594868743e-06,0.004681619943017523,0,0,0
2026-04-14 05:00:00,1.17602,1.17622,1.175625,1.176075,0.0,0.0,3.8766618024128034e-08,1420,0.0,-1.0896002075042677,0.2563025210084457,2026-04-05,EURUSD,4764.86,4777.31,4762.12,4775.245,0.0,0.0,0.0003855493748065,11875.0,0.0,0.0,0.3640552995391633,2026-04-14,GOLD,0.0005950000000001232,15.19000000000051,0.0012392857142856967,695.2842857142857,-0.0021347875011998863,-1.867065889349148,0.0,0.2563025210084457,0.3640552995391633,normal,0.9993839225016995,1.0070816617500353,5,0,0,-0.0005141584797905274,0.00015732764119080755,0.004308173146716943,0,0,0
2026-04-14 06:00:00,1.1760700000000002,1.17683,1.17591,1.17669,0.0,0.0,3.7351106208726907e-08,1323,0.0,-1.2212931802216815,0.3478260869566161,2026-04-07,EURUSD,4775.23,4775.65,4765.855,4768.15,0.0,0.0,0.0003260159877678,8603.0,0.0,0.0,-0.2656967840735012,2026-04-13,GOLD,0.0009200000000000319,9.795000000000073,0.0011924999999999933,694.3239285714283,0.0020087134740270907,-1.851414715402574,0.0,0.3478260869566161,-0.2656967840735012,normal,0.9998810363433971,1.0076082907677224,6,0,0,4.2493880881178114e-05,0.0007909777505614723,0.004884839065048663,0,0,0
2026-04-14 07:00:00,1.17669,1.17699,1.176465,1.1766800000000002,0.0,0.0,4.425782873518391e-08,743,0.0,-0.6217651629489276,-0.0904761904757071,2026-04-07,EURUSD,4768.285,4777.0,4767.175,4774.295,0.0,0.0,0.0002583572205808,6437.0,0.0,0.0,0.2246819338422877,2026-04-10,GOLD,0.0005249999999998867,9.824999999999818,0.0010867857142857127,693.4239285714284,-0.0012972582065788885,-0.7944925941757889,0.0,-0.0904761904757071,0.2246819338422877,normal,0.9997366162839109,1.007599727694264,7,0,0,0.0005654689778618049,0.00044636973868250607,0.0035521933621320834,1,0,1
2026-04-14 08:00:00,1.176675,1.176965,1.17595,1.176435,0.0,0.0,4.1823580192084616e-08,2152,0.0,-0.8746944868935849,-0.0221674876847651,2026-04-08,EURUSD,4774.305,4774.365,4758.09,4760.16,0.0,0.0,0.0004103042612379,12088.0,0.0,0.0,-0.3728110599078491,2026-04-11,GOLD,0.0010149999999999881,16.274999999999636,0.0010878571428571484,693.1903571428571,0.002752433607623117,-1.1197344308241577,0.0,-0.0221674876847651,-0.3728110599078491,normal,0.9995284581857109,1.007389932394535,8,0,0,0.0003061029271091975,-0.0002082129380970299,0.00262922401670429,1,0,1
2026-04-14 09:00:00,1.17644,1.1778300000000002,1.17582,1.17781,0.0,0.0,4.8689624265655136e-08,3881,0.0,0.0,0.4900497512437715,2026-04-14,EURUSD,4760.290000000001,4783.19,4760.115,4782.3150000000005,0.0,0.0,0.0003987695828577,15215.0,0.0,0.0,0.4620801733477984,2026-04-11,GOLD,0.0020100000000000673,23.074999999999818,0.0010560714285714479,692.2078571428572,-0.0034854699633919406,0.28324457836073236,0.0,0.4900497512437715,0.4620801733477984,normal,0.999983019620828,1.0083428576320668,9,0,0,0.0009518224851066126,0.0009943568126191682,0.00115176526088967,1,0,1
2026-04-14 10:00:00,1.17782,1.1796799999999998,1.17775,1.177995,0.0,0.0,6.416698132503442e-08,6306,0.0,1.3015132842015686,-0.3730569948186111,2026-04-06,EURUSD,4782.295,4796.405000000001,4768.0,4777.28,0.0,0.0,0.0005490043649954,18455.0,0.0,0.0,-0.1732969547615021,2026-04-14,GOLD,0.0019299999999997652,28.405000000000655,0.0011010714285714254,692.4764285714284,0.0012099085555271616,2.0567652534873746,0.0,-0.3730569948186111,-0.1732969547615021,normal,0.9985716465482165,1.0085012392289812,10,0,0,0.001117551075908274,0.0016836519942347028,0.0016751344571754867,1,0,1
2026-04-14 11:00:00,1.17798,1.17845,1.17751,1.17827,0.0,0.0,4.957741670833463e-08,4027,0.0,-0.1414327483304785,0.3085106382977869,2026-04-03,EURUSD,4777.015,4789.98,4774.335,4786.99,0.0,0.0,0.0004369828604669,14026.0,0.0,0.0,0.3088846276766112,2026-04-11,GOLD,0.0009399999999999409,15.644999999999527,0.0009399999999999885,692.3421428571427,-0.0017990898330371152,-0.01905043547423185,0.0,0.3085106382977869,0.3088846276766112,normal,0.9988047606130477,1.008736671332503,11,0,0,0.0015597971838647862,0.0018663775694576223,0.0020239988434291867,1,0,1
2026-04-14 12:00:00,1.17828,1.179255,1.178195,1.17888,0.0,0.0,4.3871734082450775e-08,3174,0.0,-0.6817253290912287,0.1462264150942724,2026-04-04,EURUSD,4787.115,4789.395,4771.610000000001,4778.42,0.0,0.0,0.0004367387525903,11445.0,0.0,0.0,-0.1170930559460474,2026-04-11,GOLD,0.0010599999999998388,17.784999999999854,0.0009371428571428428,692.4074999999999,0.002307977207076206,-0.7498250545152381,0.0,0.1462264150942724,-0.1170930559460474,normal,0.9993218499932186,1.009258902543951,12,0,0,0.0009084657117870432,0.0018611528949850076,0.0026536027760768466,1,0,1
2026-04-14 13:00:00,1.178875,1.17989,1.17883,1.1796600000000002,0.0,0.0,4.856569533287832e-08,3723,0.0,-0.2539893719215321,0.2830188679247496,2026-04-04,EURUSD,4778.5,4788.1,4752.504999999999,4768.48,0.0,0.0,0.0004748687248564,12970.0,0.0,0.0,-0.0512010113780069,2026-04-10,GOLD,0.001060000000000061,35.595000000001164,0.0009674999999999942,694.5253571428572,0.0027418304517871084,-0.12397826199574184,0.0,0.2830188679247496,-0.0512010113780069,normal,0.9998050665740027,1.0099266736012125,13,0,1,0.0014134185628973395,0.0025325492062413524,0.00298004939825125,0,0,0
2026-04-14 14:00:00,1.17965,1.180615,1.17954,1.17994,0.0,0.0,6.03725518512145e-08,3768,0.0,0.8648719574257505,-0.1279069767441019,2026-04-12,EURUSD,4768.295,4783.095,4766.935,4775.06,0.0,0.0,0.0004511569105589,12645.0,0.0,0.0,0.0027846534654071,2026-04-14,GOLD,0.0010749999999999371,16.159999999999854,0.0010014285714285659,357.08678571428567,-0.0011425381150225178,1.3639453551849383,0.0,-0.1279069767441019,0.0027846534654071,normal,0.9994282640827027,1.0101663862884345,14,0,1,0.001417332190414733,0.002979340125038865,0.0027705068497807517,0,0,0
2026-04-14 15:00:00,1.179995,1.1806,1.17928,1.18046,0.0,0.0,6.236551516292777e-08,6326,0.0,0.9970750793388043,0.3939393939393888,2026-04-02,EURUSD,4775.23,4777.725,4762.4,4771.44,0.0,0.0,0.0005474117171538,17778.0,0.0,0.0,0.0898858075040479,2026-04-12,GOLD,0.0013199999999999878,15.325000000000728,0.0010389285714285576,18.465357142857165,0.0011988060319066962,1.4194792035944888,0.0,0.3939393939393888,0.0898858075040479,normal,0.9998687124930651,1.0092463952737796,15,0,1,0.001340255157437742,0.0022499384450802573,0.003246532499320276,0,1,1
2026-04-14 16:00:00,1.18046,1.180765,1.17935,1.179935,0.0,0.0,5.6712514051039284e-08,6403,0.0,0.5138864515066919,-0.0865724381625519,2026-04-03,EURUSD,4771.46,4803.655000000001,4771.185,4794.8,0.0,0.0,0.0006180031822866,24272.0,0.0,0.0,0.2272867262088033,2026-04-14,GOLD,0.0014150000000001661,32.470000000000255,0.0010989285714285701,19.630714285714344,-0.005340538537058737,0.7508238565319092,0.0,-0.0865724381625519,0.2272867262088033,normal,0.9992970658852522,1.0084483569078244,16,0,1,0.0002331180170556113,0.0016468660732855689,0.003333290816868839,0,0,0
2026-04-14 17:00:00,1.17993,1.18112,1.17933,1.1808800000000002,0.0,0.0,5.5996577432838014e-08,6720,0.0,0.4746684661078728,0.3659217877095461,2026-04-05,EURUSD,4795.535,4818.0,4793.175,4803.975,0.0,0.0,0.0005987937575394,24040.0,0.0,0.0,-0.0649546827794273,2026-04-12,GOLD,0.0017899999999999583,24.824999999999818,0.001177142857142845,19.676785714285806,-0.0011126397510665686,0.6679854118937129,0.0,0.3659217877095461,-0.0649546827794273,normal,0.9997968030344082,1.0090749064310496,17,0,1,0.0007966506771532877,0.0022151119862172663,0.004085623790999859,0,1,1
2026-04-14 18:00:00,1.1808649999999998,1.1808649999999998,1.178755,1.17904,0.0,0.0,5.7970150025664725e-08,6393,0.0,0.6488787368377797,-0.3649289099525004,2026-04-05,EURUSD,4803.945,4816.3,4791.17,4808.285,0.0,0.0,0.0004936099189461,21896.0,0.0,0.0,0.1810584958216972,2026-04-10,GOLD,0.0021250000000001545,25.13000000000011,0.0012699999999999934,20.392857142857274,-0.0024553337109596285,0.8421006291943048,0.0,-0.3649289099525004,0.1810584958216972,normal,0.9982389596315363,1.0071239429401213,18,0,1,-0.0012029208952442083,0.00013572204125966714,0.0019971275357146823,0,0,0
2026-04-14 19:00:00,1.17903,1.17971,1.17883,1.1794099999999998,0.0,0.0,4.325862499471199e-08,2945,0.0,-0.7627065695479185,0.1590909090906911,2026-04-13,EURUSD,4808.295,4820.4,4805.18,4810.32,0.0,0.0,0.0004249459097142,16942.0,0.0,0.0,-0.1622864651774218,2026-04-11,GOLD,0.0008799999999999919,15.219999999999345,0.0012903571428571267,20.395000000000046,-0.00010941319562340901,-0.875694097457787,0.0,0.1590909090906911,-0.1622864651774218,normal,0.998552221620157,1.0059062589286856,19,1,1,-0.00044493976363113585,-0.00021192547005099982,0.002320087024509254,0,0,0
2026-04-14 20:00:00,1.179415,1.179955,1.17919,1.17957,0.0,0.0,4.237061760584829e-08,2131,0.0,-0.837113299057109,-0.0032679738560848,2026-04-09,EURUSD,4810.295,4841.445,4809.605,4835.105,0.0,0.0,0.0004687217364573,16280.0,0.0,0.0,0.3008793969849209,2026-04-13,GOLD,0.0007650000000001267,31.840000000000146,0.001279285714285705,21.969642857142908,-0.005016802818483157,-0.9071475117097616,0.0,-0.0032679738560848,0.3008793969849209,normal,0.9986876862638852,1.0052924933524239,20,0,1,-0.0011093421854888597,-0.00031357526653896794,0.002664830611126101,0,0,0
2026-04-14 21:00:00,1.179565,1.17969,1.17906,1.1793,0.0,0.0,4.1672873865782215e-08,3154,0.0,-0.8402424327653728,-0.1190476190473589,2026-04-04,EURUSD,4835.195,4843.4400000000005,4831.08,4835.66,0.0,0.0,0.0003656542767856,14281.0,0.0,0.0,-0.1294498381877256,2026-04-13,GOLD,0.0006299999999999084,12.360000000000582,0.0012867857142857067,22.150714285714393,-0.00034368248230998155,-0.8542578964895868,0.0,-0.1190476190473589,-0.1294498381877256,normal,0.9984590896775942,1.003313751430358,21,0,0,0.00022051838784098443,-0.000982667773579804,0.0012650597294978638,0,0,0
2026-04-14 22:00:00,1.17929,1.179545,1.179065,1.17919,0.0,0.0,3.6141142501098006e-08,1561,0.0,-1.344368600802078,-0.2395833333334971,2026-04-05,EURUSD,4835.73,4846.34,4835.73,4844.985,0.0,0.0,0.0003263908898837,14338.0,0.0,0.0,0.3722902921771537,2026-04-10,GOLD,0.00048000000000003595,10.680000000000291,0.0012485714285714242,21.75107142857158,-0.0020216577336096275,-1.331688942071965,0.0,-0.2395833333334971,0.3722902921771537,normal,0.9983659577350311,1.0032116316364856,22,0,0,-0.00018653394493850506,-0.0006313907122001972,0.001014435545142467,0,0,0
2026-04-14 23:00:00,1.1792,1.179625,1.17914,1.17958,0.0,0.0,4.3494565225519614e-08,1362,0.0,-0.5453848824983674,0.4072164948454528,2026-04-05,EURUSD,4844.975,4846.285,4839.75,4841.795,0.0,0.0,0.0003214624733164,4995.0,0.0,0.0,-0.1870696250956207,2026-04-13,GOLD,0.00048499999999984666,6.5349999999998545,0.0011396428571428371,20.569642857143013,0.0009891482760241432,-0.4087327183458423,0.0,0.4072164948454528,-0.1870696250956207,normal,0.9986961528041183,1.0035434293419772,23,0,0,8.477665589978756e-06,-0.001100873924530954,0.0011117995026608263,0,0,0
2026-04-15 00:00:00,1.17957,1.1796700000000002,1.17897,1.179195,0.0,0.0,2.5873950430277426e-08,231,0.0,0.0,-0.1785714285716098,2026-04-14,EURUSD,0.0,0.0,0.0,0.0,0.0,0.0,0.0,0.0,0.0,0.0,0.0,0,0,0.000700000000000145,4841.795,0.0010517857142857215,364.3832142857144,0.9996736126417877,0.3491214087796533,0.0,-0.1785714285716098,0.0,normal,0.9983701910051477,1.00303668261563,0,0,0,-8.903586873565406e-05,0.00013146288505905268,0.0002672027687296019,0,0,0
2026-04-15 01:00:00,1.179205,1.17994,1.1792,1.179535,0.0,0.0,5.4405231504539245e-08,1524,0.0,0.8021701835264825,-0.0472972972973094,2026-04-05,EURUSD,4840.615,4851.01,4833.4,4835.205,0.0,0.0,0.0006486606049836,8861.0,0.0,0.0,-0.3975014196479142,2026-04-14,GOLD,0.0007449999999999957,4851.01,0.001037857142857154,709.7664285714288,-inf,1.3341544843922797,0.0,-0.0472972972973094,-0.3975014196479142,normal,0.9986580533730697,1.0033258904837854,1,0,0,0.00029257371585589276,0.00010598519598792322,-0.00010596273502549991,0,0,0
2026-04-15 02:00:00,1.17951,1.180195,1.17945,1.17983,0.0,0.0,5.1267696997655756e-08,1806,0.0,0.0,0.0100671140938797,2026-04-14,EURUSD,4835.15,4844.07,4833.91,4837.215,0.0,0.0,0.0003939096416373,11280.0,0.0,0.0,-0.1747047244094155,2026-04-14,GOLD,0.0007449999999999957,10.159999999999854,0.001015357142857165,709.2217857142859,-0.0001656025365144309,0.2907250170581113,0.0,0.0100671140938797,-0.1747047244094155,normal,0.9989078163099431,1.0035768208399787,2,0,0,0.00021193984299494595,0.00022041930534011378,-9.32250792413658e-05,0,1,1
2026-04-15 03:00:00,1.17983,1.17988,1.17894,1.1794099999999998,0.0,0.0,4.36921222445697e-08,2991,0.0,-0.3546989048967505,-2.36217664813878e-13,2026-04-09,EURUSD,4837.35,4840.0,4827.405,4835.535,0.0,0.0,0.0004169595964596,11263.0,0.0,0.0,0.1454942437475505,2026-04-12,GOLD,0.0009399999999999409,12.595000000000255,0.0010067857142857278,707.5789285714287,-8.676205926927416e-06,-0.17535247907651375,0.0,-2.36217664813878e-13,0.1454942437475505,normal,0.998552221620157,1.0032195640616692,3,0,0,0.000182327774456148,9.32756720086747e-05,-0.0008894837605680772,0,0,0
2026-04-15 04:00:00,1.179405,1.17969,1.17898,1.179075,0.0,0.0,4.258932869483476e-08,2735,0.0,-0.5100469605332671,-0.3661971830984946,2026-04-02,EURUSD,4835.525,4871.415,4828.23,4847.25,0.0,0.0,0.0006630734517958,21087.0,0.0,0.0,-0.0595692948940649,2026-04-13,GOLD,0.0007099999999999884,43.1850000000004,0.000980714285714303,709.5092857142857,-0.002706729851845613,-0.43012319486886086,0.0,-0.3661971830984946,-0.0595692948940649,normal,0.9982685925223518,1.0029346092503988,4,0,0,-0.0003899841886844113,-9.752457195177922e-05,-0.0007288537080430979,0,0,0
2026-04-15 05:00:00,1.1790850000000002,1.179095,1.1778849999999998,1.17835,0.0,0.0,3.7848070267517514e-08,1873,0.0,-1.0147669294205628,-0.115702479338852,2026-04-12,EURUSD,4847.145,4853.605,4820.73,4824.005,0.0,0.0,0.000511775316563,20588.0,0.0,0.0,-0.4003802281368655,2026-04-13,GOLD,0.0012100000000001554,32.875,0.0009728571428571721,710.7628571428571,0.004180613814628309,-1.110795827165848,0.0,-0.115702479338852,-0.4003802281368655,normal,0.9976547683554593,1.002151689884506,5,0,0,-0.001254418009374203,-0.0010427440275352362,-0.0021424700223563464,0,0,0
2026-04-15 06:00:00,1.178355,1.178935,1.17803,1.178715,0.0,0.0,4.3223556087235647e-08,1258,0.0,-0.4718530442984697,0.256906077347928,2026-04-02,EURUSD,4823.985,4829.625,4817.075,4824.06,0.0,0.0,0.0004226157724355,11304.0,0.0,0.0,0.0565737051792124,2026-04-11,GOLD,0.0009050000000001557,12.550000000000182,0.0009364285714286,709.34,0.0002983538512393302,-0.4450760687061236,0.0,0.256906077347928,0.0565737051792124,normal,0.9979637970739637,1.0024621115476857,6,0,0,-0.0005892776896921914,-0.00040705735692569966,-0.00027564798480128605,0,0,0
2026-04-15 07:00:00,1.17871,1.17896,1.178635,1.178865,0.0,0.0,3.3701612227366045e-08,955,0.0,0.0,0.2076923076925599,2026-04-15,EURUSD,4824.05,4827.86,4820.575,4825.13,0.0,0.0,0.0003554236122528,5543.0,0.0,0.0,0.1252573781743832,2026-04-11,GOLD,0.0003249999999999087,7.2849999999998545,0.0008317857142857392,708.0871428571429,-9.454764472782706e-05,0.1773626667586956,0.0,0.2076923076925599,0.1252573781743832,low_vol,0.9980907951774588,1.002589682094198,7,0,0,-0.00017810571846577083,-0.0005680204487361618,-0.00046209545450670575,0,0,0
2026-04-15 08:00:00,1.17887,1.179835,1.17884,1.17921,0.0,0.0,4.091962154366527e-08,2545,0.0,-0.6422666353041533,-0.1281407035176647,2026-04-05,EURUSD,4825.205,4830.45,4812.685,4819.765,0.0,0.0,0.0005092116638212,15630.0,0.0,0.0,-0.1014635519278828,2026-04-14,GOLD,0.0009949999999998571,17.764999999999418,0.0007510714285714323,707.5610714285714,0.0014045415160474084,-0.748111990038612,0.0,-0.1281407035176647,-0.1014635519278828,low_vol,0.9983828908154972,1.0028830943511762,8,0,0,0.000729834090041237,-0.0005254994363593779,-0.00030519596124001236,0,0,0
2026-04-15 09:00:00,1.17921,1.17994,1.17839,1.17843,0.0,0.0,4.7980891220036025e-08,3545,0.0,0.1029579838535958,-0.4741935483870699,2026-04-03,EURUSD,4819.8,4825.115,4811.195,4811.795,0.0,0.0,0.0004300439665686,15360.0,0.0,0.0,-0.456896551724112,2026-04-12,GOLD,0.0015499999999999403,13.920000000000073,0.0007989285714285714,707.4682142857145,0.0009921478020243901,0.3058304663250696,0.0,-0.4741935483870699,-0.456896551724112,low_vol,0.9977225006773234,1.0007813097128686,9,0,0,-0.00024178872755487024,-0.000830923936544381,-0.0007377257695242445,0,0,0
2026-04-15 10:00:00,1.17842,1.179045,1.17828,1.17857,0.0,0.0,4.801011965701421e-08,4262,0.0,0.1913671767301357,-0.1209150326795298,2026-04-02,EURUSD,4811.84,4817.08,4804.19,4811.345,0.0,0.0,0.0005441973379268,14045.0,0.0,0.0,0.0550814584949587,2026-04-15,GOLD,0.0007649999999999046,12.890000000000327,0.0007989285714285556,706.1146428571428,0.00021232232865153744,0.5463456924462068,0.0,-0.1209150326795298,0.0550814584949587,low_vol,0.9978410322405852,1.0009002046691746,10,0,0,-0.00025024069762025203,-0.00042830184678688266,-0.0005257846487843887,0,1,1
2026-04-15 11:00:00,1.17855,1.17954,1.17853,1.178935,0.0,0.0,4.103597269014589e-08,3227,0.0,-0.5594860031855265,-0.0990099009898508,2026-04-02,EURUSD,4811.139999999999,4820.87,4804.725,4818.6,0.0,0.0,0.00045942648375,12484.0,0.0,0.0,0.3593991947971478,2026-04-13,GOLD,0.0010099999999999554,16.144999999999527,0.0008260714285714161,706.385,-0.0011981970170915623,-0.5940685713613436,0.0,-0.0990099009898508,0.3593991947971478,normal,0.9981500609590898,1.00089142828035,11,0,0,-0.00023320697755280229,0.0004964569100862626,-0.0005468047949269694,0,0,0
2026-04-15 12:00:00,1.17894,1.17915,1.17754,1.17816,0.0,0.0,5.98145641026781e-08,5406,0.0,1.4248903214946005,-0.1149068322980698,2026-04-06,EURUSD,4818.575,4819.645,4786.35,4798.29,0.0,0.0,0.0005644485911028,16975.0,0.0,0.0,-0.1413875957351081,2026-04-13,GOLD,0.0016099999999998893,33.29500000000007,0.0009067857142856914,708.0003571428571,0.0035575442278907854,2.1206412671900403,0.0,-0.1149068322980698,-0.1413875957351081,normal,0.9974939040910323,1.0005265213920547,12,0,0,-0.000229118403299311,-0.00047085173260696944,-0.0008777174258709497,0,0,0
2026-04-15 13:00:00,1.178165,1.178655,1.1772049999999998,1.177695,0.0,0.0,5.7323717096933865e-08,5597,0.0,0.0,-0.1620689655172118,2026-04-15,EURUSD,4798.18,4805.389999999999,4790.5,4800.264999999999,0.0,0.0,0.0004851702661055,16754.0,0.0,0.0,0.1558092679650637,2026-04-15,GOLD,0.0014500000000001734,14.889999999999418,0.0009757142857142861,708.5971428571429,-0.0008062882024777451,0.10885129960373784,0.0,-0.1620689655172118,0.1558092679650637,normal,0.9971002099701978,1.0004162401620789,13,0,1,-0.0007424251423334693,-0.0009924800549682145,-0.0015599367547382004,1,0,1
2026-04-15 14:00:00,1.1777,1.17845,1.17732,1.17831,0.0,0.0,5.69917743894861e-08,4300,0.0,1.0877700117093425,0.3761061946903463,2026-04-12,EURUSD,4800.175,4815.155,4795.66,4812.74,0.0,0.0,0.0004217436412324,14965.0,0.0,0.0,0.3761220825853028,2026-04-14,GOLD,0.0011300000000000754,19.49499999999989,0.0010064285714285668,364.1471428571428,-0.002076608343525521,1.5903366449366818,0.0,0.3761061946903463,0.3761220825853028,normal,0.9976209021945273,1.0009386640389737,14,0,1,-0.0005301394903027834,-0.0007632228356273529,-0.001288321198816722,1,0,1
2026-04-15 15:00:00,1.1783,1.179285,1.177725,1.1788150000000002,0.0,0.0,5.339717873954322e-08,4739,0.0,0.7823998998302333,0.1987179487179688,2026-04-13,EURUSD,4812.445,4816.225,4807.05,4811.73,0.0,0.0,0.000450936989457,13534.0,0.0,0.0,0.0100817438690827,2026-04-11,GOLD,0.0015600000000000058,9.175000000000182,0.0010646428571428532,18.301785714285675,0.0006384395794439834,1.2031951500737166,0.0,0.1987179487179688,0.0100817438690827,normal,0.9980484624762939,1.0013676462468306,15,0,1,0.0005559516534257014,0.00032670587137140217,-0.0005044895329017196,0,0,0
2026-04-15 16:00:00,1.17881,1.17975,1.178415,1.178795,0.0,0.0,5.2609857776518325e-08,5808,0.0,0.7264629083207773,-0.2153558052432983,2026-04-12,EURUSD,4811.639999999999,4830.3,4808.75,4829.03,0.0,0.0,0.0005668358184163,22822.0,0.0,0.0,0.4410672853828319,2026-04-13,GOLD,0.0013350000000000861,21.550000000000182,0.0011067857142857168,19.11535714285713,-0.003612346646301834,1.0988050142476513,0.0,-0.2153558052432983,0.4410672853828319,normal,0.9980315293958277,1.00135065685246,16,0,1,0.0009340279104523841,0.00019090932231446978,-0.00023747429128773145,1,0,1
2026-04-15 17:00:00,1.1787999999999998,1.18003,1.178445,1.17967,0.0,0.0,5.076124954790902e-08,5707,0.0,0.5503638926369989,0.2728706624606133,2026-04-07,EURUSD,4828.75,4830.610000000001,4813.48,4815.5650000000005,0.0,0.0,0.0004661139217238,21334.0,0.0,0.0,-0.3782837127845405,2026-04-12,GOLD,0.0015849999999999476,17.13000000000102,0.001152857142857146,19.439285714285752,0.0035306280907146936,0.8479218008483563,0.0,0.2728706624606133,-0.3782837127845405,normal,0.9989880299610879,1.0020939428561721,17,0,1,0.0011541954154679068,0.0006234440405958885,0.001120210463784188,0,0,0
2026-04-15 18:00:00,1.179665,1.1808,1.17947,1.17981,0.0,0.0,5.38306128821302e-08,5120,0.0,0.957006762099222,-0.2443609022555606,2026-04-12,EURUSD,4815.58,4816.295,4787.12,4801.65,0.0,0.0,0.0005466610970041,21381.0,0.0,0.0,-0.0019708654670368,2026-04-13,GOLD,0.0013300000000000534,29.175000000000182,0.001197142857142865,18.438571428571453,0.003008265498662066,1.360856490723322,0.0,-0.2443609022555606,-0.0019708654670368,normal,0.9991615853658536,1.0022128686167662,18,0,1,0.0008440679835257647,0.0014004888979424202,0.0009289777427115009,0,0,0
2026-04-15 19:00:00,1.1798,1.18026,1.17975,1.180095,0.0,0.0,4.774048590704197e-08,3345,0.0,0.1973990200085316,0.1764705882355758,2026-04-04,EURUSD,4801.52,4812.725,4800.285,4804.0,0.0,0.0,0.0004462772898082,16912.0,0.0,0.0,-0.2013665594855311,2026-04-13,GOLD,0.0005100000000000104,12.44000000000051,0.0011471428571428546,16.978928571428632,-0.00024785077721545257,0.2883657367869709,0.0,0.1764705882355758,-0.2013665594855311,normal,0.9994029471544714,1.0024549674865466,19,1,1,0.0011028211012091838,0.002037879077350313,0.001043376468043311,0,0,0
2026-04-15 20:00:00,1.18009,1.1802,1.17927,1.179495,0.0,0.0,3.992812531218803e-08,2626,0.0,-0.7318701646364162,-0.2580645161290245,2026-04-06,EURUSD,4803.975,4808.795,4790.895,4792.605,0.0,0.0,0.0004278993956403,13818.0,0.0,0.0,-0.4044692737430636,2026-04-14,GOLD,0.0009299999999998754,17.899999999999636,0.0011489285714285488,17.36107142857145,0.0018635480388777825,-1.0016974363074305,0.0,-0.2580645161290245,-0.4044692737430636,normal,0.9988948170731706,1.0019452856554296,20,0,1,-0.00014834657149886965,0.0010056776230362718,0.00024168723128181746,0,0,0
2026-04-15 21:00:00,1.17949,1.180195,1.17937,1.180045,0.0,0.0,5.0527158920203766e-08,3293,0.0,0.4993264177795842,0.3181818181819405,2026-04-13,EURUSD,4792.665,4802.219999999999,4790.389999999999,4799.865,0.0,0.0,0.0004155978285169,13191.0,0.0,0.0,0.3009298393914135,2026-04-15,GOLD,0.0008250000000000757,11.829999999999927,0.0011846428571428464,17.68571428571431,-0.0010485325347631136,0.6385266135198766,0.0,0.3181818181819405,0.3009298393914135,normal,0.9993606029810298,1.0024124940006203,21,0,0,0.00019918461447177016,0.0010434207233533943,0.001370467486401239,0,0,0
2026-04-15 22:00:00,1.18003,1.180485,1.17986,1.17998,0.0,0.0,3.795428380885415e-08,1983,0.0,-1.0345299442868416,-0.308000000000125,2026-04-13,EURUSD,4799.725,4803.465,4794.66,4795.885,0.0,0.0,0.0003100665665829,12472.0,0.0,0.0,-0.3608745031231887,2026-04-15,GOLD,0.0006250000000000977,8.805000000000291,0.0011582142857142921,17.045714285714375,0.0007741073424816225,-1.6035303795907017,0.0,-0.308000000000125,-0.3608745031231887,normal,0.9993055555555556,1.0023572784689159,22,0,0,-9.744978158521267e-05,0.001005263849948479,0.001196365086503226,0,0,0
2026-04-15 23:00:00,1.1800000000000002,1.180095,1.17954,1.17988,0.0,0.0,3.8324767813520184e-08,1585,0.0,-0.946251134856595,0.1126126126127333,2026-04-14,EURUSD,4796.115,4796.73,4787.875,4790.825000000001,0.0,0.0,0.0003030135617037,6298.0,0.0,0.0,-0.16685488424609,2026-04-14,GOLD,0.0005549999999998612,8.854999999999563,0.001087142857142858,16.683928571428623,0.0009703239712837153,-1.4084377317644192,0.0,0.1126126126127333,-0.16685488424609,normal,0.9992208672086721,1.0022723314970632,23,0,0,0.00032641087923224177,0.000178015885798688,0.0008015709093376344,0,0,0
2026-04-16 00:00:00,1.179935,1.180275,1.1798000000000002,1.179815,0.0,0.0,3.316510668638367e-08,573,0.0,-1.737780189016169,-0.468421052631825,2026-04-12,EURUSD,0.0,0.0,0.0,0.0,0.0,0.0,0.0,0.0,0.0,0.0,0.0,0,0,0.00047499999999978115,4790.825000000001,0.0010664285714285634,357.9650000000001,0.999944909651829,-2.159077883143175,0.0,-0.468421052631825,0.0,normal,0.9991658197831979,1.0022171159653588,0,0,0,-0.00019490782131181827,4.2379705207373775e-06,0.0014047328036939088,0,0,0
2026-04-16 01:00:00,1.17982,1.1803249999999998,1.17982,1.18026,0.0,0.0,4.529187981776391e-08,1027,0.0,-0.1159928199488094,0.3712871287133414,2026-04-06,EURUSD,4793.105,4811.969999999999,4791.025,4807.685,0.0,0.0,0.0005155440497508,8302.0,0.0,0.0,0.2954165671998131,2026-04-15,GOLD,0.0005099999999997884,4811.969999999999,0.0010307142857142657,700.5239285714287,-inf,-0.06393435319598459,0.0,0.3712871287133414,0.2954165671998131,normal,0.9995426829268292,1.002595129990104,1,0,0,0.00023729215749423993,0.0001398192518400343,0.0021779832639181596,0,0,0
2026-04-16 02:00:00,1.18028,1.18079,1.180265,1.180675,0.0,0.0,3.747198068445241e-08,756,0.0,-1.0630148892277462,0.2809523809522601,2026-04-07,EURUSD,4807.610000000001,4826.79,4807.610000000001,4823.530000000001,0.0,0.0,0.0003271854816304,7539.0,0.0,0.0,0.330031282586034,2026-04-13,GOLD,0.0005299999999999194,19.17999999999938,0.0009535714285714107,699.5157142857144,-0.002944147569337918,-1.1933039981733986,0.0,0.2809523809522601,0.330031282586034,normal,0.9998941395663955,1.002947659923293,2,0,0,0.0006737973353221349,0.0010004281493349865,0.0020071118805746746,1,0,1
2026-04-16 03:00:00,1.180685,1.180845,1.180275,1.18074,0.0,0.0,4.2499721584095786e-08,1866,0.0,-0.3971916975417954,0.3157894736838414,2026-04-12,EURUSD,4823.280000000001,4837.780000000001,4820.969999999999,4833.615,0.0,0.0,0.0003948806204677,11769.0,0.0,0.0,0.2522308149910441,2026-04-13,GOLD,0.0005699999999999594,16.81000000000131,0.0008907142857142526,699.6528571428573,-0.0020357391745164932,-0.35628576367491616,0.0,0.3157894736838414,0.2522308149910441,normal,0.9999110806244681,1.0030028754549973,3,0,0,0.0007840212236662758,0.0005889605904858541,0.001632995847524521,0,0,0
2026-04-16 04:00:00,1.180705,1.1809349999999998,1.17969,1.18025,0.0,0.0,4.178618869080159e-08,2317,0.0,-0.4850967744806712,-0.0502008032127368,2026-04-14,EURUSD,4833.14,4836.465,4811.425,4818.03,0.0,0.0,0.0004455487316592,16831.0,0.0,0.0,-0.2362220447284334,2026-04-14,GOLD,0.0012449999999999406,25.039999999999964,0.0008989285714285287,700.0489285714287,0.0028093008732363867,-0.46798839855409247,0.0,-0.0502008032127368,-0.2362220447284334,normal,0.99941995114041,1.0025866352929185,4,0,0,-8.47270940307343e-06,0.0002288174375837393,0.0012343113094304137,0,0,0
2026-04-16 05:00:00,1.1802549999999998,1.18176,1.180205,1.181715,0.0,0.0,4.8446136475887045e-08,2415,0.0,0.3326782037700317,0.4710610932477553,2026-04-12,EURUSD,4818.04,4825.055,4812.605,4819.795,0.0,0.0,0.0003623602746823,14582.0,0.0,0.0,0.0775100401606497,2026-04-14,GOLD,0.001554999999999973,12.450000000000728,0.0008985714285713835,700.2828571428573,0.0008749301467569914,0.49846754518533587,0.0,0.4710610932477553,0.0775100401606497,normal,0.9999619212022747,1.0038311084305624,5,0,0,0.0008808520549687948,0.0015552429060583517,0.0017335356498004995,0,1,1
2026-04-16 06:00:00,1.181705,1.18239,1.18122,1.181295,0.0,0.0,4.5733592152651537e-08,2263,0.0,-0.0425091270707634,-0.4358974358974018,2026-04-13,EURUSD,4819.57,4827.2,4819.17,4824.145,0.0,0.0,0.0003017858893872,9039.0,0.0,0.0,0.1195516811956384,2026-04-15,GOLD,0.0011700000000001154,8.029999999999745,0.0008867857142856714,699.317142857143,-0.0012579436579881476,-0.0062926240409438144,0.0,-0.4358974358974018,0.1195516811956384,normal,0.9990739096237281,1.0034743311487806,6,0,0,0.000470044209563536,0.0012544339578661745,0.0012586772446410155,0,1,1
2026-04-16 07:00:00,1.1812900000000002,1.18131,1.180825,1.180945,0.0,0.0,4.120664187327584e-08,1186,0.0,-0.7267572231384015,-0.2525773195881032,2026-04-15,EURUSD,4824.030000000001,4833.594999999999,4823.18,4833.17,0.0,0.0,0.0003007991974667,5604.0,0.0,0.0,0.459193470955419,2026-04-15,GOLD,0.0004850000000000687,10.414999999999054,0.0008082142857142514,698.8375000000002,-0.0021670828397447606,-0.8378715100016992,0.0,-0.2525773195881032,0.459193470955419,normal,0.9987778990011754,1.0031770167472955,7,0,0,0.0005888582927344732,0.0005803805941062556,0.0007202809943267496,0,1,1
2026-04-16 08:00:00,1.180955,1.18102,1.1803,1.18044,0.0,0.0,4.138720565168819e-08,1830,0.0,-0.7055493695202738,-0.305555555555684,2026-04-03,EURUSD,4833.25,4838.45,4821.35,4821.48,0.0,0.0,0.0003868003777465,12444.0,0.0,0.0,-0.4923976608187334,2026-04-14,GOLD,0.0007200000000000539,17.099999999999454,0.0007646428571428229,697.975,0.0019910787847269296,-0.8053829972303865,0.0,-0.305555555555684,-0.4923976608187334,normal,0.9983507979600639,1.0027480345394388,8,0,0,-0.0010789403536386466,-0.00019903868549764336,0.000801190339933644,0,1,1
2026-04-16 09:00:00,1.18045,1.18069,1.179345,1.1803249999999998,0.0,0.0,4.9225198848201074e-08,3306,0.0,0.3929000354629828,0.2286245353159265,2026-04-05,EURUSD,4821.445,4830.645,4814.625,4826.14,0.0,0.0,0.0004801052525897,16832.0,0.0,0.0,0.2187890137328348,2026-04-16,GOLD,0.0013449999999999296,16.020000000000437,0.0008242857142856742,698.2307142857143,-0.0010639295096297463,0.5689062288285102,0.0,0.2286245353159265,0.2187890137328348,normal,0.9982535373269393,1.002650345521808,9,0,0,-0.0008211327399169077,-0.0003514744990430474,0.00023727908681436816,0,1,1
2026-04-16 10:00:00,1.1803400000000002,1.1805,1.1791,1.17916,0.0,0.0,5.405048918409577e-08,4264,0.0,1.0138169111106512,-0.4571428571428889,2026-04-09,EURUSD,4826.15,4831.02,4817.27,4821.245,0.0,0.0,0.0004987711561909,13614.0,0.0,0.0,-0.2109090909091306,2026-04-16,GOLD,0.0014000000000000679,13.75,0.0008578571428571166,697.9342857142857,2.725184358076671e-05,1.262923770726612,0.0,-0.4571428571428889,-0.2109090909091306,normal,0.9972682448261572,1.0016607132997228,10,0,0,-0.0015115013823674417,-0.0009235331497564614,-0.0006949270326616075,0,1,1
2026-04-16 11:00:00,1.17915,1.179395,1.17765,1.17863,0.0,0.0,5.3940823013294235e-08,4371,0.0,0.9194902480365418,0.0616045845271828,2026-04-02,EURUSD,4821.34,4822.17,4806.775,4813.965,0.0,0.0,0.0004543931566865,13861.0,0.0,0.0,-0.0329652484572714,2026-04-15,GOLD,0.0017449999999998855,15.395000000000437,0.0009235714285713888,698.1889285714286,0.0010605109112947764,1.0558987286035986,0.0,0.0616045845271828,-0.0329652484572714,normal,0.996820000169149,1.0012104943489029,11,0,0,-0.0015333265561993104,-0.0026106125419411708,-0.0010594297725192714,0,0,0
2026-04-16 12:00:00,1.17862,1.17876,1.177695,1.17796,0.0,0.0,4.6624224902042655e-08,3424,0.0,-0.0075870490435179,-0.251173708920039,2026-04-10,EURUSD,4813.9400000000005,4818.135,4806.905,4812.97,0.0,0.0,0.0004035639744966,12462.0,0.0,0.0,0.0400712377559928,2026-04-16,GOLD,0.0010650000000000936,11.230000000000473,0.0009549999999999599,698.3621428571429,-0.0003617662709182179,0.018793375560638037,0.0,-0.251173708920039,0.0400712377559928,normal,0.9962533512631195,1.0006413496374889,12,0,0,-0.0020036854256242354,-0.0028231728738377093,-0.0015722803998933221,0,0,0
2026-04-16 13:00:00,1.177955,1.17804,1.17725,1.17798,0.0,0.0,4.232487149442183e-08,2360,0.0,-0.5774315252718869,0.424050632911323,2026-04-05,EURUSD,4813.005,4817.395,4805.215,4817.295,0.0,0.0,0.0003780125790169,9970.0,0.0,0.0,0.4917898193759966,2026-04-14,GOLD,0.0007900000000000684,12.180000000000291,0.0009717857142856889,698.5996428571428,-0.0008816350327900402,-0.6727085651912994,0.0,0.424050632911323,0.4917898193759966,normal,0.9962702661558369,1.0006200891909112,13,0,1,-0.0010007123715186639,-0.0025107011757532494,-0.0019317777438869754,0,0,0
2026-04-16 14:00:00,1.17801,1.17887,1.178,1.1784,0.0,0.0,5.059197598667928e-08,3161,0.0,0.7877003720165854,-0.040229885057483,2026-04-04,EURUSD,4817.305,4822.555,4815.67,4822.1900000000005,0.0,0.0,0.000339827633123,12015.0,0.0,0.0,0.446986201888196,2026-04-14,GOLD,0.0008900000000000574,6.885000000000218,0.0010014285714285659,356.8896428571429,-0.0006595878658401944,1.0951893378000501,0.0,-0.040229885057483,0.446986201888196,normal,0.9966254789028999,1.0009768528349967,14,0,1,-0.00019514181719471058,-0.0017281691572634816,-0.0019268638702437668,0,1,1
2026-04-16 15:00:00,1.17841,1.17847,1.177605,1.1781549999999998,0.0,0.0,5.2454049095119524e-08,4125,0.0,1.1079838997599591,0.1358381502890255,2026-04-02,EURUSD,4822.21,4823.225,4811.67,4816.305,0.0,0.0,0.0004442321781528,12291.0,0.0,0.0,-0.0988749459108523,2026-04-14,GOLD,0.0008649999999998936,11.555000000000291,0.0010267857142857162,14.00285714285727,0.0010124908306226033,1.4579491924885635,0.0,0.1358381502890255,-0.0988749459108523,normal,0.996418271467113,1.00076874070928,15,0,1,0.00016554042582095363,-0.001838476690741997,-0.00218930501211112,0,0,0
2026-04-16 16:00:00,1.178165,1.17837,1.176705,1.177245,0.0,0.0,5.2491182303934574e-08,5755,0.0,1.1160025399849165,-0.1756756756756901,2026-04-08,EURUSD,4816.32,4824.09,4784.75,4794.92,0.0,0.0,0.0006918042482433,22535.0,0.0,0.0,-0.2414844941535324,2026-04-14,GOLD,0.0016650000000000276,39.340000000000146,0.0011078571428571524,15.442857142857324,0.00366773165635903,1.4114156070428132,0.0,-0.1756756756756901,-0.2414844941535324,normal,0.9956486438484764,1.000458908562469,16,0,1,-0.0006239494728262907,-0.0016240374503883048,-0.0025460707477228395,0,0,0
2026-04-16 17:00:00,1.1772550000000002,1.178215,1.1768999999999998,1.177165,0.0,0.0,5.5394109383865403e-08,6796,0.0,1.505116806728,-0.2984790874522759,2026-04-03,EURUSD,4794.889999999999,4805.389999999999,4773.255,4788.82,0.0,0.0,0.0007278710388688,27938.0,0.0,0.0,-0.0156371557491993,2026-04-16,GOLD,0.0013150000000001771,32.13499999999931,0.0011610714285714538,16.53750000000004,0.00120422445509627,1.732212622031046,0.0,-0.2984790874522759,-0.0156371557491993,normal,0.9955809842776072,1.00039092210877,17,0,1,-0.0010480312287847182,-0.001242968531260935,-0.003850336163965129,0,0,0
2026-04-16 18:00:00,1.17716,1.17821,1.17701,1.178205,0.0,0.0,5.463372505746426e-08,5803,0.0,1.368846184092111,0.4958333333333056,2026-04-13,EURUSD,4788.93,4813.09,4788.435,4807.045,0.0,0.0,0.0005452643940947,23630.0,0.0,0.0,0.2548164672480262,2026-04-14,GOLD,0.0012000000000000899,24.654999999999745,0.0011578571428571788,16.510000000000023,-0.0029222606740892942,1.5132829926211095,0.0,0.4958333333333056,0.2548164672480262,normal,0.9964605586989064,1.0012747460068583,18,0,1,4.243923762170532e-05,0.00020798668885202432,-0.0026157733673638495,0,0,0
2026-04-16 19:00:00,1.178215,1.17872,1.17689,1.17749,0.0,0.0,5.7143885925273975e-08,4904,0.0,1.6037895004498746,-0.1721311475410194,2026-04-12,EURUSD,4807.165,4810.08,4785.225,4792.005,0.0,0.0,0.0004996343097909,17426.0,0.0,0.0,-0.2272178636089372,2026-04-15,GOLD,0.0018299999999999983,24.854999999999563,0.0011775000000000377,17.396071428571368,0.002521885910212629,1.6098205664006906,0.0,-0.1721311475410194,-0.2272178636089372,normal,0.9958558512842631,1.0006671170769224,19,1,1,0.0002081130096112105,-0.00041596631521767513,-0.0029256231238541375,0,0,0
2026-04-16 20:00:00,1.177495,1.177555,1.17682,1.177355,0.0,0.0,4.2147523045920467e-08,3012,0.0,-0.6473213119611182,0.2278911564624381,2026-04-12,EURUSD,4792.139999999999,4795.450000000001,4781.405,4789.31,0.0,0.0,0.0004560244204584,16568.0,0.0,0.0,0.0628337486649802,2026-04-16,GOLD,0.0007349999999999302,14.045000000000982,0.0011464285714285957,17.825714285714316,0.0004477444174189049,-0.7848469616109689,0.0,0.2278911564624381,0.0628337486649802,normal,0.9957416757584214,1.0005523899363051,20,0,1,0.0001614047308575728,-0.0008867956551256162,-0.0026134322794889586,0,0,0
2026-04-16 21:00:00,1.17736,1.178105,1.17733,1.17797,0.0,0.0,4.7053669403452165e-08,3188,0.0,0.1134146053761237,0.3258064516129014,2026-04-06,EURUSD,4789.32,4794.345,4785.92,4789.66,0.0,0.0,0.0003658584336797,16894.0,0.0,0.0,-0.0560830860533939,2026-04-16,GOLD,0.0007749999999999702,8.425000000000182,0.0011671428571428746,17.683571428571536,0.0004492778972600142,0.04219049035518107,0.0,0.3258064516129014,-0.0560830860533939,normal,0.9962618087094782,1.0010750357991172,21,0,0,-0.00019945595206261046,-0.00015702517919957693,-0.0019952131828097075,0,0,0
2026-04-16 22:00:00,1.178,1.178575,1.178,1.17811,0.0,0.0,4.068938153093625e-08,2264,0.0,-0.8864804235229446,-0.3086956521738156,2026-04-13,EURUSD,4789.674999999999,4798.69,4789.665,4793.705,0.0,0.0,0.0003270143619458,12397.0,0.0,0.0,-0.0523545706371051,2026-04-16,GOLD,0.0006049999999999667,9.029999999999745,0.0011589285714285827,17.107142857142986,-0.0007256790589575957,-1.0412572544529937,0.0,-0.3086956521738156,-0.0523545706371051,normal,0.9963802129584992,1.0011940120930904,22,0,0,0.0005265437498407355,0.0007347663400565363,-0.0008904643983852489,0,0,0
2026-04-16 23:00:00,1.17811,1.178335,1.17786,1.177995,0.0,0.0,4.391559025060905e-08,1118,0.0,-0.4374483772083891,-0.2157894736843532,2026-04-04,EURUSD,4793.52,4793.945,4786.585,4790.825,0.0,0.0,0.0002728481203395,5227.0,0.0,0.0,0.0760869565217968,2026-04-16,GOLD,0.0004750000000000032,7.359999999999673,0.0010967857142857307,16.488571428571504,0.0005031739333829499,-0.5924020580054141,0.0,-0.2157894736843532,0.0760869565217968,normal,0.9962829523253748,1.001096281565898,23,0,0,0.0005435913551987692,0.0007050838242725899,-0.0005387611039937568,0,0,0
2026-04-17 00:00:00,1.17807,1.178245,1.177905,1.178165,0.0,0.0,3.032631018676129e-08,180,0.0,-2.4769198641083663,0.2647058823527107,2026-04-10,EURUSD,0.0,0.0,0.0,0.0,0.0,0.0,0.0,0.0,0.0,0.0,0.0,0,0,0.00034000000000000696,4790.825,0.0010210714285714406,357.70821428571435,1.000144313006422,-2.5890955356600482,0.0,0.2647058823527107,0.0,normal,0.9964267289134717,1.0012407527800087,0,0,0,0.00016553902051841263,-3.3949949287293e-05,0.00017402967842716777,0,0,0
2026-04-17 01:00:00,1.178095,1.17873,1.17807,1.178535,0.0,0.0,4.276876394942243e-08,1164,0.0,-0.5559409491167058,0.2045454545457527,2026-04-13,EURUSD,4792.595,4798.205,4791.05,4795.31,0.0,0.0,0.0005102872387627,6384.0,0.0,0.0,0.0953878406708476,2026-04-16,GOLD,0.000660000000000105,4798.205,0.0009435714285714562,699.3375,-inf,-0.6132767388128415,0.0,0.2045454545457527,0.0953878406708476,normal,0.9967396544287418,1.001555190128367,1,0,0,0.00036074729863955213,0.0008874809977157394,0.0004711455202974779,0,0,0
2026-04-17 02:00:00,1.17853,1.178645,1.17808,1.17811,0.0,0.0,3.754038194979828e-08,1001,0.0,-1.3512209465810827,-0.4469026548672949,2026-04-10,EURUSD,4794.535,4797.795,4791.735,4791.735,0.0,0.0,0.000293347687795,5665.0,0.0,0.0,-0.4999999999999249,2026-04-16,GOLD,0.0005649999999999267,6.0600000000004,0.0009078571428571587,698.9682142857143,0.00038490289497683516,-1.3812914001265189,0.0,-0.4469026548672949,-0.4999999999999249,normal,0.9963802129584992,1.0011940120930904,2,0,0,9.762350434439071e-05,0.0006412679268359422,-0.00024609640190076387,0,0,0
2026-04-17 03:00:00,1.178115,1.17832,1.177705,1.17791,0.0,0.0,3.886971323092485e-08,2144,0.0,0.0,-0.1666666666664861,2026-04-16,EURUSD,4791.64,4801.3,4786.01,4794.995,0.0,0.0,0.0003189883091027,12057.0,0.0,0.0,0.0876389797252609,2026-04-14,GOLD,0.0006150000000000322,15.289999999999964,0.0008953571428571561,699.1903571428571,-0.000850101558527605,-0.05655435912052773,0.0,-0.1666666666664861,0.0876389797252609,normal,0.9962110640313263,1.0010240459588429,3,0,0,-0.00021643827477468847,-5.0935083236391954e-05,-0.00020795226434533465,0,0,0
2026-04-17 04:00:00,1.1779000000000002,1.177985,1.17746,1.177605,0.0,0.0,4.044002009736816e-08,2123,0.0,-0.8557663643423299,-0.2238095238094634,2026-04-13,EURUSD,4794.985,4795.625,4767.81,4789.665,0.0,0.0,0.0005081935395629,22297.0,0.0,0.0,0.2857271256516061,2026-04-16,GOLD,0.0005250000000001087,27.8149999999996,0.0008692857142857312,700.685357142857,0.0008526425206931698,-0.8841705456778591,0.0,-0.2238095238094634,0.2857271256516061,normal,0.9959531119173877,1.0007648476041149,4,0,0,-0.0007891152999275342,-0.00042865267250080663,0.0003057987080004043,0,0,0
2026-04-17 05:00:00,1.17761,1.1777799999999998,1.17731,1.177715,0.0,0.0,4.047230756310453e-08,1184,0.0,-0.7922841559169225,0.361702127660077,2026-04-10,EURUSD,4789.655,4794.870000000001,4784.555,4784.67,0.0,0.0,0.0003385879745014,12277.0,0.0,0.0,-0.4888511875909088,2026-04-17,GOLD,0.0004699999999997484,10.31500000000051,0.000841071428571435,700.5967857142857,0.0011362803598710114,-0.7664327355560151,0.0,0.361702127660077,-0.4888511875909088,normal,0.9960461438273328,1.0008583289779514,5,0,0,-0.0003352827834411931,-0.00023769201057710632,0.00046722422090361704,0,0,0
2026-04-17 06:00:00,1.17771,1.178535,1.17755,1.178335,0.0,0.0,4.146853260726359e-08,1124,0.0,-0.6153472438063193,0.2969543147208373,2026-04-07,EURUSD,4784.715,4798.165,4784.715,4793.42,0.0,0.0,0.0003806243829524,8526.0,0.0,0.0,0.1472118959107502,2026-04-17,GOLD,0.0009850000000000136,13.49499999999989,0.0007925000000000055,698.7507142857141,-0.0013023141054133713,-0.5666432931877051,0.0,0.2969543147208373,0.1472118959107502,normal,0.9974816093997341,1.0013852239941192,6,0,0,0.0003608085507380565,0.00014429218318312564,0.00011033733518361899,0,1,1
2026-04-17 07:00:00,1.17833,1.1784249999999998,1.17816,1.178265,0.0,0.0,3.884554417311547e-08,1104,0.0,-0.9694663636843202,-0.1037735849051861,2026-04-15,EURUSD,4793.385,4804.655,4792.825,4803.105,0.0,0.0,0.0003429401728745,5086.0,0.0,0.0,0.3689771766694681,2026-04-15,GOLD,0.00026499999999973767,11.829999999999927,0.0007174999999999741,697.3003571428571,-0.0020798839285924853,-0.8922126686928488,0.0,-0.1037735849051861,0.3689771766694681,normal,0.9976672706643409,1.0013257358471324,7,0,0,0.0005604595768529119,-0.00022909799030168543,0.0006581796873008638,0,0,0
2026-04-17 08:00:00,1.178255,1.17845,1.17799,1.178065,0.0,0.0,3.5695575670241724e-08,1804,0.0,-1.3400308922714663,-0.336956521738994,2026-04-13,EURUSD,4803.03,4806.355,4793.865,4794.235,0.0,0.0,0.0004012768067633,10720.0,0.0,0.0,-0.4703763010408409,2026-04-15,GOLD,0.00045999999999990493,12.489999999999782,0.000664642857142818,696.4314285714285,0.0016769809659451518,-1.1933517663180535,0.0,-0.336956521738994,-0.4703763010408409,low_vol,0.9977767237801624,1.0011557697128848,8,0,0,0.00029718565187653034,-3.819677279714995e-05,0.0006030466596735895,1,0,1
2026-04-17 09:00:00,1.178075,1.17832,1.1772200000000002,1.17749,0.0,0.0,4.460113656562957e-08,3103,0.0,0.0,-0.2545454545455353,2026-04-17,EURUSD,4794.225,4795.385,4779.3,4785.07,0.0,0.0,0.00039603018568,15770.0,0.0,0.0,-0.1412806963009599,2026-04-15,GOLD,0.0010999999999998789,16.085000000000036,0.0006124999999999524,695.8050000000001,0.0014235824784838425,0.07747720318386225,0.0,-0.2545454545455353,-0.1412806963009599,low_vol,0.9974502329521387,1.0006671170769224,9,0,0,-0.0007171135542948237,-0.0003565637442589642,-0.0004074806658913577,1,0,1
2026-04-17 10:00:00,1.1775,1.17832,1.1775,1.17824,0.0,0.0,4.6417462690724657e-08,3669,0.0,0.2232694354257323,0.4024390243901514,2026-04-03,EURUSD,4785.085,4794.805,4778.745,4784.42,0.0,0.0,0.0003974306246344,10412.0,0.0,0.0,-0.1466376089663452,2026-04-15,GOLD,0.0008300000000001084,16.0600000000004,0.0006192857142856793,695.9489285714286,0.0007727872676105418,0.3256237137265307,0.0,0.4024390243901514,-0.1466376089663452,low_vol,0.999020684333917,1.0013044900803516,10,0,0,-2.121763779794339e-05,0.0005392300474267309,0.00011034623252492715,1,0,1
2026-04-17 11:00:00,1.178245,1.17956,1.178085,1.17939,0.0,0.0,4.24167435395836e-08,2845,0.0,-0.2954103504123745,0.3847457627119289,2026-04-03,EURUSD,4784.415,4796.965,4780.975,4795.95,0.0,0.0,0.0003720563949067,10038.0,0.0,0.0,0.4365228267667078,2026-04-17,GOLD,0.001474999999999893,15.989999999999782,0.0006692857142856738,696.4892857142858,-0.0014338734370862305,-0.1273627965339956,0.0,0.3847457627119289,0.4365228267667078,low_vol,0.9998558784631557,1.002281795352276,11,0,0,0.001124725715474062,0.0014222456196957278,0.0011842155526975429,0,0,0
2026-04-17 12:00:00,1.179385,1.179935,1.1791,1.179345,0.0,0.0,4.2723867084785086e-08,2950,0.0,-0.2253674261346009,-0.2065868263472162,2026-04-03,EURUSD,4795.9400000000005,4800.915,4790.075000000001,4790.424999999999,0.0,0.0,0.0003529084856513,9646.0,0.0,0.0,-0.4677121771219451,2026-04-15,GOLD,0.0008349999999999191,10.839999999999236,0.0006857142857142419,696.6185714285714,0.0011138583606283836,-0.04955879601429153,0.0,-0.2065868263472162,-0.4677121771219451,normal,0.99949997245611,1.0022435529720706,12,0,0,0.0015753849289592559,0.0008571416447786806,0.0010015575068009763,1,0,1
2026-04-17 13:00:00,1.1793399999999998,1.1796,1.17913,1.179455,0.0,0.0,3.8074185977221934e-08,2292,0.0,-0.8820197872785174,0.1914893617019769,2026-04-09,EURUSD,4790.450000000001,4794.06,4782.325,4787.4400000000005,0.0,0.0,0.0003342409625083,10157.0,0.0,0.0,-0.0641244141456081,2026-04-16,GOLD,0.00046999999999997044,11.735000000000582,0.0006853571428570967,696.9310714285714,0.0007163901034845654,-0.6785886998767748,0.0,0.1914893617019769,-0.0641244141456081,normal,0.9995931979303945,1.0023370343459066,13,0,1,0.0010311990765887735,0.0010099595591823718,0.0007806301891752909,1,0,1
2026-04-17 14:00:00,1.179465,1.17994,1.179205,1.1793749999999998,0.0,0.0,4.1872562484375056e-08,2509,0.0,-0.2730459236373388,-0.2687074829933216,2026-04-14,EURUSD,4787.445,4811.765,4783.665,4799.129999999999,0.0,0.0,0.0004283187981885,10700.0,0.0,0.0,0.0503558718860866,2026-04-16,GOLD,0.0007349999999999302,28.100000000000364,0.0007135714285713769,356.7364285714286,-0.002509633996667593,-0.0410659705079777,0.0,-0.2687074829933216,0.0503558718860866,normal,0.9995211620929877,1.0022690478922074,14,0,1,-1.271843919325999e-05,0.0011119929715253107,0.001073753724185167,1,0,1
2026-04-17 15:00:00,1.17937,1.183755,1.179345,1.18353,0.0,0.0,8.792566320792959e-08,9318,0.0,3.846874115158998,0.4489795918367028,2026-04-05,EURUSD,4799.17,4847.82,4797.75,4846.395,0.0,0.0,0.0007727001199764,20908.0,0.0,0.0,0.471539844218109,2026-04-16,GOLD,0.004409999999999803,50.06999999999971,0.0009814285714284982,17.583928571428583,-0.0063256076054087895,3.1001532572088792,0.0,0.4489795918367028,0.471539844218109,normal,0.9998099268852085,1.0058000943312047,15,0,1,0.0035485799320809086,0.005129555240384276,0.0047711624827024846,0,1,1
2026-04-17 16:00:00,1.183535,1.18492,1.18243,1.18337,0.0,0.0,8.371653242169786e-08,15070,0.0,2.7455815961798287,-0.1224899598393631,2026-04-14,EURUSD,4846.385,4889.495,4834.99,4880.4,0.0,0.0,0.0010545522174332,32188.0,0.0,0.0,0.3331345748096378,2026-04-16,GOLD,0.002489999999999881,54.50500000000011,0.001118928571428495,21.044285714285706,-0.007151744404340743,2.016950832444841,0.0,-0.1224899598393631,0.3331345748096378,normal,0.9986918948114641,1.0055658469434579,16,0,1,0.003319329690407935,0.004353951656708377,0.004895529485693384,0,1,1
2026-04-17 17:00:00,1.18338,1.1836,1.181325,1.18137,0.0,0.0,7.047418277852259e-08,10305,0.0,1.631923222201098,-0.4802197802197485,2026-04-07,EURUSD,4880.545,4885.55,4860.85,4873.200000000001,0.0,0.0,0.0006461474348617,27640.0,0.0,0.0,0.0,2026-04-15,GOLD,0.002275000000000027,24.699999999999818,0.0012374999999999231,21.716428571428555,-0.00021479956538694722,1.2040539984046288,0.0,-0.4802197802197485,0.0,normal,0.9970040171488371,1.003866351693547,17,0,1,0.0016915739268681396,0.0016788339734947755,0.0031034673074554764,0,1,1
2026-04-17 18:00:00,1.181365,1.181655,1.1799849999999998,1.180075,0.0,0.0,6.852535019509551e-08,8682,0.0,1.3982640840436114,-0.4461077844310597,2026-04-10,EURUSD,4873.370000000001,4880.66,4854.879999999999,4867.51,0.0,0.0,0.0006114579067533,24021.0,0.0,0.0,-0.0100853374708806,2026-04-17,GOLD,0.0016700000000000603,25.780000000000655,0.001319285714285634,21.571071428571486,7.14256671149327e-05,1.0343893551026244,0.0,-0.4461077844310597,-0.0100853374708806,high_vol,0.995911116362286,1.0027659285192299,18,0,1,-0.0029192331415341943,0.0006189876584035137,0.0014766598632818262,0,1,1
2026-04-17 19:00:00,1.180055,1.18047,1.1792,1.17989,0.0,0.0,5.719350542832435e-08,4612,0.0,0.6382456940733254,0.0433070866141037,2026-04-12,EURUSD,4867.49,4873.515,4863.695,4867.055,0.0,0.0,0.000376832533521,19123.0,0.0,0.0,-0.1578411405294475,2026-04-17,GOLD,0.0012699999999998823,9.820000000000618,0.0013764285714285007,21.535714285714352,-6.329274455962874e-05,0.5317255028645701,0.0,0.0433070866141037,-0.1578411405294475,high_vol,0.9957549876784931,1.002608725208613,19,1,1,-0.0029407539484691547,0.00036881441004554816,0.0013791464568668754,0,1,1
2026-04-17 20:00:00,1.179875,1.179875,1.17849,1.17955,0.0,0.0,6.405259370348138e-08,5706,0.0,1.015542667978001,0.2653429602888694,2026-04-13,EURUSD,4867.07,4869.68,4853.855,4862.665,0.0,0.0,0.0004900637410538,21980.0,0.0,0.0,0.0567140600315952,2026-04-15,GOLD,0.0014000000000000679,15.825000000000728,0.0014060714285713618,21.70214285714298,0.000613820365411688,0.7517686095542603,0.0,0.2653429602888694,0.0567140600315952,high_vol,0.9954680484758466,1.0019792392246138,20,0,1,-0.0015405842369451417,0.0001483836777955716,0.0012605416509277045,0,1,1
2026-04-17 21:00:00,1.179565,1.17978,1.17743,1.17799,0.0,0.0,5.5006778912942685e-08,4868,0.0,0.3984556172720316,-0.2617021276596744,2026-04-09,EURUSD,4862.7,4868.17,4856.085,4858.25,0.0,0.0,0.0003688903539648,15700.0,0.0,0.0,-0.3208522962350432,2026-04-15,GOLD,0.0023500000000000743,12.085000000000036,0.0015549999999999572,21.720357142857274,-0.000414599913662439,0.2921337544088091,0.0,-0.2617021276596744,-0.3208522962350432,high_vol,0.9941515038989975,1.0006540833489066,21,0,0,-0.0017668368535896928,-0.004680912186425301,0.00042463205632325973,0,1,1
2026-04-17 22:00:00,1.17798,1.178395,1.176705,1.1769,0.0,0.0,4.5544509694273726e-08,3653,0.0,-0.235264643575723,-0.3846153846154149,2026-04-14,EURUSD,4858.24,4861.435,4852.83,4854.535,0.0,0.0,0.0003354718423403,17876.0,0.0,0.0,-0.3018593840790222,2026-04-15,GOLD,0.0016900000000001913,8.605000000000473,0.0016428571428571206,21.442857142857324,-0.0001606263292052157,-0.1910813419858125,0.0,-0.3846153846154149,-0.3018593840790222,high_vol,0.9932316105728658,1.0001657169808917,22,0,0,-0.002534134537965471,-0.005467436220286115,-0.0011372895165669972,0,1,1
2026-04-17 23:00:00,1.176895,1.17719,1.17604,1.176575,0.0,0.0,6.171840153093544e-08,3022,0.0,0.771514397228295,-0.0347826086954943,2026-04-13,EURUSD,4854.65,4855.255,4830.645,4833.115,0.0,0.0,0.0004873280956703,13034.0,0.0,0.0,-0.3996342950020754,2026-04-15,GOLD,0.0011499999999999844,24.609999999999673,0.0016464285714285567,22.05178571428587,0.004136219847314604,0.5102288608538399,0.0,-0.0347826086954943,-0.3996342950020754,high_vol,0.9929573304526887,1.0004549164994387,23,0,0,-0.00252214827688535,-0.00405884693195202,-0.002386827088579735,0,1,1
2026-04-20 00:00:00,1.173995,1.1744599999999998,1.173115,1.1732399999999998,0.0,0.0,3.8531440665678386e-08,827,0.0,0.0,-0.4070631970262187,2026-04-08,EURUSD,0.0,0.0,0.0,0.0,0.0,0.0,0.0,0.0,0.0,0.0,0.0,0,0,0.0034600000000000186,4833.115,0.001834285714285693,366.127142857143,0.9971655015617363,-0.1423155886021288,0.0,-0.4070631970262187,0.0,high_vol,0.9901427944502581,1.0001065539184137,0,0,0,-0.00403229229450186,-0.0057920047454612655,-0.005176602266512509,1,0,1
2026-04-20 01:00:00,1.173235,1.174015,1.172925,1.174,0.0,0.0,5.9626250817503e-08,4415,0.0,0.0,0.486238532110002,2026-04-19,EURUSD,4792.575,4795.5,4759.57,4779.435,0.0,0.0,0.0011345870239555,16061.0,0.0,0.0,0.052880601168929,2026-04-16,GOLD,0.0010900000000000354,4795.5,0.0018067857142857033,707.5207142857143,-inf,-0.1619793527541534,0.0,0.486238532110002,0.052880601168929,high_vol,0.9907841879620565,1.0009165121384571,1,0,0,-0.0024641006032799506,-0.004991990778801525,-0.004625017486890148,0,0,0
2026-04-20 02:00:00,1.173995,1.174555,1.173645,1.17389,0.0,0.0,4.334769945077665e-08,2583,0.0,0.0,-0.230769230769287,2026-04-18,EURUSD,4779.45,4779.575,4736.99,4755.3150000000005,0.0,0.0,0.0007012593765908,17004.0,0.0,0.0,-0.0696841610895581,2026-04-15,GOLD,0.0009099999999999664,42.585000000000036,0.0018121428571428494,709.7882142857144,0.004952924856298391,-0.214769071901515,0.0,-0.230769230769287,-0.0696841610895581,high_vol,0.9906913546906121,1.000822729501034,2,0,0,-0.002282047468287085,-0.0047984400830825,-0.004650768415474071,0,0,0
2026-04-20 03:00:00,1.173895,1.17569,1.173715,1.175455,0.0,0.0,4.819199710568911e-08,4115,0.0,0.0,0.3810126582278458,2026-04-08,EURUSD,4755.424999999999,4774.33,4744.99,4772.52,0.0,0.0,0.0006339886279559,17417.0,0.0,0.0,0.4383094751193087,2026-04-15,GOLD,0.001974999999999838,29.340000000000146,0.00191964285714284,711.0457142857146,-0.0022848825301029496,-0.214769071901515,0.0,0.3810126582278458,0.4383094751193087,high_vol,0.9920121189616176,1.0021570006607412,3,0,0,0.0018879342674986699,-0.0021519707298025548,-0.006822809730213875,0,0,0
2026-04-20 04:00:00,1.17545,1.176005,1.17507,1.17569,0.0,0.0,4.4601012866210316e-08,3498,0.0,0.0,0.1631016042780907,2026-04-06,EURUSD,4772.435,4781.29,4771.370000000001,4781.29,0.0,0.0,0.001462219969408,1120.0,0.0,0.0,0.5000000000000459,2026-04-15,GOLD,0.0009349999999999081,9.919999999999163,0.0019339285714285528,709.7471428571428,-0.0016376810308535994,-0.24904979417458462,0.0,0.1631016042780907,0.5000000000000459,high_vol,0.9922104445869763,1.0023573544770552,4,0,0,0.0014395229982964164,-0.0010281247344720024,-0.006489939748345885,0,0,0
2026-04-20 05:00:00,1.1756799999999998,1.17617,1.17546,1.17569,0.0,0.0,3.645388139199469e-08,1817,0.0,0.0,-0.176056338028387,2026-04-17,EURUSD,4807.985,4809.285,4793.24,4797.325,0.0,0.0,0.0004240410254148,13596.0,0.0,0.0,-0.2454035525085685,2026-04-16,GOLD,0.0007099999999999884,27.99499999999989,0.0016696428571428517,708.1703571428571,-0.003353697433119418,-0.2820593945594902,0.0,-0.176056338028387,-0.2454035525085685,high_vol,0.9922104445869763,1.0023573544770552,5,0,0,0.0015333634326895051,-0.000752183243737159,-0.0048079771790380255,0,0,0
2026-04-20 06:00:00,1.1756950000000002,1.176255,1.17547,1.1760199999999998,0.0,0.0,3.434596076265128e-08,1494,0.0,0.0,0.2006369426749088,2026-04-05,EURUSD,4797.26,4798.469999999999,4788.905,4791.05,0.0,0.0,0.0003790604833157,11551.0,0.0,0.0,-0.2757449032932492,2026-04-16,GOLD,0.0007850000000000357,9.5649999999996,0.0015478571428571483,704.9603571428571,0.0015887068509725655,-0.30822504513094784,0.0,0.2006369426749088,-0.2757449032932492,high_vol,0.9924889444013096,1.0026387023893257,6,0,0,0.0004806649340041158,0.0023695066653028896,-0.0034362222740080828,0,0,0
2026-04-20 07:00:00,1.17601,1.17621,1.17563,1.17592,0.0,0.0,3.626840627435135e-08,1227,0.0,0.0,0.0,2026-04-10,EURUSD,4791.085,4795.805,4787.385,4789.025,0.0,0.0,0.000400913093896,7111.0,0.0,0.0,-0.3052256532067216,2026-04-17,GOLD,0.0005800000000000249,8.420000000000073,0.0014267857142857196,703.7975,0.00033763052308122266,-0.35351970580343534,0.0,0.0,-0.3052256532067216,normal,0.9924045505181786,1.0025534454462135,7,0,0,0.0001956298003726875,0.0016354344122659903,-0.0033647204400409914,0,0,0
2026-04-20 08:00:00,1.17591,1.17608,1.174715,1.17534,0.0,0.0,4.148543309401192e-08,2747,0.0,0.0,-0.0421245421244095,2026-04-19,EURUSD,4788.975,4796.145,4779.805,4790.895,0.0,0.0,0.000510833883293,13122.0,0.0,0.0,0.1787025703794398,2026-04-18,GOLD,0.0013650000000000606,16.340000000000146,0.0014050000000000054,703.1232142857144,-0.0008837069727890556,-0.42639645933133213,0.0,-0.0421245421244095,0.1787025703794398,normal,0.9919150659960166,1.0020589551761623,8,0,0,-0.0002976975223059064,0.0012352094318888174,-0.0035691577296427246,0,0,0
2026-04-20 09:00:00,1.175295,1.176575,1.174755,1.1765,0.0,0.0,5.64485710922155e-08,5464,0.0,0.0,0.4587912087912473,2026-04-05,EURUSD,4790.715,4795.43,4783.965,4795.43,0.0,0.0,0.0004604533383491,18110.0,0.0,0.0,0.5,2026-04-16,GOLD,0.0018199999999999328,11.465000000000146,0.0014442857142857232,703.2407142857143,4.036123315986906e-05,-0.42639645933133213,0.0,0.4587912087912473,0.5,normal,0.9928940350403404,1.003047935716265,9,0,0,0.0004081563238722552,0.000889017444309026,-0.0012648664250121122,0,0,0
2026-04-20 10:00:00,1.17652,1.177195,1.17538,1.175935,0.0,0.0,5.8862855180306056e-08,5924,0.0,0.0,-0.1942148760330563,2026-04-16,EURUSD,4795.475,4805.81,4787.08,4789.825,0.0,0.0,0.0005095250781928,15396.0,0.0,0.0,-0.3534436732514706,2026-04-16,GOLD,0.0018149999999999,18.730000000000473,0.0014739285714285685,703.4482142857142,0.0006885831544182208,-0.41633536958748685,0.0,-0.1942148760330563,-0.3534436732514706,normal,0.9924172096006482,1.0025662339876804,10,0,0,1.2755969793776245e-05,0.00020838826561431212,-0.0008199507179880161,0,0,0
2026-04-20 11:00:00,1.17593,1.17648,1.1756799999999998,1.176115,0.0,0.0,5.0665860881208874e-08,4385,0.0,0.0,0.0437500000002792,2026-04-05,EURUSD,4789.8,4796.360000000001,4786.209999999999,4796.3,0.0,0.0,0.0004241893336992,11129.0,0.0,0.0,0.4940886699507003,2026-04-16,GOLD,0.0008000000000001339,10.150000000001455,0.001363214285714287,703.3100000000001,-0.0011987542334364054,-0.4309714585915382,0.0,0.0437500000002792,0.4940886699507003,normal,0.9925691185902846,1.0027196964852825,11,0,0,0.0006593836677046827,0.00036148984851469557,-0.0003909653018293602,0,0,0
2026-04-20 12:00:00,1.176105,1.176565,1.175525,1.17654,0.0,0.0,4.9623766095296083e-08,3343,0.0,0.0,0.4759615384613845,2026-04-07,EURUSD,4796.325000000001,4797.975,4783.54,4791.68,0.0,0.0,0.0004174490951578,11702.0,0.0,0.0,0.0639071700727784,2026-04-20,GOLD,0.001040000000000152,14.4350000000004,0.0013167857142857128,703.7264285714288,0.0013246017202510618,-0.44219208535959387,0.0,0.4759615384613845,0.0639071700727784,normal,0.9929277925935928,1.0030820384935097,12,0,0,3.399915002111342e-05,0.00044216935086138776,0.0028127237393884563,0,0,0
2026-04-20 13:00:00,1.176545,1.17713,1.176235,1.17707,0.0,0.0,4.641652083742432e-08,2535,0.0,0.0,0.4329608938547957,2026-04-05,EURUSD,4791.67,4801.015,4790.01,4795.83,0.0,0.0,0.0003530314799701,9194.0,0.0,0.0,0.0288505224897043,2026-04-19,GOLD,0.0008950000000000902,11.00500000000011,0.0012985714285714347,702.7546428571429,-0.0004156111244790761,-0.4937913942756606,0.0,0.4329608938547957,0.0288505224897043,normal,0.9933750801741891,1.0035339002920052,13,0,1,0.0009651894024755858,0.0009779576841961735,0.0026149914821125275,0,0,0
2026-04-20 14:00:00,1.177075,1.17755,1.17654,1.176705,0.0,0.0,4.8019907717234746e-08,3203,0.0,0.0,-0.3366336633663584,2026-04-07,EURUSD,4795.91,4810.96,4786.66,4810.585,0.0,0.0,0.0004170023876189,13047.0,0.0,0.0,0.4845679012345867,2026-04-17,GOLD,0.0010100000000001774,24.300000000000182,0.001123571428571446,359.2678571428573,-0.0033867231647728424,-0.5089078351908648,0.0,-0.3366336633663584,0.4845679012345867,normal,0.9930670425007595,1.0032227124496451,14,0,1,0.0005016516242033475,0.001161366072795822,0.0023980100350116107,0,0,0
2026-04-20 15:00:00,1.1767,1.17683,1.175585,1.176505,0.0,0.0,5.387932308582464e-08,3979,0.0,0.0,0.2389558232933693,2026-04-18,EURUSD,4810.63,4822.25,4799.145,4803.485,0.0,0.0,0.0005508020320774,16004.0,0.0,0.0,-0.3121618697251972,2026-04-17,GOLD,0.0012449999999999406,23.104999999999563,0.0011346428571428677,18.3825000000001,0.0013059458390363154,-0.49309336745831084,0.0,0.2389558232933693,-0.3121618697251972,normal,0.9928982547344968,1.0030521985634204,15,0,1,-2.9748244853577965e-05,4.249893752472644e-06,0.0008932711162912277,1,0,1
2026-04-20 16:00:00,1.17651,1.17816,1.176115,1.177515,0.0,0.0,6.441537387879548e-08,7201,0.0,0.0,0.1845965770170688,2026-04-20,EURUSD,4803.495,4826.48,4799.81,4817.9,0.0,0.0,0.0006302491179273,23189.0,0.0,0.0,0.1782902137232881,2026-04-19,GOLD,0.0020450000000000745,26.669999999999163,0.0012157142857143041,17.24571428571432,-0.0021424712984183802,-0.47654433949166775,0.0,0.1845965770170688,0.1782902137232881,normal,0.994858905035485,1.0039132936888548,16,0,1,0.0003780573797649289,0.0013436116792171493,0.0015522799377387653,0,0,0
2026-04-20 17:00:00,1.17751,1.177605,1.176695,1.177455,0.0,0.0,5.437106916627918e-08,3123,0.0,0.0,0.3351648351648472,2026-04-06,EURUSD,4817.96,4827.695,4792.805,4805.3150000000005,0.0,0.0,0.0006712972566143,25578.0,0.0,0.0,-0.1414445399827908,2026-04-17,GOLD,0.0009099999999999664,34.88999999999942,0.0011396428571428846,17.64214285714284,0.0025611791523590943,-0.423364664675734,0.0,0.3351648351648472,-0.1414445399827908,normal,0.9964456630742475,1.0038621395229874,17,0,1,0.0006373730034290315,0.0011393443668348269,0.0015012460767720448,0,0,0
2026-04-20 18:00:00,1.1772,1.17895,1.176845,1.17841,0.0,0.0,5.993384565753957e-08,7701,0.0,0.0,0.2434679334916694,2026-04-08,EURUSD,4805.41,4809.594999999999,4792.82,4799.875,0.0,0.0,0.0005472552942891,22595.0,0.0,0.0,-0.0794336810729988,2026-04-18,GOLD,0.0021050000000000235,16.774999999999636,0.0012232142857143216,18.131785714285733,0.0019431511268747093,-0.36863180669892875,0.0,0.2434679334916694,-0.0794336810729988,normal,0.9982549323574509,1.00467634332971,18,0,1,0.0016192026383228253,0.0015894062250327856,0.0020322783626129937,0,0,0
2026-04-20 19:00:00,1.1784400000000002,1.17882,1.17819,1.17859,0.0,0.0,4.5120607592550376e-08,3658,0.0,0.0,0.1349206349208335,2026-04-12,EURUSD,4799.91,4806.540000000001,4792.969999999999,4805.68,0.0,0.0,0.0003945249802482,13501.0,0.0,0.0,0.4366249078850048,2026-04-18,GOLD,0.0006299999999999084,13.570000000001528,0.00121750000000003,17.101428571428706,-0.0010566583003595031,-0.3004718043674045,0.0,0.1349206349208335,0.4366249078850048,normal,0.9989109015785571,1.0048298058273122,19,1,1,0.0009129395379252614,0.0012913420612197246,0.0022705626233077147,0,0,0
2026-04-20 20:00:00,1.178595,1.17903,1.17815,1.17838,0.0,0.0,4.5740861358552346e-08,3105,0.0,0.0,-0.2386363636364152,2026-04-07,EURUSD,4805.825000000001,4812.235,4803.985000000001,4806.835,0.0,0.0,0.0003741650416131,14485.0,0.0,0.0,-0.1545454545455377,2026-04-20,GOLD,0.0008799999999999919,8.24999999999909,0.0012242857142857413,17.0075000000001,-0.0004185196074728559,-0.21244785849338949,0.0,-0.2386363636364152,-0.1545454545455377,normal,0.998813338079981,1.0046507662467763,20,0,1,0.0007855926553457238,0.0014234663743248888,0.002586485612673828,0,0,0
2026-04-20 21:00:00,1.17839,1.178975,1.17787,1.17802,0.0,0.0,5.105886878191532e-08,3547,0.0,0.0,-0.364253393665062,2026-04-13,EURUSD,4806.81,4816.645,4806.81,4814.125,0.0,0.0,0.0003454677589391,12717.0,0.0,0.0,0.2437722419928628,2026-04-19,GOLD,0.0011050000000001337,9.835000000000036,0.001261785714285749,17.108571428571526,-0.0018220946051442644,-0.1340925387514617,0.0,-0.364253393665062,0.2437722419928628,normal,0.9991433636124611,1.004343841251572,21,0,0,-0.0003309544216358873,0.0012877123344143815,0.001291967700807417,0,0,0
2026-04-20 22:00:00,1.17801,1.17888,1.17797,1.178595,0.0,0.0,3.920069379153724e-08,1990,0.0,0.0,0.1868131868134415,2026-04-16,EURUSD,4814.105,4821.485000000001,4810.485,4814.37,0.0,0.0,0.0002987155721047,10165.0,0.0,0.0,-0.1468181818182325,2026-04-17,GOLD,0.0009099999999999664,11.00000000000091,0.0012292857142857422,16.727142857143008,0.000437215256237522,-0.20412414523193187,0.0,0.1868131868134415,-0.1468181818182325,normal,0.9996310526449709,1.0048340686744677,22,0,0,4.242357393158258e-06,0.0009171857683341056,0.002262029789061648,0,0,0
2026-04-20 23:00:00,1.178615,1.178885,1.17836,1.17883,0.0,0.0,3.667329215226748e-08,1688,0.0,-1.2217629963013508,0.3952380952384436,2026-04-08,EURUSD,4814.395,4822.035,4812.385,4820.765,0.0,0.0,0.0002899485752692,5166.0,0.0,0.0,0.3683937823834637,2026-04-20,GOLD,0.0005249999999998867,9.649999999999636,0.001136785714285739,16.597500000000114,-0.001128925071970155,-4.694855340334424,0.0,0.3952380952384436,0.3683937823834637,normal,0.9998303690321705,1.0050344224907817,23,0,0,0.00038188020842189196,0.0011677728660544062,0.0023084477283259464,0,0,0
2026-04-21 00:00:00,1.178835,1.178835,1.178515,1.178635,0.0,0.0,2.743559468588675e-08,399,0.0,-1.9940912205758723,-0.1250000000001734,2026-04-17,EURUSD,0.0,0.0,0.0,0.0,0.0,0.0,0.0,0.0,0.0,0.0,0.0,0,0,0.000320000000000098,4820.765,0.001030000000000039,359.6000000000001,0.9998345817463078,-3.9743113866076984,0.0,-0.1250000000001734,0.0,normal,0.9996649788385368,1.0048681714517127,0,0,0,0.0005220624437616284,0.00019093524325164424,0.001780644941948628,0,0,0
2026-04-21 01:00:00,1.178595,1.17904,1.178555,1.17904,0.0,0.0,4.1362923970542974e-08,1859,0.0,-0.567150854833427,0.5000000000002289,2026-04-08,EURUSD,4822.545,4833.344999999999,4820.915,4827.78,0.0,0.0,0.0005870679211988,10116.0,0.0,0.0,0.0522928399035058,2026-04-16,GOLD,0.0004850000000000687,4833.344999999999,0.0010075000000000342,704.1139285714286,-inf,-0.8617365089858255,0.0,0.5000000000002289,0.0522928399035058,normal,1.0,1.004596790341202,1,0,0,0.00037756820621170917,0.0003818121653840212,0.0016736472767124866,0,0,0
2026-04-21 02:00:00,1.17905,1.1791049999999998,1.17832,1.1784249999999998,0.0,0.0,3.13779574442324e-08,1001,0.0,-1.4504902339287582,-0.3662420382169253,2026-04-17,EURUSD,4827.735,4831.755,4819.96,4821.865,0.0,0.0,0.0003489763453169,6825.0,0.0,0.0,-0.3384908859686533,2026-04-18,GOLD,0.0007849999999998136,11.795000000000073,0.0009892857142857242,703.9253571428571,0.0007035900149300334,-2.2743763438563263,0.0,-0.3662420382169253,-0.3384908859686533,normal,0.9994232913947443,1.0040128992131818,2,0,0,-0.0003435609884379076,3.8188020841989356e-05,0.0014617087545305552,0,0,0
2026-04-21 03:00:00,1.1784400000000002,1.17857,1.178085,1.17829,0.0,0.0,4.494769279178939e-08,3149,0.0,-0.1366528506714737,-0.0773195876287102,2026-04-18,EURUSD,4822.06,4830.875,4816.985000000001,4824.145,0.0,0.0,0.0004368391156187,12883.0,0.0,0.0,0.0154787616990752,2026-04-17,GOLD,0.00048499999999984666,13.889999999999418,0.0009599999999999927,704.1314285714285,-0.0005874057752801587,0.16124287482384703,0.0,-0.0773195876287102,0.0154787616990752,normal,0.9993087977745835,1.0030432913515195,3,0,0,-0.0002927114840473033,0.00022919814604160926,0.001517205621735629,0,0,0
2026-04-21 04:00:00,1.178285,1.17862,1.17796,1.178055,0.0,0.0,3.4728128606380107e-08,2233,0.0,-1.0504802785515457,-0.356060606060527,2026-04-10,EURUSD,4824.09,4824.61,4805.945,4810.280000000001,0.0,0.0,0.0004368311592877,15277.0,0.0,0.0,-0.2677471202785695,2026-04-17,GOLD,0.000660000000000105,18.664999999999964,0.0009349999999999874,703.7289285714285,0.0026746428596282623,-1.3898344897021346,0.0,-0.356060606060527,-0.2677471202785695,normal,0.9991094940654142,1.0028432428291119,4,0,0,-0.0008354254308590159,-0.0004581726547286946,0.0004585928841671638,0,0,0
2026-04-21 05:00:00,1.17806,1.178235,1.17771,1.17794,0.0,0.0,3.214733854910193e-08,1516,0.0,-1.2515483106572034,-0.0619047619049693,2026-04-10,EURUSD,4810.27,4810.485,4802.61,4806.955,0.0,0.0,0.0003731035449845,11001.0,0.0,0.0,0.051746031746064,2026-04-17,GOLD,0.0005249999999998867,7.875,0.0008835714285714122,702.6410714285713,0.0005936094212246612,-1.5673236660047707,0.0,-0.0619047619049693,0.051746031746064,normal,0.9990119624630547,1.0027453467436782,5,0,0,-0.0004115662855080915,-0.0007549858758261196,0.0004119053382083404,0,0,0
2026-04-21 06:00:00,1.177955,1.17797,1.177335,1.1775600000000002,0.0,0.0,3.4445092970609725e-08,1498,0.0,-1.0414447004730196,-0.1456692913383266,2026-04-19,EURUSD,4806.985000000001,4807.77,4792.639999999999,4797.245,0.0,0.0,0.0003598781894632,11186.0,0.0,0.0,-0.1956378056840606,2026-04-19,GOLD,0.0006349999999999412,15.130000000001019,0.000782857142857117,701.8167857142859,0.0016973927093819619,-1.11562431546088,0.0,-0.1456692913383266,-0.1956378056840606,low_vol,0.9986896841248237,1.0024218640265938,6,0,0,-0.0006195418784847861,-0.0009120720155093576,-0.0007213109189498912,0,0,0
2026-04-21 07:00:00,1.177555,1.177665,1.17742,1.17756,0.0,0.0,4.00076898300259e-08,980,0.0,-0.5508088512673524,0.0714285714285714,2026-04-15,EURUSD,4797.385,4797.959999999999,4788.85,4789.285,0.0,0.0,0.0003843400959025,7182.0,0.0,0.0,-0.4522502744237596,2026-04-18,GOLD,0.00024500000000005073,9.109999999998763,0.0007353571428571229,699.9753571428571,0.00165928569418472,-0.27276381227992275,0.0,0.0714285714285714,-0.4522502744237596,low_vol,0.9986896841248236,1.0024218640265936,7,0,0,-0.00042018411704047853,-0.0012552585154025353,-0.0008739256229902681,0,1,1
2026-04-21 08:00:00,1.177565,1.178225,1.177515,1.177825,0.0,0.0,3.6426144973757643e-08,2311,0.0,0.0,-0.0633802816902641,2026-04-21,EURUSD,4789.4,4797.165,4783.325,4784.225,0.0,0.0,0.000475313142251,12324.0,0.0,0.0,-0.4349710982658572,2026-04-21,GOLD,0.0007099999999999884,13.840000000000146,0.0006357142857142632,699.7657142857144,0.0012815667503975892,0.6389412749294694,0.0,-0.0633802816902641,-0.4349710982658572,low_vol,0.9989144308606952,1.0026133108605624,8,0,0,-9.762806254998146e-05,-0.0005091541676389699,-0.00047098559038682986,0,1,1
2026-04-21 09:00:00,1.17782,1.178015,1.17721,1.177465,0.0,0.0,4.512112996095592e-08,3359,0.0,-0.0129401561216183,-0.183229813664568,2026-04-08,EURUSD,4784.205,4790.745,4774.6900000000005,4778.76,0.0,0.0,0.0005064996411722,16743.0,0.0,0.0,-0.2464964185612325,2026-04-21,GOLD,0.0008049999999999446,16.05499999999938,0.0006482142857142659,699.9432142857141,0.0008366476515339061,0.6187773990644803,0.0,-0.183229813664568,-0.2464964185612325,low_vol,0.9986091145402658,1.0017738944001089,9,0,0,-8.067529467725709e-05,-0.0007001671914385055,-0.0004711295224190115,0,1,1
2026-04-21 10:00:00,1.17746,1.177695,1.176345,1.176415,0.0,0.0,4.6331271991073504e-08,4300,0.0,0.1551262197070795,-0.4481481481481359,2026-04-20,EURUSD,4778.345,4792.755,4772.83,4786.12,0.0,0.0,0.0004105720979977,15330.0,0.0,0.0,0.1670012547051592,2026-04-19,GOLD,0.0013499999999999623,19.925000000000182,0.0006817857142856923,700.7771428571426,-0.0024318947418843218,0.8789581829600045,0.0,-0.4481481481481359,0.1670012547051592,low_vol,0.9977186086056798,1.0007571085259779,10,0,0,-0.0009723496042663982,-0.001392125155446955,-0.001849659976497553,0,0,0
2026-04-21 11:00:00,1.17642,1.1767,1.1757,1.176535,0.0,0.0,4.8418801574666516e-08,4519,0.0,0.3690282168685886,0.3350000000000111,2026-04-16,EURUSD,4785.875,4793.094999999999,4774.85,4786.06,0.0,0.0,0.0004240613076513,12756.0,0.0,0.0,0.1144149081940122,2026-04-19,GOLD,0.001000000000000112,18.24499999999898,0.0006742857142856908,701.3778571428569,0.00011454107038577632,1.1769553237178145,0.0,0.3350000000000111,0.1144149081940122,low_vol,0.9978203807124898,1.0008591905744244,11,0,0,-0.0010952391059790845,-0.0011927602424570694,-0.0019468456011468849,0,0,0
2026-04-21 12:00:00,1.17654,1.17654,1.17565,1.175955,0.0,0.0,4.5969366615052974e-08,3311,0.0,0.0,-0.1573033707865785,2026-04-21,EURUSD,4786.05,4789.764999999999,4781.34,4783.8150000000005,0.0,0.0,0.0004050923937168,10090.0,0.0,0.0,-0.2062314540058661,2026-04-18,GOLD,0.0008899999999998354,8.424999999999272,0.0006728571428571099,701.1939285714283,-2.3902417215282412e-05,0.5850202531588838,0.0,-0.1573033707865785,-0.2062314540058661,low_vol,0.9973284821962423,1.0003147369182153,12,0,0,-0.0012824160378439586,-0.0013629878732294154,-0.0022738167456421987,0,0,0
2026-04-21 13:00:00,1.17596,1.176145,1.17566,1.1761,0.0,0.0,3.9043362055740284e-08,2384,0.0,-0.5024666598466712,0.4072164948454528,2026-04-11,EURUSD,4783.96,4790.495,4780.88,4789.84,0.0,0.0,0.000329583877094,8424.0,0.0,0.0,0.4318772750910286,2026-04-18,GOLD,0.0004850000000000687,9.614999999999782,0.0006699999999999802,701.1914285714283,-0.001136151020363796,-0.18869204749070273,0.0,0.4072164948454528,0.4318772750910286,low_vol,0.997451456825304,1.0004380797645427,13,0,1,-0.0002677626517852971,-0.0012398518971432626,-0.002493554077893978,0,0,0
2026-04-21 14:00:00,1.176105,1.176835,1.17562,1.17672,0.0,0.0,4.605953389258795e-08,3606,0.0,0.1917631904050278,0.4053497942387,2026-04-15,EURUSD,4789.85,4798.1,4775.5,4794.73,0.0,0.0,0.0004649025357632,12154.0,0.0,0.0,0.3508849557521794,2026-04-19,GOLD,0.001214999999999966,22.600000000000364,0.0007339285714285422,358.46535714285693,-0.0004937448708230985,0.9104029993601067,0.0,0.4053497942387,0.3508849557521794,low_vol,0.9979772793771549,1.000965476762633,14,0,1,0.0001572413910337911,-0.0009381699318659065,-0.0014468464263740488,0,1,1
2026-04-21 15:00:00,1.176725,1.17683,1.17542,1.17593,0.0,0.0,5.592691028932292e-08,5088,0.0,1.1397394596005062,-0.1382978723402161,2026-04-07,EURUSD,4794.76,4797.0650000000005,4766.54,4778.875,0.0,0.0,0.0005699387201872,18730.0,0.0,0.0,-0.095904995904987,2026-04-20,GOLD,0.0014100000000001334,30.525000000000546,0.0007999999999999753,15.406785714285563,0.002635397869848566,2.115557770034162,0.0,-0.1382978723402161,-0.095904995904987,low_vol,0.9973072796739901,1.000433887461503,15,0,1,-2.1259316895783087e-05,-0.001303648091450782,-0.0020029025112664467,0,0,0
2026-04-21 16:00:00,1.175935,1.17716,1.175795,1.17657,0.0,0.0,4.982873621043731e-08,4827,0.0,0.6612759084952563,0.067765567765602,2026-04-10,EURUSD,4778.82,4794.455,4761.715,4779.17,0.0,0.0,0.0006663882392945,25127.0,0.0,0.0,0.0331398900427624,2026-04-21,GOLD,0.0013650000000000606,32.73999999999978,0.0008414285714285644,16.90285714285697,0.00048252007323501545,1.3367245375046342,0.0,0.067765567765602,0.0331398900427624,low_vol,0.9978500642436424,1.0009783736877031,16,0,1,0.0003996258821528098,0.00013175622548167176,-0.0012605523511213246,0,1,1
2026-04-21 17:00:00,1.176565,1.177605,1.17519,1.175245,0.0,0.0,6.105094453727663e-08,6879,0.0,2.050664773380753,-0.477225672877882,2026-04-10,EURUSD,4779.035,4782.665,4723.790000000001,4739.055,0.0,0.0,0.0008354174418069,26774.0,0.0,0.0,-0.240721868365194,2026-04-19,GOLD,0.002415000000000056,58.87499999999909,0.0009792857142857222,20.116071428571235,0.007267562060717436,2.6201635944642647,0.0,-0.477225672877882,-0.240721868365194,normal,0.9967263305642842,1.0000468009428263,17,0,1,-0.001253484261336535,-0.0010964399699117111,-0.0022878924223643793,0,0,0
2026-04-21 18:00:00,1.17524,1.17598,1.17412,1.175145,0.0,0.0,5.5021082811575135e-08,7619,0.0,1.438765700158288,0.0510752688171815,2026-04-18,EURUSD,4739.57,4757.735,4727.83,4741.635,0.0,0.0,0.0007498596486689,27683.0,0.0,0.0,-0.0383715097809442,2026-04-21,GOLD,0.0018599999999999728,29.904999999999745,0.0010649999999999985,20.91892857142836,-0.000629500976462416,1.7184360775920733,0.0,0.0510752688171815,-0.0383715097809442,normal,0.996641520475276,1.0008729942424965,18,0,1,-0.0006675567423229944,-0.000688801867418376,-0.0020508509120554796,0,1,1
2026-04-21 19:00:00,1.17515,1.175575,1.17515,1.1754,0.0,0.0,7.57363391148768e-08,483,0.0,2.945430200121144,0.088235294117939,2026-04-07,EURUSD,4741.889999999999,4747.129999999999,4708.35,4711.155,0.0,0.0,0.0006001364463322,23237.0,0.0,0.0,-0.4276689014956301,2026-04-20,GOLD,0.00042999999999993044,38.779999999998836,0.0010582142857142873,23.126428571428278,0.006645156936191388,2.650190843786771,0.0,0.088235294117939,-0.4276689014956301,normal,0.9968577862022467,1.0010901781759955,19,1,1,-0.0009944159718502377,-0.0005951874840574023,-0.0018343014368693566,0,1,1
2026-04-21 20:00:00,1.1741549999999998,1.17636,1.17203,1.17429,0.0,0.0,7.641701740286227e-08,9235,0.0,2.979819482016864,0.0219399538106126,2026-04-11,EURUSD,4711.219999999999,4722.27,4697.0,4711.030000000001,0.0,0.0,0.0007049017313596,25412.0,0.0,0.0,0.0552037989711283,2026-04-18,GOLD,0.004330000000000167,25.270000000000437,0.0013221428571428748,23.850714285713952,-0.0009178265953365683,2.2546143009346364,0.0,0.0219399538106126,0.0552037989711283,normal,0.9959163942142559,1.001928278286392,20,0,1,-0.0008125965224272669,-0.0020650622068121294,-0.003001294759408135,0,0,0
2026-04-21 21:00:00,1.17428,1.174725,1.172945,1.17407,0.0,0.0,7.01769889802144e-08,6544,0.0,2.0985349217454674,0.1320224719100955,2026-04-15,EURUSD,4710.959999999999,4714.715,4692.305,4709.325,0.0,0.0,0.0005868070441115,21860.0,0.0,0.0,0.2594823739401891,2026-04-20,GOLD,0.0017800000000001148,22.409999999999854,0.0014317857142857366,24.80071428571403,0.0001745693603455445,1.4280486194992807,0.0,0.1320224719100955,0.2594823739401891,normal,0.9957298120184378,1.001740569780637,21,0,0,-0.0009147807291867149,-0.0015817268034661325,-0.00288331287978838,0,0,0
2026-04-21 22:00:00,1.174085,1.17524,1.1719,1.17256,0.0,0.0,7.736255119682057e-08,10521,0.0,2.263116255747009,-0.302395209580814,2026-04-19,EURUSD,4709.385,4715.23,4668.545,4679.459999999999,0.0,0.0,0.0007707087249386,24825.0,0.0,0.0,-0.2661989932526684,2026-04-17,GOLD,0.0033400000000001207,46.68499999999949,0.001619642857142889,27.14678571428541,0.005055548833012957,1.4122780825453318,0.0,-0.302395209580814,-0.2661989932526684,high_vol,0.9944491796744143,1.0005631879853232,22,0,0,-0.002416198740854192,-0.0034082120060853205,-0.0032769048337533135,0,0,0
2026-04-21 23:00:00,1.17255,1.175345,1.172345,1.1742750000000002,0.0,0.0,9.840078190928727e-08,6865,0.0,2.8942695934876093,0.1433333333333787,2026-04-16,EURUSD,4679.49,4720.3150000000005,4669.01,4720.145,0.0,0.0,0.0007929975970099,17526.0,0.0,0.0,0.496686482798946,2026-04-19,GOLD,0.0030000000000001137,51.30500000000029,0.0017764285714286152,29.664642857142617,-0.00723176754462207,1.667794339584967,0.0,0.1433333333333787,0.496686482798946,high_vol,0.9959036727009047,1.0020266234320336,23,0,0,-1.2773676008381862e-05,-0.0008253598185909983,-0.001920894831007991,0,0,0
2026-04-22 00:00:00,1.1742400000000002,1.175295,1.17343,1.1740400000000002,0.0,0.0,7.850729501196958e-08,776,0.0,1.5644140216139957,-0.172922252010606,2026-04-08,EURUSD,0.0,0.0,0.0,0.0,0.0,0.0,0.0,0.0,0.0,0.0,0.0,0,0,0.0018650000000000055,4720.145,0.0018132142857143327,365.3946428571426,0.9997998765195546,0.6998464438111303,0.0,-0.172922252010606,0.0,high_vol,0.9957043689917355,1.0018260943766535,0,0,0,-2.5552139139684016e-05,-0.0009403094937219247,-0.001628463674205105,0,0,0
2026-04-22 01:00:00,1.174045,1.174375,1.173875,1.173895,0.0,0.0,4.761052020207567e-08,1171,0.0,-0.2397689767514493,-0.4600000000003997,2026-04-13,EURUSD,4721.195,4729.775,4715.725,4719.665,0.0,0.0,0.0006662603873408,8104.0,0.0,0.0,-0.2195729537366687,2026-04-19,GOLD,0.0004999999999999449,4729.775,0.001777500000000035,701.9324999999998,-inf,-0.6118459044484973,0.0,-0.4600000000003997,-0.2195729537366687,high_vol,0.9955813943626735,1.001702363682908,1,0,0,0.0011385344886400972,-0.0012804151778118555,-0.0018748405747810448,0,0,0
2026-04-22 02:00:00,1.1739,1.17442,1.17375,1.174405,0.0,0.0,4.654339170644993e-08,1034,0.0,-0.3490754014996196,0.4776119402986905,2026-04-19,EURUSD,4719.545,4740.7,4718.21,4738.155,0.0,0.0,0.0004309392984327,8558.0,0.0,0.0,0.3868385949310761,2026-04-20,GOLD,0.0006699999999999484,22.48999999999978,0.0017617857142857574,702.9371428571428,-0.003483199812851945,-0.7537947232453515,0.0,0.4776119402986905,0.3868385949310761,high_vol,0.996423783747094,1.0021375543988396,2,0,0,0.00011070660620360329,9.793151606496409e-05,-0.00196733292541984,0,0,0
2026-04-22 03:00:00,1.1744,1.17514,1.174315,1.174385,0.0,0.0,4.333889478706183e-08,3171,0.0,0.0,-0.4151515151513708,2026-04-21,EURUSD,4738.32,4747.575,4738.32,4740.02,0.0,0.0,0.000412691490115,12328.0,0.0,0.0,-0.3163155051323336,2026-04-18,GOLD,0.0008250000000000757,9.420000000000073,0.0017860714285714721,702.9232142857143,-0.0004106430260315541,-0.4961080201216534,0.0,-0.4151515151513708,-0.3163155051323336,high_vol,0.9964068147494528,1.002120488096254,3,0,0,0.0002938571087864883,0.00026829746096912466,-0.0013138537157822983,0,0,0
2026-04-22 04:00:00,1.17438,1.1747,1.1738650000000002,1.174465,0.0,0.0,4.1640051628715037e-08,2517,0.0,-0.6655720795095851,0.2185628742514874,2026-04-17,EURUSD,4740.005,4754.76,4736.12,4752.305,0.0,0.0,0.0004825628639313,16100.0,0.0,0.0,0.3682939914162908,2026-04-19,GOLD,0.0008349999999999191,18.640000000000327,0.0017589285714286116,702.640357142857,-0.0025236404551181035,-1.0263236364391033,0.0,0.2185628742514874,0.3682939914162908,high_vol,0.9968002987519469,1.0021887533065963,4,0,0,0.00048556301883917463,0.001624650337722633,-0.0017890988211494152,0,0,0
2026-04-22 05:00:00,1.17447,1.174845,1.17398,1.174055,0.0,0.0,3.933873465624252e-08,1770,0.0,-0.8404876123237983,-0.4132947976876676,2026-04-08,EURUSD,4752.475,4758.865,4750.365,4755.865,0.0,0.0,0.0003681254119715,10604.0,0.0,0.0,0.1470588235294117,2026-04-22,GOLD,0.0008649999999998936,8.5,0.0017200000000000232,701.0671428571428,-0.0010982052885499805,-1.1955440885891802,0.0,-0.4132947976876676,0.1470588235294117,high_vol,0.9964607778650088,1.0018388941035925,5,0,0,-0.00029802325432870536,-0.0001873496412680975,-0.0010125548289930952,0,0,0
2026-04-22 06:00:00,1.174065,1.17425,1.17377,1.17385,0.0,0.0,3.37604091733484e-08,1591,0.0,-1.182405008038491,-0.3333333333331791,2026-04-13,EURUSD,4755.915,4765.174999999999,4753.145,4758.375,0.0,0.0,0.0003641943936802,9196.0,0.0,0.0,-0.0652535328345744,2026-04-21,GOLD,0.00048000000000003595,12.029999999998836,0.0016567857142857356,699.5878571428568,-0.0007023779112472761,-1.4484064500820422,0.0,-0.3333333333331791,-0.0652535328345744,high_vol,0.9962867873283965,1.0016639645020908,6,0,0,-0.0004555575897171593,-0.00016183434976668742,-0.0011019916691131781,0,0,0
2026-04-22 07:00:00,1.173845,1.174245,1.17384,1.173955,0.0,0.0,3.700692438303562e-08,1203,0.0,-0.966707284387467,-0.2160493827166484,2026-04-08,EURUSD,4758.389999999999,4759.75,4752.395,4754.685,0.0,0.0,0.0003510070464614,6939.0,0.0,0.0,-0.1886471787900489,2026-04-19,GOLD,0.0004049999999999887,7.354999999999563,0.0015132142857143022,695.907857142857,0.0008649240689111437,-1.2481917586940174,0.0,-0.2160493827166484,-0.1886471787900489,normal,0.996375904432515,1.0017535625906648,7,0,0,-0.0004342402711021709,5.1111896720135164e-05,-0.0012293687255401364,1,0,1
2026-04-22 08:00:00,1.17396,1.17627,1.17391,1.175065,0.0,0.0,7.022188068254826e-08,3848,0.0,0.9898666176907124,-0.0105932203389577,2026-04-21,EURUSD,4754.685,4772.18,4752.345,4767.85,0.0,0.0,0.0004720133805984,14115.0,0.0,0.0,0.2816990168893182,2026-04-20,GOLD,0.0023599999999999177,19.835000000000036,0.0015489285714285841,695.1885714285711,-0.0018233262269709005,0.21679324023739316,0.0,-0.0105932203389577,0.2816990168893182,high_vol,0.9974957874050839,1.0027007423841625,8,0,0,0.0008602663418664225,0.000561986708162987,0.0006599732604382069,0,0,0
2026-04-22 09:00:00,1.1750699999999998,1.17551,1.17448,1.174935,0.0,0.0,5.307455914323624e-08,3117,0.0,-0.0862298865409264,-0.0582524271844116,2026-04-17,EURUSD,4767.8150000000005,4767.96,4758.97,4767.75,0.0,0.0,0.0003345641373659,12966.0,0.0,0.0,0.4766407119021088,2026-04-19,GOLD,0.0010300000000000864,8.989999999999782,0.001591785714285738,693.0607142857142,-8.965836360130819e-05,-0.6064891416498184,0.0,-0.0582524271844116,0.4766407119021088,high_vol,0.9976564390610473,1.0025898114173566,9,0,0,0.0009243088980703806,0.00046833023241954486,0.0007367533452009578,0,0,0
2026-04-22 10:00:00,1.17493,1.17564,1.1746,1.175535,0.0,0.0,5.022478134097352e-08,3199,0.0,-0.2739598125323122,0.3990384615384554,2026-04-21,EURUSD,4767.645,4772.38,4759.735000000001,4760.635,0.0,0.0,0.0003819396680211,10947.0,0.0,0.0,-0.4288256227758628,2026-04-20,GOLD,0.0010399999999999299,12.644999999999527,0.0013567857142857212,692.1589285714283,0.0020029847269457113,-0.7307278761561188,0.0,0.3990384615384554,-0.4288256227758628,normal,0.9982421949635064,1.0031018004949228,10,0,0,0.0013458778232555701,0.000911053117802485,0.00253718359828059,0,0,0
2026-04-22 11:00:00,1.17555,1.17591,1.17475,1.175365,0.0,0.0,5.0056756822986494e-08,3513,0.0,0.0,0.0301724137931083,2026-04-22,EURUSD,4760.755,4762.360000000001,4751.889999999999,4757.1,0.0,0.0,0.0003578565348088,11633.0,0.0,0.0,-0.0023877745940433,2026-04-20,GOLD,0.0011600000000000499,10.470000000001164,0.0013125000000000022,691.3060714285714,0.0005979329953414991,-0.5083082634143878,0.0,0.0301724137931083,-0.0023877745940433,normal,0.9980978341634079,1.0029567369229457,11,0,0,0.00025530502567949753,0.001115790997866295,0.0009282323135550996,0,1,1
2026-04-22 12:00:00,1.17537,1.17574,1.174645,1.174755,0.0,0.0,5.200583998211829e-08,2764,0.0,-0.1844270668327387,-0.3995433789954916,2026-04-21,EURUSD,4757.09,4762.549999999999,4752.4,4755.305,0.0,0.0,0.0003683718538306,9603.0,0.0,0.0,-0.2137931034482011,2026-04-22,GOLD,0.0010950000000000681,10.149999999999636,0.0011521428571428555,688.6964285714284,-0.00014165699200541226,-0.6399084442613382,0.0,-0.3995433789954916,-0.2137931034482011,normal,0.9975798336454074,1.0024362146940866,12,0,0,-0.00015319996425344762,0.0007709673297269237,0.0006090082109637684,0,1,1
2026-04-22 13:00:00,1.17476,1.175325,1.17438,1.17516,0.0,0.0,4.510342977784904e-08,2829,0.0,-0.6415661677730418,0.325396825396734,2026-04-21,EURUSD,4755.34,4760.215,4745.915,4759.33,0.0,0.0,0.0003678764911768,9968.0,0.0,0.0,0.4381118881118418,2026-04-19,GOLD,0.0009449999999999736,14.300000000000182,0.0010053571428571312,686.0532142857143,-0.000501670364418727,-0.9763468123660283,0.0,0.325396825396734,0.4381118881118418,normal,0.9979237520221127,1.0027818073214438,13,0,1,-0.00031900368768267295,0.0010264447955841138,0.0010776091558444278,0,1,1
2026-04-22 14:00:00,1.175135,1.175145,1.1732,1.17347,0.0,0.0,4.8745063958082336e-08,3915,0.0,-0.4188487547951923,-0.3611825192802156,2026-04-18,EURUSD,4759.42,4760.835,4747.975,4750.505,0.0,0.0,0.00037288995561,10976.0,0.0,0.0,-0.3032659409020719,2026-04-21,GOLD,0.0019599999999999618,12.859999999999673,0.0010121428571428423,349.8185714285713,0.00041615054869892365,-0.7810491328232103,0.0,-0.3611825192802156,-0.3032659409020719,normal,0.9964886358328982,1.0013397047529653,14,0,1,-0.0016122651261523124,-0.001357371719862277,-0.0007961478365640096,0,1,1
2026-04-22 15:00:00,1.17346,1.17377,1.17248,1.172765,0.0,0.0,5.66768561554243e-08,4060,0.0,0.08499085717063,-0.2790697674417924,2026-04-18,EURUSD,4750.805,4760.209999999999,4743.005,4744.335,0.0,0.0,0.0004566413302646,14149.0,0.0,0.0,-0.4226968904388521,2026-04-22,GOLD,0.0012900000000000134,17.204999999999018,0.0010685714285714187,13.2064285714284,0.000698026989242595,-0.37406453593382877,0.0,-0.2790697674417924,-0.4226968904388521,normal,0.9958899631030779,1.0007381175868248,15,0,1,-0.0016939702320909467,-0.0018469106801652924,-0.0013794454118538635,0,1,1
2026-04-22 16:00:00,1.172755,1.174325,1.172385,1.174075,0.0,0.0,7.102567169934812e-08,6433,0.0,0.9276408509027309,0.3711340206185744,2026-04-08,EURUSD,4744.375,4761.035,4736.45,4753.1,0.0,0.0,0.0005956710966442,24212.0,0.0,0.0,0.1772422208663846,2026-04-22,GOLD,0.0019400000000000528,24.585000000000036,0.0011592857142857119,13.356071428571274,-0.0007304481763092951,0.243492781024009,0.0,0.3711340206185744,0.1772422208663846,normal,0.9970023904450134,1.001855960406178,16,0,1,-0.0009232785322850212,-0.0012419876907110439,-0.00033206608966640516,0,1,1
2026-04-22 17:00:00,1.174105,1.174315,1.17183,1.171855,0.0,0.0,5.943788827974149e-08,5858,0.0,0.2057043197026261,-0.4899396378269855,2026-04-19,EURUSD,4753.075,4757.68,4730.07,4736.094999999999,0.0,0.0,0.0005427869196051,24945.0,0.0,0.0,-0.2817819630568812,2026-04-22,GOLD,0.0024850000000000705,27.610000000000582,0.00127785714285714,14.655357142857026,0.001686814858966379,-0.24131944024747426,0.0,-0.4899396378269855,-0.2817819630568812,normal,0.9961703900166616,1.000021334152565,17,0,1,-0.001376260151516373,-0.0029863063814218327,-0.0018738474773327685,0,0,0
2026-04-22 18:00:00,1.17185,1.172395,1.17124,1.17133,0.0,0.0,5.2099104748366e-08,5319,0.0,-0.2468874217170999,-0.4220779220779745,2026-04-19,EURUSD,4736.105,4740.195,4725.12,4727.799999999999,0.0,0.0,0.000440987898343,20194.0,0.0,0.0,-0.3222222222222309,2026-04-22,GOLD,0.0011550000000000171,15.074999999999818,0.00130071428571429,14.400714285714132,0.0013034352621369427,-0.5349150770979031,0.0,-0.4220779220779745,-0.3222222222222309,normal,0.995724098065218,1.0000768416379222,18,0,1,-0.001223604046846627,-0.0029155015301063347,-0.002146781956808841,0,0,0
2026-04-22 19:00:00,1.17132,1.171565,1.171,1.171275,0.0,0.0,4.8567136008013664e-08,3861,0.0,-0.4763129453487414,-0.013274336283078,2026-04-19,EURUSD,4727.735000000001,4735.1,4723.950000000001,4728.75,0.0,0.0,0.0003975707566522,14798.0,0.0,0.0,-0.0695067264574503,2026-04-20,GOLD,0.0005649999999999267,11.149999999999636,0.0012792857142857209,14.58999999999982,-0.00024789429663862883,-0.6517138480572076,0.0,-0.013274336283078,-0.0695067264574503,normal,0.995677343670305,1.0002348420153715,19,1,1,-0.002384856163362592,-0.00330593280914937,-0.002282881371091783,0,0,0
2026-04-22 20:00:00,1.17127,1.1716950000000002,1.170995,1.17104,0.0,0.0,5.127515124695005e-08,2967,0.0,-0.2491053234256976,-0.435714285714195,2026-04-10,EURUSD,4728.76,4739.65,4728.615,4737.305,0.0,0.0,0.0003638653304948,13495.0,0.0,0.0,0.287494336203047,2026-04-22,GOLD,0.000700000000000145,11.034999999999854,0.0012950000000000145,14.518928571428464,-0.002009782239275837,-0.39751498410258784,0.0,-0.435714285714195,0.287494336203047,normal,0.9955537419129963,1.0000384288575102,20,0,1,-0.0006954785361670268,-0.0020707815282878794,-0.0034253424278656297,0,0,0
2026-04-22 21:00:00,1.171035,1.17129,1.170755,1.17088,0.0,0.0,3.820170723646783e-08,2223,0.0,-1.0140306881383896,-0.266355140186817,2026-04-19,EURUSD,4737.34,4749.5,4729.9,4741.855,0.0,0.0,0.000351143030794,11242.0,0.0,0.0,0.1099489795918217,2026-04-22,GOLD,0.0005349999999999522,19.600000000000364,0.0013042857142857261,15.393571428571379,-0.0010970923843564018,-1.0476627121108983,0.0,-0.266355140186817,0.1099489795918217,normal,0.9954177187210419,1.0001067687090808,21,0,0,-0.00038417866869289163,-0.0016073126329657628,-0.0034512547502628665,0,0,0
2026-04-22 22:00:00,1.170895,1.17111,1.1704949999999998,1.17057,0.0,0.0,3.893733252967472e-08,2382,0.0,0.0,-0.3780487804877784,2026-04-22,EURUSD,4741.865,4745.46,4736.975,4740.255,0.0,0.0,0.0003347892208276,13369.0,0.0,0.0,-0.1134354743665978,2026-04-20,GOLD,0.0006150000000002542,8.484999999999673,0.001179642857142893,14.582857142857067,7.266256231985846e-05,0.05443386292574477,0.0,-0.3780487804877784,-0.1134354743665978,normal,0.9951541737866307,1.0000640754552563,22,0,0,-0.0006019081769865764,-0.0029853288759235097,-0.004223608824917902,0,0,0
2026-04-22 23:00:00,1.170565,1.170775,1.170305,1.17049,0.0,0.0,4.394283587809843e-08,2115,0.0,-0.5369695694018752,-0.106382978723163,2026-04-15,EURUSD,4740.395,4740.535,4739.27,4739.325000000001,0.0,0.0,0.0004422249575252,98.0,0.0,0.0,-0.4565217391301847,2026-04-18,GOLD,0.00046999999999997044,1.264999999999418,0.0011396428571428846,14.031071428571327,0.0001278492038349066,-0.5376645710606887,0.0,-0.106382978723163,-0.4565217391301847,normal,0.9950861621906536,1.0001580784496351,23,0,0,-0.00046966798742997806,-0.0011648198795927156,-0.004147647751974848,0,0,0
2026-04-23 00:00:00,1.17049,1.17089,1.17044,1.170875,0.0,0.0,1.6993049025652437e-08,261,0.0,-2.6892854303474247,0.4666666666666995,2026-04-08,EURUSD,0.0,0.0,0.0,0.0,0.0,0.0,0.0,0.0,0.0,0.0,0.0,0,0,0.00045000000000006146,4739.325000000001,0.001097500000000037,351.6510714285714,1.0003289220753702,-3.2275961501677086,0.0,0.4666666666666995,0.0,normal,0.9954134679962935,1.000487052520497,0,0,0,-4.270292429442435e-06,-0.00038844732056708686,-0.00330281633191587,0,0,0
2026-04-23 01:00:00,1.17087,1.1709,1.170525,1.17063,0.0,0.0,4.6419316508254234e-08,665,0.0,0.0,-0.2199999999999526,2026-04-22,EURUSD,4742.014999999999,4746.705,4725.825,4726.095,0.0,0.0,0.0004713736227524,7131.0,0.0,0.0,-0.4870689655171987,2026-04-20,GOLD,0.0003750000000000142,4746.705,0.0010414285714286059,689.9535714285713,-inf,0.49678405717274604,0.0,-0.2199999999999526,-0.4870689655171987,normal,0.9952051824836136,1.0002777053844938,1,0,0,5.125707988407058e-05,-0.0005506819491579718,-0.003854794240784165,0,0,0
2026-04-23 02:00:00,1.17065,1.17072,1.170465,1.17056,0.0,0.0,2.4739807442020206e-08,695,0.0,-1.7751381781531392,-0.1274509803926093,2026-04-19,EURUSD,4726.14,4729.96,4723.645,4727.925,0.0,0.0,0.0003617060077014,6527.0,0.0,0.0,0.17775138558994,2026-04-21,GOLD,0.0002549999999998942,6.3149999999996,0.0009814285714285934,689.6796428571428,-0.0004470087140102663,-1.7437340700216175,0.0,-0.1274509803926093,0.17775138558994,normal,0.9951456723371336,1.0002178919170646,2,0,0,5.9804013703645964e-05,-0.00040989206175712223,-0.0024798247931349104,0,0,0
2026-04-23 03:00:00,1.170595,1.17136,1.16923,1.171155,0.0,0.0,7.082295864626735e-08,7242,0.0,1.7738287292570296,0.4037558685446464,2026-04-10,EURUSD,4728.0,4753.62,4694.14,4748.205,0.0,0.0,0.0007803539174652,23599.0,0.0,0.0,0.4089609952925352,2026-04-20,GOLD,0.0021299999999999653,59.47999999999956,0.0010660714285714498,692.9067857142857,-0.003781104426286097,2.366666204613355,0.0,0.4037558685446464,0.4089609952925352,normal,0.9956515085822133,1.0016463826620938,3,0,0,0.00023913739724545913,0.00023486608362932593,-0.0013728240525596735,0,1,1
2026-04-23 04:00:00,1.171175,1.171295,1.17077,1.170915,0.0,0.0,4.096040984904987e-08,3523,0.0,-0.4959760001676508,-0.223809523809558,2026-04-13,EURUSD,4747.87,4750.0,4722.65,4723.435,0.0,0.0,0.0005067132150455,20903.0,0.0,0.0,-0.4712979890310843,2026-04-21,GOLD,0.0005249999999998867,27.350000000000364,0.0009635714285714446,693.9417857142855,0.005011782302204004,-0.1776265239849748,0.0,-0.223809523809558,-0.4712979890310843,normal,0.9954474737942819,1.0014411193691575,4,0,0,0.0002434586504700409,0.0002947282093337389,-0.0026914805272235665,0,0,0
2026-04-23 05:00:00,1.17093,1.17105,1.1696,1.169735,0.0,0.0,4.2087112244778434e-08,3092,0.0,-0.4210221440318509,-0.4068965517242139,2026-04-11,EURUSD,4723.455,4724.81,4698.275,4698.95,0.0,0.0,0.0005997564791253,19627.0,0.0,0.0,-0.4745618993781565,2026-04-21,GOLD,0.0014499999999999513,26.535000000000764,0.0009750000000000116,694.6082142857143,0.004175968630916738,-0.11405819051967335,0.0,-0.4068965517242139,-0.4745618993781565,normal,0.9944443027536195,1.0004319081788868,5,0,0,-0.0007047908693276206,-0.0006450290049466734,-0.0018090975419314814,0,0,0
2026-04-23 06:00:00,1.16974,1.170165,1.16949,1.16956,0.0,0.0,4.147591027075928e-08,2991,0.0,-0.5023299337849035,-0.3962962962965667,2026-04-09,EURUSD,4698.975,4708.705,4698.29,4704.015,0.0,0.0,0.0005193796843129,15325.0,0.0,0.0,0.049687950072092,2026-04-21,GOLD,0.0006749999999999812,10.414999999999964,0.0008846428571428636,693.5960714285715,-0.0012275069168137254,-0.24263566121999255,0.0,-0.3962962962965667,0.049687950072092,normal,0.9942955273874196,1.0002822370277875,6,0,0,-0.0013619034201279856,-0.0011230917049216416,-0.001511102763525285,0,0,0
2026-04-23 07:00:00,1.169565,1.170065,1.16952,1.17001,0.0,0.0,4.0126088395713874e-08,1644,0.0,-0.622515998365013,0.3990825688071301,2026-04-16,EURUSD,4704.02,4707.32,4698.875,4704.4400000000005,0.0,0.0,0.0003649388299401,8501.0,0.0,0.0,0.1589698046182002,2026-04-22,GOLD,0.0005450000000000177,8.444999999999709,0.0007460714285714312,692.2271428571429,0.0002944117293588455,-0.4015643941855399,0.0,0.3990825688071301,0.1589698046182002,low_vol,0.9946780926147909,1.0006671057020433,7,0,0,-0.0007728998262042097,-0.0005296293448827649,-0.0010800196367207748,0,0,0
2026-04-23 08:00:00,1.17002,1.170705,1.16996,1.170685,0.0,0.0,4.026461026982327e-08,1808,0.0,0.0,0.4731543624163784,2026-04-23,EURUSD,4704.41,4715.32,4692.6900000000005,4713.549999999999,0.0,0.0,0.0004733969218383,13660.0,0.0,0.0,0.4217852408307336,2026-04-22,GOLD,0.0007449999999999957,22.6299999999992,0.0007167857142857155,692.7667857142854,-0.001359550381604846,0.388659625889203,0.0,0.4731543624163784,0.4217852408307336,low_vol,0.9955566327354984,1.0012444087134267,8,0,0,0.0008121497604158812,0.00010678649535256213,-0.0003031493373412131,0,0,0
2026-04-23 09:00:00,1.170695,1.17091,1.1702,1.17036,0.0,0.0,4.2706318164753335e-08,2906,0.0,-0.3091157876533182,-0.2746478873235582,2026-04-16,EURUSD,4713.5650000000005,4721.055,4708.66,4713.1,0.0,0.0,0.0004312199199326,14562.0,0.0,0.0,-0.1417910447760909,2026-04-22,GOLD,0.0007099999999999884,12.395000000000437,0.0007271428571428627,692.8557142857143,-0.0001821457978843366,0.022750594218031186,0.0,-0.2746478873235582,-0.1417910447760909,low_vol,0.9952802510396205,1.0009664480042422,9,0,0,0.0006840179212697084,-0.0006788170652047842,-0.000444110412680887,0,1,1
2026-04-23 10:00:00,1.170365,1.17119,1.169545,1.17025,0.0,0.0,5.6349448258891234e-08,5314,0.0,0.8099165224114527,-0.0714285714285714,2026-04-16,EURUSD,4713.08,4720.645,4703.280000000001,4719.23,0.0,0.0,0.0004777799012421,14396.0,0.0,0.0,0.4185142528073198,2026-04-22,GOLD,0.0016449999999998965,17.36499999999978,0.000794642857142845,693.3078571428572,-0.0013946183330729722,1.284942780826608,0.0,-0.0714285714285714,0.4185142528073198,low_vol,0.9951867064656309,1.0008723689949797,10,0,0,0.00020512645191073098,-0.0005679319164926255,-0.0002733710927156352,0,1,1
2026-04-23 11:00:00,1.170235,1.17053,1.169645,1.1701549999999998,0.0,0.0,4.6785001261314093e-08,3906,0.0,0.0246586112782385,0.0762711864402973,2026-04-13,EURUSD,4719.219999999999,4724.99,4701.93,4703.42,0.0,0.0,0.0004164477872265,11794.0,0.0,0.0,-0.4353859496964521,2026-04-23,GOLD,0.0008850000000000247,23.05999999999949,0.0008196428571428502,693.5549999999997,0.0032689435602495376,0.35997740071915085,0.0,0.0762711864402973,-0.4353859496964521,low_vol,0.995249800125878,1.0007911189415255,11,0,0,-0.00045272639523030733,0.00035905568355221185,-0.0002862049227247976,0,1,1
2026-04-23 12:00:00,1.17015,1.17023,1.169035,1.16937,0.0,0.0,4.8656582103975335e-08,4042,0.0,0.1932502354775075,-0.2196652719665622,2026-04-18,EURUSD,4703.389999999999,4703.75,4694.780000000001,4697.66,0.0,0.0,0.0004377591142452,11954.0,0.0,0.0,-0.1789297658863534,2026-04-23,GOLD,0.0011950000000000571,8.969999999999345,0.0008610714285714075,693.5896428571426,0.0005537894958175249,0.5363088809665966,0.0,-0.2196652719665622,-0.1789297658863534,normal,0.9949333163167635,1.0002865611380327,12,0,0,-0.0008458935712089,-0.0001624542563014586,-0.0012853635101954808,0,0,0
2026-04-23 13:00:00,1.169365,1.16962,1.16799,1.168225,0.0,0.0,4.68886608568239e-08,4019,0.0,0.0389096913521567,-0.3558282208589066,2026-04-13,EURUSD,4697.465,4701.75,4684.3150000000005,4696.66,0.0,0.0,0.000451141225332,12131.0,0.0,0.0,0.2080585030111675,2026-04-23,GOLD,0.0016300000000000203,17.43499999999949,0.0009439285714285539,694.7446428571428,-0.0007662877779828214,0.32351604297731507,0.0,-0.3558282208589066,0.2080585030111675,normal,0.9941113649804917,1.0002012003527427,13,0,1,-0.001730399487289036,-0.001525627986085576,-0.0020544493136174236,0,0,0
2026-04-23 14:00:00,1.168235,1.16977,1.167905,1.16906,0.0,0.0,5.32640806548224e-08,4836,0.0,0.553961049444863,0.1193029490616695,2026-04-22,EURUSD,4696.75,4720.985,4695.73,4720.719999999999,0.0,0.0,0.0004367893089746,12365.0,0.0,0.0,0.4895070283111946,2026-04-22,GOLD,0.0018650000000000055,25.25500000000011,0.0010449999999999785,358.025357142857,-0.004408029815355929,0.8648579196283359,0.0,0.1193029490616695,0.4895070283111946,normal,0.9955165733506481,1.0009889502998959,14,0,1,-0.0009357734659082295,-0.00138807621179049,-0.0012814379442318558,1,0,1
2026-04-23 15:00:00,1.169095,1.169815,1.16861,1.169195,0.0,0.0,6.882592856635287e-08,7125,0.0,1.7110123633611132,-0.014522821576765,2026-04-14,EURUSD,4720.674999999999,4743.21,4719.674999999999,4740.17,0.0,0.0,0.0006168271513218,19356.0,0.0,0.0,0.3708306777140679,2026-04-22,GOLD,0.0012050000000001226,23.535000000000764,0.0011042857142857005,20.656071428571327,-0.00400465682472162,1.9356324727565775,0.0,-0.014522821576765,0.3708306777140679,normal,0.9956315330083239,1.0011045418933904,15,0,1,-0.00014965323208226966,-0.0009954202125842526,-0.0016735615695616657,1,0,1
2026-04-23 16:00:00,1.1692,1.169675,1.168335,1.169105,0.0,0.0,5.8607485869016174e-08,6382,0.0,1.0090844155753678,0.0746268656717926,2026-04-09,EURUSD,4740.295,4741.34,4724.145,4724.48,0.0,0.0,0.000543304738172,21718.0,0.0,0.0,-0.4805175923234002,2026-04-23,GOLD,0.0013400000000001189,17.19499999999971,0.0011817857142857166,21.433214285714193,0.0032330318298466887,1.1886291635611794,0.0,0.0746268656717926,-0.4805175923234002,normal,0.9955633709864901,1.0010274808310609,16,0,1,0.0007532795480322818,-0.0009784234138003889,-0.0015457996524084194,0,0,0
2026-04-23 17:00:00,1.169115,1.17165,1.16874,1.171075,0.0,0.0,5.33944813644979e-08,6799,0.0,0.6033436461838324,0.3024054982817644,2026-04-19,EURUSD,4724.475,4736.719999999999,4717.139999999999,4733.700000000001,0.0,0.0,0.0005546107102743,22549.0,0.0,0.0,0.3457609805925113,2026-04-21,GOLD,0.00291000000000019,19.579999999999927,0.0012375000000000183,18.583214285714217,-0.0002664878489553324,0.7390264181270709,0.0,0.3024054982817644,0.3457609805925113,normal,0.9988740995995377,1.0027142618620521,17,0,1,0.00172360700049623,0.000786220628891332,0.0011455586094286652,0,1,1
2026-04-23 18:00:00,1.17108,1.17155,1.17008,1.17033,0.0,0.0,5.060801349531168e-08,5705,0.0,0.3709124536100756,-0.3299319727891439,2026-04-22,EURUSD,4733.73,4741.045,4716.625,4720.475,0.0,0.0,0.0004745825425955,18639.0,0.0,0.0,-0.3423423423423279,2026-04-21,GOLD,0.0014700000000000824,24.420000000000073,0.0013050000000000323,18.373928571428483,0.002157630039796854,0.4691155914524605,0.0,-0.3299319727891439,-0.3423423423423279,normal,0.9988350210592346,1.0020763675127686,18,0,1,0.0009707533816003533,0.0008209548731368255,0.0006583672492219694,0,1,1
2026-04-23 19:00:00,1.170345,1.170555,1.169835,1.170215,0.0,0.0,4.444184880201339e-08,3623,0.0,-0.1437459837287802,0.0277777777776492,2026-04-18,EURUSD,4720.515,4737.235000000001,4715.655000000001,4733.1,0.0,0.0,0.0004002176463252,16660.0,0.0,0.0,0.3083873957367826,2026-04-21,GOLD,0.0007200000000000539,21.579999999999927,0.0012528571428571825,18.01999999999985,-0.0027727818669072146,-0.076831485641179,0.0,0.0277777777776492,0.3083873957367826,normal,0.9987368726503056,1.001977900599792,19,1,1,0.0009494442329816,0.0017034389779364556,0.00017521217767368924,0,1,1
2026-04-23 20:00:00,1.170225,1.170275,1.166905,1.169285,0.0,0.0,8.302836035374182e-08,13934,0.0,2.569577865472971,0.2062314540058963,2026-04-19,EURUSD,4733.155000000001,4734.635,4664.32,4709.335,0.0,0.0,0.0009963265937308,30935.0,0.0,0.0,0.1401905710019199,2026-04-21,GOLD,0.003369999999999873,70.31500000000051,0.0014453571428571749,22.298571428571318,0.004226296407540797,2.284563665405596,0.0,0.2062314540058963,0.1401905710019199,normal,0.9979814791106557,1.00203958334226,20,0,1,-0.0015285101295819947,0.00019246232015457387,-0.0011958810440042544,0,0,0
2026-04-23 21:00:00,1.16929,1.17,1.168815,1.1689349999999998,0.0,0.0,6.45137999677865e-08,8245,0.0,1.131155875998309,-0.3987341772152752,2026-04-14,EURUSD,4709.57,4722.295,4699.49,4701.24,0.0,0.0,0.0006555007799866,22827.0,0.0,0.0,-0.4232624424468328,2026-04-21,GOLD,0.0011849999999999916,22.80500000000029,0.0014910714285714585,23.324285714285647,0.0014195981232795196,0.9027991305255334,0.0,-0.3987341772152752,-0.4232624424468328,normal,0.9976827550889769,1.001739644615457,21,0,0,-0.001191971495219546,-0.0002223752239790544,-0.0012175740797705226,0,0,0
2026-04-23 22:00:00,1.168915,1.16903,1.16803,1.16866,0.0,0.0,4.84879793878964e-08,4736,0.0,-0.0318321566737916,0.1299999999999489,2026-04-11,EURUSD,4701.055,4704.54,4689.59,4696.16,0.0,0.0,0.0004845515650378,21710.0,0.0,0.0,-0.0605351170569007,2026-04-23,GOLD,0.001000000000000112,14.949999999999818,0.0015092857142857527,22.775714285714262,0.0008453090992127654,-0.1523303308752855,0.0,0.1299999999999489,-0.0605351170569007,normal,0.9974480433576579,1.0015039784729691,22,0,0,-0.0013288156449883237,-0.0003806330483575593,-0.0013586840418713386,0,0,0
2026-04-23 23:00:00,1.1686649999999998,1.168685,1.16806,1.16833,0.0,0.0,3.6120726681606845e-08,2351,0.0,-0.880013121482038,-0.0679999999999261,2026-04-14,EURUSD,4695.969999999999,4698.225,4686.59,4694.555,0.0,0.0,0.0003731155819979,8987.0,0.0,0.0,0.1845724108293937,2026-04-21,GOLD,0.0006249999999998757,11.635000000000218,0.001503214285714316,22.721428571428532,5.9393908377614046e-05,-0.9004058057315769,0.0,-0.0679999999999261,0.1845724108293937,normal,0.9971663892800752,1.0012211791019834,23,0,0,-0.0008167384341711825,-0.002344000170783289,-0.0015596224431804195,0,0,0
2026-04-24 00:00:00,1.168315,1.1691,1.16788,1.168575,0.0,0.0,1.5307579374565356e-07,1897,0.0,4.037383943341022,0.0696721311476334,2026-04-13,EURUSD,0.0,0.0,0.0,0.0,0.0,0.0,0.0,0.0,0.0,0.0,0.0,0,0,0.0012199999999999989,4694.555,0.0014728571428571805,356.80642857142857,1.000209701026251,2.989745242225506,0.0,0.0696721311476334,0.0,normal,0.9973754960952501,1.0014311362107453,0,0,0,-0.0003079726417636319,-0.0014995770423728016,-0.0006798532543165203,0,0,0
2026-04-24 01:00:00,1.168575,1.16866,1.1685,1.16861,0.0,0.0,3.70417109628694e-08,799,0.0,-0.6826365603686965,0.1875000000010408,2026-04-10,EURUSD,4701.175,4703.245,4690.145,4693.389999999999,0.0,0.0,0.0004732002610215,7008.0,0.0,0.0,-0.2522900763359106,2026-04-23,GOLD,0.00015999999999993797,4703.245,0.00142107142857146,691.1053571428572,-inf,-0.8560598592318951,0.0,0.1875000000010408,-0.2522900763359106,normal,0.997405368497418,1.0014611300834257,1,0,0,-4.2784043263299765e-05,-0.0013715428361456006,0.00032955980226390125,0,0,0
2026-04-24 02:00:00,1.168615,1.168615,1.168195,1.168355,0.0,0.0,2.8812801325228985e-08,900,0.0,-1.0311819587363706,-0.1190476190473169,2026-04-21,EURUSD,4693.245,4700.9,4686.99,4695.525,0.0,0.0,0.0003765923480049,9304.0,0.0,0.0,0.113587347232203,2026-04-22,GOLD,0.0004199999999998649,13.909999999999854,0.0013657142857143034,691.4582142857143,-0.0006731030323017251,-1.2107472547100229,0.0,-0.1190476190473169,0.113587347232203,normal,0.997187726710195,1.001242603296755,2,0,0,2.1398063903221853e-05,-0.000795357846889222,-0.0006030486031511906,0,0,0
2026-04-24 03:00:00,1.16836,1.16885,1.168185,1.168535,0.0,0.0,4.27511431450791e-08,2770,0.0,-0.4168485235638982,0.026315789473359,2026-04-14,EURUSD,4695.46,4707.95,4691.030000000001,4704.6900000000005,0.0,0.0,0.0004910369166891,15140.0,0.0,0.0,0.3073286052010038,2026-04-22,GOLD,0.0006649999999999157,16.919999999999163,0.0012967857142857245,691.4214285714287,-0.00179779565492999,-0.6294460618054747,0.0,0.026315789473359,0.3073286052010038,normal,0.9973413562070584,1.001396857499111,3,0,0,-3.422972423661186e-05,-0.00034219182418160354,-0.0005644909531771214,0,0,0
2026-04-24 04:00:00,1.16853,1.16886,1.168215,1.16885,0.0,0.0,3.922911303896041e-08,2971,0.0,-0.5578319650525675,0.4844961240309063,2026-04-18,EURUSD,4704.705,4711.16,4690.385,4699.58,0.0,0.0,0.0005194966670656,18319.0,0.0,0.0,-0.0574007220216669,2026-04-22,GOLD,0.0006450000000000067,20.774999999999636,0.0012096428571428675,691.1014285714284,0.0013557185089212442,-0.7475326392640274,0.0,0.4844961240309063,-0.0574007220216669,normal,0.9976102078265693,1.0016668023532334,4,0,0,0.00020537219431626674,0.00016257936440022824,-0.00021811556703643653,0,0,0
2026-04-24 05:00:00,1.168855,1.16894,1.16781,1.1679,0.0,0.0,3.472866169356878e-08,2082,0.0,-0.724489966032096,-0.4203539823010562,2026-04-22,EURUSD,4699.59,4700.73,4673.255,4676.935,0.0,0.0,0.000475172546739,15933.0,0.0,0.0,-0.3660600545951228,2026-04-24,GOLD,0.0011300000000000754,27.474999999999454,0.0012042857142857213,691.382857142857,0.0040057510139116514,-0.8726564397032519,0.0,-0.4203539823010562,-0.3660600545951228,normal,0.9967993854820124,1.000852682951911,5,0,0,-0.00038943642985234117,-0.00036804669913481636,-0.0027111841683924442,0,0,0
2026-04-24 06:00:00,1.16789,1.168,1.16729,1.167795,0.0,0.0,3.421545893255673e-08,1861,0.0,-0.7275620957194545,0.2112676056339393,2026-04-09,EURUSD,4676.889999999999,4678.355,4668.83,4672.23,0.0,0.0,0.0004420629806419,10429.0,0.0,0.0,-0.1430446194225967,2026-04-24,GOLD,0.0007099999999999884,9.524999999999636,0.0011592857142857119,690.8349999999999,0.0009160957672175174,-0.861703720626503,0.0,0.2112676056339393,-0.1430446194225967,normal,0.9967097682755087,1.0007627013338702,6,0,0,-0.0006332715750920759,-0.0006674796226172619,-0.002166055727871763,0,0,0
2026-04-24 07:00:00,1.1678,1.168165,1.167655,1.167905,0.0,0.0,3.5722532042461124e-08,1665,0.0,-0.6562808836479677,-0.0098039215686872,2026-04-23,EURUSD,4672.105,4676.915,4657.73,4674.585,0.0,0.0,0.0004652329085368,9227.0,0.0,0.0,0.3785509512639909,2026-04-23,GOLD,0.0005099999999997884,19.1850000000004,0.0009878571428571117,690.8067857142856,-0.00040984735247495685,-0.7992797305593174,0.0,-0.0098039215686872,0.3785509512639909,normal,0.9968036529680364,1.0008569677908654,7,0,0,-0.0008084869743765211,-0.0006032808208041862,-0.001973996231461772,1,0,1
2026-04-24 08:00:00,1.167915,1.168315,1.167655,1.1682,0.0,0.0,3.5202412505421667e-08,1872,0.0,-0.6653716760994538,0.3257575757576395,2026-04-10,EURUSD,4674.625,4687.42,4669.639999999999,4686.360000000001,0.0,0.0,0.0004326868196172,9834.0,0.0,0.0,0.4403824521935066,2026-04-23,GOLD,0.0006599999999998829,17.780000000000655,0.0009299999999999546,690.3324999999999,-0.0022663511463594244,-0.7738176694755741,0.0,0.3257575757576395,0.4403824521935066,normal,0.9970554346434514,1.0011097732891707,8,0,0,0.00025687130747487075,-0.0001326651574222737,-0.0009279174880375551,0,0,0
2026-04-24 09:00:00,1.168205,1.168375,1.167735,1.16785,0.0,0.0,4.2688101647280986e-08,2777,0.0,-0.3654418013194013,-0.3203124999996828,2026-04-09,EURUSD,4686.41,4687.99,4666.91,4672.030000000001,0.0,0.0,0.0003732988086449,14194.0,0.0,0.0,-0.2571157495255779,2026-04-22,GOLD,0.0006399999999999739,21.079999999999927,0.0009242857142856632,690.2967857142856,0.002758204094328476,-0.5203590774492532,0.0,-0.3203124999996828,-0.2571157495255779,normal,0.9967567106217727,1.000809834562368,9,0,0,4.709730731855544e-05,-0.0005862040931594592,-0.0009281953230930728,0,0,0
2026-04-24 10:00:00,1.16783,1.16939,1.16761,1.1691,0.0,0.0,4.4750194022776527e-08,3375,0.0,0.0,0.3370786516855011,2026-04-24,EURUSD,4671.73,4695.34,4671.110000000001,4694.545,0.0,0.0,0.0003415661067303,11612.0,0.0,0.0,0.4671894345852213,2026-04-23,GOLD,0.0017799999999998928,24.229999999999563,0.000810714285714236,687.005,-0.0037487613915039297,-0.18744356453041414,0.0,0.3370786516855011,0.4671894345852213,normal,0.9978235821277684,1.0018810443009498,10,0,0,0.0010231996609313398,0.0002138854429567516,0.000376499580716283,1,0,1
2026-04-24 11:00:00,1.169095,1.16959,1.168395,1.16898,0.0,0.0,5.012937944406128e-08,4728,0.0,-0.0535423807130878,-0.0104602510460021,2026-04-10,EURUSD,4694.629999999999,4697.485000000001,4685.155000000001,4690.915,0.0,0.0,0.0003660260709674,12587.0,0.0,0.0,-0.0328467153285204,2026-04-24,GOLD,0.001194999999999835,12.329999999999927,0.0008114285714285106,686.2567857142856,0.0006705948162597508,-0.2295170271353982,0.0,-0.0104602510460021,-0.0328467153285204,normal,0.9977211624631928,1.001778208166046,11,0,0,0.0006676938880327832,0.0009247367069098456,0.0005563496614824359,1,0,1
2026-04-24 12:00:00,1.16899,1.16909,1.1684,1.16864,0.0,0.0,4.5246756007451934e-08,2812,0.0,-0.2431750545358017,-0.1521739130435412,2026-04-16,EURUSD,4690.969999999999,4696.82,4679.5,4682.185,0.0,0.0,0.0004113032085656,12503.0,0.0,0.0,-0.3449769053118051,2026-04-24,GOLD,0.0006899999999998574,17.31999999999971,0.0007892857142856353,686.4260714285712,0.0015701923135363893,-0.37216128469348503,0.0,-0.1521739130435412,-0.3449769053118051,normal,0.9974309734135619,1.0014868391171516,12,0,0,0.000676456736738329,0.0007235859033476455,5.562330188468856e-05,1,0,1
2026-04-24 13:00:00,1.168635,1.170355,1.16856,1.17032,0.0,0.0,4.3169197810603636e-08,2662,0.0,-0.3195914659630081,0.480501392757656,2026-04-22,EURUSD,4682.18,4686.31,4674.674999999999,4677.84,0.0,0.0,0.0003408865462042,10379.0,0.0,0.0,-0.2279759346797753,2026-04-24,GOLD,0.001794999999999991,11.635000000001128,0.0008728571428570721,686.4260714285714,0.0023655540008511444,-0.42203250284561356,0.0,0.480501392757656,-0.2279759346797753,normal,0.9988648487176204,1.0029265450058058,13,0,1,0.0010435377640920507,0.002067805172509818,0.0014632768845039834,0,0,0
2026-04-24 14:00:00,1.170325,1.171845,1.170275,1.17146,0.0,0.0,7.196554968787948e-08,7981,0.0,0.7884580095238521,0.2547770700636546,2026-04-18,EURUSD,4677.825000000001,4717.52,4677.825000000001,4707.02,0.0,0.0,0.0007105599432191,19644.0,0.0,0.0,0.2354830583196857,2026-04-22,GOLD,0.0015700000000000713,39.69499999999971,0.0008978571428570772,353.9360714285713,-0.005263829219980254,0.4913440677475101,0.0,0.2547770700636546,0.2354830583196857,normal,0.9996714582559979,1.0039034882873925,14,0,1,0.0021215076391383203,0.002790618044855364,0.002657582669650882,0,0,0
2026-04-24 15:00:00,1.171485,1.171745,1.17027,1.170875,0.0,0.0,5.4147636782866297e-08,5310,0.0,0.1118173765509153,-0.0898305084744803,2026-04-19,EURUSD,4707.04,4711.905000000001,4690.48,4700.780000000001,0.0,0.0,0.0004972238792641,16437.0,0.0,0.0,-0.0192532088681182,2026-04-23,GOLD,0.001475000000000115,21.42500000000109,0.0009917857142856615,19.520357142857133,0.0008263026709898202,-0.01574882141605102,0.0,-0.0898305084744803,-0.0192532088681182,normal,0.9991722454761509,1.0034021621297364,15,0,1,0.001912479463307859,0.0025902299096631776,0.0020025074131284626,0,0,0
2026-04-24 16:00:00,1.17088,1.17124,1.16987,1.17068,0.0,0.0,5.2722144528823885e-08,6370,0.0,0.0649853282797165,0.0912408759123519,2026-04-17,EURUSD,4701.0650000000005,4717.55,4689.855,4712.075000000001,0.0,0.0,0.000551121752349,22681.0,0.0,0.0,0.3023108864416365,2026-04-24,GOLD,0.0013700000000000934,27.69500000000062,0.0010596428571428204,20.505000000000045,-0.002569334843954496,-0.022502456253333247,0.0,0.0912408759123519,0.3023108864416365,normal,0.9990058412162017,1.0032350534105174,16,0,1,0.00030760817554176256,0.0013514669403813517,0.0015656414424434217,1,0,1
2026-04-24 17:00:00,1.170665,1.1716950000000002,1.170035,1.170635,0.0,0.0,6.262154828153507e-08,8290,0.0,0.4422679893720905,-0.1385542168675569,2026-04-10,EURUSD,4711.635,4740.4400000000005,4707.02,4726.485,0.0,0.0,0.0006035580187505,25800.0,0.0,0.0,0.0824356672650865,2026-04-24,GOLD,0.0016600000000002169,33.42000000000007,0.0011307142857142707,21.683571428571536,-0.0030965399283007233,0.31355370255771964,0.0,-0.1385542168675569,0.0824356672650865,normal,0.9989674402331367,1.0031964898599286,17,0,1,-0.000704249398186807,0.0014157641704735102,0.002341810086480045,0,0,0
2026-04-24 18:00:00,1.170625,1.17199,1.17006,1.171745,0.0,0.0,6.930005528325779e-08,6852,0.0,0.669476881445842,0.3730569948185682,2026-04-16,EURUSD,4726.52,4733.485,4714.96,4727.285,0.0,0.0,0.0005189960285855,21445.0,0.0,0.0,0.1653171390013527,2026-04-22,GOLD,0.0019299999999999873,18.524999999999636,0.0012224999999999836,21.52285714285725,0.0007789443519106154,0.4994091208599277,0.0,0.3730569948185682,0.1653171390013527,normal,0.999790953847729,1.0041477241077894,18,0,1,0.0007430340557275095,0.0026569345564075864,0.0033824429801463385,0,0,0
2026-04-24 19:00:00,1.17175,1.171975,1.171305,1.171915,0.0,0.0,4.6803991740907164e-08,4505,0.0,-0.2181800960047859,0.4104477611940991,2026-04-13,EURUSD,4726.8,4729.82,4719.165,4726.845,0.0,0.0,0.000402987480144,18789.0,0.0,0.0,0.220788362271236,2026-04-22,GOLD,0.0006699999999999484,10.654999999999745,0.0011896428571428316,20.3214285714287,0.00023815944261651456,-0.27136564390427054,0.0,0.4104477611940991,0.220788362271236,normal,0.9999360062799171,1.0042934086322366,19,1,1,0.0010549424266239615,0.0013628751110807968,0.0034334984437947025,0,0,0
2026-04-24 20:00:00,1.17191,1.172115,1.17121,1.171355,0.0,0.0,4.949209458676148e-08,3943,0.0,-0.0595427388235361,-0.3397790055247819,2026-04-18,EURUSD,4726.85,4730.1,4719.08,4723.47,0.0,0.0,0.0003836665995911,16335.0,0.0,0.0,-0.1016333938293871,2026-04-22,GOLD,0.0009049999999999336,11.020000000000437,0.0012035714285713991,20.42821428571447,0.00023615655554554138,-0.04253280978487544,0.0,-0.3397790055247819,-0.1016333938293871,normal,0.9993515994590974,1.0034824251043013,20,0,1,0.0006150508057591875,-8.963174158749254e-05,0.0027007361753124126,0,0,0
2026-04-24 21:00:00,1.17135,1.171965,1.171115,1.17177,0.0,0.0,4.364510721956978e-08,2881,0.0,-0.2634367705201559,0.2705882352939855,2026-04-17,EURUSD,4723.505,4724.905,4716.865,4722.825,0.0,0.0,0.0002765176661231,11703.0,0.0,0.0,0.2412935323382598,2026-04-23,GOLD,0.0008500000000000174,8.039999999999964,0.0012278571428571297,19.632142857143013,0.000490842697253191,-0.19088943238438763,0.0,0.2705882352939855,0.2412935323382598,normal,0.9997056602807745,1.0038379494384428,21,0,0,2.1335700173708005e-05,0.0007643856090528978,0.00335659545318312,0,0,0
2026-04-24 22:00:00,1.171775,1.1721,1.171535,1.17186,0.0,0.0,3.5338453249321015e-08,3309,0.0,-0.5764244835612355,0.0752212389379661,2026-04-11,EURUSD,4722.845,4726.135,4713.795,4716.780000000001,0.0,0.0,0.0002914209281551,13025.0,0.0,0.0,-0.2581037277147044,2026-04-23,GOLD,0.0005649999999999267,12.340000000000146,0.0012210714285714186,19.24357142857155,0.0013567611465579166,-0.48130597703253264,0.0,0.0752212389379661,-0.2581037277147044,normal,0.9997824445553549,1.0039150511012687,22,0,0,-4.693173139702633e-05,0.0010079611849522774,0.0023607903515523443,0,0,0
2026-04-24 23:00:00,1.171845,1.172335,1.1716950000000002,1.17209,0.0,0.0,5.076562791049353e-08,2170,0.0,0.0252188603852812,0.1171874999997723,2026-04-16,EURUSD,4716.61,4717.465,4705.285,4708.3150000000005,0.0,0.0,0.0003536924651018,8401.0,0.0,0.0,-0.2512315270935482,2026-04-23,GOLD,0.0006399999999997519,12.180000000000291,0.0012210714285714028,18.607857142857288,0.0019909257030665817,0.08599089457693843,0.0,0.1171874999997723,-0.2512315270935482,normal,0.9997910153667682,1.004112088684046,23,0,0,0.0006274784330968508,0.00124291516997177,0.00266043901521007,0,1,1
2026-04-27 00:00:00,1.16934,1.170965,1.16934,1.170855,0.0,0.0,2.6585381578759625e-08,443,0.0,0.0,0.4323076923077266,2026-04-26,EURUSD,0.0,0.0,0.0,0.0,0.0,0.0,0.0,0.0,0.0,0.0,0.0,0,0,0.00275000000000003,4708.3150000000005,0.0012903571428571267,353.18535714285736,0.998946326647271,0.5014221136092362,0.0,0.4323076923077266,0.0,normal,0.9987375622155784,1.0030540825330467,0,0,0,-0.0007808699659489493,-0.0007595509261827393,0.0018953655531217528,0,0,0
2026-04-27 01:00:00,1.170845,1.171245,1.17047,1.170805,0.0,0.0,6.287053841826394e-08,1284,0.0,0.0,-0.067741935483601,2026-04-25,EURUSD,4699.110000000001,4704.67,4680.07,4684.74,0.0,0.0,0.0005895528552465,13038.0,0.0,0.0,-0.3101626016260161,2026-04-22,GOLD,0.0007750000000001922,4704.67,0.0012603571428571522,688.3525000000002,-inf,0.44705861208359476,0.0,-0.067741935483601,-0.3101626016260161,normal,0.9986949122904291,1.0030112482759213,1,0,0,-0.0009002781902273105,-0.0009471676700101295,0.000414416569827214,1,0,1
2026-04-27 02:00:00,1.1708,1.17096,1.170535,1.17056,0.0,0.0,3.784286285888379e-08,762,0.0,0.0,-0.4411764705883582,2026-04-19,EURUSD,4684.514999999999,4685.07,4675.110000000001,4680.025,0.0,0.0,0.0003231117694932,9928.0,0.0,0.0,-0.0065261044177223,2026-04-26,GOLD,0.0004249999999998977,9.959999999999127,0.0012414285714285839,687.8267857142858,0.0007972015369575036,0.3808815744482463,0.0,-0.4411764705883582,-0.0065261044177223,normal,0.9984859276571971,1.0028013604160064,2,0,0,-0.001305360509858522,-0.0006787011623290429,-0.0007682720707492541,1,0,1
2026-04-27 03:00:00,1.170555,1.171715,1.170555,1.171605,0.0,0.0,4.114719998124153e-08,2764,0.0,0.0,0.4051724137930605,2026-04-25,EURUSD,4680.075,4698.13,4672.205,4697.924999999999,0.0,0.0,0.0003772437426488,14793.0,0.0,0.0,0.4920925747347973,2026-04-25,GOLD,0.0011600000000000499,25.925000000000182,0.0011960714285714452,688.8475000000001,-0.002932030792196505,0.3407450101255248,0.0,0.4051724137930605,0.4920925747347973,normal,0.9993773110928191,1.003696596389929,3,0,0,0.0006405575412840037,-0.00014081261681042623,0.0006234653571046689,1,0,1
2026-04-27 04:00:00,1.171615,1.172685,1.171615,1.17244,0.0,0.0,5.35394672386214e-08,4157,0.0,0.0,0.2710280373831097,2026-04-24,EURUSD,4697.975,4709.860000000001,4690.96,4702.84,0.0,0.0,0.0004990009142793,21737.0,0.0,0.0,0.1285714285714402,2026-04-24,GOLD,0.0010799999999999699,18.900000000000546,0.001161071428571438,687.3621428571431,-0.00033350903107565166,0.290164569158803,0.0,0.2710280373831097,0.1285714285714402,normal,0.9997910777403991,1.0044119284839244,4,0,0,0.001396475074841419,0.0004949396685611784,0.00150339973348812,0,0,0
2026-04-27 05:00:00,1.172445,1.172825,1.17196,1.172655,0.0,0.0,3.6537666072057376e-08,1817,0.0,0.0,0.3034682080925857,2026-04-15,EURUSD,4702.85,4723.585,4696.360000000001,4718.1900000000005,0.0,0.0,0.0004127516682719,13401.0,0.0,0.0,0.3018365472911228,2026-04-26,GOLD,0.0008650000000001157,27.224999999999454,0.0011175000000000093,687.7764285714285,-0.003080606912512218,0.22641776578811532,0.0,0.3034682080925857,0.3018365472911228,normal,0.9998550508387867,1.004596115789564,5,0,0,0.0017897416621104334,0.00048204489416336926,0.0017255592050466895,0,0,0
2026-04-27 06:00:00,1.17266,1.173255,1.17264,1.172935,0.0,0.0,3.5721276421600586e-08,1539,0.0,0.0,-0.020325203251623,2026-04-21,EURUSD,4718.125,4729.635,4714.55,4724.27,0.0,0.0,0.0003790727157463,10722.0,0.0,0.0,0.1443486907523882,2026-04-27,GOLD,0.0006150000000000322,15.085000000000036,0.0010635714285714335,686.8757142857143,-0.0010498553448783365,0.1565299392739398,0.0,-0.020325203251623,0.1443486907523882,normal,0.9997272545184126,1.0045605981449286,6,0,0,0.0011351948822342361,0.0017764795811607836,0.0010155793282669023,0,0,0
2026-04-27 07:00:00,1.17293,1.17315,1.172505,1.17267,0.0,0.0,3.4779256585613565e-08,1399,0.0,0.0,-0.2441860465114157,2026-04-10,EURUSD,4724.12,4730.04,4722.745,4725.030000000001,0.0,0.0,0.0003134839397261,6860.0,0.0,0.0,-0.1867717614803644,2026-04-26,GOLD,0.0006450000000000067,7.295000000000073,0.0009910714285714186,685.0096428571429,-0.0003868003881009052,0.08444170442315672,0.0,-0.2441860465114157,-0.1867717614803644,normal,0.9995013871664729,1.004333638800627,7,0,0,0.00019617208556521604,0.0015929211098346663,0.0006442446764485243,1,0,1
2026-04-27 08:00:00,1.172675,1.172805,1.17222,1.17224,0.0,0.0,3.144142876102845e-08,1718,0.0,0.0,-0.465811965811922,2026-04-23,EURUSD,4725.09,4725.545,4708.860000000001,4710.235000000001,0.0,0.0,0.0003531783872151,10920.0,0.0,0.0,-0.4175906502846843,2026-04-27,GOLD,0.0005850000000000577,16.68499999999949,0.000894999999999995,684.8782142857143,0.002764512476082559,-0.00040494391108997614,0.0,-0.465811965811922,-0.4175906502846843,normal,0.9991348854255895,1.003965365147609,8,0,0,-0.00035389777897165686,0.0014352104975394742,0.000755535256177664,1,0,1
2026-04-27 09:00:00,1.172235,1.17297,1.171665,1.17297,0.0,0.0,4.4218107704487186e-08,3165,0.0,0.0,0.4999999999999149,2026-04-14,EURUSD,4710.23,4715.66,4709.355,4712.950000000001,0.0,0.0,0.0003493997546851,12997.0,0.0,0.0,0.0701823949248212,2026-04-24,GOLD,0.0013050000000001116,6.305000000000291,0.0009403571428571496,684.5675,4.633500878692409e-05,-0.05347944670924945,0.0,0.4999999999999149,0.0701823949248212,normal,0.9997570860554612,1.0045905739073835,9,0,0,2.983967568526147e-05,0.0011650684317667803,0.0010240917586217257,1,0,1
2026-04-27 10:00:00,1.17296,1.174505,1.172925,1.1744,0.0,0.0,4.506669945557937e-08,3531,0.0,0.0,0.4335443037975213,2026-04-12,EURUSD,4712.9400000000005,4718.405000000001,4710.135,4713.415,0.0,0.0,0.0003288704077022,12419.0,0.0,0.0,-0.1033857315599066,2026-04-25,GOLD,0.0015799999999999148,8.270000000000437,0.000988571428571434,684.3710714285714,0.0011204631953913857,-0.05347944670924945,0.0,0.4335443037975213,-0.1033857315599066,normal,0.9999106006360128,1.0051395290120209,10,0,0,0.0014752658463166313,0.0016717273378596964,0.002167494410595383,0,0,0
2026-04-27 11:00:00,1.17437,1.17509,1.173925,1.17485,0.0,0.0,4.694269174323233e-08,3879,0.0,0.0,0.2939914163089728,2026-04-16,EURUSD,4713.435,4714.805,4705.475,4706.885,0.0,0.0,0.0003237784028071,12544.0,0.0,0.0,-0.348874598070754,2026-04-24,GOLD,0.0011649999999998606,9.329999999999927,0.0010110714285714226,684.4632142857143,0.0017685817826201822,-0.061328465135009856,0.0,0.2939914163089728,-0.348874598070754,normal,0.999795760324741,1.0055203697363915,11,0,0,0.0022265065174367216,0.0018718207827537192,0.0023547679785680398,0,0,0
2026-04-27 12:00:00,1.174855,1.175095,1.1741,1.17422,0.0,0.0,4.045838365332961e-08,2502,0.0,0.0,-0.379396984924512,2026-04-18,EURUSD,4706.905000000001,4708.264999999999,4699.55,4703.66,0.0,0.0,0.0003248714916834,9383.0,0.0,0.0,-0.0283993115317857,2026-04-24,GOLD,0.0009950000000000792,8.714999999999236,0.0010417857142857193,684.2042857142858,0.000148927847942959,-0.0985253679518069,0.0,-0.379396984924512,-0.0283993115317857,normal,0.9992553793523077,1.0048435681522558,12,0,0,0.0010656709037741852,0.0010955423787337715,0.002873968168560559,0,0,0
2026-04-27 13:00:00,1.174215,1.174785,1.17389,1.1746,0.0,0.0,3.745833396593061e-08,2263,0.0,0.0,0.2932960893855788,2026-04-16,EURUSD,4703.755,4710.889999999999,4699.639999999999,4708.83,0.0,0.0,0.0002783113418961,7057.0,0.0,0.0,0.3168888888889342,2026-04-24,GOLD,0.0008949999999998681,11.25,0.0010600000000000134,684.1378571428571,-0.0007755249874810133,-0.15111730536493645,0.0,0.2932960893855788,0.3168888888889342,normal,0.9995787574621627,1.0044982639779705,13,0,1,0.00017029972752036215,0.001645816811208567,0.003241359577384806,0,0,0
2026-04-27 14:00:00,1.174605,1.1747,1.17379,1.17414,0.0,0.0,4.0260550719166866e-08,2697,0.0,0.0,-0.1153846153846435,2026-04-24,EURUSD,4708.879999999999,4709.200000000001,4700.145,4704.885,0.0,0.0,0.0003167584106041,9618.0,0.0,0.0,0.0234676974047078,2026-04-24,GOLD,0.0009100000000001884,9.055000000000291,0.0009285714285714532,348.4764285714285,0.0004461650506486503,-0.03716959288031362,0.0,-0.1153846153846435,0.0234676974047078,normal,0.9991872997502329,1.0041048796757144,14,0,1,-0.0006043324679746442,0.0016208284992833555,0.0030583652268998396,0,0,0
2026-04-27 15:00:00,1.174145,1.17549,1.17408,1.174445,0.0,0.0,4.461447583094016e-08,4145,0.0,0.0,-0.2411347517730697,2026-04-21,EURUSD,4704.935,4712.719999999999,4696.9,4699.255,0.0,0.0,0.0004006451542884,14441.0,0.0,0.0,-0.3511378002528119,2026-04-24,GOLD,0.0014099999999999113,15.819999999999709,0.000973928571428576,13.558571428571343,0.0014563932041361527,-0.016065220959928347,0.0,-0.2411347517730697,-0.3511378002528119,normal,0.9991110090260232,1.0043657105717754,15,0,1,0.00019161656248400938,0.001257491666453392,0.0024240251620639697,0,1,1
2026-04-27 16:00:00,1.174455,1.175405,1.17357,1.174,0.0,0.0,5.3151212827474035e-08,5449,0.0,0.0,-0.2656675749319825,2026-04-18,EURUSD,4699.24,4703.514999999999,4689.280000000001,4696.29,0.0,0.0,0.0004827572933085,21449.0,0.0,0.0,-0.0075518089216777,2026-04-24,GOLD,0.001835000000000031,14.234999999998763,0.0010746428571428712,13.86392857142846,0.00025204870112316424,-0.00369699682498777,0.0,-0.2656675749319825,-0.0075518089216777,normal,0.9987324434916502,1.003985154018506,16,0,1,-0.0005108121913843799,-0.0003405994550410574,0.0013305584933984704,0,1,1
2026-04-27 17:00:00,1.173985,1.174805,1.173325,1.1736,0.0,0.0,5.3213179461896703e-08,5236,0.0,0.0,-0.3141891891892657,2026-04-17,EURUSD,4696.335,4696.805,4676.685,4678.21,0.0,0.0,0.0004494590311668,24613.0,0.0,0.0,-0.4242047713717453,2026-04-26,GOLD,0.0014800000000001479,20.11999999999989,0.001097500000000021,13.449285714285582,0.0035091319302054114,0.08936389057803737,0.0,-0.3141891891892657,-0.4242047713717453,normal,0.9983921598652478,1.0036430807121965,17,0,1,-0.000459911083857123,-0.0010639656126313346,0.0008058636171763833,0,1,1
2026-04-27 18:00:00,1.173615,1.173685,1.17293,1.17307,0.0,0.0,4.764767323063528e-08,4137,0.0,0.0,-0.3145695364237632,2026-04-21,EURUSD,4678.27,4682.6,4667.29,4670.125,0.0,0.0,0.000449137191941,19375.0,0.0,0.0,-0.3148269105159754,2026-04-23,GOLD,0.0007550000000000612,15.3100000000004,0.0010742857142857418,13.192857142857,0.001276623203084415,0.34353872574813393,0.0,-0.3145695364237632,-0.3148269105159754,normal,0.9979412840602644,1.0031898335813365,18,0,1,-0.0011707657659574267,-0.0009793735415850602,0.00011509589192915115,0,0,0
2026-04-27 19:00:00,1.173075,1.17339,1.17252,1.1726,0.0,0.0,4.5133198029821246e-08,2476,0.0,0.0,-0.4080459770113945,2026-04-17,EURUSD,4670.13,4679.605,4667.41,4676.719999999999,0.0,0.0,0.0003093676189838,15100.0,0.0,0.0,0.2634276342763192,2026-04-27,GOLD,0.0008699999999999264,12.194999999999709,0.0010746428571428712,12.11928571428559,-0.0018128258707731382,0.2856393843885384,0.0,-0.4080459770113945,0.2634276342763192,normal,0.9975414507992413,1.0027878974464228,19,1,1,-0.001192504258943683,-0.0017027073046143038,-5.9692837712232993e-05,0,0,0
2026-04-27 20:00:00,1.172605,1.173,1.172015,1.172315,0.0,0.0,4.771074575053864e-08,2914,0.0,0.0,-0.195431472081256,2026-04-18,EURUSD,4676.79,4686.25,4668.355,4682.275,0.0,0.0,0.00033310121597,16427.0,0.0,0.0,0.2778709136630194,2026-04-23,GOLD,0.0009850000000000136,17.895000000000437,0.0011010714285714413,12.319999999999904,-0.0014308479192718382,0.2659547625598054,0.0,-0.195431472081256,0.2778709136630194,normal,0.9972989987154294,1.0025441702156772,20,0,1,-0.0010949216087252633,-0.0015543291259986214,6.39800723400974e-05,0,0,0
2026-04-27 21:00:00,1.17231,1.172475,1.171885,1.172005,0.0,0.0,3.4569712047439416e-08,1724,0.0,0.0,-0.296610169491653,2026-04-18,EURUSD,4682.25,4685.575,4679.07,4680.76,0.0,0.0,0.0002623847390029,11348.0,0.0,0.0,-0.2401998462720943,2026-04-24,GOLD,0.0005899999999998684,6.505000000000109,0.0010971428571428601,12.263571428571336,5.9126615121640747e-05,0.1946378866316378,0.0,-0.296610169491653,-0.2401998462720943,normal,0.9970352789049673,1.0022790634032872,21,0,0,-0.0009078742104052795,-0.002077577068317349,-0.0008226979377137233,0,0,0
2026-04-27 22:00:00,1.171995,1.172585,1.171925,1.17205,0.0,0.0,3.7438530588885744e-08,1993,0.0,0.0,-0.310606060605691,2026-04-11,EURUSD,4680.715,4682.75,4676.79,4680.870000000001,0.0,0.0,0.0002579427353053,10603.0,0.0,0.0,0.1845637583893216,2026-04-24,GOLD,0.0006599999999998829,5.960000000000036,0.0011024999999999904,11.497499999999945,1.4895283441562768e-05,-0.20412414522845398,0.0,-0.310606060605691,0.1845637583893216,normal,0.9970735608129376,1.0023175466502472,22,0,0,-0.00046904315197005,-0.0016609880749572925,-0.0020010217983651435,0,0,0
2026-04-27 23:00:00,1.172075,1.17232,1.171975,1.172125,0.0,0.0,4.097043855667548e-08,973,0.0,-0.1839362752596138,-0.0652173913044457,2026-04-19,EURUSD,4680.75,4681.935,4677.595,4681.935,0.0,0.0,0.0002072313406267,4575.0,0.0,0.0,0.5000000000001048,2026-04-24,GOLD,0.0003450000000000397,4.3400000000001455,0.0010339285714285567,11.357142857142792,-0.0001635313627497137,-4.6948553403329205,0.0,-0.0652173913044457,0.5000000000001048,normal,0.9971373639928882,1.0023816853951801,23,0,0,-0.0001620724805192486,-0.0012568166325833685,-0.0023194450355363827,0,0,0
2026-04-28 00:00:00,1.172165,1.17253,1.1720549999999998,1.172205,0.0,0.0,3.403843647315765e-08,252,0.0,-1.144920296366901,-0.1842105263157402,2026-04-20,EURUSD,0.0,0.0,0.0,0.0,0.0,0.0,0.0,0.0,0.0,0.0,0.0,0,0,0.00047500000000022524,4681.935,0.0009550000000000074,345.19035714285707,1.0000682521062172,-4.634705571120501,0.0,-0.1842105263157402,0.0,normal,0.9972054207181686,1.0014823105248318,0,0,0,0.00017064773614450246,-0.0007373814009394852,-0.0017160327706904344,0,0,0
2026-04-28 01:00:00,1.1721750000000002,1.172335,1.171925,1.17222,0.0,0.0,4.9832798035834035e-08,1188,0.0,1.1630475136020022,0.2195121951222946,2026-04-18,EURUSD,4683.905,4691.360000000001,4682.555,4688.0,0.0,0.0,0.0004166867731946,6897.0,0.0,0.0,0.1183986371379362,2026-04-25,GOLD,0.0004099999999997994,4691.360000000001,0.0009010714285714316,679.6210714285714,-inf,3.417092622657813,0.0,0.2195121951222946,0.1183986371379362,normal,0.9972181813541587,1.001439512701457,1,0,0,0.0001450450066122766,-0.00032406617772473556,-0.0020262216924911147,0,1,1
2026-04-28 02:00:00,1.172225,1.172315,1.172135,1.172295,0.0,0.0,2.56057643279552e-08,574,0.0,-2.203325143997449,0.3888888888888203,2026-04-18,EURUSD,4687.965,4695.12,4687.32,4692.0,0.0,0.0,0.0002564174499777,5727.0,0.0,0.0,0.1000000000000816,2026-04-24,GOLD,0.000180000000000069,7.800000000000182,0.0008428571428571452,679.5557142857142,-0.0007892611568738328,-3.7310901942631274,0.0,0.3888888888888203,0.1000000000000816,normal,0.9972819845341093,1.0014864743647245,2,0,0,0.00014503572571178402,-1.706026110726011e-05,-0.00157136286984505,0,1,1
2026-04-28 03:00:00,1.1723,1.1727,1.17171,1.171885,0.0,0.0,3.666664351481903e-08,2687,0.0,-0.6597729655566293,-0.3232323232321827,2026-04-20,EURUSD,4692.08,4701.344999999999,4690.6,4690.7,0.0,0.0,0.0003094909009432,12970.0,0.0,0.0,-0.4906933457422556,2026-04-24,GOLD,0.0009900000000000464,10.744999999998981,0.0008496428571428723,679.5196428571427,-7.267397069921078e-05,-0.9279049510127942,0.0,-0.3232323232321827,-0.4906933457422556,normal,0.9969331938170466,1.000230451129424,3,0,0,-0.0002729897927409297,-0.00010238864168654604,-0.00217975298970996,0,0,0
2026-04-28 04:00:00,1.171865,1.17188,1.17123,1.171275,0.0,0.0,3.775830620832839e-08,2397,0.0,-0.4488219929737083,-0.4307692307692938,2026-04-14,EURUSD,4690.62,4691.555,4669.74,4670.895,0.0,0.0,0.0003995515645858,17060.0,0.0,0.0,-0.4470547788218827,2026-04-26,GOLD,0.0006550000000000722,21.81500000000051,0.0008314285714285782,680.4310714285714,0.00370165543068246,-0.5257777227018717,0.0,-0.4307692307692938,-0.4470547788218827,normal,0.9964142612867827,1.0000384211469995,4,0,0,-0.0008061626657112075,-0.0006612345889680515,-0.0023211243611582777,0,0,0
2026-04-28 05:00:00,1.17128,1.171365,1.170795,1.17084,0.0,0.0,3.000417543805635e-08,1755,0.0,-1.460295204075701,-0.4210526315786193,2026-04-14,EURUSD,4670.935,4679.889999999999,4666.385,4669.295,0.0,0.0,0.0003832313099123,12391.0,0.0,0.0,-0.2845242502776729,2026-04-28,GOLD,0.0005699999999999594,13.5049999999992,0.0007714285714285816,680.2657142857141,-2.884338074260473e-05,-1.9723641959060345,0.0,-0.4210526315786193,-0.2845242502776729,normal,0.9960442028430698,1.000038435422085,5,0,0,-0.0012411551699870182,-0.001096299456116001,-0.002351738241308632,0,0,0
2026-04-28 06:00:00,1.17084,1.171795,1.17081,1.171325,0.0,0.0,4.55018502244789e-08,2343,0.0,0.6179525093929559,0.0228426395939452,2026-04-18,EURUSD,4669.325,4675.94,4668.52,4671.115,0.0,0.0,0.0003284110034043,7418.0,0.0,0.0,-0.1502695417789632,2026-04-27,GOLD,0.0009850000000000136,7.419999999999163,0.0007107142857142947,679.7789285714287,2.4452046754497303e-05,1.2146963407020182,0.0,0.0228426395939452,-0.1502695417789632,low_vol,0.9964567967400829,1.000452683860112,6,0,0,-0.0004778625889060306,-0.0007507219300377788,-0.0014875497625888023,0,1,1
2026-04-28 07:00:00,1.17133,1.171635,1.171175,1.17125,0.0,0.0,3.1113363455438494e-08,1353,0.0,-1.3134498635513392,-0.3369565217388314,2026-04-14,EURUSD,4671.1,4671.355,4666.63,4667.73,0.0,0.0,0.0002900292741335,6254.0,0.0,0.0,-0.267195767195952,2026-04-27,GOLD,0.00045999999999990493,4.724999999999454,0.0006378571428571345,678.6792857142856,0.0006606363290734274,-1.552374470320553,0.0,-0.3369565217388314,-0.267195767195952,low_vol,0.9963929935601323,1.0003886248233038,7,0,0,-2.1344261595390712e-05,-0.0008274897203597309,-0.0011512877366537388,0,1,1
2026-04-28 08:00:00,1.171255,1.17134,1.170535,1.170605,0.0,0.0,3.4614445837202066e-08,2212,0.0,-0.8773306207119871,-0.4130434782607076,2026-04-11,EURUSD,4667.77,4668.08,4624.0,4632.37,0.0,0.0,0.0006653835588763,16973.0,0.0,0.0,-0.3101179673321256,2026-04-27,GOLD,0.0008049999999999446,44.07999999999993,0.0006414285714285547,680.7342857142856,0.0070247230410190875,-0.8596365758586879,0.0,-0.4130434782607076,-0.3101179673321256,low_vol,0.9958442862125582,1.0000598017146005,8,0,0,-0.00020071060093629356,-0.0014416166579233058,-0.0014586523246739036,0,0,0
2026-04-28 09:00:00,1.17058,1.17081,1.168715,1.168765,0.0,0.0,4.7532068759305434e-08,4455,0.0,0.8673399723792592,-0.4761336515513148,2026-04-21,EURUSD,4632.37,4643.08,4623.41,4629.1,0.0,0.0,0.000495250077213,17296.0,0.0,0.0,-0.2107269954244795,2026-04-26,GOLD,0.002094999999999958,19.670000000000073,0.0007289285714285569,681.2682142857141,-0.0008659346228599984,1.4881723154348152,0.0,-0.4761336515513148,-0.2107269954244795,normal,0.9942789815311063,1.0000427820298363,9,0,0,-0.002185559089065703,-0.0026623772810472346,-0.002764493325540296,0,0,0
2026-04-28 10:00:00,1.168725,1.170075,1.168605,1.16966,0.0,0.0,5.094329157365128e-08,4885,0.0,1.2575659854568384,0.2176870748298353,2026-04-13,EURUSD,4629.094999999999,4639.41,4620.73,4633.265,0.0,0.0,0.0004840738867032,14547.0,0.0,0.0,0.1710385438972467,2026-04-25,GOLD,0.0014700000000000824,18.68000000000029,0.000763571428571419,681.3242857142856,-0.0001339773575292913,1.7997715659490738,0.0,0.2176870748298353,0.1710385438972467,normal,0.995040366145182,1.0009027858001636,10,0,0,-0.0013575240128068655,-0.0013788392990545795,-0.0020391621517854563,0,0,0
2026-04-28 11:00:00,1.16967,1.170775,1.169495,1.170215,0.0,0.0,5.08273063395476e-08,4543,0.0,1.1953717710729477,0.062500000000065,2026-04-12,EURUSD,4633.185,4635.455,4614.965,4629.73,0.0,0.0,0.0004880099064887,16941.0,0.0,0.0,0.2205954123962701,2026-04-27,GOLD,0.0012799999999999478,20.48999999999978,0.0008128571428571389,682.3232142857141,0.0012374577549248977,1.5665462792455742,0.0,0.062500000000065,0.2205954123962701,normal,0.9955125096768157,1.0013777110315292,11,0,0,-0.0003331610577435029,-0.0005338047897236464,-0.0016295190359391087,0,1,1
2026-04-28 12:00:00,1.17021,1.170215,1.16863,1.169225,0.0,0.0,4.971960183915397e-08,3790,0.0,0.981320600454036,-0.1246056782334884,2026-04-22,EURUSD,4629.695,4630.085,4604.695,4604.9,0.0,0.0,0.00043160124693,16318.0,0.0,0.0,-0.4919259551004183,2026-04-24,GOLD,0.0015849999999999476,25.390000000000327,0.0008789285714285722,683.7110714285715,0.004517165341698215,1.2228693520994884,0.0,-0.1246056782334884,-0.4919259551004183,normal,0.9946703077014692,1.0005305471053094,12,0,0,0.0003935778364341225,-0.001792841440249271,-0.002542217444900796,0,0,0
2026-04-28 13:00:00,1.169225,1.16958,1.169045,1.169325,0.0,0.0,4.125419892980567e-08,3358,0.0,-0.1058346412703781,0.023364485980841,2026-04-17,EURUSD,4604.49,4616.59,4603.37,4603.375,0.0,0.0,0.0003517326821409,13394.0,0.0,0.0,-0.4996217851739362,2026-04-24,GOLD,0.0005350000000001742,13.220000000000255,0.0008925000000000104,684.3453571428571,0.0004166957099781543,-0.010680644183949905,0.0,0.023364485980841,-0.4996217851739362,normal,0.9947553786080698,1.000616119219069,13,0,1,-0.0002864080160046578,-0.0016435432230522684,-0.0024696729282900343,0,0,0
2026-04-28 14:00:00,1.169315,1.169945,1.16821,1.168295,0.0,0.0,4.828738067331987e-08,5360,0.0,0.7357198303413969,-0.4510086455330774,2026-04-11,EURUSD,4602.435,4608.855,4555.5650000000005,4562.83,0.0,0.0,0.0006273129484693,20785.0,0.0,0.0,-0.3636704822668503,2026-04-26,GOLD,0.001735000000000042,53.289999999999054,0.0009824999999999973,353.727857142857,0.007926818223784271,0.8968137144488112,0.0,-0.4510086455330774,-0.3636704822668503,normal,0.9938791482700833,1.0000727608905935,14,0,1,-0.001640724140435701,-0.0019733385727891406,-0.0034121104329541962,1,0,1
2026-04-28 15:00:00,1.168305,1.169995,1.16774,1.16969,0.0,0.0,6.001499343353278e-08,6306,0.0,1.9398094530313543,0.364745011086334,2026-04-20,EURUSD,4562.985,4600.175,4554.98,4593.875,0.0,0.0,0.0006608199484908,22884.0,0.0,0.0,0.3606040491204859,2026-04-25,GOLD,0.002254999999999896,45.19500000000062,0.0011142857142857185,21.858928571428415,-0.005609843708333173,1.957688044884364,0.0,0.364745011086334,0.3606040491204859,normal,0.9951378461041087,1.0016698922705396,15,0,1,0.00039769933075328723,0.000791433692829413,-0.001873050683301014,1,0,1
2026-04-28 16:00:00,1.1697,1.17038,1.168855,1.16974,0.0,0.0,6.236615859289239e-08,6881,0.0,2.016895393847823,0.0803278688524757,2026-04-14,EURUSD,4593.835,4594.745,4570.935,4580.555,0.0,0.0,0.0007225697891616,27149.0,0.0,0.0,-0.0959680806383795,2026-04-27,GOLD,0.0015249999999999986,23.80999999999949,0.001210357142857142,23.002499999999795,0.0029422593071194436,1.801336539496112,0.0,0.0803278688524757,-0.0959680806383795,normal,0.9956886462008587,1.0017127100210663,16,0,1,0.0003549056079361623,6.839594412055838e-05,-0.0013105376619496623,1,0,1
2026-04-28 17:00:00,1.16972,1.17033,1.16905,1.170085,0.0,0.0,5.719937901063001e-08,7945,0.0,0.0,0.308593749999899,2026-04-28,EURUSD,4580.535,4580.73,4557.425,4574.63,0.0,0.0,0.0006815590516847,29257.0,0.0,0.0,0.2382535936494674,2026-04-27,GOLD,0.0012800000000001699,23.30499999999938,0.0012310714285714366,23.89964285714268,0.0015884487123071223,-0.09303832396396529,0.0,0.308593749999899,0.2382535936494674,normal,0.99693273748919,1.0020081524997002,17,0,1,0.0015321472744469489,-0.00011109069700865337,-0.0006448361859862084,1,0,1
2026-04-28 18:00:00,1.170085,1.171575,1.170085,1.171365,0.0,0.0,5.213804303211939e-08,5785,0.0,0.8578301400949233,0.3590604026845337,2026-04-14,EURUSD,4574.635,4586.575000000001,4567.135,4586.54,0.0,0.0,0.0005174473049113,25607.0,0.0,0.0,0.498199588477327,2026-04-27,GOLD,0.0014899999999999913,19.44000000000051,0.0012907142857142878,23.729999999999823,-0.0015095516240224427,0.6722436885261952,0.0,0.3590604026845337,0.498199588477327,normal,0.9982742310740675,1.0031042869131828,18,0,1,0.0014320033513153252,0.0018302721888430185,3.414936076673314e-05,0,0,0
2026-04-28 19:00:00,1.171395,1.1716950000000002,1.170545,1.17105,0.0,0.0,4.4889317709657125e-08,3516,0.0,0.1129794860072702,-0.060869565217586,2026-04-20,EURUSD,4586.62,4594.98,4577.935,4592.355,0.0,0.0,0.0004537895064795,19842.0,0.0,0.0,0.3459958932238199,2026-04-27,GOLD,0.0011500000000002064,17.044999999999163,0.001332142857142877,23.982857142856965,-0.0015367572782808425,-0.024671729622523123,0.0,-0.060869565217586,0.3459958932238199,high_vol,0.9983375959079283,1.0028345350848646,19,1,1,0.0011199069878775614,0.0014752100570842863,-0.00017075773746000333,0,0,0
2026-04-28 20:00:00,1.171045,1.1717650000000002,1.17065,1.171365,0.0,0.0,4.1912169500704564e-08,2909,0.0,-0.1690686034746489,0.1412556053811699,2026-04-19,EURUSD,4592.32,4601.55,4587.37,4594.765,0.0,0.0,0.0003981735104697,18223.0,0.0,0.0,0.0215091678420511,2026-04-26,GOLD,0.0011150000000001992,14.180000000000291,0.0013414285714286045,24.46571428571419,-0.00025579584517143594,-0.28005343598861693,0.0,0.1412556053811699,0.0215091678420511,high_vol,0.9988616014325914,1.0031042869131828,20,0,1,0.0010939376199163853,0.0026277609679061786,0.0006492369330390879,0,0,0
2026-04-28 21:00:00,1.1713749999999998,1.171605,1.171125,1.17116,0.0,0.0,4.334178802665392e-08,2561,0.0,-0.0604028047095281,-0.4270833333333237,2026-04-22,EURUSD,4594.8150000000005,4600.735,4592.2,4594.375,0.0,0.0,0.0003097932055702,15274.0,0.0,0.0,-0.2451669595781817,2026-04-28,GOLD,0.00048000000000003595,8.534999999999854,0.0013428571428571853,24.737857142857074,-9.013029254534288e-05,-0.17672530884172746,0.0,-0.4270833333333237,-0.2451669595781817,high_vol,0.9986867911656859,1.0029287341360233,21,0,0,-0.0001750094974666272,0.0012567432396619616,0.0020491715614343597,0,0,0
2026-04-28 22:00:00,1.171165,1.17152,1.170695,1.170975,0.0,0.0,3.605361362205648e-08,1956,0.0,-0.8178531919899233,-0.1606060606061992,2026-04-23,EURUSD,4594.35,4599.995,4593.41,4595.745,0.0,0.0,0.0002862679316939,14427.0,0.0,0.0,-0.1454062262717572,2026-04-27,GOLD,0.0008249999999998536,6.585000000000036,0.0013442857142857503,22.059642857142794,-0.0004561537675366045,-0.8350783028619958,0.0,-0.1606060606061992,-0.1454062262717572,high_vol,0.9985290355589665,1.0027703084590749,22,0,0,-6.404508774160433e-05,0.0010557901755947618,0.0011242583314809984,0,0,0
2026-04-28 23:00:00,1.170955,1.171505,1.170945,1.1712,0.0,0.0,4.4553379977398505e-08,1234,0.0,0.0573722745873582,-0.044642857143158,2026-04-20,EURUSD,4595.735,4598.84,4591.25,4597.1900000000005,0.0,0.0,0.0002577690166982,6995.0,0.0,0.0,0.282608695652226,2026-04-27,GOLD,0.000560000000000116,7.5900000000001455,0.0012346428571429044,21.196785714285657,-0.0001222737051285172,-0.04443516878513919,0.0,-0.044642857143158,0.282608695652226,normal,0.9987209004860578,1.0029629883364448,23,0,0,-0.00014086130283896825,0.0009529222235991064,0.0008417256657964334,0,0,0
2026-04-29 00:00:00,1.171165,1.1716,1.170905,1.171335,0.0,0.0,3.435552816725715e-08,131,0.0,-1.016390593732108,0.1187050359711828,2026-04-20,EURUSD,0.0,0.0,0.0,0.0,0.0,0.0,0.0,0.0,0.0,0.0,0.0,0,0,0.0006949999999998902,4597.1900000000005,0.0011792857142857477,348.23321428571427,1.0001152663934427,-1.0378917641163394,0.0,0.1187050359711828,0.0,normal,0.9988360194423126,1.0030785962628668,0,0,0,0.0001494245022028995,-2.5611145970660942e-05,0.0018046141675041039,0,0,0
2026-04-29 01:00:00,1.171295,1.171815,1.171295,1.1715749999999998,0.0,0.0,6.678266423177235e-08,1135,0.0,0.0,0.0384615384609308,2026-04-28,EURUSD,4598.105,4600.0650000000005,4592.48,4594.17,0.0,0.0,0.0004305306589552,4792.0,0.0,0.0,-0.2771918259722744,2026-04-25,GOLD,0.000520000000000076,4600.0650000000005,0.0011250000000000426,675.3457142857143,-inf,-0.05908110521377626,0.0,0.0384615384609308,-0.2771918259722744,normal,0.9990406753645431,1.0032841214653945,1,0,0,0.0005123935182218542,0.00044831561419234056,0.0019241870309791853,0,0,0
2026-04-29 02:00:00,1.17159,1.171765,1.17153,1.171765,0.0,0.0,3.2010527003448264e-08,477,0.0,-1.2853875649696809,0.5,2026-04-20,EURUSD,4594.235000000001,4596.21,4588.085,4595.71,0.0,0.0,0.0002843555368047,6900.0,0.0,0.0,0.4384615384615384,2026-04-25,GOLD,0.00023499999999998522,8.125,0.001028571428571474,674.1125000000001,-0.00017303259760503842,-1.3971856329221102,0.0,0.5,0.4384615384615384,normal,0.9992026946363093,1.003446828917396,2,0,0,0.0004824112021857285,0.0003414819462763674,0.002970140247112063,0,0,0
2026-04-29 03:00:00,1.17176,1.17206,1.17146,1.171565,0.0,0.0,3.4459724885015735e-08,1737,0.0,-1.024790353629533,-0.3249999999998242,2026-04-26,EURUSD,4595.755,4610.495,4595.005,4600.345,0.0,0.0,0.0004389891981061,11791.0,0.0,0.0,-0.1552614590057959,2026-04-25,GOLD,0.000600000000000156,15.489999999999782,0.0010332142857143298,674.2746428571428,-0.0011792319655599126,-1.102736942538406,0.0,-0.3249999999998242,-0.1552614590057959,normal,0.9995776666723546,1.0032755579152894,3,0,0,0.0001963571480403381,0.00034581099081254507,0.0016029888260993275,0,0,0
2026-04-29 04:00:00,1.17157,1.17162,1.1707,1.171205,0.0,0.0,4.3777391832166795e-08,3600,0.0,-0.1364002093317932,0.0489130434783382,2026-04-18,EURUSD,4600.35,4600.545,4575.8150000000005,4584.975,0.0,0.0,0.0005833348141516,20215.0,0.0,0.0,-0.129599676506267,2026-04-24,GOLD,0.0009200000000000319,24.729999999999563,0.0009750000000000433,672.2346428571428,0.0030337724826506873,-0.23481152028099245,0.0,0.0489130434783382,-0.129599676506267,normal,0.9992705151613398,1.0029672701114976,4,0,0,-0.0003158141817636295,0.00019641751531840335,0.0012524150665960132,0,0,0
2026-04-29 05:00:00,1.17124,1.171675,1.17072,1.17075,0.0,0.0,3.547471504095859e-08,2049,0.0,0.0,-0.4685863874344667,2026-04-29,EURUSD,4585.02,4604.31,4585.01,4593.875,0.0,0.0,0.0004387348757911,14065.0,0.0,0.0,-0.0406735751295276,2026-04-29,GOLD,0.0009550000000000392,19.335000000000036,0.0008821428571429106,670.3874999999999,-0.0023296116855371363,-0.16884651254642416,0.0,-0.4685863874344667,-0.0406735751295276,normal,0.9988823097793627,1.0025776285817047,5,0,0,-0.0008662146420144179,-0.00038422131147541894,0.0005683347790972348,0,0,0
2026-04-29 06:00:00,1.170755,1.17107,1.17051,1.170595,0.0,0.0,3.0682554035978764e-08,1324,0.0,-1.3764280575882772,-0.3482142857141158,2026-04-20,EURUSD,4593.879999999999,4603.344999999999,4592.23,4595.635,0.0,0.0,0.0003686814671143,8231.0,0.0,0.0,-0.1936572199729445,2026-04-27,GOLD,0.000560000000000116,11.114999999999782,0.0008132142857143476,669.4807142857143,-0.0005155125913793857,-1.4670025100933903,0.0,-0.3482142857141158,-0.1936572199729445,normal,0.9987500639898981,1.0024448935550723,6,0,0,-0.0008279523543294198,-0.0006317577806519425,-0.0006573527465819629,0,0,0
2026-04-29 07:00:00,1.170595,1.170775,1.170445,1.17056,0.0,0.0,2.9731922720737337e-08,859,0.0,-1.451857387461761,-0.1515151515148252,2026-04-15,EURUSD,4595.805,4605.745,4595.475,4604.875,0.0,0.0,0.0003222653948175,6756.0,0.0,0.0,0.4152872444011309,2026-04-28,GOLD,0.00032999999999994145,10.269999999999527,0.0007453571428571884,668.5496428571429,-0.0020405028648008416,-1.5237817688012065,0.0,-0.1515151515148252,0.4152872444011309,normal,0.9987202020374383,1.0024149211297035,7,0,0,-0.0005507148620438329,-0.0008663551202439113,-0.00041842790657942164,0,0,0
2026-04-29 08:00:00,1.17054,1.17058,1.169805,1.17007,0.0,0.0,4.044095166509971e-08,1645,0.0,0.0,-0.158064516129071,2026-04-29,EURUSD,4604.844999999999,4607.79,4590.755,4591.165,0.0,0.0,0.000398191834462,8451.0,0.0,0.0,-0.4759319049016813,2026-04-27,GOLD,0.0007749999999999702,17.034999999999854,0.0006942857142857584,668.3778571428571,0.0025586764517765426,-0.10971837769417868,0.0,-0.158064516129071,-0.4759319049016813,low_vol,0.9983021347030014,1.0019953071745422,8,0,0,-0.0005808242579543599,-0.0014465357814920088,-0.0011055478010697506,0,0,0
2026-04-29 09:00:00,1.170045,1.170415,1.169645,1.16999,0.0,0.0,4.3973286027238414e-08,2760,0.0,-0.0816077871308347,-0.0519480519481081,2026-04-13,EURUSD,4591.0,4598.795,4580.95,4584.665,0.0,0.0,0.000423592596046,15018.0,0.0,0.0,-0.2918184365368144,2026-04-26,GOLD,0.0007699999999999374,17.845000000000255,0.000667142857142882,668.4350000000001,0.0013473906881581454,-0.15473852315558015,0.0,-0.0519480519481081,-0.2918184365368144,low_vol,0.9982338788116649,1.0019267987736997,9,0,0,-0.0005168311841413642,-0.0013443556268750712,-0.0009990095290138834,0,0,0
2026-04-29 10:00:00,1.169925,1.17082,1.16981,1.17054,0.0,0.0,4.4764932772417017e-08,3751,0.0,0.022258890029112,0.2227722772276531,2026-04-25,EURUSD,4584.57,4588.96,4567.455,4568.035,0.0,0.0,0.0004538700206838,16357.0,0.0,0.0,-0.4730295280167649,2026-04-25,GOLD,0.0010099999999999554,21.50500000000011,0.0006596428571428646,668.9582142857142,0.004097399225951204,0.006288089376508104,0.0,0.2227722772276531,-0.4730295280167649,low_vol,0.9987031380646041,1.0023977940294928,10,0,0,-1.7085839256525404e-05,-0.0005677912918746753,-0.0003714853007110719,0,0,0
2026-04-29 11:00:00,1.170535,1.170585,1.16937,1.170015,0.0,0.0,4.9456169401653694e-08,4183,0.0,0.4971677562695091,0.0308641975309758,2026-04-25,EURUSD,4568.01,4576.83,4557.33,4573.25,0.0,0.0,0.0004365144283485,16668.0,0.0,0.0,0.3164102564102601,2026-04-26,GOLD,0.001214999999999966,19.5,0.0007121428571428596,669.7414285714286,-0.0015901396746202945,0.5638530438048899,0.0,0.0308641975309758,0.3164102564102601,normal,0.9982552087777076,1.001948207648963,11,0,0,-4.70057346995123e-05,-0.0006278026905829348,-0.0010117827868851847,0,0,0
2026-04-29 12:00:00,1.17001,1.17045,1.169605,1.169755,0.0,0.0,4.24881367213995e-08,3104,0.0,-0.1704522495593457,-0.3224852071007394,2026-04-24,EURUSD,4573.285,4580.95,4551.745,4555.845,0.0,0.0,0.0004209913488714,15870.0,0.0,0.0,-0.3596130799520502,2026-04-27,GOLD,0.0008449999999999847,29.204999999999927,0.0007135714285714404,671.3571428571429,0.003583607992403093,-0.12481761085811426,0.0,-0.3224852071007394,-0.3596130799520502,normal,0.9980333771308636,1.0017255553462243,12,0,0,-0.00020085641757616735,-0.000717583792857468,-0.0013488882343649644,0,0,0
2026-04-29 13:00:00,1.16975,1.170925,1.16964,1.17092,0.0,0.0,3.761094824016677e-08,2474,0.0,-0.6408594236693591,0.4961089494164032,2026-04-24,EURUSD,4555.755,4576.625,4555.145,4569.945,0.0,0.0,0.0003548278505964,12185.0,0.0,0.0,0.1890130353817306,2026-04-25,GOLD,0.0012849999999999806,21.479999999999563,0.000765357142857145,672.3492857142857,-0.00209899026400584,-0.628697739372658,0.0,0.4961089494164032,0.1890130353817306,normal,0.9990273535484531,1.0027232089334954,13,0,1,0.0003246364925590939,0.00030754510661545886,-0.0005590764569062268,0,1,1
2026-04-29 14:00:00,1.170925,1.170975,1.169985,1.17009,0.0,0.0,4.4995755184776624e-08,3086,0.0,0.1103750663226644,-0.3939393939393532,2026-04-21,EURUSD,4569.935,4572.040000000001,4559.280000000001,4561.82,0.0,0.0,0.0003896766376066,12482.0,0.0,0.0,-0.3009404388715508,2026-04-27,GOLD,0.0009900000000000464,12.760000000000218,0.0007864285714285847,344.88999999999993,0.001069076413303116,0.2518143532813171,0.0,-0.3939393939393532,-0.3009404388715508,normal,0.9983191986758357,1.002012434274753,14,0,1,6.410174228532739e-05,1.7092994436307407e-05,-0.001429467512683802,0,0,0
2026-04-29 15:00:00,1.170095,1.1708150000000002,1.169345,1.169905,0.0,0.0,5.2669266948846915e-08,5111,0.0,0.9490813342922916,-0.119047619047619,2026-04-25,EURUSD,4561.79,4569.094999999999,4542.29,4545.02,0.0,0.0,0.0004994040417303,14687.0,0.0,0.0,-0.3981533296026491,2026-04-27,GOLD,0.0014700000000000824,26.80499999999938,0.0008542857142857281,18.228571428571286,0.003524633164521007,1.3922272803155649,0.0,-0.119047619047619,-0.3981533296026491,normal,0.9981613569271197,1.0008983150176882,15,0,1,0.0001282319802009546,-7.265019359148361e-05,-0.0014169081527699579,0,0,0
2026-04-29 16:00:00,1.1699,1.170325,1.168235,1.168875,0.0,0.0,5.73838208253567e-08,7099,0.0,1.5237896903397397,-0.1937799043063278,2026-04-17,EURUSD,4545.17,4553.415,4510.24,4522.025,0.0,0.0,0.0006440634648925,24704.0,0.0,0.0,-0.2270411117544815,2026-04-27,GOLD,0.0020900000000001473,43.17500000000018,0.0009867857142857397,20.732142857142726,0.00417897031018255,2.3044679054620243,0.0,-0.1937799043063278,-0.2270411117544815,normal,0.9972825623261607,1.0005478349818318,16,0,1,-0.0017464899395346345,-0.001422420421343884,-0.0019894040752899134,0,0,0
2026-04-29 17:00:00,1.168865,1.170315,1.1683750000000002,1.1701,0.0,0.0,5.037823499209546e-08,6492,0.0,0.8234905827805221,0.3891752577319098,2026-04-28,EURUSD,4521.915,4542.915,4517.91,4539.435,0.0,0.0,0.0005617313364199,23327.0,0.0,0.0,0.3608278344330768,2026-04-26,GOLD,0.0019399999999998307,25.00500000000011,0.001082500000000002,21.411785714285607,-0.00280202880230207,1.2592166178041688,0.0,0.3891752577319098,0.3608278344330768,normal,0.9983277306622527,1.0015964253767435,17,0,1,8.546351135230168e-06,7.264864125655635e-05,-0.0005551996583387231,0,1,1
2026-04-29 18:00:00,1.170115,1.17041,1.168735,1.169465,0.0,0.0,6.821945756523857e-08,6925,0.0,2.425816997034358,-0.0641791044775648,2026-04-26,EURUSD,4539.415,4559.005,4536.32,4547.81,0.0,0.0,0.0005627608077148,21098.0,0.0,0.0,0.0065020938946054,2026-04-26,GOLD,0.001674999999999871,22.6850000000004,0.0011364285714285621,21.26571428571424,-0.0023876319174458427,2.758706652130081,0.0,-0.0641791044775648,0.0065020938946054,normal,0.9977859495247683,1.0010528703557076,18,0,1,-0.0003760989140143556,-0.0002479151617219566,-0.0009653210546773927,0,1,1
2026-04-29 19:00:00,1.16947,1.16987,1.16837,1.168465,0.0,0.0,4.5879210984512096e-08,4783,0.0,0.2053686930893302,-0.4366666666666982,2026-04-15,EURUSD,4547.905,4564.9400000000005,4543.475,4545.615,0.0,0.0,0.0004590981090913,22468.0,0.0,0.0,-0.40030281854184,2026-04-28,GOLD,0.0015000000000000568,21.465000000000146,0.0011753571428571347,21.417857142857105,-0.0003724419674160373,0.3009784199772506,0.0,-0.4366666666666982,-0.40030281854184,normal,0.9969327508830605,1.000196878196596,19,1,1,-0.0003507646241044382,-0.0020966419567518546,-0.0017897416621104334,0,0,0
2026-04-29 20:00:00,1.168455,1.168895,1.167985,1.16876,0.0,0.0,5.6001346463004856e-08,4467,0.0,1.1184085395942187,0.3516483516484723,2026-04-16,EURUSD,4545.65,4554.610000000001,4541.65,4547.025,0.0,0.0,0.0004290515762095,21039.0,0.0,0.0,-0.0852623456790426,2026-04-27,GOLD,0.0009099999999999664,12.960000000000946,0.0012003571428571241,21.549642857142903,-5.7721068829508226e-05,1.2076741078359614,0.0,0.3516483516484723,-0.0852623456790426,normal,0.9971844444823643,1.0006635359186975,20,0,1,-0.0011452012648490717,-0.0011366647010059294,-0.0011195911355730281,0,0,0
2026-04-29 21:00:00,1.168765,1.169055,1.166115,1.16721,0.0,0.0,8.67723442821964e-08,11119,0.0,3.004500669156092,-0.127551020408095,2026-04-22,EURUSD,4547.775,4552.889999999999,4518.305,4538.06,0.0,0.0,0.0007753590730641,27715.0,0.0,0.0,0.0712013878849387,2026-04-25,GOLD,0.0029399999999999427,34.58499999999913,0.0013867857142856957,23.286428571428587,0.000645426944242522,2.5773640805056104,0.0,-0.127551020408095,0.0712013878849387,high_vol,0.9958619865877173,1.0009390154487336,21,0,0,-0.001928232140337549,-0.0023036058483379973,-0.0023760886845186624,0,0,0
2026-04-29 22:00:00,1.167205,1.16805,1.1667,1.167635,0.0,0.0,5.43819758331493e-08,5130,0.0,0.552401176539307,0.1925925925925438,2026-04-19,EURUSD,4538.055,4550.645,4533.215,4547.27,0.0,0.0,0.0006436175320589,7204.0,0.0,0.0,0.3063683304647192,2026-04-26,GOLD,0.0013499999999999623,17.43000000000029,0.0014278571428571235,23.314642857142903,-0.001665385452994217,0.3445335755261785,0.0,0.1925925925925438,0.3063683304647192,high_vol,0.996224596010443,1.001303473499612,22,0,0,-0.0007103336428563312,-0.0010608491070475123,-0.002481760554957524,0,0,0
2026-04-29 23:00:00,1.167625,1.16775,1.167095,1.1677499999999998,0.0,0.0,4.53521689918784e-08,3104,0.0,-0.1229168676178896,0.499999999999661,2026-04-22,EURUSD,4546.955,4553.625,4541.505,4543.665,0.0,0.0,0.000467577336874,17231.0,0.0,0.0,-0.3217821782178697,2026-04-28,GOLD,0.0006550000000000722,12.11999999999989,0.0014196428571428474,22.905714285714307,0.0008912730444604611,-0.25851159195387957,0.0,0.499999999999661,-0.3217821782178697,high_vol,0.9963227138542393,1.0014020915604378,23,0,0,-0.0008641637290804915,-0.002008375352534064,-0.0019358726170178864,0,0,0
2026-04-30 00:00:00,1.167855,1.1680549999999998,1.16731,1.16731,0.0,0.0,9.859082058754e-08,1492,0.0,2.916444540797717,-0.5,2026-04-17,EURUSD,0.0,0.0,0.0,0.0,0.0,0.0,0.0,0.0,0.0,0.0,0.0,0,0,0.0007449999999997736,4543.665,0.0014007142857142632,345.9171428571429,0.9996232070220511,2.136075801325554,0.0,-0.5,0.0,high_vol,0.9959473064518881,1.0010247702842345,0,0,0,8.567438592876897e-05,-0.001842722954513265,-0.0020901812772760042,0,0,0
2026-04-30 01:00:00,1.1674449999999998,1.16786,1.167105,1.16778,0.0,0.0,3.991896724021078e-08,1755,0.0,-0.524425588533914,0.3940397350990933,2026-04-15,EURUSD,4545.705,4552.785,4539.485000000001,4552.205,0.0,0.0,0.0003910767113674,9878.0,0.0,0.0,0.4563909774436121,2026-04-27,GOLD,0.0007549999999998391,4552.785,0.0013678571428571112,669.7232142857143,-inf,-0.6787325604840742,0.0,0.3940397350990933,0.4563909774436121,high_vol,0.9963483098134908,1.001427818011088,1,0,0,0.0001241826426923165,-0.0005862392112729875,-0.00268165203429771,0,0,0
2026-04-30 02:00:00,1.167785,1.168645,1.167595,1.16845,0.0,0.0,3.2949621333803074e-08,1176,0.0,-0.952158898583424,0.3142857142856599,2026-04-22,EURUSD,4552.215,4562.075,4549.725,4561.77,0.0,0.0,0.0002616029196973,10646.0,0.0,0.0,0.4753036437247822,2026-04-27,GOLD,0.0010499999999999954,12.349999999999454,0.001382499999999969,668.5192857142857,-0.001527441334154167,-1.0545887200268276,0.0,0.3142857142856599,0.4753036437247822,high_vol,0.9969199529034349,1.0020023754089433,2,0,0,0.0005994433740099669,-0.000265238372291976,-0.0014016015862028386,0,1,1
2026-04-30 03:00:00,1.168475,1.16896,1.16792,1.16793,0.0,0.0,4.4073978252829396e-08,3883,0.0,-0.3041489741933618,-0.4903846153846585,2026-04-14,EURUSD,4561.885,4574.325,4556.445,4570.015,0.0,0.0,0.0004571946630717,16404.0,0.0,0.0,0.258948545861302,2026-04-28,GOLD,0.0010399999999999299,17.88000000000011,0.0013649999999999654,668.2621428571429,-0.0022524464930944177,-0.5541411790566055,0.0,-0.4903846153846585,0.258948545861302,high_vol,0.9968037211684126,1.0015564502643393,3,0,0,0.0005311356880346452,0.000616855578687403,-0.0016881712617691225,0,0,0
2026-04-30 04:00:00,1.16792,1.168185,1.167325,1.1674449999999998,0.0,0.0,4.182379403044528e-08,3494,0.0,-0.4372366883403391,-0.360465116279331,2026-04-16,EURUSD,4569.975,4582.615,4564.805,4579.395,0.0,0.0,0.000463322659301,17917.0,0.0,0.0,0.3192026951151355,2026-04-28,GOLD,0.0008600000000000829,17.80999999999949,0.0013557142857142537,668.6228571428571,-0.00246777428793743,-0.6524894966028881,0.0,-0.360465116279331,0.3192026951151355,high_vol,0.9963897838564447,1.0011405393121604,4,0,0,-0.0002868691020571079,-0.00016272208352796635,-0.0012233985669983793,0,1,1
2026-04-30 05:00:00,1.16744,1.167655,1.166255,1.166685,0.0,0.0,5.127391520889666e-08,3664,0.0,0.1063390072731989,-0.1928571428571587,2026-04-15,EURUSD,4579.375,4582.015,4560.02,4565.05,0.0,0.0,0.0004509608254775,14405.0,0.0,0.0,-0.2713116617412946,2026-04-28,GOLD,0.0014000000000000679,21.99499999999989,0.0013507142857142526,668.2792857142857,0.0024815155968562763,-0.19828623448117266,0.0,-0.1928571428571587,-0.2713116617412946,normal,0.9962555611534749,1.0004888025623544,5,0,0,-0.00151054816209506,-0.0009120102761720483,-0.0029185539697461627,0,0,0
2026-04-30 06:00:00,1.16669,1.167095,1.166475,1.166585,0.0,0.0,4.193722915484708e-08,2500,0.0,-0.5213029259335492,-0.322580645161221,2026-04-26,EURUSD,4564.995,4569.155000000001,4555.68,4555.959999999999,0.0,0.0,0.0003623775088052,10867.0,0.0,0.0,-0.4792207792208662,2026-04-28,GOLD,0.0006200000000000649,13.475000000000364,0.001245714285714247,666.1578571428571,0.0019055029295949044,-0.7854884699859209,0.0,-0.322580645161221,-0.4792207792208662,normal,0.996250987425009,1.0004030477268537,6,0,0,-0.0011516101136197499,-0.0006210860868151036,-0.0024626645517394907,0,0,0
2026-04-30 07:00:00,1.16658,1.1666,1.1655,1.16601,0.0,0.0,3.8141197868669256e-08,3330,0.0,-0.8080614064841962,-0.0363636363636694,2026-04-27,EURUSD,4556.040000000001,4557.094999999999,4541.11,4542.115,0.0,0.0,0.0003917253004752,12905.0,0.0,0.0,-0.4371285580231101,2026-04-29,GOLD,0.001100000000000101,15.984999999999673,0.001185714285714266,665.5135714285714,0.0025459849032485327,-1.0959436218312009,0.0,-0.0363636363636694,-0.4371285580231101,normal,0.9957599436367129,1.0004375804375805,7,0,0,-0.0012291799613685095,-0.0015156964496737535,-0.002101047100255493,1,0,1
2026-04-30 08:00:00,1.166035,1.16646,1.165885,1.165925,0.0,0.0,3.82892805439424e-08,2981,0.0,-0.7888665768992129,-0.4304347826086251,2026-04-24,EURUSD,4542.095,4569.825,4541.9400000000005,4562.8150000000005,0.0,0.0,0.0003923979314792,13750.0,0.0,0.0,0.2486103639950142,2026-04-30,GOLD,0.0005749999999999922,27.88499999999931,0.0011071428571428463,665.885,-0.004630246457899223,-1.0265898842207695,0.0,-0.4304347826086251,0.2486103639950142,normal,0.9956873545549649,1.0003646503646504,8,0,0,-0.0006514183348546032,-0.0021609824981813075,-0.002425647694992872,1,0,1
2026-04-30 09:00:00,1.165915,1.16705,1.16578,1.16703,0.0,0.0,4.684816479825696e-08,4345,0.0,-0.2354560868513627,0.4842519685040072,2026-04-21,EURUSD,4562.895,4591.615,4560.275,4589.575,0.0,0.0,0.0004666130514983,17365.0,0.0,0.0,0.4349074664964916,2026-04-28,GOLD,0.0012699999999998823,31.340000000000146,0.0010907142857142624,666.5903571428571,-0.004917055214791022,-0.5296270439617438,0.0,0.4842519685040072,0.4349074664964916,normal,0.9966310126176903,1.0013127413127414,9,0,0,0.0003814552732976928,-0.0007705941280726769,-0.00015421389467196178,1,0,1
2026-04-30 10:00:00,1.167015,1.168385,1.166995,1.167965,0.0,0.0,5.263700432214765e-08,4908,0.0,0.1243657839977368,0.1978417266188826,2026-04-18,EURUSD,4589.625,4605.535,4584.885,4598.5650000000005,0.0,0.0,0.0003933155582473,16575.0,0.0,0.0,0.1624697336562001,2026-04-28,GOLD,0.0013900000000000023,20.649999999999636,0.001124999999999979,667.1396428571427,-0.0011576079722799282,-0.21599377510422352,0.0,0.1978417266188826,0.1624697336562001,normal,0.9974294925169195,1.002114972114972,10,0,0,0.0016766580046483348,0.0004454171288583719,0.0002826225661272108,1,0,1
2026-04-30 11:00:00,1.16796,1.169755,1.16745,1.168005,0.0,0.0,5.7461836532706144e-08,7513,0.0,0.419234148624297,-0.2592190889371304,2026-04-19,EURUSD,4598.575000000001,4629.715,4597.51,4616.385,0.0,0.0,0.0005275128661445,18894.0,0.0,0.0,0.086089116596803,2026-04-30,GOLD,0.0023050000000000015,32.20499999999993,0.0010796428571428404,666.9696428571426,-0.003840874311433762,0.04742601726654352,0.0,-0.2592190889371304,0.086089116596803,normal,0.997463652084801,1.002149292149292,11,0,0,0.0017839912515813516,0.0011314107921160943,0.00021836865767510538,1,0,1
2026-04-30 12:00:00,1.168,1.169735,1.167325,1.169445,0.0,0.0,5.7965995715552655e-08,6729,0.0,0.4113958641339746,0.3796680497925271,2026-04-28,EURUSD,4616.505,4631.865,4614.455,4625.305,0.0,0.0,0.0004744181878836,18078.0,0.0,0.0,0.1232050545663673,2026-04-29,GOLD,0.0024100000000000232,17.409999999999854,0.0011553571428571305,666.968214285714,-0.0006993764173190975,0.019169964037017612,0.0,0.3796680497925271,0.1232050545663673,normal,0.9986933965285338,1.0033848133848136,12,0,0,0.002069355543559359,0.0024516001834415935,0.0018289914418621045,0,0,0
2026-04-30 13:00:00,1.16945,1.171525,1.1689,1.17149,0.0,0.0,7.64165034959352e-08,11854,0.0,1.4745071290719869,0.4866666666667055,2026-04-24,EURUSD,4625.295,4647.15,4623.74,4639.895,0.0,0.0,0.0004573703780221,18211.0,0.0,0.0,0.1900897052541971,2026-04-28,GOLD,0.0026249999999998774,23.409999999999854,0.0012960714285714023,667.7746428571427,-0.0014056938196227442,0.8863517952962768,0.0,0.4866666666667055,0.1900897052541971,normal,0.9999701244104906,1.005139425139425,13,0,1,0.003018069890792896,0.0046997881664823105,0.003176968264570368,0,1,1
2026-04-30 14:00:00,1.17148,1.17196,1.17031,1.17049,0.0,0.0,6.933601725629142e-08,12638,0.0,0.9436859119606996,-0.3909090909090591,2026-04-20,EURUSD,4639.935,4645.715,4626.845,4630.33,0.0,0.0,0.0004990474280471,19121.0,0.0,0.0,-0.3153153153153556,2026-04-29,GOLD,0.0016499999999999293,18.86999999999989,0.0013607142857142707,344.5749999999998,0.0012078552895046224,0.3829993906245525,0.0,-0.3909090909090591,-0.3153153153153556,normal,0.9987456909792144,1.0042814242814244,14,0,1,0.0021275593854479524,0.003915346184359958,0.0017459026916000209,1,0,1
2026-04-30 15:00:00,1.170485,1.170555,1.16895,1.169265,0.0,0.0,7.063441515727736e-08,10380,0.0,0.9580026557027116,-0.3037383177569783,2026-04-15,EURUSD,4630.34,4640.175,4624.7,4639.65,0.0,0.0,0.0005270497422164,18280.0,0.0,0.0,0.4660743134086892,2026-04-30,GOLD,0.0016050000000000786,15.475000000000364,0.0014214285714285735,20.481428571428427,-0.0030593857410849967,0.39533774801334404,0.0,-0.3037383177569783,0.4660743134086892,normal,0.997700433461893,1.0032303732303733,15,0,1,-0.00015391916678431095,0.0019151178632939025,0.0011430479566412188,1,0,1
2026-04-30 16:00:00,1.1692749999999998,1.170095,1.16818,1.169005,0.0,0.0,7.170135585704136e-08,12034,0.0,0.9663288067230424,-0.0691906005221287,2026-04-22,EURUSD,4639.675,4646.01,4610.73,4610.985,0.0,0.0,0.0006015814339191,24503.0,0.0,0.0,-0.4927721088435344,2026-04-28,GOLD,0.001915000000000111,35.280000000000655,0.001483214285714296,22.119285714285656,0.005955905846151133,0.4295284317969512,0.0,-0.0691906005221287,-0.4927721088435344,high_vol,0.9974785828867881,1.003007293007293,16,0,1,-0.0021212302281707895,0.0008904376415390658,0.0013362513865751158,1,0,1
2026-04-30 17:00:00,1.16901,1.173335,1.168765,1.17278,0.0,0.0,6.89430684276113e-08,13108,0.0,0.7451485022531344,0.3785557986870462,2026-04-29,EURUSD,4611.0650000000005,4626.055,4609.29,4620.005,0.0,0.0,0.0005713119714701,27404.0,0.0,0.0,0.1391291380852658,2026-04-30,GOLD,0.004569999999999963,16.765000000000327,0.0017353571428571554,22.039642857142812,0.001273043883028846,0.2332880026779103,0.0,0.3785557986870462,0.1391291380852658,high_vol,0.9995269893082538,1.0062462462462463,17,0,1,0.0019564455911627032,0.004088167430789991,0.005224203619657475,0,0,0
2026-04-30 18:00:00,1.172775,1.17358,1.172275,1.172845,0.0,0.0,6.271315555210233e-08,9322,0.0,0.3893977844313637,-0.063218390804581,2026-04-18,EURUSD,4619.93,4625.5650000000005,4611.435,4615.405,0.0,0.0,0.0004445193851607,22695.0,0.0,0.0,-0.2190375088464282,2026-04-30,GOLD,0.0013050000000001116,14.13000000000011,0.0017671428571428718,21.776785714285715,0.0010510937827696853,-0.011966096010745672,0.0,-0.063218390804581,-0.2190375088464282,high_vol,0.999373711208439,1.0063020163020162,18,0,1,0.0030617524684308783,0.002907362039257899,0.005366089912008043,0,0,0
2026-04-30 19:00:00,1.172855,1.17355,1.17229,1.172545,0.0,0.0,4.8978957783598465e-08,4765,0.0,-0.4480404584170303,-0.2976190476190497,2026-04-24,EURUSD,4615.365,4617.825000000001,4605.475,4607.585,0.0,0.0,0.0004041575660893,18750.0,0.0,0.0,-0.3291497975708817,2026-04-29,GOLD,0.0012600000000000389,12.350000000000364,0.0017571428571428699,21.087857142857178,0.0014385375745427087,-0.7889104578022869,0.0,-0.2976190476190497,-0.3291497975708817,high_vol,0.999118083130251,1.006044616044616,19,1,1,0.0030282163036086107,0.0009005625314770782,0.005604583151087805,0,0,0
2026-04-30 20:00:00,1.172565,1.173235,1.172205,1.172505,0.0,0.0,5.080104794387119e-08,4086,0.0,-0.3238651067341552,-0.2087378640775108,2026-04-22,EURUSD,4607.73,4621.765,4607.6900000000005,4616.905,0.0,0.0,0.000422783157933,18037.0,0.0,0.0,0.1547069271757655,2026-04-30,GOLD,0.0010300000000000864,14.180000000000291,0.0017864285714285857,21.138214285714316,-0.002056865444320044,-0.6140448082735415,0.0,-0.2087378640775108,0.1547069271757655,high_vol,0.9990839993864925,1.006010296010296,20,0,1,-0.0002344855812684843,0.0017215012516125228,0.0056435877093292675,0,0,0
2026-04-30 21:00:00,1.17252,1.17401,1.17252,1.173635,0.0,0.0,4.142071768869819e-08,3468,0.0,-0.8310528557785591,0.2483221476509957,2026-04-19,EURUSD,4616.915,4625.28,4616.875,4622.505,0.0,0.0,0.0003126297360561,14677.0,0.0,0.0,0.1698393813207298,2026-04-29,GOLD,0.0015050000000000896,8.404999999999745,0.0018153571428571563,20.596785714285748,-0.0002491852172898934,-1.1046220675882048,0.0,0.2483221476509957,0.1698393813207298,high_vol,0.9996805819371215,1.006979836979837,21,0,0,0.0006735757921976226,0.003737390582972955,0.0056596659897345525,0,0,0
2026-04-30 22:00:00,1.173615,1.17417,1.173225,1.17335,0.0,0.0,5.116346691601447e-08,3650,0.0,-0.1923166172848109,-0.3677248677248199,2026-04-27,EURUSD,4622.495,4627.49,4614.610000000001,4617.0650000000005,0.0,0.0,0.0003130211742441,17104.0,0.0,0.0,-0.309394409937882,2026-04-29,GOLD,0.0009449999999999736,12.8799999999992,0.0018417857142857263,19.525000000000027,0.0009340157858965803,-0.35458445128640204,0.0,-0.3677248677248199,-0.309394409937882,high_vol,0.9993016343459635,1.0067353067353066,22,0,0,0.0006865408150646957,0.0037168361127624117,0.004610583365083798,0,0,0
2026-04-30 23:00:00,1.17336,1.173645,1.172945,1.17311,0.0,0.0,5.3164642558036726e-08,2916,0.0,-0.0846778352193464,-0.2642857142858049,2026-04-21,EURUSD,4617.25,4622.02,4615.5650000000005,4621.875,0.0,0.0,0.0003029009266367,8958.0,0.0,0.0,0.4775367931835107,2026-04-29,GOLD,0.000700000000000145,6.454999999999927,0.0018010714285714594,17.74750000000001,-0.0012463299183599341,-0.2356498177072909,0.0,-0.2642857142858049,0.4775367931835107,high_vol,0.9990972346423432,1.0065293865293867,23,0,0,0.000515989270834849,0.0002813826975223144,0.004370700467891897,0,0,0
2026-05-01 00:00:00,1.1731,1.173625,1.172825,1.173425,0.0,0.0,4.0329120103092746e-08,572,0.0,-0.9432877330756714,0.25,2026-04-17,EURUSD,0.0,0.0,0.0,0.0,0.0,0.0,0.0,0.0,0.0,0.0,0.0,0,0,0.0007999999999999119,4621.875,0.0017589285714285957,346.4064285714286,1.0002685170188643,-1.3146387130245063,0.0,0.25,0.0,high_vol,0.9993655092533449,1.0067996567996567,0,0,0,-0.0001789312690914091,0.0004945239993350281,0.003403323798895963,0,0,0
2026-05-01 01:00:00,1.173415,1.17361,1.1729349999999998,1.17314,0.0,0.0,4.400257672410812e-08,1538,0.0,-0.6689464603490225,-0.1962962962960428,2026-04-17,EURUSD,4625.825,4636.295,4625.705,4630.475,0.0,0.0,0.000430482741266,8672.0,0.0,0.0,-0.0495750708214947,2026-04-30,GOLD,0.0006750000000002032,4636.295,0.0016425000000000387,675.2700000000001,-inf,-0.9019288325324221,0.0,-0.1962962962960428,-0.0495750708214947,high_vol,0.9991227846052958,1.0065551265551267,1,0,0,-0.0001789747304724587,0.0005074432111349392,0.0014084627269546068,0,0,0
2026-05-01 02:00:00,1.173145,1.17333,1.17283,1.17287,0.0,0.0,3.1997074470139e-08,1754,0.0,-1.6355333123290452,-0.4200000000001332,2026-04-22,EURUSD,4630.535,4634.165,4626.515,4626.63,0.0,0.0,0.0002961457954389,9724.0,0.0,0.0,-0.4849673202614657,2026-04-30,GOLD,0.0004999999999999449,7.649999999999636,0.0015060714285714618,674.5728571428572,0.0006002168156711285,-2.097040687784119,0.0,-0.4200000000001332,-0.4849673202614657,normal,0.9988928349387228,1.0063234663234664,2,0,0,-0.00020458439532522465,0.0003112993121565655,0.002033336465924629,0,0,0
2026-05-01 03:00:00,1.172895,1.17298,1.17242,1.17276,0.0,0.0,3.928230363695306e-08,3386,0.0,-1.014325754376879,0.1071428571431828,2026-04-23,EURUSD,4626.56,4631.145,4618.545,4619.745,0.0,0.0,0.0003501811227493,16046.0,0.0,0.0,-0.404761904761922,2026-04-29,GOLD,0.0005599999999998939,12.600000000000364,0.0013585714285714629,673.8007142857143,0.001394337150200875,-1.1879696467146006,0.0,0.1071428571431828,-0.404761904761922,normal,0.99879915174123,1.0062290862290864,3,0,0,-0.0005667170888636885,-0.0007455469545472049,0.002989057228258707,0,0,0
2026-05-01 04:00:00,1.17277,1.173295,1.17251,1.1731,0.0,0.0,3.5854131340467146e-08,2246,0.0,-1.242005685590469,0.2515923566879792,2026-04-16,EURUSD,4619.79,4622.39,4614.115,4621.11,0.0,0.0,0.0003229110324583,11630.0,0.0,0.0,0.3453172205436827,2026-04-29,GOLD,0.0007850000000000357,8.275000000000546,0.0012967857142857561,673.0439285714286,-5.556463924749622e-06,-1.3823565871074357,0.0,0.2515923566879792,0.3453172205436827,normal,0.9990887179880257,1.0065208065208067,4,0,0,-3.409652726871215e-05,-0.00021306515532437675,0.0035029790291742913,0,0,0
2026-05-01 05:00:00,1.173095,1.173405,1.172955,1.17337,0.0,0.0,3.7603400276827617e-08,1811,0.0,-1.0344526471104107,0.4222222222224635,2026-04-27,EURUSD,4620.795,4636.105,4616.8150000000005,4619.345,0.0,0.0,0.0003402212409432,11264.0,0.0,0.0,-0.3688439606013546,2026-04-29,GOLD,0.00045000000000006146,19.289999999999054,0.001214285714285755,673.3164285714286,0.0006121022732408221,-1.0399764904256286,0.0,0.4222222222224635,-0.3688439606013546,normal,0.9993186676545986,1.0067524667524668,5,0,0,0.00042630470555127253,0.00022163309493561378,0.0005030781561758957,0,0,0
2026-05-01 06:00:00,1.173375,1.173645,1.17307,1.173115,0.0,0.0,3.853618271843183e-08,1738,0.0,-0.943626588150142,-0.421739130434655,2026-04-16,EURUSD,4619.275,4632.115,4617.935,4626.805,0.0,0.0,0.0003201102320149,10014.0,0.0,0.0,0.1255289139633722,2026-04-29,GOLD,0.0005749999999999922,14.179999999999382,0.0011185714285714607,671.8092857142856,-0.0018322703278547126,-0.8947417014879253,0.0,-0.421739130434655,0.1255289139633722,normal,0.9991014929695018,1.0065336765336765,6,0,0,0.00030270473072069315,-0.00026418390608695663,0.00023020944796625642,0,0,0
2026-05-01 07:00:00,1.17311,1.17323,1.172605,1.17268,0.0,0.0,3.7183778513513095e-08,1586,0.0,-1.0396266587131977,-0.3800000000001208,2026-04-17,EURUSD,4626.835,4628.93,4609.24,4609.27,0.0,0.0,0.0003403438841819,10316.0,0.0,0.0,-0.4984763839512111,2026-04-29,GOLD,0.0006250000000000977,19.69000000000051,0.0008367857142857561,672.0182142857142,0.0034190646407935565,-0.9881413938026722,0.0,-0.3800000000001208,-0.4984763839512111,low_vol,0.9987310185066899,1.005918783990118,7,0,0,-0.0003580257437559853,-0.0003921100635900787,0.00011513417395492276,0,0,0
2026-05-01 08:00:00,1.172675,1.17271,1.172185,1.172245,0.0,0.0,3.35391632517013e-08,1615,0.0,0.0,-0.3857142857145696,2026-05-01,EURUSD,4609.255,4616.265,4603.075,4605.005,0.0,0.0,0.000299959422226,10944.0,0.0,0.0,-0.3536770280515378,2026-04-29,GOLD,0.0005249999999998867,13.19000000000051,0.0007810714285714544,671.9510714285715,0.0005543640284362272,0.2102869655871043,0.0,-0.3857142857145696,-0.3536770280515378,low_vol,0.9983605440438779,1.0055456432603063,8,0,0,-0.000958776856405108,-0.0005328808819392572,-0.00022174745523462214,1,0,1
2026-05-01 09:00:00,1.172275,1.17449,1.17188,1.173555,0.0,0.0,6.88307239225913e-08,5328,0.0,1.228785568757136,0.1417624521071874,2026-04-20,EURUSD,4605.025,4607.955,4590.995,4594.775,0.0,0.0,0.0003890780168245,14929.0,0.0,0.0,-0.2771226415094762,2026-05-01,GOLD,0.002610000000000001,16.960000000000036,0.0008775000000000231,672.280357142857,0.003339009789587788,1.5246371550686826,0.0,0.1417624521071874,-0.2771226415094762,low_vol,0.999203909782118,1.0056212751554205,9,0,0,0.0003750697928166513,0.0006778880589377589,-6.816429298728277e-05,0,0,0
2026-05-01 10:00:00,1.1735449999999998,1.174195,1.173145,1.17345,0.0,0.0,5.753181130769116e-08,6813,0.0,0.4028456695073625,-0.2095238095236584,2026-04-18,EURUSD,4594.605,4598.139999999999,4576.025,4578.325,0.0,0.0,0.0004024308857872,12499.0,0.0,0.0,-0.3959981912728824,2026-04-29,GOLD,0.0010499999999999954,22.11499999999978,0.000878928571428588,672.8471428571429,0.003490681810648155,0.5705090656601467,0.0,-0.2095238095236584,-0.3959981912728824,low_vol,0.9991145092763668,1.0052470391707538,10,0,0,0.000656615615513223,0.00029835478646322855,8.522606213001716e-05,1,0,1
2026-05-01 11:00:00,1.173445,1.174805,1.173195,1.17435,0.0,0.0,5.0846597621563145e-08,4547,0.0,-0.055122168198406,0.217391304347856,2026-04-25,EURUSD,4578.3,4582.67,4565.219999999999,4568.935,0.0,0.0,0.0004042739883384,10699.0,0.0,0.0,-0.2871060171919776,2026-04-30,GOLD,0.0016100000000001113,17.450000000000728,0.0008864285714285895,673.4932142857142,0.002817937615261279,0.07649383371619091,0.0,0.217391304347856,-0.2871060171919776,low_vol,0.9996127016824068,1.0060180326815582,11,0,0,0.0017956997044132894,0.0008352011726906472,0.0010570193758470126,0,0,0
2026-05-01 12:00:00,1.174355,1.174395,1.17308,1.17313,0.0,0.0,4.49041425119693e-08,3827,0.0,-0.4421466488153313,-0.4619771863117964,2026-04-27,EURUSD,4569.135,4572.985,4560.265,4562.8150000000005,0.0,0.0,0.0003606315807679,10807.0,0.0,0.0,-0.2995283018867678,2026-04-30,GOLD,0.0013150000000001771,12.719999999999345,0.0009128571428571755,673.4817857142856,0.0003006080770294739,-0.3252682835668911,0.0,-0.4619771863117964,-0.2995283018867678,normal,0.998574231468201,1.0042373606807171,12,0,0,-0.0003621474920220136,1.278647020974688e-05,-0.0002514008138567725,1,0,1
2026-05-01 13:00:00,1.173125,1.17458,1.17309,1.1744750000000002,0.0,0.0,4.231005896095388e-08,3379,0.0,-0.5665470177757771,0.4295302013424159,2026-04-28,EURUSD,4562.835,4576.09,4561.535,4566.969999999999,0.0,0.0,0.0002996557055533,9534.0,0.0,0.0,-0.126588801099321,2026-05-01,GOLD,0.0014899999999999913,14.555000000000291,0.000969285714285736,674.0603571428572,0.00023588344121239224,-0.4021603415595684,0.0,0.4295302013424159,-0.126588801099321,normal,0.9997191023191083,1.0053887243404271,13,0,1,0.0008734926924880426,0.0015306818569431613,0.0011379715975927684,1,0,1
2026-05-01 14:00:00,1.174485,1.17584,1.1744,1.17514,0.0,0.0,4.7626483445344265e-08,3929,0.0,-0.0912864521286441,0.0138888888888267,2026-04-26,EURUSD,4566.955,4579.775,4562.635,4578.76,0.0,0.0,0.0003212755538385,13804.0,0.0,0.0,0.4407817969661929,2026-04-30,GOLD,0.0014399999999998858,17.139999999999418,0.0010150000000000198,345.1507142857143,-0.00201536991313378,0.25466200897408847,0.0,0.0138888888888267,0.4407817969661929,normal,0.9994046809089673,1.0059579859268264,14,0,1,0.0006727125643974929,0.002469620258563676,0.0019354233632031814,1,0,1
2026-05-01 15:00:00,1.175135,1.17689,1.174825,1.175755,0.0,0.0,6.004275626852778e-08,6252,0.0,1.0108278496515717,-0.0496368038740412,2026-04-29,EURUSD,4578.735,4607.635,4575.025,4591.200000000001,0.0,0.0,0.0005110785372262,17197.0,0.0,0.0,-0.0039865072063537,2026-04-30,GOLD,0.0020649999999999835,32.61000000000058,0.0011142857142857185,16.31607142857144,-0.0021935508835104756,1.6841237675708245,0.0,-0.0496368038740412,-0.0039865072063537,normal,0.9990355938108065,1.0064844458901883,15,0,1,0.0022376036756370787,0.0018746458410556777,0.002553804700023976,0,0,0
2026-05-01 16:00:00,1.175745,1.176365,1.17439,1.176205,0.0,0.0,6.538636273184085e-08,7192,0.0,1.559735930307806,0.4189873417720171,2026-04-29,EURUSD,4591.185,4628.935,4586.655,4625.835,0.0,0.0,0.0005884105305736,19537.0,0.0,0.0,0.4266792809839184,2026-04-29,GOLD,0.00197500000000006,42.280000000000655,0.0012196428571428694,18.789642857142944,-0.007161046606853461,2.221799398694939,0.0,0.4189873417720171,0.4266792809839184,normal,0.9994179574981519,1.0063656937023266,16,0,1,0.0014729985738306528,0.002347777919808891,0.002646833177052166,0,1,1
2026-05-01 17:00:00,1.176195,1.17852,1.17613,1.176735,0.0,0.0,6.575152998001916e-08,9879,0.0,1.6405899201256744,-0.2468619246863343,2026-04-27,EURUSD,4625.945,4660.385,4625.945,4632.28,0.0,0.0,0.0007258444259866,26149.0,0.0,0.0,-0.3160569105691073,2026-04-29,GOLD,0.0023900000000001143,34.55000000000018,0.001350357142857171,20.357500000000073,-0.0009426602499045256,2.106353920961328,0.0,-0.2468619246863343,-0.3160569105691073,normal,0.9984853884533144,1.0041429156568933,17,0,1,0.001357285089436111,0.0020309107165665807,0.002867808108269365,0,1,1
2026-05-01 18:00:00,1.17674,1.17707,1.17532,1.1755,0.0,0.0,6.803591738437208e-08,7060,0.0,1.7710873638524895,-0.3971428571427625,2026-04-20,EURUSD,4632.245,4648.195,4619.16,4643.38,0.0,0.0,0.0005682537649172,17376.0,0.0,0.0,0.3341656621319227,2026-04-29,GOLD,0.0017500000000001403,29.034999999999854,0.0014192857142857499,21.840357142857165,-0.0034457423289772082,2.0017282939303227,0.0,-0.3971428571427625,0.3341656621319227,normal,0.9974374639378203,1.0030890534867052,18,0,1,-0.0002168819184269477,0.0020202364614321233,0.002033048763335321,0,1,1
2026-05-01 19:00:00,1.17551,1.17572,1.17378,1.173825,0.0,0.0,6.083044909157756e-08,5557,0.0,0.0,-0.4768041237113605,2026-05-01,EURUSD,4643.3150000000005,4650.23,4633.985000000001,4638.955,0.0,0.0,0.0004792646383907,16773.0,0.0,0.0,-0.1940597106802304,2026-04-30,GOLD,0.0019400000000000528,16.24499999999898,0.0015257142857143208,21.62285714285716,-0.0004719559595516287,0.1508323587330996,0.0,-0.4768041237113605,-0.1940597106802304,normal,0.9960161897973728,1.0016597262518345,19,1,1,-0.0020234567953716365,-0.0005534387705147248,0.0009763959477435691,0,1,1
2026-05-01 20:00:00,1.17381,1.174045,1.172925,1.173315,0.0,0.0,5.40870782110259e-08,3909,0.0,0.4599078134158738,-0.1517857142855178,2026-04-30,EURUSD,4638.985000000001,4642.805,4626.93,4629.610000000001,0.0,0.0,0.0003919818341841,13998.0,0.0,0.0,-0.3311811023621864,2026-04-29,GOLD,0.0011200000000000099,15.875,0.0015646428571428933,21.743928571428633,0.0015799852786388957,0.5891329979047362,0.0,-0.1517857142855178,-0.3311811023621864,normal,0.9955834436411771,1.0012245281086802,20,0,1,-0.002906346798557058,-0.0015530064502952134,0.0009127784720772691,0,1,1
2026-05-01 21:00:00,1.17332,1.173405,1.171955,1.172735,0.0,0.0,6.179979229500475e-08,4199,0.0,1.0360967025485213,0.0379310344825489,2026-04-26,EURUSD,4629.605,4630.805,4613.835,4624.405,0.0,0.0,0.0003391234518754,17315.0,0.0,0.0,0.1228638774307604,2026-05-01,GOLD,0.0014499999999999513,16.970000000000255,0.0016235714285714545,21.549642857142903,0.0006299588613071228,1.0853378235626145,0.0,0.0379310344825489,0.1228638774307604,normal,0.9950913009537387,1.0007295968870533,21,0,0,-0.002352190557209588,-0.0025685623280360392,-0.0006987316316660053,0,0,0
2026-05-01 22:00:00,1.17273,1.17284,1.171785,1.171955,0.0,0.0,4.080926732530778e-08,2406,0.0,-0.7036081672859968,-0.3388625592414254,2026-04-21,EURUSD,4624.41,4627.81,4608.955,4610.82,0.0,0.0,0.0003148541926153,15709.0,0.0,0.0,-0.4010872447626717,2026-05-01,GOLD,0.0010550000000000281,18.855000000000473,0.0016614285714286073,21.954285714285756,0.0022725633286957425,-0.6497035897329598,0.0,-0.3388625592414254,-0.4010872447626717,normal,0.9944294538913214,1.0001450778086425,22,0,0,-0.0015930824441461322,-0.0036133157060205257,-0.0012740210490433945,0,0,0
2026-05-01 23:00:00,1.17196,1.17225,1.17156,1.17171,0.0,0.0,4.6829291605756716e-08,2531,0.0,-0.1756362421937899,-0.282608695652062,2026-04-19,EURUSD,4610.87,4617.145,4607.09,4613.785,0.0,0.0,0.0003358276906053,9846.0,0.0,0.0,0.1658378915961725,2026-05-01,GOLD,0.0006900000000000794,10.055000000000291,0.0015242857142857558,21.46107142857149,-0.0008521050410897901,-0.11579930853758202,0.0,-0.282608695652062,0.1658378915961725,normal,0.9942215660319723,1.000128034415651,23,0,0,-0.0013679191010087521,-0.004270290252265885,-0.002248052113935306,0,0,0
2026-05-04 00:00:00,1.17483,1.17499,1.173755,1.17414,0.0,0.0,6.925580650588474e-08,629,0.0,0.0,-0.1882591093117907,2026-04-19,EURUSD,0.0,0.0,0.0,0.0,0.0,0.0,0.0,0.0,0.0,0.0,0.0,0,0,0.0032799999999999496,4613.785,0.0016835714285714668,349.43750000000006,1.0020738920039942,0.02141980855539891,0.0,-0.1882591093117907,0.0,normal,0.9962834741879645,1.002202191949196,0,0,0,0.0011980541213487683,-0.001156954487452122,0.000860944652340212,0,0,0
2026-05-04 01:00:00,1.174145,1.174215,1.172695,1.173325,0.0,0.0,8.026855240158208e-08,1946,0.0,0.0,-0.0855263157895976,2026-04-29,EURUSD,4633.005,4637.91,4612.68,4618.995,0.0,0.0,0.0006694955725527,11141.0,0.0,0.0,-0.2497027348394883,2026-04-30,GOLD,0.0015199999999999658,4637.91,0.001677142857142885,679.4703571428571,-inf,-0.007138795901894668,0.0,-0.0855263157895976,-0.2497027348394883,normal,0.995591928859926,1.001506538290826,1,0,0,0.001168986863830046,-0.000425957872766336,-0.0009791609016795988,0,0,0
2026-05-04 02:00:00,1.17333,1.17333,1.17251,1.17258,0.0,0.0,4.33825712172147e-08,1573,0.0,0.0,-0.4146341463414502,2026-04-22,EURUSD,4618.955,4620.965,4611.385,4613.995,0.0,0.0,0.0004364460028433,11067.0,0.0,0.0,-0.2275574112735185,2026-04-30,GOLD,0.0008200000000000429,9.579999999999927,0.0016417857142857325,679.2460714285714,0.0004475388668333524,-0.08308782255080369,0.0,-0.4146341463414502,-0.2275574112735185,normal,0.99495978006313,1.0008706340264264,2,0,0,0.0007425045446398659,-0.0006264302425180723,-0.0021784638426061154,0,0,0
2026-05-04 03:00:00,1.17257,1.172885,1.172155,1.172705,0.0,0.0,4.3804629081196266e-08,3461,0.0,0.0,0.2534246575344215,2026-04-23,EURUSD,4613.965,4616.719999999999,4601.685,4613.085,0.0,0.0,0.0004671847080044,17540.0,0.0,0.0,0.2582307948121487,2026-05-02,GOLD,0.0007299999999998974,15.034999999998945,0.0015875000000000114,679.280357142857,0.0003038285827245968,-0.13432334667369844,0.0,0.2534246575344215,0.2582307948121487,normal,0.9950658452974919,1.0009773293728021,3,0,0,-0.001222171120990545,-2.55812267903055e-05,-0.0025940778478509285,0,0,0
2026-05-04 04:00:00,1.1727,1.172945,1.17201,1.172515,0.0,0.0,4.557719066197557e-08,3585,0.0,0.0,0.0401069518718057,2026-04-28,EURUSD,4613.025,4614.135,4592.87,4613.139999999999,0.0,0.0,0.0004312426150734,14051.0,0.0,0.0,0.4532094991769932,2026-04-30,GOLD,0.0009349999999999081,21.265000000000327,0.0015514285714285845,679.5749999999999,-0.00017394118807878556,-0.20497538650488714,0.0,0.0401069518718057,0.4532094991769932,normal,0.9949046261412618,1.000815152446311,4,0,0,-0.000690345812115134,0.0004778340465290132,-0.0031372082247567157,0,0,0
2026-05-04 05:00:00,1.17252,1.172865,1.172255,1.17275,0.0,0.0,3.5910008006774256e-08,2480,0.0,0.0,0.3114754098359223,2026-04-22,EURUSD,4613.045,4618.635,4591.245,4606.085,0.0,0.0,0.0004956693977084,10377.0,0.0,0.0,0.0418035779481384,2026-04-30,GOLD,0.0006099999999999994,27.390000000000327,0.0014475000000000143,679.2021428571428,0.001729750971251831,-0.27018199166382767,0.0,0.3114754098359223,0.0418035779481384,normal,0.995104028781862,1.0010157396974975,5,0,0,0.00014497944703140142,0.0008875916395694183,-0.0033864888866228515,0,0,0
2026-05-04 06:00:00,1.172755,1.1739,1.17246,1.173755,0.0,0.0,6.199840055161036e-08,4562,0.0,0.0,0.3993055555555818,2026-05-03,EURUSD,4605.975,4617.1900000000005,4598.595,4615.1,0.0,0.0,0.0004650435725453,11175.0,0.0,0.0,0.3876041946760063,2026-04-30,GOLD,0.0014399999999998858,18.595000000000255,0.001409285714285716,677.5103571428572,-0.001100233445536558,-0.3363811224712331,0.0,0.3993055555555818,0.3876041946760063,normal,0.9959567932661305,1.0018735702823587,6,0,0,0.0008953658422194977,-0.0003278995690461084,-0.0014844746916204965,0,0,0
2026-05-04 07:00:00,1.173765,1.173825,1.172755,1.172915,0.0,0.0,4.2415031035425684e-08,2225,0.0,0.0,-0.3504672897196708,2026-04-28,EURUSD,4615.139999999999,4615.495,4605.41,4606.205,0.0,0.0,0.0003780589397341,8790.0,0.0,0.0,-0.4211700545363882,2026-04-30,GOLD,0.0010699999999999044,10.085000000000036,0.0013149999999999868,675.7628571428571,0.001211716950906383,-0.42232889836065646,0.0,-0.3504672897196708,-0.4211700545363882,normal,0.9952440348912194,1.0011565775547133,7,0,0,0.0003411470215732848,-0.0003494342999594835,-0.0007752433284348159,0,0,0
2026-05-04 08:00:00,1.17291,1.173235,1.17258,1.173075,0.0,0.0,4.5065656548669255e-08,2823,0.0,0.0,0.2557251908394772,2026-04-19,EURUSD,4606.235,4613.264999999999,4592.31,4599.08,0.0,0.0,0.0005074378650755,14192.0,0.0,0.0,-0.1769267477928675,2026-05-03,GOLD,0.0006550000000000722,20.954999999999018,0.0012367857142856961,675.1857142857142,0.0016832387810133964,-0.42232889836065646,0.0,0.2557251908394772,-0.1769267477928675,normal,0.9953797983912026,1.0012931475980744,8,0,0,0.00027712641227894963,0.0004221460369442376,-0.00020454865061814154,0,0,0
2026-05-04 09:00:00,1.17307,1.17372,1.172155,1.17288,0.0,0.0,5.06905563056892e-08,4044,0.0,0.0,-0.0367412140576768,2026-05-04,EURUSD,4599.235,4600.8150000000005,4583.8150000000005,4588.765,0.0,0.0,0.0004812952274379,14561.0,0.0,0.0,-0.2088235294117754,2026-05-04,GOLD,0.0015650000000000386,17.0,0.0012099999999999808,675.2396428571428,0.0020766100916175256,-0.3629917006782628,0.0,-0.0367412140576768,-0.2088235294117754,normal,0.9952143366255981,1.0011267028577282,9,0,0,-0.0007454707328191645,0.00014922764036984226,0.00012364259615327278,0,0,0
2026-05-04 10:00:00,1.172865,1.17291,1.17153,1.171785,0.0,0.0,5.273035334466104e-08,4322,0.0,0.0,-0.3152173913043355,2026-05-03,EURUSD,4588.71,4593.485,4578.175,4579.115,0.0,0.0,0.0004060213573461,15031.0,0.0,0.0,-0.4386022207707621,2026-05-01,GOLD,0.0013799999999999368,15.30999999999949,0.0012285714285714042,675.1992857142858,0.0011693629986972987,-0.337537922274225,0.0,-0.3152173913043355,-0.4386022207707621,normal,0.9942852051725894,1.0002176640803053,10,0,0,-0.0009634116709222873,-0.0006225933143712004,-0.00014505676412490676,0,1,1
2026-05-04 11:00:00,1.17178,1.17232,1.17114,1.171915,0.0,0.0,4.952923230452173e-08,3650,0.0,0.0,0.1567796610168526,2026-04-19,EURUSD,4579.045,4581.54,4573.915,4577.105,0.0,0.0,0.000370779394602,14610.0,0.0,0.0,-0.0816393442623475,2026-05-03,GOLD,0.0011799999999999589,7.625,0.0012092857142856905,674.5317857142857,0.0005498913013228801,-0.3414189847743128,0.0,0.1567796610168526,-0.0816393442623475,normal,0.9943955130163256,1.0006617483819185,11,0,0,-0.0009888540800887524,-0.000712001705393206,0.00017495796741506808,0,1,1
2026-05-04 12:00:00,1.171955,1.17237,1.171595,1.171735,0.0,0.0,4.419299430858739e-08,3282,0.0,0.0,-0.319354838709633,2026-04-22,EURUSD,4577.02,4584.585,4572.459999999999,4575.535,0.0,0.0,0.000296909554731,10673.0,0.0,0.0,-0.2463917525772411,2026-05-04,GOLD,0.0007749999999999702,12.12500000000091,0.0011892857142856864,674.0510714285714,0.00018941681879536265,-0.37632398015053553,0.0,-0.319354838709633,-0.2463917525772411,normal,0.9942427790788446,1.0005080519835374,12,0,0,-0.0009762294522883685,-0.0017209724346223254,-0.0020483076975488235,0,0,0
2026-05-04 13:00:00,1.171725,1.171725,1.168875,1.170515,0.0,0.0,7.6296278597578e-08,10460,0.0,0.0,0.0754385964912543,2026-05-04,EURUSD,4575.5,4575.955,4526.11,4562.665,0.0,0.0,0.000752288116803,25130.0,0.0,0.0,0.2333734577189399,2026-05-01,GOLD,0.0028599999999998627,49.845000000000255,0.001344285714285671,676.8932142857144,0.0017715947729398662,-0.42556510440802686,0.0,0.0754385964912543,0.2333734577189399,normal,0.993207582391474,1.0014030584964173,13,0,1,-0.0010838165704459835,-0.002046184079835256,-0.0023949033728932756,0,0,0
2026-05-04 14:00:00,1.170545,1.17085,1.16928,1.16932,0.0,0.0,5.888669581651793e-08,5601,0.0,0.0,-0.4745222929938147,2026-05-01,EURUSD,4562.845,4570.85,4551.615,4560.49,0.0,0.0,0.0005190775096636,17954.0,0.0,0.0,-0.0386015076683269,2026-05-03,GOLD,0.0015699999999998493,19.235000000000582,0.0012221428571428067,348.7110714285714,-0.0005442230534856707,-0.4328855410431296,0.0,-0.4745222929938147,-0.0386015076683269,normal,0.9921935987509757,1.0003807079456741,14,0,1,-0.002214324417726621,-0.0032009888540802667,-0.002780194101895006,1,0,1
2026-05-04 15:00:00,1.169325,1.171245,1.169205,1.17092,0.0,0.0,5.5222834650125816e-08,5434,0.0,0.0,0.340686274509889,2026-04-20,EURUSD,4560.469999999999,4579.395,4559.370000000001,4568.455,0.0,0.0,0.0004949438296815,18131.0,0.0,0.0,-0.0463171036205097,2026-05-03,GOLD,0.0020400000000000418,20.024999999999636,0.0012592857142856692,18.862142857142835,-0.00037820622324313824,-0.37705276649006675,0.0,0.340686274509889,-0.0463171036205097,normal,0.993551233750806,1.0017495455031546,15,0,1,-0.0006955497616781825,-0.0016711001978036988,-0.001522121931773257,0,0,0
2026-05-04 16:00:00,1.170915,1.171785,1.1702050000000002,1.1715,0.0,0.0,6.44536727222188e-08,7353,0.0,0.0,0.319620253164605,2026-05-02,EURUSD,4568.435,4575.6900000000005,4555.775,4564.145,0.0,0.0,0.0006724944370142,23073.0,0.0,0.0,-0.0797137835801941,2026-05-01,GOLD,0.0015799999999999148,19.915000000000873,0.0013135714285713743,19.600357142857188,0.0014387631692067693,-0.3050634308328698,0.0,0.319620253164605,-0.0797137835801941,normal,0.9940433764382446,1.0022457491177412,16,0,1,0.0008415099336616105,-0.00024321867919463447,-0.0008656605672422435,0,1,1
2026-05-04 17:00:00,1.1715,1.171635,1.17043,1.17072,0.0,0.0,5.4801364347419833e-08,6730,0.0,0.0,-0.259336099585032,2026-05-01,EURUSD,4564.155000000001,4583.305,4553.6900000000005,4561.755,0.0,0.0,0.0006446833132775,21280.0,0.0,0.0,-0.2276717879453094,2026-05-02,GOLD,0.0012049999999999006,29.61499999999978,0.001347499999999946,20.64178571428582,-0.0001421662435245885,-0.21985899780323231,0.0,-0.259336099585032,-0.2276717879453094,normal,0.9946052486258251,1.0015784408084696,17,0,1,0.001197277049909351,-0.0010196985276236248,-0.0017309742059262723,0,1,1
2026-05-04 18:00:00,1.170715,1.17157,1.169405,1.169745,0.0,0.0,6.57877196332102e-08,10911,0.0,0.0,-0.3429561200924248,2026-05-02,EURUSD,4561.764999999999,4566.125,4512.405000000001,4521.665,0.0,0.0,0.0009468203733479,26632.0,0.0,0.0,-0.3276247207743964,2026-05-03,GOLD,0.0021649999999999725,53.719999999999345,0.0014353571428570935,22.960000000000036,0.007955463505343263,-0.0919872686149997,0.0,-0.3429561200924248,-0.3276247207743964,normal,0.9949180076889055,1.0007443054218799,18,0,1,-0.0010034844395858666,-0.001698336227901276,-0.0034163858726906637,0,0,0
2026-05-04 19:00:00,1.169755,1.17009,1.1681,1.16823,0.0,0.0,6.572919629592364e-08,9832,0.0,0.0,-0.4346733668341944,2026-04-30,EURUSD,4521.459999999999,4527.055,4500.795,4510.785,0.0,0.0,0.0008138330142742,24490.0,0.0,0.0,-0.119573495811131,2026-05-03,GOLD,0.0019900000000001583,26.26000000000022,0.0015339285714285333,22.879285714285743,0.0011110392218006693,-0.0919872686149997,0.0,-0.4346733668341944,-0.119573495811131,normal,0.9942467595468899,1.000111291841452,19,1,1,-0.0027912932138283164,-0.001952132181133881,-0.003994321839178361,0,0,0
2026-05-04 20:00:00,1.168235,1.16972,1.168175,1.169345,0.0,0.0,5.3448333197144146e-08,5346,0.0,0.0,0.2572815533979257,2026-04-30,EURUSD,4510.755,4531.715,4510.755,4522.515,0.0,0.0,0.0005257586922465,16072.0,0.0,0.0,0.061068702290064,2026-05-04,GOLD,0.0015450000000001296,20.960000000000036,0.0015414285714285508,23.048214285714298,-0.0016459989501234062,-0.024791511882469197,0.0,0.2572815533979257,0.061068702290064,normal,0.9951957037932239,1.0010658334046745,20,0,1,-0.0011744909115757318,2.1379947319877246e-05,-0.003179677343733367,0,0,0
2026-05-04 21:00:00,1.169335,1.169785,1.16882,1.16972,0.0,0.0,5.1826100474114724e-08,3966,0.0,0.0,0.4326424870465433,2026-04-27,EURUSD,4522.52,4525.39,4509.91,4516.485,0.0,0.0,0.0003939343220254,12429.0,0.0,0.0,-0.0752583979328118,2026-04-30,GOLD,0.0009650000000001047,15.480000000000473,0.001533928571428565,23.433571428571472,0.0016540212644269303,0.2500519082380334,0.0,0.4326424870465433,-0.0752583979328118,normal,0.9955148554455784,1.001386867562709,21,0,0,-2.1372179406564662e-05,-0.001024835172342975,-0.002694222767887444,0,0,0
2026-05-04 22:00:00,1.1697,1.17023,1.16934,1.1695,0.0,0.0,5.3301243677879935e-08,4400,0.0,0.0,-0.3202247191012048,2026-05-04,EURUSD,4516.44,4527.29,4511.445,4517.85,0.0,0.0,0.0004662939999791,12329.0,0.0,0.0,-0.0957715367623794,2026-05-01,GOLD,0.0008900000000000574,15.845000000000255,0.0015507142857142783,23.068571428571563,-0.0004903053765417109,0.20412414523188202,0.0,-0.3202247191012048,-0.0957715367623794,normal,0.9953276198095303,1.0011985275233286,22,0,0,0.001087114694880098,-0.0017072129748185727,-0.0019500164279283583,0,0,0
2026-05-04 23:00:00,1.169495,1.169495,1.168715,1.169085,0.0,0.0,3.7191450106043055e-08,1833,0.0,-1.4591289588190792,-0.0256410256411935,2026-04-28,EURUSD,4517.879999999999,4524.01,4511.84,4523.87,0.0,0.0,0.0003738619156678,4039.0,0.0,0.0,0.4884963023828819,2026-05-01,GOLD,0.0007850000000000357,12.170000000000073,0.0014949999999999924,22.723571428571567,-0.0016873447263529018,-4.694855340334407,0.0,-0.0256410256411935,0.4884963023828819,normal,0.994974425314258,1.0008432497217703,23,0,0,-0.00022234669836540544,-0.0013965764657647428,-0.002414850906422461,0,0,0
2026-05-05 00:00:00,1.16909,1.16957,1.16895,1.16905,0.0,0.0,5.0886514273648865e-08,195,0.0,-0.2300445205116835,-0.3387096774193895,2026-05-01,EURUSD,0.0,0.0,0.0,0.0,0.0,0.0,0.0,0.0,0.0,0.0,0.0,0,0,0.0006200000000000649,4523.87,0.0014407142857142871,344.7635714285716,0.9999700620570788,-0.533098168288067,0.0,-0.3387096774193895,0.0,normal,0.9956013166242978,1.0008132865336872,0,0,0,-0.0005727866497966527,-0.0005941465875042296,-0.002291473754731266,0,0,0
2026-05-05 01:00:00,1.16912,1.1692900000000002,1.16888,1.16901,0.0,0.0,4.042934935249577e-08,837,0.0,-1.1390843929929444,-0.1829268292683983,2026-05-03,EURUSD,4523.945,4525.764999999999,4515.73,4517.64,0.0,0.0,0.0005146550584386,3687.0,0.0,0.0,-0.3096661684104841,2026-05-02,GOLD,0.0004100000000002435,4525.764999999999,0.0013857142857143076,667.4878571428573,-inf,-2.761206393369062,0.0,-0.1829268292683983,-0.3096661684104841,normal,0.9958343981599797,1.0007790428901637,1,0,0,-0.00041898247114136034,0.0006676767417375107,-0.0012857588326504743,0,0,0
2026-05-05 02:00:00,1.169005,1.16929,1.1689699999999998,1.169165,0.0,0.0,4.618239404764244e-08,555,0.0,-0.5802181016497616,0.1093749999999891,2026-04-25,EURUSD,4517.585,4521.76,4516.33,4519.085,0.0,0.0,0.0003493761825294,3786.0,0.0,0.0,0.0073664825045969,2026-05-01,GOLD,0.000320000000000098,5.430000000000291,0.0013532142857143167,667.009642857143,-0.0001872664458952844,-1.1512703712632997,0.0,0.1093749999999891,0.0073664825045969,normal,0.9959664366641111,1.0009117370088179,2,0,0,6.84295838198068e-05,-0.00015393232963756276,-0.00013255567338277263,0,0,0
2026-05-05 03:00:00,1.16916,1.16939,1.16851,1.16863,0.0,0.0,3.954153461775488e-08,2053,0.0,-1.2094998534267452,-0.363636363636226,2026-04-27,EURUSD,4519.145,4530.375,4513.675,4530.015,0.0,0.0,0.000447661419225,9925.0,0.0,0.0,0.4784431137725017,2026-05-03,GOLD,0.0008799999999999919,16.699999999999818,0.0012117857142857544,664.642142857143,-0.002876222734207956,-2.3279071592564,0.0,-0.363636363636226,0.4784431137725017,normal,0.9955106908595281,1.0004537282766888,3,0,0,-0.0003592660707411044,-0.0009318469377287419,-0.0019557271205546956,0,0,0
2026-05-05 04:00:00,1.16864,1.16883,1.16797,1.168675,0.0,0.0,4.1136775417907445e-08,2616,0.0,-1.017310962850448,0.3197674418602054,2026-04-24,EURUSD,4529.785,4542.19,4525.62,4541.15,0.0,0.0,0.0004029444601039,12935.0,0.0,0.0,0.4372359686179854,2026-05-04,GOLD,0.0008600000000000829,16.56999999999971,0.0011610714285714854,664.4517857142857,-0.002419542628489202,-1.679842517474833,0.0,0.3197674418602054,0.4372359686179854,normal,0.995549024618792,1.0006036113941283,4,0,0,-0.0002865672663194818,-0.0007054296707995622,-0.002411438326931359,0,0,0
2026-05-05 05:00:00,1.16868,1.16915,1.168625,1.168755,0.0,0.0,3.3342737651290735e-08,1667,0.0,-1.7360827234453613,-0.2523809523810732,2026-04-21,EURUSD,4541.139999999999,4546.95,4534.615,4539.285,0.0,0.0,0.0003668877301211,7458.0,0.0,0.0,-0.1214025131738537,2026-05-02,GOLD,0.0005249999999998867,12.335000000000036,0.0010528571428571887,663.9025,0.0004791425130142857,-2.578437142591742,0.0,-0.2523809523810732,-0.1214025131738537,normal,0.9956171735241504,1.0006721063041004,5,0,0,-0.00035067762035301264,-0.000282272033256703,-0.0016784542845428296,0,0,0
2026-05-05 06:00:00,1.168735,1.168815,1.16836,1.1684,0.0,0.0,3.2199843898146525e-08,1117,0.0,-1.6545538816064584,-0.4120879120880434,2026-04-22,EURUSD,4539.18,4542.745,4532.370000000001,4534.755,0.0,0.0,0.0003346433382394,5748.0,0.0,0.0,-0.2701204819278011,2026-05-05,GOLD,0.0004549999999998722,10.37499999999909,0.0009725000000000428,663.2210714285712,0.0006942125075980465,-2.0821917236495113,0.0,-0.4120879120880434,-0.2701204819278011,normal,0.9953783570804849,1.0003681601410996,6,0,0,-0.00019681165124973976,-0.000556007014242188,-0.001149823252076243,0,0,0
2026-05-05 07:00:00,1.16839,1.168735,1.167695,1.16778,0.0,0.0,4.283226587768948e-08,1704,0.0,-0.6807245589291911,-0.4182692307693129,2026-05-01,EURUSD,4534.715,4536.555,4528.095,4533.62,0.0,0.0,0.0003462389107954,5832.0,0.0,0.0,0.1530732860519099,2026-05-01,GOLD,0.001040000000000152,8.460000000000036,0.0009607142857143465,661.7099999999999,-0.0002803510360717132,-0.4517391856381817,0.0,-0.4182692307693129,0.1530732860519099,normal,0.9949391677742562,1.000072792981044,7,0,0,-0.0007658245448904921,-0.001052172350963665,-0.0003851981202331878,1,0,1
2026-05-05 08:00:00,1.16777,1.16845,1.167655,1.16832,0.0,0.0,4.007551103760926e-08,2443,0.0,-0.9025895821359324,0.3364779874214504,2026-04-30,EURUSD,4533.54,4551.68,4531.38,4545.775,0.0,0.0,0.0004333499732831,10620.0,0.0,0.0,0.2091133004925587,2026-05-05,GOLD,0.0007949999999998791,20.300000000000182,0.000862857142857197,659.3228571428572,-0.0022186645950863504,-0.7508068169916672,0.0,0.3364779874214504,0.2091133004925587,low_vol,0.995399243431142,1.0005695175372862,8,0,0,-0.0003721909211082952,-0.0007227380224348323,-0.0008765590993249361,0,0,0
2026-05-05 09:00:00,1.168305,1.168955,1.16794,1.168585,0.0,0.0,4.89485442276464e-08,3927,0.0,-0.0914490028625491,0.1354679802954711,2026-04-25,EURUSD,4545.825000000001,4552.165,4533.805,4548.09,0.0,0.0,0.0004351531830395,12051.0,0.0,0.0,0.278050108932443,2026-05-01,GOLD,0.0010149999999999881,18.359999999999673,0.0007932142857143276,658.7585714285714,-0.00028244267809207635,0.5802400313670446,0.0,0.1354679802954711,0.278050108932443,low_vol,0.9963125900537979,1.0007964681348513,9,0,0,0.00015833618623739554,-3.850662741844424e-05,-0.0009703176828643745,0,0,0
2026-05-05 10:00:00,1.16859,1.169655,1.168575,1.16891,0.0,0.0,4.854258999370693e-08,4595,0.0,-0.112563603651616,-0.1898148148150356,2026-04-25,EURUSD,4548.02,4558.505,4543.41,4545.620000000001,0.0,0.0,0.0004003464538498,11074.0,0.0,0.0,-0.3535939052666145,2026-05-01,GOLD,0.0010799999999999699,15.095000000000255,0.0007600000000000305,658.339642857143,0.000821199248728921,0.5562171910908018,0.0,-0.1898148148150356,-0.3535939052666145,low_vol,0.9970487132901729,1.0010748037733748,10,0,0,0.0009676480158933298,0.00020108242240146623,-0.0005044890979051253,0,0,0
2026-05-05 11:00:00,1.168885,1.16968,1.16849,1.16888,0.0,0.0,4.19663145755752e-08,4203,0.0,-0.6738340577396865,-0.1722689075630307,2026-04-27,EURUSD,4545.65,4559.735000000001,4545.52,4558.5650000000005,0.0,0.0,0.0003974222157911,10117.0,0.0,0.0,0.4176925782623946,2026-05-01,GOLD,0.0011900000000000244,14.215000000000146,0.0007760714285714533,658.2492857142855,-0.002873461275922473,-0.3245482331843355,0.0,-0.1722689075630307,0.4176925782623946,low_vol,0.9970231240990473,1.0010491112528956,11,0,0,0.00047932073404544084,0.00010695141411143361,-0.00017535080853836593,0,0,0
2026-05-05 12:00:00,1.168885,1.169285,1.16811,1.169025,0.0,0.0,4.8298902350773836e-08,4919,0.0,-0.1209280869465944,0.2787234042553674,2026-04-24,EURUSD,4558.805,4560.57,4551.225,4556.360000000001,0.0,0.0,0.0004061666586541,9039.0,0.0,0.0,0.0494917067951394,2026-05-01,GOLD,0.001174999999999926,9.344999999999345,0.0007964285714285868,657.7849999999999,0.0006077552231075201,0.606810544666469,0.0,0.2787234042553674,0.0494917067951394,low_vol,0.9976446191067473,1.0011732917685445,12,0,0,0.0003765237445285674,0.0005349195480999214,-2.1384885163122647e-05,0,0,0
2026-05-05 13:00:00,1.169015,1.16977,1.168705,1.16895,0.0,0.0,4.6667688170361306e-08,3166,0.0,-0.1823891934668051,-0.2699530516432213,2026-05-02,EURUSD,4556.389999999999,4556.93,4540.299999999999,4543.75,0.0,0.0,0.0003583233038891,8180.0,0.0,0.0,-0.2925435959109732,2026-05-01,GOLD,0.0010649999999998716,16.63000000000102,0.000816428571428575,658.1035714285715,0.002703404042421642,0.5213125931833376,0.0,-0.2699530516432213,-0.2925435959109732,low_vol,0.9975806141911697,1.0011090604673467,13,0,1,3.421991427909887e-05,0.0010019010430046826,-5.132548053499164e-05,0,0,0
2026-05-05 14:00:00,1.1689349999999998,1.16947,1.16833,1.168905,0.0,0.0,4.7751710878327886e-08,4170,0.0,-0.0203648040053021,0.0043859649123097,2026-04-23,EURUSD,4543.780000000001,4565.02,4540.06,4562.955,0.0,0.0,0.0003637793238471,12835.0,0.0,0.0,0.4172676282051109,2026-05-01,GOLD,0.0011399999999999189,24.960000000000036,0.0008535714285714217,336.75285714285707,-0.004265181093108583,0.7971724755386738,0.0,0.0043859649123097,0.4172676282051109,low_vol,0.9975422112418234,1.0010705216866282,14,0,1,2.138799534612268e-05,0.0005007189811010448,-0.00022238092997983738,1,0,1
2026-05-05 15:00:00,1.1689,1.169775,1.168525,1.169235,0.0,0.0,5.4263097833815013e-08,5810,0.0,0.0,0.067999999999914,2026-05-05,EURUSD,4562.96,4574.655000000001,4554.25,4564.695,0.0,0.0,0.0004655383688776,15455.0,0.0,0.0,0.0118843420729906,2026-05-02,GOLD,0.0012499999999999734,20.405000000000655,0.0009135714285714025,14.941428571428592,-9.901633390052567e-05,0.8315852905172085,0.0,0.067999999999914,0.0118843420729906,normal,0.9978238328703644,1.0013531394118982,15,0,1,0.00017963687688471452,0.0005562282589628431,0.0005177002130700714,1,0,1
2026-05-05 16:00:00,1.16923,1.170465,1.16921,1.16975,0.0,0.0,4.8217824925737785e-08,5601,0.0,0.1165903554635682,-0.0697211155378627,2026-04-28,EURUSD,4564.424999999999,4585.125,4564.415,4579.424999999999,0.0,0.0,0.0004752712298169,18416.0,0.0,0.0,0.2247706422017782,2026-05-03,GOLD,0.0012550000000000061,20.710000000000036,0.0009803571428571103,16.032857142857146,-0.0027864817502338823,1.0123940928598574,0.0,-0.0697211155378627,0.2247706422017782,normal,0.9983911371715595,1.001794194346789,16,0,1,0.000684374866333215,0.0007186181998615204,0.0009198451237513172,0,0,0
2026-05-05 17:00:00,1.16976,1.17059,1.16916,1.170565,0.0,0.0,6.31888544234794e-08,8235,0.0,1.7333581301816052,0.4825174825173685,2026-04-30,EURUSD,4581.985000000001,4586.700000000001,4565.955,4582.525,0.0,0.0,0.0005134558385089,21128.0,0.0,0.0,0.2987466859483764,2026-05-03,GOLD,0.0014300000000000423,20.7450000000008,0.0010196428571428281,16.321785714285788,1.9789188211660758e-05,2.885398287710428,0.0,0.4825174825173685,0.2987466859483764,normal,0.9991421767371989,1.0024921744864708,17,0,1,0.00142013251718498,0.0014415508863185877,0.0015486564763360633,0,0,0
2026-05-05 18:00:00,1.17057,1.171365,1.17011,1.170655,0.0,0.0,4.7878588576792885e-08,5140,0.0,0.0,-0.0657370517928167,2026-05-05,EURUSD,4582.54,4583.935,4568.485000000001,4568.605,0.0,0.0,0.0003725018460185,12472.0,0.0,0.0,-0.4922330097088032,2026-05-03,GOLD,0.0012550000000000061,15.449999999999818,0.0010478571428571084,16.241785714285793,0.003114512584208917,0.5574115407789644,0.0,-0.0657370517928167,-0.4922330097088032,normal,0.9993938695453595,1.002569252047908,18,0,1,0.0012144692897493314,0.001394324330104224,0.0019299897295446122,0,0,0
2026-05-05 19:00:00,1.17065,1.170875,1.1698,1.169935,0.0,0.0,4.191491251381383e-08,2956,0.0,-0.5507973441220709,-0.3744186046511848,2026-04-30,EURUSD,4568.610000000001,4569.1,4553.905,4561.3150000000005,0.0,0.0,0.0003849248495321,13273.0,0.0,0.0,-0.0123395853899303,2026-05-04,GOLD,0.0010750000000001592,15.195000000000618,0.001087142857142842,16.44607142857155,0.0009806327794961156,-0.152512804939128,0.0,-0.3744186046511848,-0.0123395853899303,normal,0.998779202042062,1.00195263155641,19,1,1,0.0001581534515922023,0.0008426365541724934,0.0018453818356196638,0,0,0
2026-05-05 20:00:00,1.169945,1.17041,1.169615,1.16988,0.0,0.0,4.1451894451425526e-08,3200,0.0,-0.5564152466692899,-0.166666666666527,2026-04-30,EURUSD,4561.325,4562.82,4553.385,4559.98,0.0,0.0,0.0003096438607835,12928.0,0.0,0.0,0.1989931107577849,2026-05-04,GOLD,0.0007949999999998791,9.43499999999949,0.0011114285714285568,16.378928571428723,0.00024566759727728815,-0.12975205336490267,0.0,-0.166666666666527,0.1989931107577849,normal,0.9987322482744491,1.0019055286021983,20,0,1,-0.0005851874949277525,0.0008341139784668883,0.001335250616269601,0,0,0
2026-05-05 21:00:00,1.169875,1.170085,1.16971,1.169985,0.0,0.0,4.291143238049445e-08,1709,0.0,-0.2993781970623533,0.2333333333333728,2026-04-22,EURUSD,4559.969999999999,4565.9400000000005,4557.77,4561.15,0.0,0.0,0.0002554292054528,8514.0,0.0,0.0,-0.0862913096696243,2026-05-01,GOLD,0.0003750000000000142,8.170000000000073,0.001063928571428547,16.35821428571444,-0.00016682727756123228,0.23923659963041397,0.0,0.2333333333333728,-0.0862913096696243,normal,0.9988218872853466,1.0019954524238752,21,0,0,-0.0005723291661505758,0.0006414450474028222,0.0011980300962275425,0,0,0
2026-05-05 22:00:00,1.170025,1.17012,1.169425,1.16953,0.0,0.0,3.5088197084004284e-08,2137,0.0,-1.3214051211349058,-0.3489208633095054,2026-04-28,EURUSD,4561.305,4561.645,4551.700000000001,4554.799999999999,0.0,0.0,0.0002728849585473,8000.0,0.0,0.0,-0.188285570638649,2026-05-01,GOLD,0.0006950000000001122,9.944999999999709,0.0010567857142857065,15.618571428571547,0.0010032988836974344,-1.069932478724281,0.0,-0.3489208633095054,-0.188285570638649,normal,0.9984334515714572,1.0016057825299423,22,0,0,-0.0003461730779914518,-0.00018807437486656475,0.0005304086713262546,0,0,0
2026-05-05 23:00:00,1.169525,1.16969,1.16921,1.169295,0.0,0.0,3.9229632678038767e-08,1363,0.0,-0.7418021413561369,-0.3229166666665944,2026-04-24,EURUSD,4555.1900000000005,4560.075000000001,4554.120000000001,4557.585,0.0,0.0,0.00029072941845,3228.0,0.0,0.0,0.0818639798487453,2026-05-04,GOLD,0.0004799999999998139,5.954999999999927,0.0010185714285714084,14.732500000000138,-0.0008123782919536859,-0.339481573946046,0.0,-0.3229166666665944,0.0818639798487453,normal,0.9982328309280198,1.0014045244528562,23,0,0,-0.0005000512873115648,-0.0010849461584790943,0.0003550407227432828,1,0,1
2026-05-06 00:00:00,1.169265,1.16942,1.1692399999999998,1.169345,0.0,0.0,1.572868665829241e-08,175,0.0,-3.07074964313418,0.0833333333326137,2026-04-23,EURUSD,0.0,0.0,0.0,0.0,0.0,0.0,0.0,0.0,0.0,0.0,0.0,0,0,0.000180000000000069,4557.585,0.0009542857142857011,339.19607142857154,1.0000427608088636,-2.7742743848227933,0.0,0.0833333333326137,0.0,normal,0.9982755161713045,1.0014473453203214,0,0,0,-0.0005470155600285631,-0.0011190316532196931,0.00027373238382422116,1,0,1
2026-05-06 01:00:00,1.16934,1.170945,1.169175,1.1705549999999998,0.0,0.0,7.053727613803712e-08,2178,0.0,2.5300639813833508,0.2796610169489696,2026-04-27,EURUSD,4560.405,4577.35,4546.385,4573.535,0.0,0.0,0.0005681095997997,9490.0,0.0,0.0,0.3767963830130634,2026-05-01,GOLD,0.0017699999999998273,4577.35,0.0009957142857142584,665.1342857142857,-inf,2.7605178575399836,0.0,0.2796610169489696,0.3767963830130634,normal,0.9993084990587903,1.0024836103129775,1,0,0,0.0008764204423998834,0.0005299439712460607,0.001373027075580513,1,0,1
2026-05-06 02:00:00,1.17056,1.17254,1.17052,1.17147,0.0,0.0,5.0662469696373984e-08,3325,0.0,0.6071097112659544,-0.0297029702971124,2026-04-28,EURUSD,4573.5650000000005,4595.83,4569.764999999999,4594.075000000001,0.0,0.0,0.0005076065440814,15654.0,0.0,0.0,0.4326683291770893,2026-05-01,GOLD,0.0020199999999999108,26.06500000000051,0.0010560714285714004,666.3285714285715,-0.0037093751208860937,0.9239402862134816,0.0,-0.0297029702971124,0.4326683291770893,normal,0.9990874511743737,1.0032672321875895,2,0,0,0.0018600951855605175,0.00135911375525688,0.0021943613895054614,0,0,0
2026-05-06 03:00:00,1.17148,1.172155,1.171125,1.17202,0.0,0.0,4.8106148417569536e-08,4845,0.0,0.0,0.3689320388349661,2026-05-05,EURUSD,4593.91,4620.215,4588.255,4618.855,0.0,0.0,0.0004528287067272,19072.0,0.0,0.0,0.4574468085106059,2026-05-01,GOLD,0.0010300000000000864,31.960000000000036,0.0010535714285714157,667.4235714285716,-0.004924408513733658,0.33257137284146093,0.0,0.3689320388349661,0.4574468085106059,normal,0.9995565183277331,1.0037382617297061,3,0,0,0.002287605454335484,0.0017393385385282567,0.0023818992760222812,0,0,0
2026-05-06 04:00:00,1.17199,1.1726,1.17177,1.172125,0.0,0.0,4.0940911502790245e-08,3942,0.0,-0.3493500260356811,-0.0722891566267026,2026-05-05,EURUSD,4618.845,4628.805,4609.52,4626.32,0.0,0.0,0.0005462941051479,16013.0,0.0,0.0,0.3711433756805496,2026-05-03,GOLD,0.0008300000000001084,19.284999999999854,0.001031428571428572,667.0182142857144,-0.0015266125030191091,-0.011735919061140706,0.0,-0.0722891566267026,0.3711433756805496,normal,0.9995949172778441,1.0038281855513829,4,0,0,0.001341244110699913,0.002218840046856574,0.0020303483650352394,1,0,1
2026-05-06 05:00:00,1.17212,1.172485,1.171565,1.171735,0.0,0.0,3.8677205330221484e-08,2320,0.0,-0.5966546832380901,-0.3152173913044711,2026-04-27,EURUSD,4626.195,4642.12,4625.615,4640.825,0.0,0.0,0.0003977188680564,12025.0,0.0,0.0,0.4215389275976662,2026-05-01,GOLD,0.0009200000000000319,16.50500000000011,0.0010078571428571476,666.739642857143,-0.003468050396356892,-0.29364704204905473,0.0,-0.3152173913044711,0.4215389275976662,normal,0.9992623230428107,1.0034941827851547,5,0,0,0.00022621151203194856,0.002086727472536909,0.0009995173271026836,1,0,1
2026-05-06 06:00:00,1.171725,1.172305,1.17163,1.17178,0.0,0.0,3.8565094398598285e-08,2145,0.0,-0.6495838997708409,-0.277777777777796,2026-04-29,EURUSD,4640.78,4651.959999999999,4638.605,4643.795,0.0,0.0,0.0004289716680864,9883.0,0.0,0.0,-0.1113815050542359,2026-05-03,GOLD,0.0006749999999999812,13.354999999999563,0.0009664285714285745,666.2142857142857,-0.0006015678306290351,-0.39845436126447364,0.0,-0.277777777777796,-0.1113815050542359,normal,0.9993006993006993,1.0035327215658734,6,0,0,-0.0002047746625484237,0.002082362348152067,0.0009610004655513649,1,0,1
2026-05-06 07:00:00,1.171775,1.174295,1.17163,1.1737,0.0,0.0,6.58352489522057e-08,7788,0.0,1.8144921105660772,0.2767354596623191,2026-04-26,EURUSD,4643.775,4653.68,4643.395,4648.88,0.0,0.0,0.0004440180807601,8989.0,0.0,0.0,0.0333009236752309,2026-05-04,GOLD,0.0026650000000001395,10.284999999999854,0.001054642857142867,665.4671428571429,0.0005435232530985878,1.7984929663481586,0.0,0.2767354596623191,0.0333009236752309,normal,0.999493313009082,1.0051770428765345,7,0,0,0.001343713341153796,0.0026867596994588627,0.003218127502810031,0,0,0
2026-05-06 08:00:00,1.173695,1.17381,1.17301,1.1733,0.0,0.0,4.0282639532908646e-08,3915,0.0,-0.5311779987256968,-0.1375000000000832,2026-04-28,EURUSD,4648.985000000001,4664.0,4644.705,4663.16,0.0,0.0,0.000451325244031,9815.0,0.0,0.0,0.4564654055454707,2026-05-02,GOLD,0.0007999999999999119,19.295000000000073,0.0010221428571428604,665.7417857142856,-0.0034125101841867567,-0.3735308346752229,0.0,-0.1375000000000832,0.4564654055454707,normal,0.9991526830992211,1.0045892768464133,8,0,0,0.0013356262294803578,0.001562139875540991,0.002923376756590379,1,0,1
2026-05-06 09:00:00,1.173305,1.173565,1.17283,1.173335,0.0,0.0,5.016663466336777e-08,4291,0.0,0.37092475596689,0.1870748299318566,2026-04-24,EURUSD,4663.145,4669.645,4657.135,4669.51,0.0,0.0,0.0004172869346034,12404.0,0.0,0.0,0.4892086330935079,2026-05-02,GOLD,0.0007349999999999302,12.510000000000218,0.0009978571428571298,665.5500000000001,-0.0013319071412953853,0.4420241294744364,0.0,0.1870748299318566,0.4892086330935079,normal,0.999182488216334,1.004473037642003,9,0,0,0.0013270409121166615,0.0011219945052132196,0.0028632845720244493,1,0,1
2026-05-06 10:00:00,1.17334,1.1738300000000002,1.17245,1.17377,0.0,0.0,5.0420375132443793e-08,5530,0.0,0.3861315159743869,0.4565217391303158,2026-04-25,EURUSD,4669.54,4681.995,4657.525,4681.495,0.0,0.0,0.0004509841524825,11915.0,0.0,0.0,0.4795668165099939,2026-05-05,GOLD,0.0013800000000001589,24.470000000000255,0.001039642857142864,666.6239285714286,-0.0021959123525068236,0.4350077200305263,0.0,0.4565217391303158,0.4795668165099939,normal,0.9995529232433076,1.0048454340772701,10,0,0,5.9640453267562066e-05,0.0014034339340940338,0.0036253879763665786,1,0,1
2026-05-06 11:00:00,1.173745,1.17707,1.173285,1.176245,0.0,0.0,7.885796195573743e-08,7826,0.0,2.43990375209153,0.2820343461030269,2026-05-03,EURUSD,4681.525,4702.805,4671.74,4700.235000000001,0.0,0.0,0.0006414248982791,13837.0,0.0,0.0,0.4172702398197435,2026-05-06,GOLD,0.0037850000000001494,31.06500000000051,0.0012832142857143022,668.2592857142857,-0.001894404500870861,2.0038184080249715,0.0,0.2820343461030269,0.4172702398197435,normal,0.99929910710493,1.0069642413813769,11,0,0,0.0025100144890479736,0.0038489931597160965,0.005943752432020943,0,0,0
2026-05-06 12:00:00,1.17624,1.177705,1.175615,1.177525,0.0,0.0,5.6922911551277015e-08,6825,0.0,0.6847432639045342,0.4138755980860883,2026-04-30,EURUSD,4700.585,4708.5650000000005,4689.185,4701.825000000001,0.0,0.0,0.0005717622175632,17849.0,0.0,0.0,0.1522187822497715,2026-05-02,GOLD,0.0020899999999999253,19.38000000000011,0.001382857142857146,668.9332142857145,0.0007499277057188003,0.5063133829843277,0.0,0.4138755980860883,0.1522187822497715,normal,0.9998471603669848,1.0078702079035888,12,0,0,0.003571017654804498,0.004902797453446794,0.0069953692024165015,0,1,1
2026-05-06 13:00:00,1.17752,1.1796799999999998,1.17666,1.17891,0.0,0.0,6.329971888150013e-08,7622,0.0,1.0948551071377794,0.2450331125827853,2026-04-24,EURUSD,4701.83,4723.09,4695.575000000001,4718.01,0.0,0.0,0.0005184848639424,17017.0,0.0,0.0,0.3153734326730861,2026-05-02,GOLD,0.0030199999999998006,27.514999999999418,0.0015642857142857164,670.4732142857143,-0.0022660845566413457,0.7922476295080546,0.0,0.2450331125827853,0.3153734326730861,high_vol,0.9993472806184729,1.0090556606438248,13,0,1,0.004379052114127813,0.004438953736048301,0.007137639837513143,0,1,1
2026-05-06 14:00:00,1.178905,1.17917,1.176825,1.177005,0.0,0.0,6.326732261588574e-08,7980,0.0,1.0189049113138269,-0.4232409381663779,2026-04-30,EURUSD,4718.04,4721.35,4690.96,4692.23,0.0,0.0,0.0005156186008538,18262.0,0.0,0.0,-0.458209937479465,2026-05-03,GOLD,0.0023450000000000415,30.390000000000327,0.0017189285714285716,347.10214285714295,0.0038482687231155,0.6872063328163742,0.0,-0.4232409381663779,-0.458209937479465,high_vol,0.9977324359148245,1.0072570120450997,14,0,1,0.0006461238942567782,0.003157760163640999,0.004724832902251119,0,0,0
2026-05-06 15:00:00,1.17701,1.17702,1.17519,1.175365,0.0,0.0,6.657231037486283e-08,8914,0.0,1.188112889729446,-0.4043715846994337,2026-05-01,EURUSD,4692.27,4693.22,4660.42,4683.375,0.0,0.0,0.0006889141926211,19883.0,0.0,0.0,0.1998475609756175,2026-05-06,GOLD,0.0018299999999999983,32.80000000000018,0.0017232142857142982,22.491428571428646,0.0004937953309884779,0.7739571235773135,0.0,-0.4043715846994337,0.1998475609756175,high_vol,0.9963422284009225,1.0053072291217626,15,0,1,-0.0018343559584721447,0.0017301111788192713,0.0028540468592685997,0,0,0
2026-05-06 16:00:00,1.17536,1.175935,1.17464,1.17517,0.0,0.0,5.947850780443737e-08,8533,0.0,0.6417779159064005,-0.0907335907335818,2026-04-22,EURUSD,4683.344999999999,4708.03,4668.735,4702.24,0.0,0.0,0.0006914885221281,22604.0,0.0,0.0,0.3526530092887148,2026-05-05,GOLD,0.0012950000000000461,39.29500000000007,0.0016714285714285934,23.436428571428614,-0.004193983952089253,0.3182713927949491,0.0,-0.0907335907335818,0.3526530092887148,high_vol,0.9961769293367695,1.0051404427110062,16,0,1,-0.0031724219830180367,0.0011927379299181418,0.0025978457928974574,0,0,0
2026-05-06 17:00:00,1.17514,1.1762899999999998,1.1745,1.17552,0.0,0.0,5.6364292742855294e-08,8296,0.0,0.4477524528030525,0.0698324022347325,2026-04-28,EURUSD,4702.23,4717.5650000000005,4697.969999999999,4703.265,0.0,0.0,0.0005626935343732,22277.0,0.0,0.0,-0.2297780045929743,2026-05-03,GOLD,0.0017899999999997362,19.595000000001164,0.001725714285714283,22.553214285714407,7.984803277349961e-05,0.2127820914166207,0.0,0.0698324022347325,-0.2297780045929743,high_vol,0.9964736199647363,1.0054269035858616,17,0,1,-0.0012616768832759417,-0.0006163681886002248,0.003230252574174086,0,0,0
2026-05-06 18:00:00,1.17551,1.17585,1.174875,1.17529,0.0,0.0,4.845356064343455e-08,5669,0.0,-0.1223090185006304,-0.0743589743591238,2026-04-26,EURUSD,4703.21,4705.875,4687.855,4687.92,0.0,0.0,0.0004169966153526,16206.0,0.0,0.0,-0.4963928967813258,2026-05-03,GOLD,0.0009750000000001702,18.020000000000437,0.0017360714285714301,22.462857142857306,0.0030669690406902594,-0.253193742972777,0.0,-0.0743589743591238,-0.4963928967813258,high_vol,0.9962786518377866,1.0052301836765238,18,0,1,-6.380996541499595e-05,-0.0018980488736969336,0.002995442830565409,0,0,0
2026-05-06 19:00:00,1.17528,1.17536,1.17419,1.174435,0.0,0.0,4.76555443050345e-08,4177,0.0,-0.1982491684373262,-0.290598290598323,2026-04-27,EURUSD,4687.79,4692.219999999999,4679.7,4683.235,0.0,0.0,0.0003895333620975,16328.0,0.0,0.0,-0.217651757188463,2026-05-02,GOLD,0.0011699999999998933,12.519999999999527,0.001753928571428563,22.178214285714407,0.00027189709627017944,-0.3298665123058635,0.0,-0.290598290598323,-0.217651757188463,high_vol,0.9955538790180388,1.0044988987961596,19,1,1,-0.0006254414254960317,-0.003795879244386735,0.0006262247593080694,0,0,0
2026-05-06 20:00:00,1.17443,1.175565,1.174275,1.174825,0.0,0.0,4.2022933279905935e-08,3596,0.0,-0.6083035473589631,-0.0736434108526784,2026-04-30,EURUSD,4683.23,4688.115,4678.955,4684.1,0.0,0.0,0.0003530967497661,13293.0,0.0,0.0,0.0616812227074801,2026-05-04,GOLD,0.0012900000000000134,9.159999999999854,0.0017978571428571369,21.878571428571572,0.00014737318505964048,-0.6673477950868557,0.0,-0.0736434108526784,0.0616812227074801,high_vol,0.9958844771463449,1.0048324673380802,20,0,1,-0.0005912277119911602,-0.001852158656930114,0.001299752833887391,0,0,0
2026-05-06 21:00:00,1.17483,1.17517,1.1744750000000002,1.174945,0.0,0.0,4.00191936476139e-08,2777,0.0,-0.7404174944376619,0.1762589928058197,2026-04-30,EURUSD,4684.155,4690.6,4682.01,4686.07,0.0,0.0,0.0003055076824209,8440.0,0.0,0.0,-0.0273573923167145,2026-05-02,GOLD,0.0006949999999998902,8.590000000000146,0.0016571428571428332,21.757500000000164,-0.00031842884901234214,-0.7545655774939395,0.0,0.1762589928058197,-0.0273573923167145,high_vol,0.995986199647362,1.0049351038125172,21,0,0,-0.00029354457197805495,-0.00035733580632402173,0.00137215714182215,0,0,0
2026-05-06 22:00:00,1.17494,1.175555,1.17476,1.1747649999999998,0.0,0.0,4.0340345220577474e-08,2701,0.0,0.0,-0.4937106918241383,2026-05-06,EURUSD,4686.1,4700.185,4686.1,4692.63,0.0,0.0,0.000319634956646,10564.0,0.0,0.0,-0.0363862264820624,2026-05-03,GOLD,0.0007949999999998791,14.115000000000691,0.0016567857142856881,21.38750000000021,-0.0015530923879427672,-0.1988498995928021,0.0,-0.4937106918241383,-0.0363862264820624,high_vol,0.9958336158958362,1.0047811491008616,22,0,0,0.00028098617633154355,-0.00034463098955916927,0.0008476958859060524,0,0,0
2026-05-06 23:00:00,1.17477,1.17507,1.1744949999999998,1.17477,0.0,0.0,3.8443512036323956e-08,1562,0.0,-0.8787960273984287,-0.0217391304347238,2026-05-05,EURUSD,4692.49,4699.5650000000005,4685.325000000001,4691.0650000000005,0.0,0.0,0.0002976065617326,6682.0,0.0,0.0,-0.0969101123595597,2026-05-03,GOLD,0.0005750000000002142,14.239999999999782,0.001645357142857137,21.511071428571604,0.0003377578528085401,-0.9365788271480242,0.0,-0.0217391304347238,-0.0969101123595597,high_vol,0.9958378543333788,1.00478542562063,23,0,0,-4.6815483156992244e-05,-0.0006380155165371937,-0.0012539904526691625,0,0,0
2026-05-07 00:00:00,1.17482,1.175055,1.174605,1.174985,0.0,0.0,2.66105148753066e-08,380,0.0,-1.9245882306441464,0.3444444444443567,2026-04-27,EURUSD,0.0,0.0,0.0,0.0,0.0,0.0,0.0,0.0,0.0,0.0,0.0,0,0,0.00045000000000006146,4691.0650000000005,0.0015789285714285586,354.8392857142859,1.0001830145475283,-2.0764432217922697,0.0,0.3444444444443567,0.0,high_vol,0.9960201071477012,1.004969315970663,0,0,0,3.4044146747236326e-05,-0.0002595104187052,-0.0021570667289442236,0,0,0
2026-05-07 01:00:00,1.1749550000000002,1.17515,1.17494,1.17506,0.0,0.0,3.4888462973157605e-08,1012,0.0,-1.181402208022894,0.0714285714290245,2026-05-03,EURUSD,4693.295,4700.07,4689.585,4694.9400000000005,0.0,0.0,0.000586446527382,4887.0,0.0,0.0,0.01072961373401,2026-05-02,GOLD,0.00020999999999982144,4700.07,0.0013235714285713923,688.339642857143,-inf,-1.3230020499563317,0.0,0.0714285714290245,0.01072961373401,normal,0.996083683710837,1.0038786180500974,1,0,0,0.0002511140525978117,0.0005321707885068694,-0.0032657285119304102,0,0,0
2026-05-07 02:00:00,1.175055,1.175205,1.17464,1.1748,0.0,0.0,3.2140922403288346e-08,897,0.0,-1.2902955077893408,-0.2168141592920232,2026-04-30,EURUSD,4694.93,4699.685,4690.34,4698.969999999999,0.0,0.0,0.0004258414179698,4195.0,0.0,0.0,0.4234884965221834,2026-05-04,GOLD,0.0005650000000001487,9.345000000000255,0.0012146428571428367,687.6228571428572,-0.001079636224088909,-1.3070309016680823,0.0,-0.2168141592920232,0.4234884965221834,normal,0.9958632849586331,1.0031380083253283,2,0,0,2.5536913608625866e-05,-2.1279765071380297e-05,-0.001873399008500365,0,0,0
2026-05-07 03:00:00,1.174805,1.17542,1.17468,1.174865,0.0,0.0,4.379013117599658e-08,4513,0.0,-0.3663777214896396,-0.2499999999998499,2026-05-05,EURUSD,4698.99,4701.31,4685.610000000001,4688.615,0.0,0.0,0.0005083869441974,11789.0,0.0,0.0,-0.3085987261146873,2026-05-02,GOLD,0.0007399999999999629,15.699999999999818,0.0010517857142857054,686.7789285714288,0.0022590029888314156,-0.38461923458534397,0.0,-0.2499999999998499,-0.3085987261146873,normal,0.995918384646684,1.0028167451229766,3,0,0,-0.00010212896334838018,-6.808829349447265e-05,-0.0004253997694332323,0,0,0
2026-05-07 04:00:00,1.17487,1.176335,1.174655,1.17591,0.0,0.0,4.3370128777290834e-08,4070,0.0,-0.4085903608602056,0.2470238095238559,2026-05-02,EURUSD,4688.625,4721.585,4685.23,4714.995,0.0,0.0,0.0005498325373031,15894.0,0.0,0.0,0.3187319488378599,2026-05-04,GOLD,0.0016799999999999038,36.35500000000047,0.0010042857142856956,687.2050000000002,-0.004736931105657094,-0.42304872528918025,0.0,0.2470238095238559,0.3187319488378599,normal,0.9968042180930423,1.0037087144119192,4,0,0,0.0007233673174136257,0.0009746630177100979,0.0006296961290706005,0,0,0
2026-05-07 05:00:00,1.175905,1.17611,1.175465,1.17565,0.0,0.0,3.587384647037708e-08,2315,0.0,-0.9767643845754131,-0.2131782945734886,2026-05-04,EURUSD,4714.99,4718.72,4700.015,4707.125,0.0,0.0,0.0004676923241033,11685.0,0.0,0.0,-0.119887730553344,2026-05-02,GOLD,0.0006450000000000067,18.704999999999927,0.0009196428571428392,686.1982142857145,0.0014480374525688289,-0.9504706886256782,0.0,-0.2131782945734886,-0.119887730553344,normal,0.9965838193408384,1.0034311173322636,5,0,0,0.0007235274089207877,0.0007490827991862847,0.00011058935619989718,0,0,0
2026-05-07 06:00:00,1.175645,1.17567,1.17488,1.17489,0.0,0.0,3.2253595674029286e-08,2033,0.0,-1.211251146676105,-0.4873417721519574,2026-05-01,EURUSD,4707.110000000001,4709.9,4699.07,4699.219999999999,0.0,0.0,0.0003971715039822,6844.0,0.0,0.0,-0.4861495844875681,2026-05-02,GOLD,0.0007900000000000684,10.829999999999927,0.0008835714285714122,684.1650000000002,0.0010329181421101508,-1.1304731843241147,0.0,-0.4873417721519574,-0.4861495844875681,normal,0.9959395768343959,1.0027824483838754,6,0,0,2.1279040570476582e-05,-8.085209598418519e-05,-0.00034034153272810563,0,0,0
2026-05-07 07:00:00,1.17487,1.175365,1.174785,1.17509,0.0,0.0,3.405362771197613e-08,1735,0.0,-0.9932796321697008,0.0258620689653027,2026-04-28,EURUSD,4699.25,4700.9400000000005,4692.4,4696.469999999999,0.0,0.0,0.0003593995420646,8373.0,0.0,0.0,-0.0234192037471554,2026-05-05,GOLD,0.0005800000000000249,8.540000000000873,0.0007971428571428614,683.3753571428572,0.0007554322041193329,-0.8606509870466977,0.0,0.0258620689653027,-0.0234192037471554,low_vol,0.9961091143360913,1.0022516951682374,7,0,0,-0.0006973322788309533,2.553061120291744e-05,0.0005577149863551512,1,0,1
2026-05-07 08:00:00,1.1750850000000002,1.17538,1.175,1.175195,0.0,0.0,3.3285571925001433e-08,2252,0.0,-1.0119412309411375,0.0131578947363423,2026-04-30,EURUSD,4696.43,4706.71,4694.8,4701.19,0.0,0.0,0.0003755480841059,9340.0,0.0,0.0,0.0365239294709904,2026-05-03,GOLD,0.00038000000000004697,11.909999999999854,0.0007546428571428525,682.9389285714286,-0.0009156552879925339,-0.8482123058065425,0.0,0.0131578947363423,0.0365239294709904,low_vol,0.9961981215244814,1.002341251226065,8,0,0,-0.0003870199464126589,0.0003362274429690171,0.00031494052305669484,1,0,1
2026-05-07 09:00:00,1.17517,1.17568,1.174505,1.17481,0.0,0.0,4.9576457682212926e-08,4798,0.0,0.2276109621613595,-0.2404255319148321,2026-04-23,EURUSD,4701.21,4724.56,4701.21,4722.89,0.0,0.0,0.0004166565079858,7023.0,0.0,0.0,0.4284796573875949,2026-05-02,GOLD,0.0011750000000001481,23.3700000000008,0.0007550000000000136,683.7139285714287,-0.004943457787950578,0.38086370474836995,0.0,-0.2404255319148321,0.4284796573875949,low_vol,0.9958717618337177,1.0020128790140304,9,0,0,-6.80914809046973e-05,-4.6813889255425956e-05,-0.00011489899527206138,1,0,1
2026-05-07 10:00:00,1.174805,1.176875,1.1747999999999998,1.176695,0.0,0.0,5.596922198885839e-08,7641,0.0,0.6896979302374059,0.4132530120482686,2026-04-26,EURUSD,4738.735000000001,4750.625,4731.66,4743.085,0.0,0.0,0.000516548111553,17191.0,0.0,0.0,0.1024255206960239,2026-05-04,GOLD,0.002075000000000049,27.734999999999673,0.0008110714285714447,685.0407142857146,-0.0026714687883111488,0.817971008458623,0.0,0.4132530120482686,0.1024255206960239,low_vol,0.9974696527871967,1.0029063697226166,10,0,0,0.0013658528282940452,0.0006675680961978347,0.0016428817678431074,0,0,0
2026-05-07 11:00:00,1.1767,1.17742,1.1763050000000002,1.177185,0.0,0.0,4.593433111428168e-08,5311,0.0,0.0433123064920041,0.2892376681612447,2026-04-28,EURUSD,4743.1,4753.5,4730.92,4731.12,0.0,0.0,0.000458627750477,15780.0,0.0,0.0,-0.4911426040744101,2026-05-07,GOLD,0.001114999999999755,22.579999999999927,0.000841071428571435,686.0400000000001,0.002939040339507426,0.33453077331735376,0.0,0.2892376681612447,-0.4911426040744101,normal,0.9978850196663502,1.0025506945213294,11,0,0,0.0016933359995574548,0.0013056606983370411,0.002055721545493938,0,0,0
2026-05-07 12:00:00,1.17718,1.17784,1.17658,1.177035,0.0,0.0,4.1700941187165934e-08,4593,0.0,-0.2787796535252425,-0.1388888888889133,2026-05-01,EURUSD,4731.16,4739.645,4721.8,4731.045,0.0,0.0,0.0003981657882471,12694.0,0.0,0.0,0.0180722891566384,2026-05-04,GOLD,0.0012600000000000389,17.845000000000255,0.0008742857142857322,686.3064285714287,-0.00011157013947937777,0.007386856696284611,0.0,-0.1388888888889133,0.0180722891566384,normal,0.9977578665400788,1.0024229468825319,12,0,0,0.0018939232726995492,0.0018257028317545387,0.001744703123869762,0,0,0
2026-05-07 13:00:00,1.17703,1.17762,1.1765,1.176695,0.0,0.0,4.398484656276368e-08,4565,0.0,-0.0016544338370318,-0.3258928571427438,2026-05-04,EURUSD,4728.924999999999,4739.795,4726.745,4735.655,0.0,0.0,0.0003686837370197,10475.0,0.0,0.0,0.1827586206895996,2026-05-05,GOLD,0.0011199999999997878,13.050000000000182,0.0009132142857142732,686.2214285714288,-0.001263276162200011,0.4174334317900039,0.0,-0.3258928571427438,0.1827586206895996,normal,0.9979010660040537,1.0021333855679233,13,0,1,0.0,0.0013658528282940452,0.0013914183105543376,0,0,0
2026-05-07 14:00:00,1.1767,1.177035,1.176235,1.176995,0.0,0.0,4.2261794616224276e-08,4149,0.0,-0.0902844100374661,0.4499999999999445,2026-04-26,EURUSD,4735.68,4743.735,4727.42,4742.96,0.0,0.0,0.000373292118341,11909.0,0.0,0.0,0.4524977015017346,2026-05-05,GOLD,0.0008000000000001339,16.3149999999996,0.0009382142857142783,352.31071428571437,-0.0012876018796235122,0.3891755027930401,0.0,0.4499999999999445,0.4524977015017346,normal,0.9992825850709774,1.002388880845519,14,0,1,-0.00016140198864234012,0.0015316607031172769,0.001868403132448071,0,0,0
2026-05-07 15:00:00,1.177,1.177795,1.176725,1.177295,0.0,0.0,4.5481649420783225e-08,5086,0.0,0.3940400648451252,0.0327102803738346,2026-05-06,EURUSD,4742.98,4752.695,4733.625,4750.14,0.0,0.0,0.0004860147058002,15862.0,0.0,0.0,0.3660199265862915,2026-05-05,GOLD,0.0010699999999999044,19.06999999999971,0.0009996428571428556,17.953571428571518,-0.001258936207405137,1.1847858389409496,0.0,0.0327102803738346,0.3660199265862915,normal,0.9995372885960742,1.0026443761231145,15,0,1,0.0002208940260908232,0.002115235655127279,0.002068322743464135,0,0,0
2026-05-07 16:00:00,1.1772900000000002,1.177725,1.1766649999999998,1.176865,0.0,0.0,4.8401792086932036e-08,6807,0.0,0.8851247577973542,-0.3113207547168428,2026-04-30,EURUSD,4750.17,4758.110000000001,4731.360000000001,4746.48,0.0,0.0,0.0005721774627605,22940.0,0.0,0.0,0.065233644859775,2026-05-05,GOLD,0.001060000000000061,26.75,0.0010349999999999923,19.196785714285788,0.0004052595509814738,1.8446428710877116,0.0,-0.3113207547168428,0.065233644859775,normal,0.9991722135434354,1.0022781662252276,16,0,1,0.00014447244188176,0.00014447244188176,0.0008121369832725378,0,0,0
2026-05-07 17:00:00,1.17685,1.17774,1.1764,1.17759,0.0,0.0,5.0502276567294506e-08,6432,0.0,1.2689281614104373,0.3880597014923939,2026-05-05,EURUSD,4746.344999999999,4763.485000000001,4741.38,4762.855,0.0,0.0,0.0005068528051312,22080.0,0.0,0.0,0.4714996607101805,2026-05-06,GOLD,0.0013400000000001189,22.105000000000473,0.0010778571428571462,19.654285714285834,-0.00283388152562436,2.1577240608785653,0.0,0.3880597014923939,0.4714996607101805,normal,0.9997877470624192,1.0028956131460836,17,0,1,0.00050552466238174,0.0003440410810535699,0.001650150980308629,0,1,1
2026-05-07 18:00:00,1.1776,1.177795,1.176315,1.17638,0.0,0.0,4.886030111928974e-08,6447,0.0,1.0313921300359128,-0.4560810810811728,2026-04-29,EURUSD,4762.875,4764.860000000001,4726.27,4729.305,0.0,0.0,0.0005238568495928,23019.0,0.0,0.0,-0.4213526820419838,2026-05-06,GOLD,0.0014799999999999258,38.590000000000146,0.0010635714285714335,19.81392857142867,0.006016572038452517,1.6683782394316764,0.0,-0.4560810810811728,-0.4213526820419838,normal,0.9987604428445289,1.001865115526448,18,0,1,-0.0007772053733345885,-0.0005564830272677401,0.0012682038318481137,0,1,1
2026-05-07 19:00:00,1.176385,1.1766,1.17565,1.17605,0.0,0.0,4.383579148390078e-08,6175,0.0,0.3490526170966132,-0.0789473684211018,2026-04-26,EURUSD,4729.29,4729.745,4704.71,4715.139999999999,0.0,0.0,0.0005812440180259,23691.0,0.0,0.0,-0.0833832634312186,2026-05-05,GOLD,0.0009500000000000064,25.034999999999854,0.0010853571428571479,20.266071428571518,0.0027146330790129847,0.7854108442894466,0.0,-0.0789473684211018,-0.0833832634312186,normal,0.9984802689669225,1.0015115709693216,19,1,1,-0.000692517833396411,-0.0005481454412570308,0.0008169587010358192,0,1,1
2026-05-07 20:00:00,1.17606,1.1761,1.1735799999999998,1.174895,0.0,0.0,6.263666216913593e-08,7746,0.0,0.0,0.021825396825451,2026-05-07,EURUSD,4715.18,4719.71,4687.85,4711.54,0.0,0.0,0.0007091587260596,23433.0,0.0,0.0,0.2435655994977837,2026-05-05,GOLD,0.0025200000000000777,31.859999999999673,0.0012089285714285772,21.768214285714357,-0.00021860309260113286,0.3289344318675025,0.0,0.021825396825451,0.2435655994977837,normal,0.9974996603952999,1.001120503076058,20,0,1,-0.0022885724233391302,-0.001784204690759128,-0.00025527678385284247,0,1,1
2026-05-07 21:00:00,1.17489,1.17521,1.174,1.175015,0.0,0.0,5.878934659232832e-08,6554,0.0,1.7770126273735949,0.3388429752068315,2026-05-04,EURUSD,4711.55,4716.08,4695.61,4709.83,0.0,0.0,0.000576626351782,19001.0,0.0,0.0,0.1946751343429669,2026-05-05,GOLD,0.0012100000000001554,20.470000000000255,0.0012539285714285864,22.62035714285717,0.0004650754436912319,2.1289602262662912,0.0,0.3388429752068315,0.1946751343429669,normal,0.9976015418053386,1.001222754307333,21,0,0,-0.0011603393461296907,-0.0019366428974896266,0.00017449630152954754,0,1,1
2026-05-07 22:00:00,1.17503,1.17544,1.17335,1.173365,0.0,0.0,6.15101091395554e-08,6618,0.0,1.8311752173915496,-0.492822966507236,2026-04-26,EURUSD,4709.85,4712.93,4697.995,4703.1,0.0,0.0,0.0004976397918898,18225.0,0.0,0.0,-0.1581854703715573,2026-05-07,GOLD,0.0020900000000001473,14.9350000000004,0.0013760714285714507,22.836428571428637,2.4688916727910737e-05,1.9217127365598374,0.0,-0.492822966507236,-0.1581854703715573,normal,0.9962006724173063,1.0000127839093196,22,0,0,-0.00228306619616514,-0.002974002965505873,-0.0028299601850947376,0,0,0
2026-05-07 23:00:00,1.17338,1.17449,1.172265,1.17257,0.0,0.0,5.8833537649417736e-08,4357,0.0,1.407150657619266,-0.3629213483146157,2026-04-27,EURUSD,4703.105,4719.24,4686.495,4687.275,0.0,0.0,0.0006338275992352,11179.0,0.0,0.0,-0.4761795693999299,2026-05-06,GOLD,0.0022250000000001435,32.74499999999989,0.0014510714285714504,23.50607142857143,0.0026872634068058066,1.3610892827144387,0.0,-0.3629213483146157,-0.4761795693999299,normal,0.9955257080757997,1.0002601800787365,23,0,0,-0.0019789002421494173,-0.004262943808965747,-0.00392036935570883,0,0,0
2026-05-08 00:00:00,1.1725949999999998,1.17325,1.17247,1.1727,0.0,0.0,6.343146765956119e-08,476,0.0,1.7281937514927688,-0.2051282051284679,2026-05-01,EURUSD,0.0,0.0,0.0,0.0,0.0,0.0,0.0,0.0,0.0,0.0,0.0,0,0,0.0007800000000000029,4687.275,0.001358571428571447,356.33035714285717,1.0001108675814665,1.5685199383313355,0.0,-0.2051282051284679,0.0,normal,0.9956360796033418,1.000371076505739,0,0,0,-0.0019701876146260844,-0.0031282408745472168,-0.0036829830888630566,0,0,0
2026-05-08 01:00:00,1.172705,1.17318,1.17229,1.17252,0.0,0.0,5.2065092759112714e-08,2465,0.0,0.521687475060001,-0.241573033707746,2026-05-04,EURUSD,4680.555,4699.280000000001,4677.195,4685.99,0.0,0.0,0.0006942247213196,11903.0,0.0,0.0,-0.1017659044600545,2026-05-06,GOLD,0.0008899999999998354,4699.280000000001,0.0013425000000000242,690.3803571428572,-inf,0.3034118705062097,0.0,-0.241573033707746,-0.1017659044600545,normal,0.9954832574882836,1.0002175276068126,1,0,0,-0.000720151018651527,-0.003001573062369811,-0.0035480732050361397,0,0,0
2026-05-08 02:00:00,1.17251,1.173165,1.17245,1.17306,0.0,0.0,3.1692881493125995e-08,1123,0.0,-1.5791097579713391,0.3531468531468271,2026-05-03,EURUSD,4685.98,4705.629999999999,4684.629999999999,4704.290000000001,0.0,0.0,0.0003504472940164,10459.0,0.0,0.0,0.4361904761905559,2026-05-06,GOLD,0.0007150000000000212,21.0,0.0013035714285714514,690.6057142857143,-0.003444711498583608,-1.830058965347035,0.0,0.3531468531468271,0.4361904761905559,normal,0.9959417238334578,1.000678174303592,2,0,0,0.0004178854993732717,-0.0015618416964920945,-0.0033432597419700283,0,0,0
2026-05-08 03:00:00,1.173065,1.17348,1.172655,1.172695,0.0,0.0,4.3736008189993915e-08,4037,0.0,-0.3367819030484148,-0.451515151515242,2026-04-30,EURUSD,4704.31,4709.59,4693.805,4701.38,0.0,0.0,0.0005079571571667,11640.0,0.0,0.0,-0.0201140323091613,2026-05-06,GOLD,0.0008250000000000757,15.784999999999854,0.0012825000000000436,690.8010714285714,0.00030743228373308895,-0.5667681345346675,0.0,-0.451515151515242,-0.0201140323091613,normal,0.9956318345445901,1.0003668112585467,3,0,0,-4.263665046466691e-06,-0.001974442879452476,-0.003907261986163091,0,0,0
2026-05-08 04:00:00,1.1727,1.17337,1.1727,1.1732550000000002,0.0,0.0,4.094152262181917e-08,3115,0.0,-0.6113341883020126,0.328358208955303,2026-05-07,EURUSD,4701.275,4725.719999999999,4700.57,4723.03,0.0,0.0,0.0005664045856369,15024.0,0.0,0.0,0.3930417495029965,2026-05-07,GOLD,0.0006749999999999812,25.149999999999636,0.0012735714285714611,691.4321428571429,-0.004127498342034519,-0.8324237966780853,0.0,0.328358208955303,0.3930417495029965,normal,0.9961072811247709,1.0008445189440955,4,0,0,0.0006268549790195976,-9.374746988344285e-05,-0.003067471630135876,0,0,0
2026-05-08 05:00:00,1.17326,1.173265,1.17246,1.17275,0.0,0.0,3.9203355078328374e-08,2886,0.0,-0.815574912737275,-0.1397515527949908,2026-04-25,EURUSD,4723.04,4732.88,4707.3,4713.48,0.0,0.0,0.0005089327695998,14796.0,0.0,0.0,-0.2584050039093276,2026-05-07,GOLD,0.0008049999999999446,25.579999999999927,0.0012546428571428927,691.8971428571429,0.0015915805958972573,-1.05442099841252,0.0,-0.1397515527949908,-0.2584050039093276,normal,0.9956785301908578,1.000413728977663,5,0,0,-0.00026426610744556545,0.0001535089589534966,-0.004110089250078497,0,0,0
2026-05-08 06:00:00,1.172745,1.173385,1.172695,1.172835,0.0,0.0,3.27631887304165e-08,1899,0.0,-1.4933101751966675,-0.2971014492753436,2026-05-07,EURUSD,4713.469999999999,4731.21,4711.375,4719.685,0.0,0.0,0.0004378189700791,9257.0,0.0,0.0,-0.0810436097806942,2026-05-08,GOLD,0.0006899999999998574,19.835000000000036,0.0012282142857143066,691.4032142857143,-0.001243957896763348,-1.7004116399284501,0.0,-0.2971014492753436,-0.0810436097806942,normal,0.9957506961896353,1.0004862381799338,6,0,0,0.00011938313031101266,0.00011511895625471169,-0.0030134820381169103,1,0,1
2026-05-08 07:00:00,1.17284,1.17359,1.1727,1.17353,0.0,0.0,3.7413064758450354e-08,2006,0.0,-1.0413510350485902,0.432584269662983,2026-04-24,EURUSD,4719.72,4723.28,4709.11,4711.12,0.0,0.0,0.0003995830904542,8428.0,0.0,0.0,-0.3581510232886233,2026-05-05,GOLD,0.0008899999999998354,14.170000000000073,0.0011960714285714294,690.8364285714285,0.002407320979005645,-1.2429611074356157,0.0,0.432584269662983,-0.3581510232886233,normal,0.9963407593561094,1.0010791075396774,7,0,0,0.00023439064823915778,0.0008613925562037661,-0.0021427660388589898,0,0,0
2026-05-08 08:00:00,1.17354,1.17387,1.173295,1.17372,0.0,0.0,3.6131623524687695e-08,2437,0.0,-1.2118059302987452,0.2391304347828269,2026-04-24,EURUSD,4711.1,4731.38,4709.595,4727.62,0.0,0.0,0.0004334419440391,11242.0,0.0,0.0,0.3274041771861261,2026-05-07,GOLD,0.0005749999999999922,21.784999999999854,0.0011314285714285768,689.6360714285713,-0.003340447201605201,-1.389101304169122,0.0,0.2391304347828269,0.3274041771861261,normal,0.9965020715886709,1.001241186932989,8,0,0,0.0008271157535708618,0.0005626310674646806,-0.0010000893696883173,1,0,1
2026-05-08 09:00:00,1.173725,1.174835,1.173705,1.1744400000000002,0.0,0.0,4.4930546771150006e-08,4034,0.0,-0.2377688026486519,0.1504424778762957,2026-04-29,EURUSD,4727.755,4734.8,4712.7,4725.775,0.0,0.0,0.0005545452443568,13656.0,0.0,0.0,0.0916289592760001,2026-05-05,GOLD,0.0011300000000000754,22.100000000000364,0.0011442857142857246,689.4264285714287,0.0010036940016348028,-0.4070640770265675,0.0,0.1504424778762957,0.0916289592760001,normal,0.9971133600489032,1.0018553825286947,9,0,0,0.0013684789420507215,0.0014880254456615116,-0.0004893554550365886,1,0,1
2026-05-08 10:00:00,1.174415,1.174805,1.17418,1.174315,0.0,0.0,4.5089001341166876e-08,4103,0.0,-0.175059045279632,-0.2839999999998621,2026-04-26,EURUSD,4725.745,4726.505,4697.27,4707.975,0.0,0.0,0.0005805036533622,15350.0,0.0,0.0,-0.133829314178225,2026-05-07,GOLD,0.0006250000000000977,29.234999999999673,0.0010089285714285831,689.2389285714286,0.0036601442641186477,-0.3110948593409071,0.0,-0.2839999999998621,-0.133829314178225,normal,0.9970072335801128,1.0017487513488845,10,0,0,0.0006689219704651972,0.0009034694077585392,0.0008096372399040153,1,0,1
2026-05-08 11:00:00,1.17431,1.176585,1.17421,1.17639,0.0,0.0,4.7066397440242314e-08,4675,0.0,0.0383858119346998,0.4178947368421756,2026-05-02,EURUSD,4707.96,4723.6,4706.825,4715.73,0.0,0.0,0.0004055570756941,11531.0,0.0,0.0,0.0308494783904566,2026-05-07,GOLD,0.002375000000000016,16.775000000000546,0.001092142857142859,688.9750000000001,0.00011978255443967356,-0.10024954031623504,0.0,0.4178947368421756,0.0308494783904566,normal,0.9987689329620323,1.003518828933731,11,0,0,0.002274818525713096,0.003103815817522948,0.0032578012400112932,0,0,0
2026-05-08 12:00:00,1.176395,1.177355,1.176335,1.176905,0.0,0.0,4.503572123490085e-08,3925,0.0,-0.2027886910843893,0.0588235294119311,2026-05-02,EURUSD,4715.74,4722.85,4707.53,4712.02,0.0,0.0,0.0004015992874015,11510.0,0.0,0.0,-0.2069190600522157,2026-05-07,GOLD,0.0010200000000000209,15.320000000000618,0.0010157142857142784,689.0024999999999,0.0012245086598419164,-0.34179599085783,0.0,0.0588235294119311,-0.2069190600522157,normal,0.9992443506722308,1.0039581493945484,12,0,0,0.002098872654201056,0.0034702238592811963,0.0035857423040845937,0,0,0
2026-05-08 13:00:00,1.1768999999999998,1.17726,1.17614,1.176405,0.0,0.0,4.2010247677714085e-08,2992,0.0,-0.5281321874667381,-0.2633928571427961,2026-04-25,EURUSD,4712.07,4727.875,4711.275,4719.885,0.0,0.0,0.0003966192030092,8888.0,0.0,0.0,0.0186746987952044,2026-05-06,GOLD,0.0011200000000000099,16.600000000000364,0.0009367857142856975,687.8492857142858,-0.0020939786566605,-0.635961498159936,0.0,-0.2633928571427961,0.0186746987952044,normal,0.9988198285779784,1.003531624675308,13,0,1,0.001779760967031807,0.00244987345870995,0.003313376317674699,1,0,1
2026-05-08 14:00:00,1.176395,1.1769,1.176195,1.176535,0.0,0.0,3.9707575627523374e-08,3290,0.0,-0.7655498968276309,-0.0177304964538549,2026-05-01,EURUSD,4719.889999999999,4727.45,4713.74,4717.915,0.0,0.0,0.0003658566361725,10550.0,0.0,0.0,-0.1954777534645787,2026-05-07,GOLD,0.0007049999999999557,13.710000000000036,0.0009314285714285513,354.0232142857144,0.0005278892113651512,-0.8285410591029787,0.0,-0.0177304964538549,-0.1954777534645787,normal,0.9989302043224841,1.0036425211023108,14,0,1,0.00012325844320337787,0.0023983573595065533,0.002962337817332461,0,0,0
2026-05-08 15:00:00,1.17655,1.17788,1.1758,1.17741,0.0,0.0,6.3246268622554e-08,7172,0.0,1.6332694365850935,0.274038461538538,2026-05-04,EURUSD,4717.955,4732.110000000001,4703.015,4724.49,0.0,0.0,0.0006422941182997,17908.0,0.0,0.0,0.2380993297817398,2026-05-07,GOLD,0.002080000000000082,29.095000000000255,0.001016428571428569,20.438571428571517,-0.0006499148083858319,1.3759864813750815,0.0,0.274038461538538,0.2380993297817398,normal,0.999600978028322,1.0043889393609808,15,0,1,0.0004290915579421295,0.0025288648206804876,0.0040206532815438845,0,0,0
2026-05-08 16:00:00,1.177385,1.17871,1.176635,1.17791,0.0,0.0,5.723197029666991e-08,7323,0.0,0.9548969766261424,0.114457831325365,2026-05-03,EURUSD,4724.16,4748.155,4716.645,4748.155,0.0,0.0,0.0005929265807377,21437.0,0.0,0.0,0.5000000000000144,2026-05-07,GOLD,0.002074999999999827,31.50999999999931,0.0011135714285714121,21.189285714285752,-0.004584345354845087,0.7447406695650052,0.0,0.114457831325365,0.5000000000000144,normal,0.9993212919208287,1.004815464080221,16,0,1,0.0012793213221637956,0.003061359175348999,0.003967594427468857,0,0,0
2026-05-08 17:00:00,1.177905,1.17798,1.17673,1.17744,0.0,0.0,5.129430212240202e-08,6859,0.0,0.3514686706304745,0.0680000000000916,2026-04-29,EURUSD,4747.950000000001,4749.625,4713.46,4716.04,0.0,0.0,0.0006095226710391,22419.0,0.0,0.0,-0.4286603069265758,2026-05-06,GOLD,0.0012499999999999734,36.164999999999964,0.0011439285714285477,22.645000000000046,0.0063646679781499405,0.22868669839411196,0.0,0.0680000000000916,-0.4286603069265758,normal,0.9989225509243157,1.0044145308441352,17,0,1,0.0007692078858680951,0.0008925611404380085,0.003999147303346939,0,0,0
2026-05-08 18:00:00,1.17745,1.17786,1.176695,1.177285,0.0,0.0,5.450584690698568e-08,5550,0.0,0.6457232183086725,0.0064377682402909,2026-05-05,EURUSD,4715.99,4720.969999999999,4701.995,4707.105,0.0,0.0,0.0004655771413797,21736.0,0.0,0.0,-0.2306982872200598,2026-05-08,GOLD,0.0011649999999998606,18.974999999999454,0.0011789285714285391,22.203928571428605,0.001762956482813549,0.5276845731510761,0.0,0.0064377682402909,-0.2306982872200598,normal,0.9987910512339762,1.0042823081811707,18,0,1,-0.0001061652270663016,0.00032288077627318224,0.0037942251041278574,0,0,0
2026-05-08 19:00:00,1.17728,1.177855,1.17708,1.17713,0.0,0.0,4.332076290763469e-08,3070,0.0,-0.4697014455003764,-0.4354838709678898,2026-05-02,EURUSD,4707.08,4720.325000000001,4705.48,4712.49,0.0,0.0,0.0003451292015277,13958.0,0.0,0.0,-0.0277871337150779,2026-05-08,GOLD,0.0007750000000001922,14.845000000001164,0.0011767857142856997,21.43714285714298,-0.0012756741296873209,-0.5029949985764164,0.0,-0.4354838709678898,-0.0277871337150779,normal,0.9986595515436367,1.0041500855182064,19,1,1,-0.0006621898107664892,0.000616284357852992,0.0030676676352543453,0,0,0
2026-05-08 20:00:00,1.17711,1.177635,1.177065,1.17723,0.0,0.0,3.8938302463791777e-08,2279,0.0,-0.8372234440707594,-0.2105263157896992,2026-04-25,EURUSD,4712.52,4722.82,4712.26,4720.965,0.0,0.0,0.0003302277749697,11493.0,0.0,0.0,0.3243371212121541,2026-05-08,GOLD,0.0005699999999999594,10.55999999999949,0.0011682142857142783,20.77464285714294,-0.001713459920134719,-0.8071991151355501,0.0,-0.2105263157896992,0.3243371212121541,normal,0.9987443900535332,1.0042353904620542,20,0,1,-0.0001783530370974562,0.000590717658208062,0.0029904917697576305,1,0,1
2026-05-08 21:00:00,1.1772200000000002,1.1781700000000002,1.17708,1.177855,0.0,0.0,4.804415704665085e-08,2931,0.0,0.1556187443795043,0.2110091743118761,2026-05-07,EURUSD,4721.035,4729.085,4720.0,4722.0,0.0,0.0,0.0003074749277518,11967.0,0.0,0.0,-0.279856906989494,2026-05-06,GOLD,0.0010900000000002574,9.085000000000036,0.0011825000000000227,20.41142857142865,0.0003116724606984089,0.19870831556050772,0.0,0.2110091743118761,-0.279856906989494,normal,0.9992746307403858,1.0047685463611045,21,0,0,0.00048416483689184275,0.0003779482083556829,0.0029077688089642617,0,1,1
2026-05-08 22:00:00,1.17786,1.17833,1.17768,1.178025,0.0,0.0,4.192904719620936e-08,2385,0.0,-0.4353656908080875,0.0307692307690993,2026-04-27,EURUSD,4721.92,4726.92,4721.085,4724.085,0.0,0.0,0.0002598056048008,10270.0,0.0,0.0,0.0141388174806386,2026-05-06,GOLD,0.0006500000000000394,5.835000000000036,0.001187857142857169,19.27214285714295,-0.0002972200311124329,-0.3236028198444843,0.0,0.0307692307690993,0.0141388174806386,normal,0.9994188562072097,1.0049135647656462,22,0,0,0.0007603238384885636,9.763054902345303e-05,0.0031592886065494596,0,1,1
2026-05-08 23:00:00,1.178035,1.17881,1.177895,1.178435,0.0,0.0,4.288295752494312e-08,1995,0.0,-0.2651720733479578,0.0901639344262136,2026-04-30,EURUSD,4724.110000000001,4724.41,4714.57,4715.495,0.0,0.0,0.0002566434902995,6797.0,0.0,0.0,-0.4059959349593325,2026-05-08,GOLD,0.0009149999999999991,9.840000000000146,0.0011725000000000207,18.39642857142865,0.002166381693221142,-0.06728546928037168,0.0,0.0901639344262136,-0.4059959349593325,normal,0.9996818825764966,1.0052418770099547,23,0,0,0.0010235892731240703,0.0008450536757711458,0.0017383690782817318,0,1,1
2026-05-11 00:00:00,1.17497,1.17714,1.174595,1.176215,0.0,0.0,7.061280980718658e-08,941,0.0,0.0,0.1365422396856355,2026-04-27,EURUSD,0.0,0.0,0.0,0.0,0.0,0.0,0.0,0.0,0.0,0.0,0.0,0,0,0.0038399999999998435,4715.495,0.0014021428571428598,353.1292857142858,0.9981161455659414,0.3695047273051836,0.0,0.1365422396856355,0.0,normal,0.9977986274293568,1.003348147642648,0,0,0,-0.0013923615385595944,-0.0009088708341650209,-0.0005862835148122691,0,0,0
2026-05-11 01:00:00,1.17621,1.17646,1.175785,1.176405,0.0,0.0,5.0535441388211314e-08,2058,0.0,0.0,0.4185185185183382,2026-05-09,EURUSD,4682.87,4700.74,4679.045,4691.969999999999,0.0,0.0,0.0007566296815374,11666.0,0.0,0.0,0.0957593915648511,2026-05-10,GOLD,0.0006749999999999812,4700.74,0.0012807142857142859,687.6982142857144,-inf,0.4072590933769191,0.0,0.4185185185183382,0.0957593915648511,normal,0.9979598069239318,1.003373278178174,1,0,0,-0.0013751830394093112,-0.0006159047853678823,0.0,0,0,0
2026-05-11 02:00:00,1.1764,1.177005,1.176385,1.17673,0.0,0.0,3.069848913295484e-08,1184,0.0,0.0,0.0564516129032518,2026-05-09,EURUSD,4691.959999999999,4698.67,4689.030000000001,4691.66,0.0,0.0,0.0003350570264218,10778.0,0.0,0.0,-0.227178423236581,2026-05-10,GOLD,0.0006200000000000649,9.639999999999418,0.0012521428571428603,687.2925000000001,0.0003423357304640495,0.341407043501401,0.0,0.0564516129032518,-0.227178423236581,normal,0.9982355086909681,1.0036419152892209,2,0,0,-0.0014468341486800762,-0.0004247258394706188,0.0001657409256843323,0,0,0
2026-05-11 03:00:00,1.176735,1.1772049999999998,1.176565,1.177005,0.0,0.0,4.2796790760107636e-08,3001,0.0,0.0,0.1874999999999132,2026-05-03,EURUSD,4691.68,4693.44,4670.389999999999,4683.6,0.0,0.0,0.0005855967235962,17929.0,0.0,0.0,0.0731019522777135,2026-05-08,GOLD,0.0006399999999997519,23.050000000000182,0.0012178571428571277,687.7532142857142,0.001951640519849085,0.32045666920951155,0.0,0.1874999999999132,0.0731019522777135,normal,0.9984687948015373,1.0038764648687375,3,0,0,0.0006716459150750698,-0.0007216507974241448,-0.0003439753356944131,0,1,1
2026-05-11 04:00:00,1.177,1.17712,1.17618,1.17629,0.0,0.0,4.0178109967906537e-08,3307,0.0,0.0,-0.38297872340419,2026-04-26,EURUSD,4683.68,4705.700000000001,4674.780000000001,4685.790000000001,0.0,0.0,0.0007417327760489,21391.0,0.0,0.0,-0.143919793014224,2026-05-08,GOLD,0.0009399999999999409,30.920000000000073,0.0012346428571428409,688.9825,-0.0010750630889869717,0.2851160301476243,0.0,-0.38297872340419,-0.143919793014224,normal,0.9978622509140576,1.0032666359619944,4,0,0,-9.775544986623252e-05,-0.0014728040576388324,-0.0013753172992843066,0,0,0
2026-05-11 05:00:00,1.176295,1.17664,1.175905,1.17593,0.0,0.0,3.3545881171608134e-08,1906,0.0,0.0,-0.4659863945580502,2026-04-30,EURUSD,4685.76,4700.280000000001,4676.645,4681.82,0.0,0.0,0.0005199654390879,18572.0,0.0,0.0,-0.2810450602919727,2026-05-07,GOLD,0.0007349999999999302,23.63500000000022,0.0011385714285714016,688.5925,0.0005411954291525412,0.239799019402059,0.0,-0.4659863945580502,-0.2810450602919727,normal,0.9975568581874942,1.0027586030468278,5,0,0,-0.0006798500930546014,-0.0021257006114040466,-0.001282443266748312,0,0,0
2026-05-11 06:00:00,1.17592,1.17593,1.175625,1.17567,0.0,0.0,3.147021257279082e-08,1390,0.0,0.0,-0.3524590163939319,2026-05-02,EURUSD,4681.65,4690.514999999999,4675.125,4678.879999999999,0.0,0.0,0.0004083304696076,14526.0,0.0,0.0,-0.2560103963613163,2026-05-09,GOLD,0.0003049999999999997,15.389999999999418,0.0010121428571428423,687.4410714285714,0.00040685932499695543,0.16256188958216297,0.0,-0.3524590163939319,-0.2560103963613163,normal,0.9973362967738653,1.0025326170376054,6,0,0,-0.0011342347738541037,-0.000463350662931572,-0.0013718003711929994,1,0,1
2026-05-11 07:00:00,1.175665,1.17574,1.17503,1.17506,0.0,0.0,3.2426437503759775e-08,1085,0.0,0.0,-0.4577464788731183,2026-05-02,EURUSD,4678.780000000001,4679.875,4668.59,4672.200000000001,0.0,0.0,0.0003891293653472,11262.0,0.0,0.0,-0.180106335843985,2026-05-11,GOLD,0.0007099999999999884,11.284999999999854,0.0009735714285714149,685.6639285714284,0.0009088390177330874,0.09707805491062807,0.0,-0.4577464788731183,-0.180106335843985,normal,0.9968188257649664,1.0015043105101444,7,0,0,-0.0010456605088882132,-0.0011433137397409698,-0.0017585143527053537,1,0,1
2026-05-11 08:00:00,1.175055,1.17547,1.17488,1.175,0.0,0.0,3.3513322362129786e-08,1759,0.0,0.0,-0.296610169491165,2026-05-03,EURUSD,4672.1900000000005,4680.790000000001,4648.24,4652.475,0.0,0.0,0.0004967326323262,15915.0,0.0,0.0,-0.369892473118266,2026-05-08,GOLD,0.0005900000000000905,32.55000000000109,0.0009325000000000028,686.6335714285715,0.004170718667154016,0.010921766050272896,0.0,-0.296610169491165,-0.369892473118266,normal,0.996767926977206,1.001103343685168,8,0,0,-0.0007908634017329552,-0.0014701758262303244,-0.0018942772440389,1,0,1
2026-05-11 09:00:00,1.17501,1.176815,1.17501,1.176755,0.0,0.0,4.1627333870914085e-08,3297,0.0,0.0,0.4667590027701698,2026-05-04,EURUSD,4652.435,4680.53,4649.415,4678.605,0.0,0.0,0.0004140496631773,15528.0,0.0,0.0,0.4381327334083176,2026-05-08,GOLD,0.0018149999999999,31.11499999999978,0.0010067857142856962,687.7957142857142,-0.004122748461611536,-0.00801411063320559,0.0,0.4667590027701698,0.4381327334083176,normal,0.9982567165192017,1.0021930198095692,9,0,0,0.0009228780184915575,-0.00021240351570306348,-0.0009339010319606711,0,0,0
2026-05-11 10:00:00,1.17678,1.177475,1.17647,1.17721,0.0,0.0,4.59530276725296e-08,3435,0.0,0.0,0.236318407960277,2026-04-28,EURUSD,4678.735000000001,4680.424999999999,4664.415,4667.9,0.0,0.0,0.000332837646187,11419.0,0.0,0.0,-0.2823235477826753,2026-05-07,GOLD,0.0010050000000001447,16.00999999999931,0.001037857142857138,688.1850000000001,0.0026747317105890733,-0.022050614252100417,0.0,0.236318407960277,-0.2823235477826753,normal,0.9986426989930525,1.0025549092581396,10,0,0,0.0018296938028696808,0.0007821200554285479,-0.0006918359118015527,0,0,0
2026-05-11 11:00:00,1.177215,1.17822,1.177135,1.177135,0.0,0.0,4.286027211508405e-08,3347,0.0,0.0,-0.5000000000001024,2026-04-28,EURUSD,4667.74,4678.915,4664.255,4667.645,0.0,0.0,0.0003228119302061,11945.0,0.0,0.0,-0.2687585266029767,2026-05-09,GOLD,0.0010850000000000026,14.659999999999854,0.001037499999999977,688.5832142857143,-9.081538659527766e-06,-0.018978479097391462,0.0,-0.5000000000001024,-0.2687585266029767,normal,0.9985790755083518,1.002162447481898,11,0,0,0.001817021276595776,0.0010247208592348844,-0.0011031580019261744,0,0,0
2026-05-11 12:00:00,1.17714,1.17746,1.17674,1.17675,0.0,0.0,3.5520642922261844e-08,2509,0.0,0.0,-0.4861111111113252,2026-04-25,EURUSD,4667.66,4670.05,4650.620000000001,4656.775,0.0,0.0,0.0003623377685434,10804.0,0.0,0.0,-0.1832218219249317,2026-05-07,GOLD,0.0007200000000000539,19.42999999999938,0.001042499999999978,689.5542857142856,0.002001732208646967,-0.035347550466312536,0.0,-0.4861111111113252,-0.1832218219249317,normal,0.9982524749535548,1.0018346749305078,12,0,0,-4.248972810816376e-06,0.00091862512439711,0.00045484881590529547,0,0,0
2026-05-11 13:00:00,1.17674,1.17741,1.176475,1.17692,0.0,0.0,4.536146898131707e-08,2500,0.0,0.0,-0.0240641711230302,2026-04-27,EURUSD,4656.745,4667.585,4656.389999999999,4664.055,0.0,0.0,0.0002929632909014,9962.0,0.0,0.0,0.1846806610094599,2026-05-07,GOLD,0.0009350000000001302,11.195000000000618,0.0010439285714285587,689.6510714285713,-0.0014188479772483387,-0.07981760015100083,0.0,-0.0240641711230302,0.1846806610094599,normal,0.9983966881855431,1.0019794056674853,13,0,1,-0.00024634517205945894,0.0015828978945755523,0.00043777440592318584,1,0,1
2026-05-11 14:00:00,1.1769349999999998,1.177465,1.17635,1.176835,0.0,0.0,4.576246037798316e-08,3144,0.0,0.0,-0.0650224215245931,2026-04-28,EURUSD,4664.135,4677.44,4664.135,4674.605,0.0,0.0,0.0002946338999124,11518.0,0.0,0.0,0.2869222096955563,2026-05-09,GOLD,0.0011149999999999771,13.384999999999309,0.0008492857142857112,353.7860714285713,-0.0023342025978075887,-0.15190264935248443,0.0,-0.0650224215245931,0.2869222096955563,normal,0.9983245815695491,1.0019070402989967,14,0,1,-0.0002548560700343927,0.0015617021276594922,8.923032471352954e-05,1,0,1
2026-05-11 15:00:00,1.17686,1.177465,1.17644,1.17745,0.0,0.0,4.961861617372799e-08,4290,0.0,0.0,0.4853658536585498,2026-05-04,EURUSD,4674.8,4701.05,4667.530000000001,4700.045,0.0,0.0,0.0005039074112411,18809.0,0.0,0.0,0.4700178997613192,2026-05-07,GOLD,0.0010250000000000536,33.51999999999953,0.0008742857142857163,20.413214285714144,-0.004919582921419252,-0.012287838873624403,0.0,0.4853658536585498,0.4700178997613192,normal,0.9988462941440946,1.0024306250239445,15,0,1,0.0005948587210538037,0.0005906072207044755,0.0003780782579514419,0,0,0
2026-05-11 16:00:00,1.17746,1.17879,1.17744,1.17853,0.0,0.0,4.477345062857287e-08,4981,0.0,0.0,0.3074074074074561,2026-05-04,EURUSD,4700.365,4748.6900000000005,4698.82,4736.335,0.0,0.0,0.0005629205934262,25777.0,0.0,0.0,0.2522558652496436,2026-05-10,GOLD,0.0013499999999999623,49.8700000000008,0.0009264285714285661,23.286785714285674,-0.006803966268639661,0.13038335862700443,0.0,0.3074074074074561,0.2522558652496436,normal,0.9997624723237843,1.0033500908823894,16,0,1,0.0013679774326207372,0.001121295265925415,0.0019042923088694597,0,1,1
2026-05-11 17:00:00,1.178525,1.17879,1.177905,1.177945,0.0,0.0,4.963936727728843e-08,5839,0.0,0.0,-0.4548022598870871,2026-05-10,EURUSD,4736.360000000001,4738.629999999999,4715.405000000001,4725.735000000001,0.0,0.0,0.0004666464605189,22968.0,0.0,0.0,-0.0552206673842594,2026-05-07,GOLD,0.0008850000000000247,23.224999999998545,0.0009439285714285857,23.299285714285556,0.0017416362850596334,0.19284356015076662,0.0,-0.4548022598870871,-0.0552206673842594,normal,0.999266209143119,1.0028520468757316,17,0,1,0.0009432078413711409,0.0006881113890930823,0.0017135373704217916,0,0,0
2026-05-11 18:00:00,1.177935,1.177935,1.17792,1.17792,0.0,0.0,3.48968315837592e-08,14,0.0,0.0,-0.5000000000074015,2026-04-26,EURUSD,4725.71,4738.389999999999,4723.01,4732.26,0.0,0.0,0.0003425920701063,17231.0,0.0,0.0,0.1014304291287699,2026-05-07,GOLD,2.4999999999941735e-05,15.3799999999992,0.0008785714285714428,22.189285714285493,-0.0014019610013195072,0.35895611784952636,0.0,-0.5000000000074015,0.1014304291287699,normal,0.9992450013148855,1.0028307629438231,18,0,1,0.00039916769289560783,0.0009942638623328115,0.0019138023424940531,0,0,0
2026-05-11 19:00:00,1.177985,1.178035,1.1772399999999998,1.177335,0.0,0.0,4.098016894034831e-08,2951,0.0,0.0,-0.380503144653879,2026-04-28,EURUSD,4732.25,4733.57,4708.08,4716.5650000000005,0.0,0.0,0.0003695282252288,15693.0,0.0,0.0,-0.1671243624950704,2026-05-09,GOLD,0.0007950000000001012,25.48999999999978,0.0008828571428571694,22.32178571428546,0.00281995900205001,0.2902549738437006,0.0,-0.380503144653879,-0.1671243624950704,normal,0.9987487381342202,1.0023327189371656,19,1,1,-0.0010139750366983113,0.0003526153009549837,0.0019360713495482074,0,0,0
2026-05-11 20:00:00,1.17734,1.17787,1.177095,1.1778,0.0,0.0,3.5860878281982714e-08,2532,0.0,0.0,0.4096774193548165,2026-05-10,EURUSD,4716.555,4724.695,4716.030000000001,4723.745,0.0,0.0,0.0002451427395453,12547.0,0.0,0.0,0.3903635314483645,2026-05-07,GOLD,0.0007749999999999702,8.664999999999054,0.0009164285714285958,21.841428571428292,-0.0011273344935183172,0.2088989961699625,0.0,0.4096774193548165,0.3903635314483645,normal,0.9991432037393643,1.0027286000706626,20,0,1,-0.00012309573027613485,0.0008199960062369449,0.0023829787234042055,0,0,0
2026-05-11 21:00:00,1.177805,1.17805,1.17745,1.1775099999999998,0.0,0.0,3.7947096966240314e-08,1997,0.0,0.0,-0.400000000000296,2026-05-06,EURUSD,4723.764999999999,4729.5,4721.04,4725.030000000001,0.0,0.0,0.0002277109144472,10935.0,0.0,0.0,-0.0283687943262152,2026-05-11,GOLD,0.0005999999999999339,8.460000000000036,0.000908571428571449,21.639642857142594,-0.0005182516948095683,0.2860959804811401,0.0,-0.400000000000296,-0.0283687943262152,normal,0.998897192931855,1.0024817064605245,21,0,0,-0.0003480711763109712,5.095757781625743e-05,0.0006415948944340499,1,0,1
2026-05-11 22:00:00,1.1775,1.17778,1.177445,1.17775,0.0,0.0,3.31389816053625e-08,2052,0.0,0.0,0.4104477611944305,2026-04-30,EURUSD,4725.17,4736.265,4722.545,4733.67,0.0,0.0,0.0002448846549439,11499.0,0.0,0.0,0.3108600583089897,2026-05-09,GOLD,0.0003349999999999742,13.720000000000255,0.0008903571428571551,20.29464285714253,-0.0016247398935711477,0.20412414523188901,0.0,0.4104477611944305,0.3108600583089897,normal,0.9991007880828973,1.0026860322068458,22,0,0,0.0003524910072325582,-0.0006618414465477951,0.00045871169969680103,0,0,0
2026-05-11 23:00:00,1.17774,1.17834,1.177405,1.178335,0.0,0.0,4.807714096779498e-08,1551,0.0,0.7059544308269342,0.4946524064174329,2026-05-06,EURUSD,4733.775,4738.674999999999,4730.09,4734.844999999999,0.0,0.0,0.0002450264618094,5653.0,0.0,0.0,0.0538730343622228,2026-05-11,GOLD,0.0009349999999999081,8.584999999999127,0.0008275000000000128,18.68535714285677,0.00024848804665356106,4.694855340334283,0.0,0.4946524064174329,0.0538730343622228,normal,0.999614010977358,1.0031840762135034,23,0,0,0.0004542367125148772,0.0003310850676387922,0.0010194242801375708,0,0,0
2026-05-12 00:00:00,1.1783199999999998,1.178455,1.17796,1.178445,0.0,0.0,4.986628012099632e-08,289,0.0,1.3558139377094762,0.4797979797978439,2026-05-05,EURUSD,0.0,0.0,0.0,0.0,0.0,0.0,0.0,0.0,0.0,0.0,0.0,0,0,0.0004950000000001342,4734.844999999999,0.0007910714285714406,355.7449999999996,1.0000933520603223,4.14439309501442,0.0,0.4797979797978439,0.0,normal,0.99970732700481,1.003034352444505,0,0,0,0.000794048458187202,0.00044570089649531575,0.0014404079031229422,0,1,1
2026-05-12 01:00:00,1.1784400000000002,1.17879,1.17843,1.178525,0.0,0.0,3.041743732476408e-08,852,0.0,-1.5032587989644988,-0.2361111111108627,2026-05-01,EURUSD,4737.8150000000005,4755.110000000001,4737.405,4750.950000000001,0.0,0.0,0.0004652246793146,8386.0,0.0,0.0,0.2650381248235412,2026-05-09,GOLD,0.00035999999999991594,4755.110000000001,0.0007392857142857201,694.3485714285711,-inf,-3.419603292181108,0.0,-0.2361111111108627,0.2650381248235412,low_vol,0.9997751932065932,1.0031024445049708,1,0,0,0.0006580343876034789,0.0010107573460400587,0.0013637290555008619,0,1,1
2026-05-12 02:00:00,1.17853,1.178545,1.177745,1.17785,0.0,0.0,3.5591596487072276e-08,802,0.0,-0.7690251908264446,-0.3687499999999584,2026-04-29,EURUSD,4751.174999999999,4769.610000000001,4746.219999999999,4767.450000000001,0.0,0.0,0.0004119178296055,11094.0,0.0,0.0,0.407652843095351,2026-05-11,GOLD,0.0007999999999999119,23.390000000001237,0.0007449999999999957,694.6314285714285,-0.0040457394482033004,-1.6010635903577295,0.0,-0.3687499999999584,0.407652843095351,normal,0.9992025721290476,1.002527917744791,2,0,0,-0.00041159772051224675,4.245202920705182e-05,0.0008624828459384837,0,1,1
2026-05-12 03:00:00,1.177845,1.1778499999999998,1.176635,1.17671,0.0,0.0,3.652593090024127e-08,2642,0.0,-0.5761692728361067,-0.4382716049384024,2026-05-05,EURUSD,4767.405000000001,4773.575,4748.709999999999,4749.370000000001,0.0,0.0,0.0005267343158056,15998.0,0.0,0.0,-0.4734566659963322,2026-05-11,GOLD,0.001214999999999966,24.86500000000069,0.0007649999999999839,695.607857142857,0.0028245185910220627,-1.1118157652702119,0.0,-0.4382716049384024,-0.4734566659963322,normal,0.9982354787536372,1.0015576058831541,3,0,0,-0.0014722791475206831,-0.0006793997503204974,-0.0006284767930698765,0,1,1
2026-05-12 04:00:00,1.17669,1.176905,1.17577,1.17616,0.0,0.0,4.021694505753278e-08,4390,0.0,0.0086746334716404,-0.1563876651983671,2026-04-29,EURUSD,4749.41,4755.58,4720.405000000001,4727.23,0.0,0.0,0.0006266202828002,22332.0,0.0,0.0,-0.3059701492537583,2026-05-09,GOLD,0.0011350000000001081,35.17499999999927,0.0007664285714285647,697.1642857142857,0.00419426603324724,0.08407166985016117,0.0,-0.1563876651983671,-0.3059701492537583,normal,0.9977688986163779,1.0010894729674522,4,0,0,-0.0020067457202859185,-0.0013500318403735223,-0.0020109797798952833,0,0,0
2026-05-12 05:00:00,1.176175,1.176465,1.175945,1.17626,0.0,0.0,3.101446934445997e-08,2144,0.0,-1.4033171891500331,0.1057692307695263,2026-05-09,EURUSD,4727.17,4734.01,4722.34,4730.129999999999,0.0,0.0,0.0004856297659962,15605.0,0.0,0.0,0.167523564695716,2026-05-11,GOLD,0.000520000000000076,11.670000000000073,0.0007303571428571377,695.6035714285712,-0.0005284446373343687,-2.331039800895297,0.0,0.1057692307695263,0.167523564695716,normal,0.9978537313686069,1.0011745880430343,5,0,0,-0.0013499172220571287,-0.0017609593197179807,-0.0014304572794144876,0,0,0
2026-05-12 06:00:00,1.17623,1.17631,1.175485,1.17564,0.0,0.0,3.5692709500563706e-08,1496,0.0,-0.725965224987514,-0.3121212121212937,2026-05-01,EURUSD,4730.07,4733.23,4718.27,4720.31,0.0,0.0,0.000422437657648,10155.0,0.0,0.0,-0.3636363636364189,2026-05-09,GOLD,0.0008250000000000757,14.959999999999127,0.0006928571428571459,693.1099999999998,0.0015489585281502904,-1.047776517404931,0.0,-0.3121212121212937,-0.3636363636364189,low_vol,0.9973277683047871,1.0006468745744248,6,0,0,-0.0009093149544067147,-0.0023802553364814516,-0.001935615321923434,0,0,0
2026-05-12 07:00:00,1.17564,1.175985,1.175555,1.17572,0.0,0.0,3.197232552688348e-08,1575,0.0,-1.3125419250845418,-0.1162790697671896,2026-05-01,EURUSD,4720.32,4730.445,4711.285,4714.25,0.0,0.0,0.0004186466176732,8787.0,0.0,0.0,-0.3452505219206593,2026-05-10,GOLD,0.0004300000000001525,19.159999999999854,0.000660357142857155,692.8196428571428,0.0013518620287110705,-1.8174714265928233,0.0,-0.1162790697671896,-0.3452505219206593,low_vol,0.9973956345065704,1.0007149666348905,7,0,0,-0.0003740987620731717,-0.002380093761269353,-0.00137174211248281,0,1,1
2026-05-12 08:00:00,1.175725,1.17682,1.175235,1.1762450000000002,0.0,0.0,4.982159399479574e-08,2816,0.0,1.3942774106188254,0.1372239747635399,2026-05-08,EURUSD,4714.15,4722.305,4708.719999999999,4714.42,0.0,0.0,0.0004264566107329,17460.0,0.0,0.0,-0.080419580419556,2026-05-12,GOLD,0.0015849999999999476,13.585000000000946,0.0007717857142857268,692.6914285714286,0.0004104740100103754,2.1523604717216838,0.0,0.1372239747635399,-0.080419580419556,normal,0.9978410064557726,1.0010510548846394,8,0,0,-1.275228265851247e-05,-0.0013626522901896143,-0.0013202581083373577,0,1,1
2026-05-12 09:00:00,1.1762549999999998,1.176555,1.17498,1.17504,0.0,0.0,5.1252250025949756e-08,4286,0.0,1.4765917882890898,-0.4619047619047914,2026-04-29,EURUSD,4714.18,4714.535,4694.620000000001,4697.31,0.0,0.0,0.0004195454304012,17146.0,0.0,0.0,-0.3649259352247643,2026-05-11,GOLD,0.001575000000000104,19.914999999999054,0.0008275000000000128,692.2932142857143,0.0026048441219976848,1.979735806071339,0.0,-0.4619047619047914,-0.3649259352247643,normal,0.9968187717914133,1.0000510646989738,9,0,0,-0.0005103603143818969,-0.0014192111905225735,-0.0020976467291146106,0,0,0
2026-05-12 10:00:00,1.17503,1.1753399999999998,1.174345,1.174785,0.0,0.0,5.022748392252243e-08,4777,0.0,1.2640458209891416,-0.0577889447236702,2026-05-01,EURUSD,4697.23,4703.865,4687.52,4699.889999999999,0.0,0.0,0.0003421039409164,13792.0,0.0,0.0,0.2568063628020481,2026-05-12,GOLD,0.0009949999999998571,16.344999999999345,0.0008432142857142903,692.8417857142857,-0.0007662644173828115,1.546055699978598,0.0,-0.0577889447236702,0.2568063628020481,normal,0.9966024482732293,1.000374676947575,10,0,0,-0.0007952573742048274,-0.0011690586314788698,-0.0025175122054765797,0,0,0
2026-05-12 11:00:00,1.174805,1.175055,1.17395,1.17448,0.0,0.0,5.222902286735873e-08,4447,0.0,1.4271410998313998,-0.0203619909502607,2026-05-02,EURUSD,4699.780000000001,4706.905000000001,4697.225,4703.575000000001,0.0,0.0,0.0002858362389682,12619.0,0.0,0.0,0.1559917355372079,2026-05-09,GOLD,0.0011049999999999116,9.680000000000291,0.0008792857142857173,692.9289285714286,-0.001043682876935792,1.5754743200343169,0.0,-0.0203619909502607,0.1559917355372079,normal,0.9963437083789309,1.0004514672686229,11,0,0,-0.0015005377281095411,-0.0015132708754868052,-0.003271565386753328,0,0,0
2026-05-12 12:00:00,1.17447,1.17517,1.17439,1.17476,0.0,0.0,5.0409864359927833e-08,3995,0.0,1.0808282082267209,-0.0256410256411935,2026-05-08,EURUSD,4703.555,4705.365,4694.395,4699.59,0.0,0.0,0.0003042764769125,12144.0,0.0,0.0,-0.026435733819506,2026-05-09,GOLD,0.0007800000000000029,10.969999999999345,0.0009110714285714337,692.7324999999998,0.0010856312849495398,1.0948901510968851,0.0,-0.0256410256411935,-0.026435733819506,normal,0.9965812400851721,1.0006899782784615,12,0,0,-0.00023828976034867555,-0.0007485284610935228,-0.0031270021087109745,0,0,0
2026-05-12 13:00:00,1.17475,1.17492,1.174055,1.17408,0.0,0.0,4.1955718610850434e-08,2777,0.0,-0.0527506245047411,-0.4710982658961459,2026-05-11,EURUSD,4699.585,4708.5,4685.29,4694.445,0.0,0.0,0.0003578485989846,13028.0,0.0,0.0,-0.105557949159876,2026-05-08,GOLD,0.0008649999999998936,23.210000000000036,0.0009060714285714326,693.7771428571428,0.0005159347170924367,-0.169237372518813,0.0,-0.4710982658961459,-0.105557949159876,normal,0.996004377370015,1.000110737254568,13,0,1,-0.0006001098073263877,-0.0013948899397816517,-0.0037716637322076085,0,1,1
2026-05-12 14:00:00,1.17408,1.17484,1.1735,1.174385,0.0,0.0,4.8186072311290586e-08,3780,0.0,0.77887965469438,0.1604477611939068,2026-05-01,EURUSD,4694.46,4709.385,4687.295,4706.755,0.0,0.0,0.00033829997022,13583.0,0.0,0.0,0.3809416025350796,2026-05-11,GOLD,0.0013400000000001189,22.090000000000146,0.0009664285714285745,357.1517857142857,-0.0023624703417557402,0.7151832499329216,0.0,0.1604477611939068,0.3809416025350796,normal,0.9962631172643134,1.0007541542394547,14,0,1,-8.088686056806349e-05,-0.0015813032148915829,-0.0029418007386340372,0,0,0
2026-05-12 15:00:00,1.17439,1.175,1.1736,1.174775,0.0,0.0,5.82495868963325e-08,5574,0.0,1.9481971555133717,0.3392857142855415,2026-05-04,EURUSD,4706.764999999999,4711.725,4689.780000000001,4705.84,0.0,0.0,0.000479753532455,17782.0,0.0,0.0,0.2318295739348236,2026-05-09,GOLD,0.0014000000000000679,21.94499999999971,0.0010407142857142995,19.068571428571367,0.0005264901609418615,1.7752917395583965,0.0,0.3392857142855415,0.2318295739348236,normal,0.9965939649980063,1.0010864933958243,15,0,1,1.2768565494036821e-05,-0.00022552423747290717,-0.001644415361473972,0,1,1
2026-05-12 16:00:00,1.1747649999999998,1.175005,1.1727,1.173,0.0,0.0,5.5702620680724e-08,6620,0.0,1.490453119110127,-0.3698481561821432,2026-05-11,EURUSD,4705.765,4709.075,4677.094999999999,4679.219999999999,0.0,0.0,0.0005402729818954,25656.0,0.0,0.0,-0.4335522201375728,2026-05-11,GOLD,0.0023050000000000015,31.980000000000473,0.001148214285714306,19.68214285714274,0.004145873286769741,1.203363654580489,0.0,-0.3698481561821432,-0.4335522201375728,normal,0.9950881836459421,1.0002558199027884,16,0,1,-0.0009198691741618692,-0.001519426958975445,-0.00268670929125292,0,0,0
2026-05-12 17:00:00,1.1730200000000002,1.17362,1.172795,1.1735950000000002,0.0,0.0,5.2865146064584764e-08,7013,0.0,1.1168706705142988,0.4696969696969085,2026-04-30,EURUSD,4679.295,4695.17,4669.905000000001,4672.955,0.0,0.0,0.0004934164946893,24969.0,0.0,0.0,-0.3792796358599112,2026-05-09,GOLD,0.0008250000000000757,25.264999999999418,0.001120357142857171,19.71071428571408,0.0018461447402139397,0.7780108918438604,0.0,0.4696969696969085,-0.3792796358599112,normal,0.9955929385217046,1.000763196043319,17,0,1,-0.0006726925156570474,-0.0007535249642393049,-0.002265655552343815,0,0,0
2026-05-12 18:00:00,1.1736,1.17367,1.17218,1.173265,0.0,0.0,5.160624370606397e-08,5824,0.0,0.9095950097627225,0.2281879194630932,2026-05-04,EURUSD,4672.785,4676.2,4638.41,4666.155,0.0,0.0,0.0005173208132942,23718.0,0.0,0.0,0.2341889388727034,2026-05-09,GOLD,0.0014899999999999913,37.789999999999964,0.0011457142857143054,19.89749999999984,0.0011739947073600154,0.536007496965511,0.0,0.2281879194630932,0.2341889388727034,normal,0.9953129904393488,1.0009256257571362,18,0,1,-0.0012853525143111666,-0.0012726003609248027,-0.0020201762444286286,0,0,0
2026-05-12 19:00:00,1.1732749999999998,1.17387,1.172785,1.17284,0.0,0.0,4.2867385032921434e-08,3674,0.0,-0.110477922432115,-0.4493087557605483,2026-05-05,EURUSD,4666.56,4675.115,4664.280000000001,4671.245,0.0,0.0,0.0003016744175166,16432.0,0.0,0.0,0.1428241808952281,2026-05-11,GOLD,0.0010850000000000026,10.834999999999127,0.001186071428571443,19.837857142856915,-0.0014530708931383973,-0.4515850159806265,0.0,-0.4493087557605483,0.1428241808952281,normal,0.9949524512423757,1.000563053455954,19,1,1,-0.00013640238704171193,-0.0010561460888525165,-0.002449562821079887,0,0,0
2026-05-12 20:00:00,1.172835,1.17337,1.172735,1.173335,0.0,0.0,3.925663578125286e-08,3083,0.0,0.0,0.4448818897639571,2026-05-12,EURUSD,4671.51,4682.505,4671.385,4678.99,0.0,0.0,0.0002806617946453,14486.0,0.0,0.0,0.18390287769785,2026-05-10,GOLD,0.0006349999999999412,11.260000000000218,0.001172500000000005,19.57357142857128,-0.0012359637709240534,-0.3442489884616721,0.0,0.4448818897639571,0.18390287769785,normal,0.9953723733659091,1.0009853435479192,20,0,1,-0.0002215415028183898,-0.0008940849891645453,-0.0024739743845884066,0,0,0
2026-05-12 21:00:00,1.17334,1.174115,1.172895,1.174055,0.0,0.0,4.0538854526226e-08,3060,0.0,0.0,0.4508196721311893,2026-05-12,EURUSD,4679.025,4698.35,4676.35,4696.18,0.0,0.0,0.0003198972132184,18191.0,0.0,0.0,0.401363636363633,2026-05-10,GOLD,0.0012199999999999989,22.0,0.0012289285714285653,19.776428571428433,-0.003060234296143216,-0.3442489884616721,0.0,0.4508196721311893,0.401363636363633,normal,0.9959831691819578,1.0015995836816871,21,0,0,0.0006733346686385033,-0.0006128833180820692,-0.0008382693355120097,0,0,0
2026-05-12 22:00:00,1.17405,1.17469,1.17398,1.174025,0.0,0.0,3.6749133655415744e-08,2271,0.0,0.0,-0.4366197183102247,2026-05-12,EURUSD,4696.285,4715.844999999999,4696.285,4715.83,0.0,0.0,0.0002740107143395,14425.0,0.0,0.0,0.4992331288343856,2026-05-12,GOLD,0.0007099999999999884,19.664999999999054,0.0011664285714285683,20.210714285714012,-0.004209804346916202,-0.3442489884616721,0.0,-0.4366197183102247,0.4992331288343856,normal,0.9959577193562892,1.0015739903427803,22,0,0,0.0010103679956345868,0.0008738277919864146,-0.0006469268844936371,0,0,0
2026-05-12 23:00:00,1.17405,1.174095,1.17378,1.173825,0.0,0.0,3.537297296589029e-08,1268,0.0,-0.9866553027209736,-0.3571428571436124,2026-05-05,EURUSD,4715.77,4719.395,4712.285,4715.295,0.0,0.0,0.0002206199777841,6856.0,0.0,0.0,-0.0766526019690616,2026-05-12,GOLD,0.00031500000000006523,7.110000000000582,0.0010764285714285654,19.296071428571263,-5.69064378613815e-05,-1.196724155750477,0.0,-0.3571428571436124,-0.0766526019690616,normal,0.995788053851831,1.0014033680834,23,0,0,0.0004176130431632341,0.00019597902172363568,-0.0005576936176010516,0,0,0
2026-05-13 00:00:00,1.17378,1.17413,1.1733950000000002,1.173885,0.0,0.0,5.9005795769559056e-08,423,0.0,1.6752618359434763,0.1666666666667673,2026-05-06,EURUSD,0.0,0.0,0.0,0.0,0.0,0.0,0.0,0.0,0.0,0.0,0.0,0,0,0.0007349999999997081,4715.295,0.0010578571428571262,354.935357142857,1.0000511149447322,1.2790033905591474,0.0,0.1666666666667673,0.0,normal,0.9958389535031685,1.0014545547612141,0,0,0,-0.00014479730506666844,0.0005284398665263979,-0.0007448329871633241,0,0,0
2026-05-13 01:00:00,1.173875,1.17402,1.17376,1.17394,0.0,0.0,4.5802134397663544e-08,768,0.0,0.0,0.1923076923072981,2026-05-12,EURUSD,4715.8150000000005,4722.48,4711.93,4717.1900000000005,0.0,0.0,0.000673470867481,5476.0,0.0,0.0,-0.0014218009478122,2026-05-12,GOLD,0.000260000000000149,4722.48,0.0009975000000000003,691.5639285714284,-inf,-0.3562255436417455,0.0,0.1923076923072981,-0.0014218009478122,normal,0.9960926396531317,1.0015014758825436,1,0,0,-7.240050254475605e-05,0.0009378943419391383,-0.00011924230035431638,0,0,0
2026-05-13 02:00:00,1.1739449999999998,1.174135,1.173465,1.173515,0.0,0.0,3.681593546362024e-08,749,0.0,-0.948954797177746,-0.4253731343281949,2026-05-02,EURUSD,4717.25,4724.06,4715.48,4717.139999999999,0.0,0.0,0.0004325460863428,9991.0,0.0,0.0,-0.3065268065268218,2026-05-12,GOLD,0.0006699999999999484,8.580000000000837,0.0009896428571428537,691.3932142857142,-0.00035142919313180254,-1.276626265687703,0.0,-0.4253731343281949,-0.3065268065268218,normal,0.9963195653096746,1.0011389035813614,2,0,0,-0.00026409388111503507,0.0001534088729988614,-0.0007408132767362519,0,0,0
2026-05-13 03:00:00,1.173505,1.173875,1.1733,1.17382,0.0,0.0,3.611401299991895e-08,2473,0.0,-1.0284983372969452,0.4043478260871009,2026-05-04,EURUSD,4717.25,4727.06,4714.235,4714.59,0.0,0.0,0.0004698166152582,15242.0,0.0,0.0,-0.4723196881090891,2026-05-12,GOLD,0.0005749999999999922,12.825000000000728,0.0009689285714285749,690.6514285714285,0.0008004847343688892,-1.3081191149800044,0.0,0.4043478260871009,-0.4723196881090891,normal,0.9973787179084123,1.0013991025269158,3,0,0,-5.537169313862833e-05,-0.00020016098053321496,-0.0008129216232893866,0,0,0
2026-05-13 04:00:00,1.173825,1.174175,1.173195,1.17387,0.0,0.0,4.034862569404383e-08,2822,0.0,-0.5248408101484654,0.1887755102041891,2026-05-06,EURUSD,4714.9,4717.1900000000005,4701.219999999999,4702.65,0.0,0.0,0.0005050339843396,18172.0,0.0,0.0,-0.4104571070757554,2026-05-09,GOLD,0.0009799999999999809,15.970000000001164,0.0009432142857142793,690.2142857142857,0.0025751597759626765,-0.7932077344738397,0.0,0.1887755102041891,-0.4104571070757554,normal,0.9974932445063815,1.0014417580917607,4,0,0,-5.9628260388078225e-05,-0.00013202444581683626,0.0007416879795396625,0,0,0
2026-05-13 05:00:00,1.1738650000000002,1.17417,1.1736300000000002,1.173715,0.0,0.0,3.1207124201567725e-08,1511,0.0,-1.6179187836491724,-0.3425925925929314,2026-05-06,EURUSD,4702.59,4707.7,4687.6900000000005,4691.969999999999,0.0,0.0,0.0003926514275649,15403.0,0.0,0.0,-0.2861069465267647,2026-05-09,GOLD,0.0005399999999997629,20.00999999999931,0.0008817857142856862,690.0760714285714,0.002139018055719921,-1.794645519193488,0.0,-0.3425925925929314,-0.2861069465267647,normal,0.9973615336245136,1.0013095258407412,5,0,0,0.0001704281581402789,-9.371073200847846e-05,0.00010224992437746216,0,0,0
2026-05-13 06:00:00,1.17371,1.173785,1.17326,1.173455,0.0,0.0,3.5820759422285185e-08,1787,0.0,-1.068567399260954,-0.1285714285711869,2026-05-05,EURUSD,4691.82,4705.99,4688.995,4696.030000000001,0.0,0.0,0.0003358364722585,12120.0,0.0,0.0,-0.0860547219770312,2026-05-10,GOLD,0.0005250000000001087,16.99499999999989,0.0007546428571428367,689.0057142857142,-0.0010868270279900116,-1.2486337871187154,0.0,-0.1285714285711869,-0.0860547219770312,normal,0.997140599242025,1.0010877169035473,6,0,0,-0.0003109505716379912,-0.000366305046917037,0.00016194124941937282,0,1,1
2026-05-13 07:00:00,1.17346,1.1735250000000002,1.173225,1.17346,0.0,0.0,3.2810218104711924e-08,883,0.0,-1.44169611190159,0.2833333333327905,2026-05-03,EURUSD,4696.0,4703.465,4695.59,4699.700000000001,0.0,0.0,0.0003069275141371,8924.0,0.0,0.0,0.0219047619048358,2026-05-09,GOLD,0.000300000000000189,7.875,0.0007171428571428448,687.7635714285715,-0.0007772502695602146,-1.5747269526537055,0.0,0.2833333333327905,0.0219047619048358,normal,0.9971448479801499,1.0010919824600317,7,0,0,-0.0003492720659017401,-0.00040887949980406013,0.0005286313563657163,0,1,1
2026-05-13 08:00:00,1.17345,1.17371,1.17325,1.17341,0.0,0.0,3.118682471748628e-08,1499,0.0,-1.4773806846631932,-0.1521739130434677,2026-05-08,EURUSD,4699.709999999999,4707.42,4693.695,4704.105,0.0,0.0,0.0003662510764217,13999.0,0.0,0.0,0.2584699453551605,2026-05-10,GOLD,0.000460000000000127,13.725000000000364,0.0006435714285714259,686.044642857143,-0.0009799029063457532,-1.4584381154494377,0.0,-0.1521739130434677,0.2584699453551605,low_vol,0.9973269417919265,1.0010493268951868,8,0,0,-0.0002598586539321879,-8.947478302367973e-05,6.39203637495811e-05,0,1,1
2026-05-13 09:00:00,1.173415,1.173445,1.171815,1.172,0.0,0.0,4.5322238368603225e-08,2969,0.0,0.1805463850945638,-0.3865030674847378,2026-04-29,EURUSD,4704.115,4715.48,4699.219999999999,4701.83,0.0,0.0,0.000307108419902,14083.0,0.0,0.0,-0.3394833948339147,2026-05-12,GOLD,0.0016300000000000203,16.26000000000022,0.0006824999999999985,686.4321428571429,-0.0007180058728293304,0.0657459883862269,0.0,-0.3865030674847378,-0.3394833948339147,normal,0.9971582690966019,1.0001578747498538,9,0,0,-0.0012399282460767713,-0.0015504932613178424,-0.0017503438935996263,0,1,1
2026-05-13 10:00:00,1.172005,1.172335,1.17071,1.17071,0.0,0.0,4.405194461427197e-08,3566,0.0,0.062993143448281,-0.5000000000000683,2026-05-04,EURUSD,4701.92,4708.905000000001,4696.795,4702.985,0.0,0.0,0.0003092138375032,11465.0,0.0,0.0,0.0111478117257887,2026-05-12,GOLD,0.0016249999999999876,12.110000000000582,0.0007532142857142876,686.4928571428572,-0.001346331628381492,0.0038792952752762662,0.0,-0.5000000000000683,0.0111478117257887,normal,0.9962048044112766,1.0,10,0,0,-0.0023434970088456186,-0.00269195055670568,-0.0028236195992420443,0,0,0
2026-05-13 11:00:00,1.170705,1.171165,1.17004,1.170315,0.0,0.0,4.510605287617204e-08,3473,0.0,0.2282095219649475,-0.2555555555555424,2026-05-10,EURUSD,4702.725,4704.405000000001,4694.555,4700.715,0.0,0.0,0.0002658111412176,11312.0,0.0,0.0,0.1253807106598606,2026-05-10,GOLD,0.0011250000000000426,9.850000000000364,0.0007464285714285765,685.6250000000001,0.00014527008589448887,0.21465990405936428,0.0,-0.2555555555555424,0.1253807106598606,normal,0.9958686828288673,1.0002350346996685,11,0,0,-0.002637611746959756,-0.002896784994653734,-0.002990224266819941,1,0,1
2026-05-13 12:00:00,1.17032,1.170685,1.16954,1.170625,0.0,0.0,4.4915975213005326e-08,3380,0.0,0.2367290622648525,0.4475982532750545,2026-05-12,EURUSD,4700.745,4701.865,4686.12,4700.975,0.0,0.0,0.0003139276774687,11714.0,0.0,0.0,0.4434741187678705,2026-05-12,GOLD,0.0011449999999999516,15.74499999999989,0.0007775000000000024,685.3450000000001,0.00020957521486564268,0.263691713152646,0.0,0.4475982532750545,0.4434741187678705,normal,0.9962723562878455,1.0009277151700668,12,0,0,-0.0011732081911262071,-0.0024116817432282556,-0.0027771033789510957,0,0,0
2026-05-13 13:00:00,1.17063,1.17146,1.1702,1.171285,0.0,0.0,4.840944797681544e-08,3941,0.0,0.6284436499451489,0.3611111111111747,2026-05-06,EURUSD,4700.985,4710.43,4693.8,4694.17,0.0,0.0,0.0002859669999354,11828.0,0.0,0.0,-0.4777510523150726,2026-05-11,GOLD,0.0012600000000000389,16.63000000000011,0.0008450000000000005,686.0250000000002,0.0020113734343717438,0.6224730937073619,0.0,0.3611111111111747,-0.4777510523150726,normal,0.9968340560252934,1.0014920396053149,13,0,1,0.0004911549401644955,-0.0018534930888143286,-0.0022616147332913394,0,0,0
2026-05-13 14:00:00,1.17129,1.171725,1.17113,1.171215,0.0,0.0,3.969617924481743e-08,2707,0.0,-0.3942128647319456,-0.3571428571428305,2026-05-02,EURUSD,4694.139999999999,4705.56,4691.655000000001,4697.530000000001,0.0,0.0,0.0002513926674635,12130.0,0.0,0.0,-0.0774901114706586,2026-05-11,GOLD,0.0005949999999999012,13.904999999999745,0.0008350000000000143,350.21142857142877,-0.0007755449128821201,-0.34913389057574346,0.0,-0.3571428571428305,-0.0774901114706586,normal,0.9967744818107156,1.0014321870136975,14,0,1,0.0007690237243818121,-0.0018706164085871002,-0.0019599238186134293,0,0,0
2026-05-13 15:00:00,1.17121,1.171615,1.16972,1.17018,0.0,0.0,5.995859044307008e-08,4971,0.0,2.0463996303607805,-0.2572559366754507,2026-05-02,EURUSD,4697.48,4701.62,4676.219999999999,4683.855,0.0,0.0,0.0004799725746088,18359.0,0.0,0.0,-0.1994094488189134,2026-05-09,GOLD,0.00189499999999998,25.400000000000546,0.0009517857142857165,14.705714285714553,0.0020274066477832253,2.080839536074569,0.0,-0.2572559366754507,-0.1994094488189134,normal,0.9958936344951723,1.0005472236947859,15,0,1,-0.00038013881473575317,-0.0015529010238907182,-0.0031009865226355737,0,0,0
2026-05-13 16:00:00,1.1702,1.171225,1.170105,1.17103,0.0,0.0,5.070303490584778e-08,5448,0.0,0.9887089360701288,0.3258928571428084,2026-05-07,EURUSD,4683.685,4694.745,4669.525,4679.44,0.0,0.0,0.0004216619023084,22136.0,0.0,0.0,-0.1068596352101741,2026-05-09,GOLD,0.0011200000000000099,25.220000000000255,0.000983928571428578,15.89428571428594,0.0016689836072556474,1.0787478971681308,0.0,0.3258928571428084,-0.1068596352101741,normal,0.9968842843643855,1.0012740051644236,16,0,1,-0.00021770960953126917,0.00027333840148302535,-0.002419347968684704,0,0,0
2026-05-13 17:00:00,1.17102,1.171265,1.1703,1.17077,0.0,0.0,4.7655524703770354e-08,4953,0.0,0.6535686117264573,-0.012953367875616,2026-05-10,EURUSD,4679.43,4691.125,4672.975,4679.92,0.0,0.0,0.0003708010430718,21790.0,0.0,0.0,-0.1173553719008348,2026-05-10,GOLD,0.0009650000000001047,18.149999999999636,0.001011785714285729,16.274642857143004,-0.0003246031394248394,0.7707651464015962,0.0,-0.012953367875616,-0.1173553719008348,normal,0.9966629493738774,1.0010516955384168,17,0,1,-0.0003799473196636205,0.0003887842162153543,-0.0025091270027221,0,0,0
2026-05-13 18:00:00,1.1707649999999998,1.17163,1.170745,1.1711,0.0,0.0,4.4759232185277034e-08,4209,0.0,0.3283940279697241,-0.0988700564972176,2026-05-06,EURUSD,4679.91,4700.030000000001,4679.014999999999,4695.6,0.0,0.0,0.0002932856304788,17434.0,0.0,0.0,0.2891981917677835,2026-05-10,GOLD,0.0008850000000000247,21.015000000001237,0.0010050000000000178,16.635000000000154,-0.003068618843028892,0.4650604799376416,0.0,-0.0988700564972176,0.2891981917677835,normal,0.9969438745541377,1.001333857756041,18,0,1,0.0007862038318890985,0.0004057661505605381,-0.0020068941714849187,0,0,0
2026-05-13 19:00:00,1.1711,1.1718,1.170805,1.170865,0.0,0.0,4.9386379639093454e-08,3533,0.0,0.8868184798146117,-0.4396984924622426,2026-05-05,EURUSD,4695.610000000001,4710.0,4695.049999999999,4695.73,0.0,0.0,0.0003022171052938,16603.0,0.0,0.0,-0.4545150501672068,2026-05-09,GOLD,0.0009949999999998571,14.950000000000728,0.0010375000000000245,16.27357142857168,-0.00022835153327638302,0.9939904510118195,0.0,-0.4396984924622426,-0.4545150501672068,normal,0.9967438217742554,1.0011329240556117,19,1,1,-0.00014090159944657454,-0.00035858053334569817,-0.002211408995619668,0,0,0
2026-05-13 20:00:00,1.17086,1.1710850000000002,1.170415,1.17043,0.0,0.0,3.277628648530024e-08,2234,0.0,-1.19459092466808,-0.4776119402982008,2026-05-02,EURUSD,4695.780000000001,4701.395,4684.645,4685.72,0.0,0.0,0.0002708901555339,13999.0,0.0,0.0,-0.4358208955223989,2026-05-09,GOLD,0.0006700000000001705,16.75,0.0010478571428571718,16.25607142857169,0.0017602037270317838,-1.0955044920905568,0.0,-0.4776119402982008,-0.4358208955223989,normal,0.9963735113093668,1.0007609829505617,20,0,1,-0.0002904071679322717,-0.00067024414817074,-0.0025396067870565586,0,0,0
2026-05-13 21:00:00,1.170425,1.1710699999999998,1.17041,1.170775,0.0,0.0,3.903453683785152e-08,2541,0.0,-0.3983360104657255,0.0530303030303234,2026-04-30,EURUSD,4685.7,4694.155,4677.67,4685.06,0.0,0.0,0.0002571570536773,12438.0,0.0,0.0,-0.0517136791022129,2026-05-10,GOLD,0.0006599999999998829,16.484999999999673,0.0010735714285714357,16.871071428571668,0.0004356169497645723,-0.2700759529978621,0.0,0.0530303030303234,-0.0517136791022129,normal,0.9966672058160024,1.0010559707235323,21,0,0,-0.0002775168644865156,0.0005084687825802625,-0.0010452218430034854,0,0,0
2026-05-13 22:00:00,1.17078,1.17131,1.170755,1.170965,0.0,0.0,3.137990991797432e-08,2392,0.0,-1.2932218260842354,-0.1216216216213999,2026-05-05,EURUSD,4685.095,4690.610000000001,4683.455,4688.31,0.0,0.0,0.0002026885849323,10888.0,0.0,0.0,0.1785464709993051,2026-05-12,GOLD,0.0005550000000000832,7.155000000000655,0.0010803571428571468,16.401785714285975,-0.0005314087589263217,-1.0922074307589706,0.0,-0.1216216216213999,0.1785464709993051,normal,0.9972661656056381,1.001218427757922,22,0,0,8.540694273029281e-05,-5.550669069109837e-05,0.00021781653868169215,0,0,0
2026-05-13 23:00:00,1.17096,1.17143,1.1709,1.17103,0.0,0.0,3.9500621568380044e-08,1306,0.0,-0.3280071853417899,-0.2547169811321071,2026-05-04,EURUSD,4688.1900000000005,4693.595,4686.075,4688.895,0.0,0.0,0.0001569844136124,5260.0,0.0,0.0,-0.1249999999999395,2026-05-09,GOLD,0.0005299999999999194,7.520000000000437,0.001001785714285711,15.777500000000275,-6.926866643097718e-05,-0.16964276536508602,0.0,-0.2547169811321071,-0.1249999999999395,normal,0.9973215236229693,1.0012740051644236,23,0,0,0.0005126321095665354,0.00022207606959523396,0.0006109466254811124,0,0,0
2026-05-14 00:00:00,1.171005,1.1716950000000002,1.170845,1.17152,0.0,0.0,4.4649444497835284e-08,353,0.0,0.4239778532820324,0.2941176470588389,2026-05-06,EURUSD,0.0,0.0,0.0,0.0,0.0,0.0,0.0,0.0,0.0,0.0,0.0,0,0,0.0008500000000002395,4688.895,0.0009464285714285861,349.8335714285717,1.000418435052902,0.6817675695909438,0.0,0.2941176470588389,0.0,normal,0.9977388379074669,1.001692973305744,0,0,0,0.0006363306356900189,0.0003586371787207554,0.0007645488521088595,0,0,0
2026-05-14 01:00:00,1.171525,1.171875,1.1715,1.1717650000000002,0.0,0.0,3.295688095233891e-08,777,0.0,-1.0850100407945953,0.2066666666671245,2026-05-02,EURUSD,4692.514999999999,4700.695,4689.04,4700.165,0.0,0.0,0.0003421873582566,7260.0,0.0,0.0,0.4545259545259363,2026-05-12,GOLD,0.0003750000000000142,4700.695,0.0008928571428571555,684.8939285714288,-inf,-0.8765186695881154,0.0,0.2066666666671245,0.4545259545259363,normal,0.9979474950497159,1.0019024573764046,1,0,0,0.0006831971920595592,0.0007686624845735235,0.0004098063238240357,0,0,0
2026-05-14 02:00:00,1.17176,1.17184,1.17154,1.17159,0.0,0.0,3.1336792859727765e-08,754,0.0,-1.236324587247352,-0.3333333333333333,2026-04-30,EURUSD,4700.08,4702.24,4693.3150000000005,4696.66,0.0,0.0,0.0002495323748756,6201.0,0.0,0.0,-0.1252100840336562,2026-05-11,GOLD,0.00029999999999996696,8.924999999999272,0.0008325000000000138,684.406785714286,0.0005963711493001123,-1.012117949190516,0.0,-0.3333333333333333,-0.1252100840336562,normal,0.9977984542338237,1.0017528258973614,2,0,0,0.000478211489030933,0.00099108874516185,0.0003201803255594715,0,0,0
2026-05-14 03:00:00,1.171585,1.171855,1.17143,1.17171,0.0,0.0,3.6697672493447246e-08,2142,0.0,-0.539810425815351,0.1588235294120597,2026-05-11,EURUSD,4696.665,4706.855,4689.575000000001,4705.075000000001,0.0,0.0,0.0003882779726171,14135.0,0.0,0.0,0.3969907407408011,2026-05-11,GOLD,0.0004250000000001197,17.279999999998836,0.0007728571428571625,684.4532142857144,-0.0016892738719493927,-0.30943873998070986,0.0,0.1588235294120597,0.3969907407408011,normal,0.9979006536504355,1.0018554303401337,3,0,0,0.00016218246380783619,0.0007986163011681757,0.0013074911552068968,0,0,0
2026-05-14 04:00:00,1.171705,1.17176,1.17127,1.17139,0.0,0.0,3.583892862428787e-08,2543,0.0,-0.6221817121419391,-0.2551020408162479,2026-05-07,EURUSD,4705.094999999999,4707.085,4683.665,4688.8150000000005,0.0,0.0,0.0005893058775626,22204.0,0.0,0.0,-0.2801024765157758,2026-05-11,GOLD,0.0004899999999998794,23.420000000000073,0.0007653571428571608,685.1328571428573,0.003182737773178679,-0.3916846903930606,0.0,-0.2551020408162479,-0.2801024765157758,normal,0.99763237009973,1.0015818184927407,4,0,0,-0.0003200300401533518,0.00036294850828144654,0.0003074216715199807,0,0,0
2026-05-14 05:00:00,1.171385,1.17154,1.171165,1.171225,0.0,0.0,2.8068832634761866e-08,1894,0.0,-1.57480762360342,-0.3400000000001421,2026-04-30,EURUSD,4688.91,4699.73,4680.02,4686.385,0.0,0.0,0.0004249563325579,18335.0,0.0,0.0,-0.1770674784373382,2026-05-13,GOLD,0.0003750000000000142,19.709999999999127,0.0006567857142857347,684.7264285714285,0.00037739631575250954,-1.4037411918411717,0.0,-0.3400000000001421,-0.1770674784373382,normal,0.9978190213710346,1.0014407373839287,5,0,0,-0.0003115424337865047,0.0001665200720732951,0.0003886331217914929,0,0,0
2026-05-14 06:00:00,1.17123,1.17152,1.17097,1.171225,0.0,0.0,3.0841275170328806e-08,2022,0.0,0.0,-0.0363636363634822,2026-05-14,EURUSD,4686.485000000001,4693.469999999999,4674.105,4675.105,0.0,0.0,0.0004064566985369,16765.0,0.0,0.0,-0.4483604441001801,2026-05-12,GOLD,0.0005499999999998284,19.36499999999978,0.0006160714285714361,684.3082142857144,0.002406972538534613,0.22073732067329502,0.0,-0.0363636363634822,-0.4483604441001801,low_vol,0.9978827819478405,1.0014407373839287,6,0,0,-0.0004139249472993045,-0.00025180961485926634,0.00010673725557164282,0,0,0
2026-05-14 07:00:00,1.17123,1.17174,1.17116,1.17144,0.0,0.0,3.4644102830079254e-08,1851,0.0,-0.7138966496614835,-0.017241379310457,2026-05-01,EURUSD,4675.110000000001,4712.82,4668.76,4702.514999999999,0.0,0.0,0.0004651343182702,15226.0,0.0,0.0,0.2661143894688967,2026-05-14,GOLD,0.0005800000000000249,44.05999999999949,0.0005885714285714304,686.1589285714286,-0.005679401436613718,-0.6003682971780502,0.0,-0.017241379310457,0.2661143894688967,low_vol,0.9980659617793152,1.001624570343896,7,0,0,4.268433228915569e-05,-0.00027735936813277906,0.0004910899206995722,0,1,1
2026-05-14 08:00:00,1.1714449999999998,1.171615,1.17102,1.171035,0.0,0.0,3.5753582364964265e-08,2826,0.0,-0.6126632020091898,-0.4747899159662266,2026-05-06,EURUSD,4702.545,4704.305,4689.299999999999,4689.77,0.0,0.0,0.0003915409078822,16710.0,0.0,0.0,-0.4686771076307143,2026-05-14,GOLD,0.0005950000000001232,15.005000000001019,0.0005678571428571517,685.7296428571428,0.0023645235202347514,-0.5510779192937322,0.0,-0.4747899159662266,-0.4686771076307143,low_vol,0.9979462181866214,1.0012782803495393,8,0,0,-0.00016222331319759586,-0.00047371520753836105,0.0005169040438128825,0,0,0
2026-05-14 09:00:00,1.171015,1.17215,1.170675,1.171835,0.0,0.0,4.082773046775529e-08,3232,0.0,0.0584640707967052,0.2864406779659667,2026-05-05,EURUSD,4689.375,4702.43,4686.325,4700.3150000000005,0.0,0.0,0.000292987665441,15391.0,0.0,0.0,0.3686743247438575,2026-05-12,GOLD,0.001475000000000115,16.105000000000473,0.0006021428571428844,685.8121428571428,-0.0015653547678740054,0.23556214030433287,0.0,0.2864406779659667,0.3686743247438575,low_vol,0.9995735007485063,1.0019623099680215,9,0,0,0.0005208222160557607,0.00010668168744820683,0.0009053831863510275,0,1,1
2026-05-14 10:00:00,1.17183,1.171855,1.1706,1.170755,0.0,0.0,4.227008351667519e-08,4072,0.0,0.2543178785326623,-0.3764940239045252,2026-05-11,EURUSD,4700.33,4718.875,4691.08,4693.18,0.0,0.0,0.0003908300943699,14998.0,0.0,0.0,-0.4244468429573535,2026-05-14,GOLD,0.0012550000000000061,27.795000000000073,0.000643928571428587,686.6010714285715,0.0005963519108459492,0.4528895904861137,0.0,-0.3764940239045252,-0.4244468429573535,normal,0.9988098792816619,1.0010388699830703,10,0,0,-0.0005847503926791342,-0.000542091020070079,-0.0001793392629156898,0,0,0
2026-05-14 11:00:00,1.17074,1.1713900000000002,1.170485,1.17111,0.0,0.0,4.2654497351384354e-08,3496,0.0,0.0,0.1906077348067416,2026-05-14,EURUSD,4693.0,4706.805,4692.34,4693.385,0.0,0.0,0.0002819826815062,14246.0,0.0,0.0,-0.4277566539923911,2026-05-14,GOLD,0.0009050000000001557,14.465000000000146,0.0006614285714286064,686.4567857142857,0.0002595427294584951,0.16926181546623317,0.0,0.1906077348067416,-0.4277566539923911,normal,0.9991127415433179,1.0013424081262718,11,0,0,6.404590810693556e-05,-9.818779483006246e-05,6.831592700451417e-05,0,1,1
2026-05-14 12:00:00,1.171115,1.171335,1.170575,1.17074,0.0,0.0,4.048755807973605e-08,3027,0.0,0.0622782625436781,-0.2828947368421706,2026-05-06,EURUSD,4693.47,4702.625,4688.5650000000005,4699.615,0.0,0.0,0.000293519169272,12568.0,0.0,0.0,0.2859174964437889,2026-05-13,GOLD,0.0007600000000000939,14.05999999999949,0.0006760714285714643,686.9499999999999,-0.001643339738702787,0.2510494392988293,0.0,-0.2828947368421706,0.2859174964437889,normal,0.9987970822846904,1.0008720035564065,12,0,0,-0.0009344318952754227,-0.00041409635210998275,-0.0006658016935263689,0,1,1
2026-05-14 13:00:00,1.170735,1.17129,1.17048,1.170865,0.0,0.0,4.4562418570495424e-08,3356,0.0,0.6287974915417586,-0.0246913580245796,2026-05-05,EURUSD,4699.685,4705.424999999999,4691.360000000001,4697.125,0.0,0.0,0.000262632144065,12924.0,0.0,0.0,-0.0901173124777849,2026-05-12,GOLD,0.0008099999999999774,14.06499999999869,0.0006960714285714685,687.4174999999998,0.0006366007121080264,0.9129914615769217,0.0,-0.0246913580245796,-0.0901173124777849,normal,0.9989037239261187,1.0009788667373387,13,0,1,9.395646399124047e-05,-0.0004908488697671354,-0.0007680720963675336,0,1,1
2026-05-14 14:00:00,1.17087,1.17089,1.16996,1.16997,0.0,0.0,3.9331290582714665e-08,3144,0.0,-0.0674253869188543,-0.4892473118281238,2026-05-11,EURUSD,4697.205,4704.9400000000005,4689.5,4694.465,0.0,0.0,0.0002577103314294,12386.0,0.0,0.0,-0.1784326424870478,2026-05-12,GOLD,0.0009299999999998754,15.44000000000051,0.0007017857142857282,353.5992857142855,-0.0001980882813548135,0.08370078787111954,0.0,-0.4892473118281238,-0.1784326424870478,normal,0.9981401697734931,1.0002137263618642,14,0,1,-0.0009734354586675709,-0.0009094518951184849,-0.0013827362814635702,0,1,1
2026-05-14 15:00:00,1.169965,1.170555,1.169635,1.169725,0.0,0.0,4.3601225695806494e-08,3913,0.0,0.7150775452538224,-0.4021739130432028,2026-05-04,EURUSD,4693.745,4710.15,4692.424999999999,4704.950000000001,0.0,0.0,0.0003578857639281,15905.0,0.0,0.0,0.2066290550071197,2026-05-12,GOLD,0.0009200000000000319,17.725000000000364,0.0007407142857143009,19.101428571428382,-0.0024428884233337333,1.2253914506398098,0.0,-0.4021739130432028,0.2066290550071197,normal,0.9979311521562939,1.0000769470817819,15,0,1,-0.0008669730256076758,-0.0018005947936357014,-0.0016941051966784526,0,1,1
2026-05-14 16:00:00,1.16972,1.16998,1.168565,1.168975,0.0,0.0,6.214832770911849e-08,6297,0.0,3.0193166577310917,-0.2102473498232164,2026-05-03,EURUSD,4704.9,4707.785,4666.745,4679.62,0.0,0.0,0.0005013261362999,24916.0,0.0,0.0,-0.186281676413244,2026-05-14,GOLD,0.001414999999999944,41.039999999999964,0.0008203571428571564,21.395357142857,0.004742515299039907,3.2419913149992277,0.0,-0.2102473498232164,-0.186281676413244,normal,0.9972913023077252,1.0003508576758675,16,0,1,-0.0016141912176040885,-0.001520386417311781,-0.002061653249558093,0,1,1
2026-05-14 17:00:00,1.1689699999999998,1.170025,1.16787,1.16787,0.0,0.0,5.24076553587951e-08,6297,0.0,1.6255452762916511,-0.4999999999999485,2026-05-02,EURUSD,4679.67,4701.08,4677.79,4679.585,0.0,0.0,0.0003872613819823,23085.0,0.0,0.0,-0.4229282954057308,2026-05-14,GOLD,0.002155000000000129,23.289999999999964,0.0009439285714285857,21.8246428571428,-0.0009377933280807493,1.6655715935638857,0.0,-0.4999999999999485,-0.4229282954057308,normal,0.9963485901975002,1.0,17,0,1,-0.0017949178184055725,-0.002766606040423336,-0.002864522188307128,0,0,0
2026-05-14 18:00:00,1.16786,1.168095,1.16716,1.16775,0.0,0.0,4.907697449992453e-08,4692,0.0,1.1469436885093505,0.1310160427807575,2026-05-05,EURUSD,4679.645,4689.525,4677.115,4685.985000000001,0.0,0.0,0.0002919874401522,17497.0,0.0,0.0,0.2147461724416522,2026-05-12,GOLD,0.0009350000000001302,12.409999999999854,0.0009757142857143178,21.03821428571421,-0.0014703938058976407,1.1314090914403248,0.0,0.1310160427807575,0.2147461724416522,normal,0.9962462142217293,1.000505500531204,18,0,1,-0.0016884310414839732,-0.002553940242923103,-0.0029669790176950483,0,0,0
2026-05-14 19:00:00,1.16774,1.168155,1.16708,1.167645,0.0,0.0,4.717745105136642e-08,4308,0.0,0.9302781860686128,0.0255813953488977,2026-05-04,EURUSD,4685.905000000001,4687.1,4670.39,4678.6,0.0,0.0,0.0002669990550339,16608.0,0.0,0.0,-0.0086774386595114,2026-05-13,GOLD,0.0010750000000001592,16.710000000000036,0.0010257142857143281,20.82392857142856,0.0014860595160155476,0.9208073051794442,0.0,0.0255813953488977,-0.0086774386595114,normal,0.9961566352429296,1.0004841141995409,19,1,1,-0.0011377488825681237,-0.002750103555918093,-0.0032396025404629603,0,0,0
2026-05-14 20:00:00,1.16764,1.168085,1.1676,1.1678000000000002,0.0,0.0,4.146001805060585e-08,2982,0.0,0.1541492454861944,-0.0876288659787985,2026-05-06,EURUSD,4678.59,4683.175,4676.51,4678.285,0.0,0.0,0.0002270383245421,13951.0,0.0,0.0,-0.2336834208553351,2026-05-13,GOLD,0.0004850000000000687,6.664999999999964,0.001021071428571488,19.916785714285716,0.0002000736591128982,0.1291072353905029,0.0,-0.0876288659787985,-0.2336834208553351,normal,0.9962888708783006,1.0006169242896805,20,0,1,-5.993817805050039e-05,-0.001854748412352225,-0.002762513503012154,0,0,0
2026-05-14 21:00:00,1.16779,1.16785,1.167395,1.1677499999999998,0.0,0.0,3.7996218445585945e-08,2476,0.0,-0.2921017904119008,0.2802197802193619,2026-05-08,EURUSD,4678.38,4678.495,4667.05,4671.695,0.0,0.0,0.0002352122544616,12126.0,0.0,0.0,-0.0941459152468636,2026-05-12,GOLD,0.0004550000000000942,11.444999999999709,0.0010121428571429217,17.587142857142876,0.0013658203063350305,-0.31443436278923137,0.0,0.2802197802193619,-0.0941459152468636,normal,0.9962462142217291,1.000574082325119,21,0,0,-2.220446049250313e-16,-0.0016884310414841952,-0.003485985654977153,0,0,0
2026-05-14 22:00:00,1.167755,1.1679,1.166865,1.1670850000000002,0.0,0.0,3.134154391696253e-08,2596,0.0,-1.1593842287250926,-0.2874396135264436,2026-05-08,EURUSD,4671.885,4671.9400000000005,4653.125,4654.31,0.0,0.0,0.000262560963611,12470.0,0.0,0.0,-0.4370183364336769,2026-05-12,GOLD,0.0010349999999998971,18.81500000000051,0.001043571428571477,17.859285714285697,0.0031518761857339817,-1.1822968231903923,0.0,-0.2874396135264436,-0.4370183364336769,normal,0.9956788806893316,1.0001885393768775,22,0,0,-0.0004795978229683584,-0.001616801043649252,-0.0031347292986149133,0,0,0
2026-05-14 23:00:00,1.167125,1.16721,1.166575,1.16695,0.0,0.0,3.6899574720899765e-08,1604,0.0,-0.4190672927808349,0.0905511811024393,2026-04-30,EURUSD,4654.35,4657.145,4644.5,4652.445,0.0,0.0,0.0002281418889695,7731.0,0.0,0.0,0.1283115856069145,2026-05-12,GOLD,0.0006350000000001632,12.645000000000437,0.0009835714285714805,17.612142857142835,0.0002850310549804558,-0.44366747546961993,0.0,0.0905511811024393,0.1283115856069145,normal,0.9955637077165891,1.000321453828515,23,0,0,-0.0007278643603358947,-0.0007877589115227179,-0.00355218553338299,0,0,0
2026-05-15 00:00:00,1.16694,1.167395,1.1667800000000002,1.16704,0.0,0.0,4.8326755478957054e-08,327,0.0,1.0278690072273062,-0.0772357723577118,2026-05-09,EURUSD,0.0,0.0,0.0,0.0,0.0,0.0,0.0,0.0,0.0,0.0,0.0,0,0,0.0006149999999998101,4652.445,0.0009378571428571807,347.9442857142857,1.000077124126998,0.9475371875416003,0.0,-0.0772357723577118,0.0,normal,0.9956404896984175,1.0003986027473588,0,0,0,-0.0006080068507812175,-0.0006080068507814396,-0.0031603942805403795,0,1,1
2026-05-15 01:00:00,1.16705,1.1671200000000002,1.1668949999999998,1.166975,0.0,0.0,3.7699551781876055e-08,910,0.0,-0.3609562256501549,-0.1444444444446637,2026-05-09,EURUSD,4652.895,4662.889999999999,4646.845,4662.469999999999,0.0,0.0,0.0004765898797851,8372.0,0.0,0.0,0.4738236210657183,2026-05-14,GOLD,0.0002250000000003638,4662.889999999999,0.000889285714285767,679.9746428571427,-inf,-0.4439602027746251,0.0,-0.1444444444446637,0.4738236210657183,normal,0.9955850360448749,1.0003428840837496,1,0,0,-9.425191824075085e-05,-0.0005738045381943335,-0.003322330072211499,0,1,1
2026-05-15 02:00:00,1.16697,1.16698,1.166145,1.16618,0.0,0.0,3.8039381356305924e-08,1411,0.0,-0.3638632435415807,-0.4580838323351948,2026-05-08,EURUSD,4662.459999999999,4665.385,4646.975,4652.33,0.0,0.0,0.0004493856929523,10107.0,0.0,0.0,-0.2091254752851925,2026-05-13,GOLD,0.0008349999999999191,18.409999999999854,0.0008946428571428974,680.285357142857,0.001493564393873159,-0.5004320596751956,0.0,-0.4580838323351948,-0.2091254752851925,normal,0.9949067952053918,1.0000300134202864,2,0,0,-0.0006598397532027178,-0.0013872238396986925,-0.0032393993008367206,0,0,0
2026-05-15 03:00:00,1.166185,1.16636,1.16523,1.165545,0.0,0.0,3.9165751918594716e-08,3477,0.0,-0.2280553927438975,-0.2212389380531564,2026-05-04,EURUSD,4652.344999999999,4658.31,4613.665,4630.235000000001,0.0,0.0,0.0006517463199762,21529.0,0.0,0.0,-0.128849815208842,2026-05-14,GOLD,0.0011300000000000754,44.64500000000044,0.0009175000000000473,682.469642857143,0.004204720326000055,-0.37638429367551895,0.0,-0.2212389380531564,-0.128849815208842,normal,0.9943650556669369,1.0002703328956515,3,0,0,-0.0012810186454620398,-0.0018882466281308075,-0.0035734894953940444,0,0,0
2026-05-15 04:00:00,1.16554,1.16566,1.1646,1.164695,0.0,0.0,3.947493530230544e-08,4639,0.0,-0.2087918731878288,-0.4103773584905937,2026-05-12,EURUSD,4630.405000000001,4631.620000000001,4607.655000000001,4616.92,0.0,0.0,0.0009394870992161,8754.0,0.0,0.0,-0.1133945336949984,2026-05-12,GOLD,0.0010599999999998388,23.965000000000146,0.000926785714285759,683.0785714285714,0.0021463914061197187,-0.3783921171378745,0.0,-0.4103773584905937,-0.1133945336949984,normal,0.9936398925052254,1.0000815730722994,4,0,0,-0.0019537693609547047,-0.002047837132685415,-0.0036613272311213363,0,0,0
2026-05-15 05:00:00,1.16469,1.16576,1.16457,1.16536,0.0,0.0,3.8417836089120275e-08,2470,0.0,-0.4414867877551232,0.163865546218438,2026-05-12,EURUSD,4614.16,4623.575000000001,4609.465,4618.18,0.0,0.0,0.0005101146361783,20340.0,0.0,0.0,0.1176470588235142,2026-05-15,GOLD,0.0011899999999998023,14.110000000000582,0.0009460714285714568,682.8203571428572,0.0002980557185308097,-0.7209425848315677,0.0,0.163865546218438,0.1176470588235142,normal,0.9942072260376231,1.0006783619705126,5,0,0,-0.0007031504570478297,-0.0013625262436265384,-0.0021492118129586846,0,1,1
2026-05-15 06:00:00,1.165355,1.165515,1.1650049999999998,1.165215,0.0,0.0,3.2152688037454066e-08,1969,0.0,-1.380956980301485,-0.0882352941177495,2026-05-01,EURUSD,4618.139999999999,4622.360000000001,4607.54,4615.540000000001,0.0,0.0,0.0004156873497091,14981.0,0.0,0.0,0.0398110661268637,2026-05-15,GOLD,0.0005100000000002325,14.820000000000618,0.0008814285714286203,680.9475,0.00044722869800295495,-1.6124918598789812,0.0,-0.0882352941177495,0.0398110661268637,normal,0.9940835217335664,1.000553852494912,6,0,0,-0.0002831293515052069,-0.0015637853029889515,-0.0021708413615929567,0,1,1
2026-05-15 07:00:00,1.16521,1.16527,1.1646450000000002,1.164735,0.0,0.0,3.141779928951783e-08,1581,0.0,-1.433281563446337,-0.356000000000449,2026-05-02,EURUSD,4615.52,4621.625,4604.450000000001,4605.955,0.0,0.0,0.0004120517221865,12477.0,0.0,0.0,-0.4123726346434199,2026-05-15,GOLD,0.0006249999999998757,17.174999999999272,0.0007721428571428879,680.5107142857144,0.0016647389411951208,-1.5713235077940186,0.0,-0.356000000000449,-0.4123726346434199,normal,0.9936740178304825,1.000141683196373,7,0,0,3.434375523214683e-05,-0.0019194927054992927,-0.002492195830068211,0,1,1
2026-05-15 08:00:00,1.164745,1.164805,1.16327,1.163275,0.0,0.0,4.448872849638955e-08,4720,0.0,0.402728856469818,-0.4967426710098226,2026-05-03,EURUSD,4606.264999999999,4606.535,4558.915,4559.030000000001,0.0,0.0,0.0007234431462688,24787.0,0.0,0.0,-0.497585048299029,2026-05-14,GOLD,0.001535000000000064,47.61999999999989,0.000815000000000026,683.0257142857143,0.008934394042122373,0.2570295000541116,0.0,-0.4967426710098226,-0.497585048299029,normal,0.9924284434586017,1.0000042982282704,8,0,0,-0.001789146701448363,-0.0024910391191753645,-0.003874807330022323,0,0,0
2026-05-15 09:00:00,1.16326,1.1643599999999998,1.16325,1.163505,0.0,0.0,4.933300413341147e-08,5815,0.0,1.031802192608304,-0.2702702702703081,2026-05-14,EURUSD,4558.825000000001,4580.549999999999,4556.485000000001,4569.8,0.0,0.0,0.0004912942985563,22911.0,0.0,0.0,0.0532931643465748,2026-05-13,GOLD,0.0011099999999999444,24.06499999999869,0.0008175000000000107,683.5510714285714,-0.002164626970954764,0.8485651051838764,0.0,-0.2702702702703081,0.0532931643465748,normal,0.9928745450589023,1.0002192134107029,9,0,0,-0.0014675403251759311,-0.001750254172940613,-0.0036351958895309844,0,0,0
2026-05-15 10:00:00,1.1635,1.164905,1.163195,1.163665,0.0,0.0,4.967581052432709e-08,4824,0.0,1.0123041028048865,-0.2251461988304427,2026-05-14,EURUSD,4569.955,4588.705,4566.05,4570.89,0.0,0.0,0.0004181313288817,17788.0,0.0,0.0,-0.2863606267932136,2026-05-14,GOLD,0.0017100000000001003,22.654999999999745,0.0009050000000000129,684.6932142857141,-0.00010100694941783672,0.7856893313015136,0.0,-0.2251461988304427,-0.2863606267932136,normal,0.9934052706613509,1.0004040595085089,10,0,0,-0.0009186639020893894,-0.0008843516972255605,-0.0029303778216669407,1,0,1
2026-05-15 11:00:00,1.16371,1.163835,1.163055,1.163305,0.0,0.0,4.4533717120970816e-08,4904,0.0,0.2865418705574074,-0.1794871794869313,2026-05-02,EURUSD,4571.145,4572.05,4550.245,4554.455,0.0,0.0,0.0004477091655302,19794.0,0.0,0.0,-0.3069250171978913,2026-05-15,GOLD,0.0007800000000000029,21.80500000000029,0.0009282142857142921,685.4332142857141,0.0032862124675897553,0.04948781136140129,0.0,-0.1794871794869313,-0.3069250171978913,normal,0.9931445743531953,1.0002149511416056,11,0,0,2.5789258773611934e-05,-0.0017634035834419581,-0.0031235271434079115,0,0,0
2026-05-15 12:00:00,1.16331,1.16336,1.161735,1.1628,0.0,0.0,5.0116934806648623e-08,5731,0.0,0.9844618178893384,0.1553846153846097,2026-05-08,EURUSD,4554.370000000001,4563.865,4532.07,4545.855,0.0,0.0,0.0004668047555336,19406.0,0.0,0.0,-0.0664412643497461,2026-05-14,GOLD,0.0016249999999999876,31.795000000000073,0.0009703571428571557,686.360357142857,0.0014541530602523167,0.7009534416316734,0.0,0.1553846153846097,-0.0664412643497461,normal,0.9927515815895296,1.0009167323012564,12,0,0,-0.000605927778565607,-0.0020725788802923306,-0.0036331231148889476,0,0,0
2026-05-15 13:00:00,1.162805,1.16555,1.16274,1.164925,0.0,0.0,5.52747379620852e-08,6630,0.0,0.0,0.2775800711743803,2026-05-15,EURUSD,4545.91,4572.59,4544.209999999999,4566.094999999999,0.0,0.0,0.0004715957234182,18604.0,0.0,0.0,0.2711416490486058,2026-05-14,GOLD,0.002809999999999979,28.38000000000102,0.0011257142857142854,687.4842857142856,-0.0026249223627607954,-0.24674095126588866,0.0,0.2775800711743803,0.2711416490486058,normal,0.9949055846407434,1.0027458929962514,13,0,1,0.0010827858533168921,0.0001631272349502666,-0.0017566785920865025,0,1,1
2026-05-15 14:00:00,1.16492,1.16501,1.162925,1.163165,0.0,0.0,4.6426249351257454e-08,4521,0.0,0.3628743638739059,-0.3848920863309329,2026-05-06,EURUSD,4566.025,4570.360000000001,4549.925,4552.08,0.0,0.0,0.0003917499875404,15879.0,0.0,0.0,-0.3945436750672788,2026-05-14,GOLD,0.0020850000000001145,20.4350000000004,0.0012307142857143072,356.6264285714286,0.0015585354553170339,0.09494453767441492,0.0,-0.3848920863309329,-0.3945436750672788,high_vol,0.9936867554279807,1.0012309175500438,14,0,1,-0.00012034677062333632,-9.456061550372485e-05,-0.0025853641804867156,0,0,0
2026-05-15 15:00:00,1.16316,1.163215,1.1618849999999998,1.16263,0.0,0.0,4.7559436742192016e-08,5205,0.0,0.485049291698364,0.0601503759398973,2026-05-06,EURUSD,4551.889999999999,4558.844999999999,4543.76,4546.0650000000005,0.0,0.0,0.0004416110762089,18466.0,0.0,0.0,-0.347199204507761,2026-05-14,GOLD,0.0013300000000002754,15.084999999999127,0.0013096428571428723,24.64035714285715,0.0008614220238380987,0.22640406883258693,0.0,0.0601503759398973,-0.347199204507761,high_vol,0.9936796222302942,1.0007703994456567,15,0,1,-0.00014619883040933868,-0.0007520380230423562,-0.0025009759382950136,0,0,0
2026-05-15 16:00:00,1.162655,1.163225,1.161905,1.16235,0.0,0.0,5.4862351329612927e-08,6744,0.0,1.588295395335817,-0.1628787878786789,2026-05-03,EURUSD,4546.040000000001,4557.665,4511.83,4533.61,0.0,0.0,0.0006170807405717,26765.0,0.0,0.0,-0.0248172793716552,2026-05-15,GOLD,0.0013199999999999878,45.835000000000036,0.0013442857142857343,26.599285714285738,0.0024988987708255417,1.604254977728529,0.0,-0.1628787878786789,-0.0248172793716552,high_vol,0.9934403111044635,1.0005293806246691,16,0,1,-0.0022104427323647036,-0.0011300503151679964,-0.0020134026504793345,0,0,0
2026-05-15 17:00:00,1.16234,1.1637849999999998,1.162145,1.162945,0.0,0.0,5.4272797257758046e-08,7747,0.0,0.0,-0.0121951219510296,2026-05-15,EURUSD,4533.31,4566.645,4525.555,4562.835,0.0,0.0,0.0005818110382592,27651.0,0.0,0.0,0.4072767096617087,2026-05-15,GOLD,0.0016399999999998638,41.090000000000146,0.0013807142857142907,26.345357142857146,-0.005934403754881412,-0.16036583710328578,0.0,-0.0121951219510296,0.4072767096617087,high_vol,0.9955399754313424,1.0010415456192676,17,0,1,-0.00018913911611861955,-0.0003094631244601187,-0.0020723209995194836,0,0,0
2026-05-15 18:00:00,1.16294,1.1631,1.16206,1.162645,0.0,0.0,4.5326320088689446e-08,5937,0.0,0.2685552614633121,0.0624999999997731,2026-05-09,EURUSD,4562.969999999999,4563.715,4533.895,4539.955,0.0,0.0,0.0003980853157273,23009.0,0.0,0.0,-0.2967806841046428,2026-05-13,GOLD,0.0010399999999999299,29.81999999999971,0.0013792857142857257,26.7635714285714,0.004756460570068843,0.22326562299173505,0.0,0.0624999999997731,-0.2967806841046428,high_vol,0.9952831601970628,1.0007833111682096,18,0,1,1.2901783026375568e-05,-0.00013329893360869427,-0.0022056015413464136,0,0,0
2026-05-15 19:00:00,1.162665,1.163135,1.162315,1.162995,0.0,0.0,4.013146427159194e-08,3447,0.0,-0.4133847041775899,0.3292682926829004,2026-05-14,EURUSD,4540.06,4548.15,4529.45,4544.465,0.0,0.0,0.0003699141048238,19408.0,0.0,0.0,0.3029411764706379,2026-05-13,GOLD,0.0008200000000000429,18.699999999999818,0.0013528571428571715,27.091428571428487,-0.0006923641969531769,-0.5865026208826168,0.0,0.3292682926829004,0.3029411764706379,high_vol,0.9956424404045938,1.001084584694444,19,1,1,0.0005549103110078502,-0.001656759018820897,-0.001493902046388329,0,0,0
2026-05-15 20:00:00,1.163,1.163575,1.16267,1.162685,0.0,0.0,3.766187850819504e-08,2951,0.0,-0.7272641832683404,-0.4834254143647764,2026-05-14,EURUSD,4544.495,4564.59,4543.3,4559.62,0.0,0.0,0.0003741104455813,16750.0,0.0,0.0,0.2665570690465097,2026-05-13,GOLD,0.0009049999999999336,21.289999999999964,0.001381071428571436,27.5535714285713,-0.0036013791582270027,-0.9286828533958373,0.0,-0.4834254143647764,0.2665570690465097,high_vol,0.9955347204383937,1.0008177424283506,20,0,1,-0.0002235703322168714,-0.0004126671624404832,-0.0005071887558832922,0,0,0
2026-05-15 21:00:00,1.16269,1.16273,1.161695,1.162195,0.0,0.0,4.1408624164312483e-08,3357,0.0,-0.232916906403725,-0.0169082125601734,2026-05-02,EURUSD,4559.719999999999,4563.1,4552.445,4559.389999999999,0.0,0.0,0.0003005256619791,14707.0,0.0,0.0,0.1518066635381776,2026-05-15,GOLD,0.0010350000000001192,10.655000000000655,0.0014103571428571676,27.08785714285711,-0.00037099550868424647,-0.30169421510264205,0.0,-0.0169082125601734,0.1518066635381776,high_vol,0.995115163969518,1.00043040557117,21,0,0,-0.0003870484971765231,-0.0003741517077660017,-0.0011259083544977733,0,0,0
2026-05-15 22:00:00,1.16222,1.16232,1.16192,1.16214,0.0,0.0,3.556253862369292e-08,2191,0.0,-1.1092211805082897,0.0499999999997779,2026-05-11,EURUSD,4559.38,4560.3,4545.110000000001,4545.9400000000005,0.0,0.0,0.0002859615296586,14220.0,0.0,0.0,-0.4453587886767344,2026-05-14,GOLD,0.00039999999999995595,15.1899999999996,0.0013292857142857312,24.77142857142852,0.0029026317806084556,-1.4289987028593232,0.0,0.0499999999997779,-0.4453587886767344,high_vol,0.9954985244925668,1.000383060958341,22,0,0,-0.0007351708304851323,-0.00018066847335140857,-0.001310514624054182,0,0,0
2026-05-15 23:00:00,1.16213,1.162585,1.161925,1.162475,0.0,0.0,3.68835933632741e-08,1688,0.0,-0.9186624314148172,0.3333333333335576,2026-05-13,EURUSD,4545.99,4546.469999999999,4533.26,4539.795,0.0,0.0,0.0003530006569167,9679.0,0.0,0.0,-0.005299015897026,2026-05-14,GOLD,0.0006599999999998829,13.209999999999127,0.0012971428571428697,23.99607142857141,0.001640016943528111,-1.131514495853886,0.0,0.3333333333335576,-0.005299015897026,high_vol,0.995785488202365,1.0006714326910247,23,0,0,-0.0001806164180324643,-0.0004041463697767034,-0.0007134844258385176,0,0,0
2026-05-18 00:00:00,1.16215,1.16248,1.16178,1.162435,0.0,0.0,2.2511005751724546e-08,409,0.0,0.0,0.4357142857143333,2026-05-08,EURUSD,0.0,0.0,0.0,0.0,0.0,0.0,0.0,0.0,0.0,0.0,0.0,0,0,0.0006999999999999229,4539.795,0.001225,346.6489285714286,0.9999655906578637,0.0758612799509335,0.0,0.4357142857143333,0.0,normal,0.9959858455000342,1.0006370002453313,0,0,0,0.00020650579291769944,-0.00018062263201568118,-0.0003138974888200474,0,1,1
2026-05-18 01:00:00,1.162415,1.162575,1.16206,1.162305,0.0,0.0,4.51452482614373e-08,1491,0.0,0.0,-0.024271844660146,2026-05-11,EURUSD,4531.09,4555.405,4528.450000000001,4546.27,0.0,0.0,0.0007603924737709,10061.0,0.0,0.0,0.1611018363940201,2026-05-14,GOLD,0.0005149999999998212,4555.405,0.0012060714285714155,670.4775,-inf,0.05644533111316922,0.0,-0.024271844660146,0.1611018363940201,normal,0.9959939330579787,1.000525094796827,1,0,0,0.00014197945170124626,-0.0005932957579354303,-0.002249071828658522,0,0,0
2026-05-18 02:00:00,1.1623,1.162365,1.1612,1.16137,0.0,0.0,4.2142335461756476e-08,1993,0.0,0.0,-0.3540772532188637,2026-05-05,EURUSD,4546.225,4548.15,4532.165,4537.195,0.0,0.0,0.0005262566576826,12939.0,0.0,0.0,-0.1853299968720486,2026-05-15,GOLD,0.0011650000000000826,15.984999999999673,0.0011732142857142794,669.3482142857143,0.001191705879222127,0.03675271646386106,0.0,-0.3540772532188637,-0.1853299968720486,normal,0.995721732569704,1.0001464002755769,2,0,0,-0.0009505580765176713,-0.001131002808155257,-0.0015432032428761566,0,0,0
2026-05-18 03:00:00,1.161395,1.16212,1.160845,1.16117,0.0,0.0,4.2219280491707475e-08,4869,0.0,0.0,-0.2450980392156538,2026-05-10,EURUSD,4537.25,4542.780000000001,4480.45,4516.1,0.0,0.0,0.0008489568863471,25631.0,0.0,0.0,0.0719557195572039,2026-05-14,GOLD,0.0012750000000001371,62.33000000000084,0.0010635714285714335,671.7732142857142,0.004477137924177033,0.024306835015596655,0.0,-0.2450980392156538,0.0719557195572039,normal,0.9960626544057097,1.0002799684712431,3,0,0,-0.001088232890441243,-0.0008819518239194801,-0.001255773547904293,0,0,0
2026-05-18 04:00:00,1.1612,1.16189,1.160845,1.161755,0.0,0.0,3.9552827342358665e-08,5132,0.0,0.0,0.3708133971289731,2026-05-06,EURUSD,4514.92,4535.639999999999,4489.610000000001,4525.585,0.0,0.0,0.0009737791481155,27017.0,0.0,0.0,0.2815555072778701,2026-05-15,GOLD,0.0010450000000001847,46.029999999998836,0.0009892857142857242,673.6014285714284,-0.0015964613021881568,0.012878113643256413,0.0,0.3708133971289731,0.2815555072778701,normal,0.9965644729618448,1.0007839117194803,4,0,0,-0.0004731976546602512,-0.0003312853873026489,-0.0005118940078289169,0,0,0
2026-05-18 05:00:00,1.16173,1.161965,1.161315,1.161565,0.0,0.0,3.4000728671541095e-08,2786,0.0,0.0,-0.1153846153847205,2026-05-17,EURUSD,4525.325,4542.985000000001,4522.139999999999,4533.764999999999,0.0,0.0,0.0006136344207291,17970.0,0.0,0.0,0.0576876948908299,2026-05-14,GOLD,0.0006499999999998174,20.845000000001164,0.000940714285714263,674.0128571428571,-0.0019710467998166337,-0.011445086218400936,0.0,-0.1153846153847205,0.0576876948908299,normal,0.9965810132555445,1.0006202378439844,5,0,0,0.00016790514650799615,-0.0007828125336027947,-0.0011866425325358643,0,0,0
2026-05-18 06:00:00,1.16156,1.16226,1.161545,1.162185,0.0,0.0,3.1159839406112786e-08,2137,0.0,0.0,0.3951048951048321,2026-05-01,EURUSD,4533.790000000001,4548.06,4525.305,4541.335,0.0,0.0,0.000562028412696,17138.0,0.0,0.0,0.2044605581191083,2026-05-16,GOLD,0.0007150000000000212,22.75500000000011,0.0008974999999999797,672.3642857142856,-0.0011359313127381476,-0.09548678525831711,0.0,0.3951048951048321,0.2044605581191083,normal,0.9971129509673544,1.001154331542971,6,0,0,0.0008741183461509205,-0.00021506578862484638,-0.00039564957489168773,1,0,1
2026-05-18 07:00:00,1.16218,1.16262,1.16192,1.162075,0.0,0.0,3.571920108517526e-08,2386,0.0,0.0,-0.278571428571381,2026-05-01,EURUSD,4541.295,4550.01,4530.174999999999,4540.835,0.0,0.0,0.0005470838906223,14651.0,0.0,0.0,0.0374338290900053,2026-05-16,GOLD,0.0006999999999999229,19.835000000000946,0.0008303571428571267,670.8460714285715,1.5450480611800543e-05,-0.2045276031955564,0.0,-0.278571428571381,0.0374338290900053,normal,0.9970185749217106,1.0010595729834733,7,0,0,0.0002754453391635714,-0.0001978826555851798,-0.0007910610105804627,1,0,1
2026-05-18 08:00:00,1.16208,1.162325,1.161685,1.16232,0.0,0.0,3.5871331258592575e-08,3036,0.0,0.0,0.4921874999999512,2026-05-10,EURUSD,4540.83,4552.33,4530.105,4530.955,0.0,0.0,0.0005647163921115,18104.0,0.0,0.0,-0.4617547806524027,2026-05-17,GOLD,0.0006399999999999739,22.225000000000364,0.0008017857142857013,670.3035714285714,0.002386641042721682,-0.17795480475291398,0.0,0.4921874999999512,-0.4617547806524027,normal,0.9972287761142807,1.001270626138718,8,0,0,0.0006499851493459996,0.0008179994317056849,-0.00031392853610390237,1,0,1
2026-05-18 09:00:00,1.16231,1.163665,1.162195,1.16358,0.0,0.0,4.318665880528408e-08,3940,0.0,0.0,0.4421768707483681,2026-05-14,EURUSD,4530.709999999999,4548.175,4529.855,4546.79,0.0,0.0,0.0004061651742072,19235.0,0.0,0.0,0.4243995633187927,2026-05-18,GOLD,0.0014699999999998603,18.32000000000062,0.0008482142857142597,670.2764285714286,-0.00241080939741134,-0.11380544869436343,0.0,0.4421768707483681,0.4243995633187927,normal,0.9983098108189267,1.0023560423656905,9,0,0,0.0012003252494223737,0.0020754928218951196,0.0011917105132959183,0,0,0
2026-05-18 10:00:00,1.16359,1.16404,1.16315,1.16321,0.0,0.0,4.8311499018718315e-08,4580,0.0,0.0,-0.432584269662983,2026-05-07,EURUSD,4546.77,4560.030000000001,4538.33,4546.305,0.0,0.0,0.0004120737825427,18022.0,0.0,0.0,-0.1324884792626683,2026-05-14,GOLD,0.0008900000000000574,21.700000000000728,0.0008471428571428399,670.3057142857144,-0.00021131549161002017,-0.04392154945131535,0.0,-0.432584269662983,-0.1324884792626683,normal,0.9979923641199434,1.0020373090291987,10,0,0,0.0009767011595638309,0.0012524155265094539,0.0009207152322441292,0,0,0
2026-05-18 11:00:00,1.163185,1.16453,1.16291,1.164155,0.0,0.0,4.485444714033795e-08,4070,0.0,0.0,0.2685185185185033,2026-05-13,EURUSD,4546.405,4557.115,4542.585,4550.07,0.0,0.0,0.0003026712564377,14602.0,0.0,0.0,0.0151410874053234,2026-05-16,GOLD,0.0016199999999999548,14.529999999999745,0.0008889285714285425,670.5825000000002,-1.5738008040999674e-05,-0.02212503784123389,0.0,0.2685185185185033,0.0151410874053234,normal,0.9988031401484277,1.002851371199428,11,0,0,0.0015787390735770845,0.0022297503798756058,0.0014451923697285096,0,0,0
2026-05-18 12:00:00,1.16415,1.164275,1.16351,1.16351,0.0,0.0,3.943554871399096e-08,2973,0.0,0.0,-0.5,2026-05-11,EURUSD,4549.9400000000005,4552.12,4540.389999999999,4543.09,0.0,0.0,0.0003029430330573,13097.0,0.0,0.0,-0.2698209718669161,2026-05-14,GOLD,0.0007649999999999046,11.730000000000473,0.0009149999999999674,670.3353571428573,0.0009799924002011906,0.0579560837702459,0.0,-0.5,-0.2698209718669161,normal,0.9982497533353352,1.0022957414641922,12,0,0,-6.0159163959516704e-05,0.0011400938748995504,0.0009247828910863287,1,0,1
2026-05-18 13:00:00,1.163505,1.16368,1.16264,1.1627,0.0,0.0,3.7424335055430097e-08,2798,0.0,0.0,-0.4423076923076307,2026-05-06,EURUSD,4543.075,4547.855,4532.25,4540.42,0.0,0.0,0.0002967069746472,13614.0,0.0,0.0,0.0235501441845755,2026-05-17,GOLD,0.001040000000000152,15.604999999999563,0.0009421428571428438,670.5064285714288,-0.00010846362512240137,0.05795608377024591,0.0,-0.4423076923076307,0.0235501441845755,normal,0.9980171844018506,1.0015979738897098,13,0,1,-0.0004384418978516935,0.0005378310350021565,0.00033984195198355494,1,0,1
2026-05-18 14:00:00,1.16269,1.164965,1.16266,1.16417,0.0,0.0,6.386534618366482e-08,5697,0.0,0.0,0.1550976138827715,2026-05-06,EURUSD,4540.415,4567.295,4530.075000000001,4550.7,0.0,0.0,0.000528618799685,18969.0,0.0,0.0,0.0541375604513555,2026-05-15,GOLD,0.0023050000000000015,37.219999999999345,0.0010567857142857065,348.8939285714287,-0.0009998091104250761,0.08937748417917835,0.0,0.1550976138827715,0.0541375604513555,normal,0.9993175760645169,1.0028642928211777,14,0,1,1.2884882167663037e-05,0.0015916442976116052,0.002410945693448241,0,0,0
2026-05-18 15:00:00,1.164185,1.165735,1.1641,1.165135,0.0,0.0,5.215141403513278e-08,7244,0.0,0.0,0.1330275229357642,2026-05-14,EURUSD,4550.805,4574.9,4545.35,4571.415,0.0,0.0,0.0004441558260627,21131.0,0.0,0.0,0.3820642978003465,2026-05-18,GOLD,0.001635000000000053,29.549999999999272,0.0011367857142857232,25.61857142857155,-0.0037231301988693843,0.133770131874879,0.0,0.1330275229357642,0.3820642978003465,normal,0.9994853032636063,1.0036955838204067,15,0,1,0.0013966360409449763,0.0013363928565288674,0.003414659352205085,0,0,0
2026-05-18 16:00:00,1.16513,1.16562,1.1643949999999998,1.165125,0.0,0.0,5.650452405458377e-08,7246,0.0,0.0,0.0959183673469128,2026-05-16,EURUSD,4571.435,4584.3150000000005,4561.889999999999,4575.77,0.0,0.0,0.0005337724821463,24129.0,0.0,0.0,0.1189520624303386,2026-05-16,GOLD,0.0012250000000002537,22.42500000000109,0.0011410714285714496,26.07857142857165,-0.0009612417746325264,0.39661191288164566,0.0,0.0959183673469128,0.1189520624303386,normal,0.9994767249846663,1.003686969405907,16,0,1,0.0020856626816891932,0.0016463063419329682,0.0029007837280665694,0,0,0
2026-05-18 17:00:00,1.165135,1.16534,1.16414,1.1642,0.0,0.0,5.522895817807283e-08,7163,0.0,0.0,-0.4499999999999537,2026-05-06,EURUSD,4575.84,4575.84,4537.83,4546.6,0.0,0.0,0.0005015884732548,27013.0,0.0,0.0,-0.2692712444093558,2026-05-17,GOLD,0.0012000000000000899,38.01000000000022,0.0011357142857143035,24.341428571428747,0.005580977119728936,0.39661191288164566,0.0,-0.4499999999999537,-0.2692712444093558,normal,0.9986832341827259,1.002890136064677,17,0,1,2.5769432299371786e-05,3.8654646503211154e-05,0.0022684912165913396,0,0,0
2026-05-18 18:00:00,1.16419,1.165305,1.163335,1.164845,0.0,0.0,5.259658619530152e-08,7066,0.0,0.0,0.2664974619289855,2026-05-14,EURUSD,4546.91,4548.030000000001,4531.835,4543.65,0.0,0.0,0.0004245256685584,22683.0,0.0,0.0,0.2295461562209752,2026-05-18,GOLD,0.0019700000000000273,16.19500000000062,0.0012017857142857208,22.210357142857447,0.001202865010640708,0.44373765656227265,0.0,0.2664974619289855,0.2295461562209752,normal,0.9992365331743491,1.003445765799913,18,0,1,-0.0002488981963464365,0.0011473902244070189,0.0022887922318735043,0,1,1
2026-05-18 19:00:00,1.16485,1.165625,1.164405,1.165155,0.0,0.0,4.9326573619739936e-08,5113,0.0,0.0,0.1147540983606796,2026-05-13,EURUSD,4543.74,4554.63,4533.935,4550.26,0.0,0.0,0.0003094361375357,21401.0,0.0,0.0,0.2888378835467839,2026-05-17,GOLD,0.0012199999999999989,20.69499999999971,0.0012425000000000194,22.199642857143058,-0.00118864771825411,0.39496304622666767,0.0,0.1147540983606796,0.2888378835467839,normal,0.999502459821486,1.0037128126494064,19,1,1,2.5748310267026397e-05,0.002111464694245946,0.0026504313404900337,0,0,0
2026-05-18 20:00:00,1.16513,1.16535,1.16482,1.16482,0.0,0.0,4.0158264741829615e-08,2961,0.0,0.0,-0.4999999999997905,2026-05-17,EURUSD,4550.02,4558.360000000001,4545.715,4547.030000000001,0.0,0.0,0.0002394758210468,16204.0,0.0,0.0,-0.3960063266112721,2026-05-15,GOLD,0.0005300000000001415,12.645000000000437,0.0012292857142857422,21.477500000000223,0.0004223341521113477,0.32640970248358875,0.0,-0.4999999999997905,-0.3960063266112721,normal,0.9992150874769995,1.0034242297636635,20,0,1,0.0005325545438927826,0.0005583376998206102,0.002150870672448235,0,0,0
2026-05-18 21:00:00,1.164825,1.164885,1.16288,1.16293,0.0,0.0,4.3899161427493297e-08,3915,0.0,0.0,-0.4750623441395987,2026-05-16,EURUSD,4546.995,4547.85,4534.35,4535.87,0.0,0.0,0.0002294355278919,16181.0,0.0,0.0,-0.3874074074074424,2026-05-18,GOLD,0.0020050000000000345,13.5,0.0013225000000000359,21.025000000000155,0.000831781028711398,0.2937515670304955,0.0,-0.4750623441395987,-0.3874074074074424,normal,0.9975937927573592,1.0017961054232047,21,0,0,-0.0016439955530562766,-0.001892484561874852,-0.0005586208081954647,1,0,1
2026-05-18 22:00:00,1.16294,1.16564,1.16293,1.1651,0.0,0.0,6.819139012668716e-08,7922,0.0,0.0,0.3007380073800786,2026-05-02,EURUSD,4536.07,4565.045,4535.37,4558.530000000001,0.0,0.0,0.0004626983349273,21384.0,0.0,0.0,0.2804549283909071,2026-05-17,GOLD,0.00270999999999999,29.675000000000182,0.00147035714285718,21.557142857143,-0.003129757548701928,0.20412414523192488,0.0,0.3007380073800786,0.2804549283909071,high_vol,0.9994552792873166,1.0036654333696575,22,0,0,-4.72040200659718e-05,-2.1456925222596013e-05,0.0016248140920382959,0,0,0
2026-05-18 23:00:00,1.165115,1.1661,1.165115,1.16569,0.0,0.0,4.646927077152253e-08,2022,0.0,0.1842796171326903,0.0837563451776489,2026-05-06,EURUSD,4558.745,4566.76,4557.905,4566.215,0.0,0.0,0.0002193908070285,7286.0,0.0,0.0,0.4384528514962735,2026-05-17,GOLD,0.0009999999999998899,8.855000000000473,0.0014367857142857535,20.881071428571563,-0.0011794561815836602,4.694855340334424,0.0,0.0837563451776489,0.4384528514962735,high_vol,0.9996484006517451,1.0041736838251447,23,0,0,0.0007468965161998575,0.0012798488232261818,0.0013185529418331399,0,0,0
2026-05-19 00:00:00,1.16582,1.1660849999999998,1.1651699999999998,1.165935,0.0,0.0,5.2781906525638424e-08,294,0.0,0.7520413043746903,0.336065573770631,2026-05-12,EURUSD,0.0,0.0,0.0,0.0,0.0,0.0,0.0,0.0,0.0,0.0,0.0,0,0,0.0009149999999999991,4566.215,0.0014385714285714637,345.4892857142858,1.000210175947293,4.557406653023118,0.0,0.336065573770631,0.0,high_vol,0.999858502701312,1.0043847369803893,0,0,0,0.002583990437945438,0.0009357468160999804,0.0020842107072565064,0,1,1
2026-05-19 01:00:00,1.1659199999999998,1.1661700000000002,1.16578,1.16579,0.0,0.0,5.33051837543763e-08,798,0.0,0.7617706539638116,-0.4743589743585291,2026-05-08,EURUSD,4568.555,4578.415,4567.355,4574.014999999999,0.0,0.0,0.0004086961896868,6980.0,0.0,0.0,0.1021699819167413,2026-05-18,GOLD,0.0003900000000001125,4578.415,0.001350714285714332,671.4810714285715,-inf,3.219338019717492,0.0,-0.4743589743585291,0.1021699819167413,normal,0.999674146994006,1.0042598279701427,1,0,0,0.0005922238434470373,0.0005449918680349164,0.0026576072933688355,0,0,0
2026-05-19 02:00:00,1.165785,1.165865,1.165475,1.165485,0.0,0.0,3.4533359458481326e-08,1306,0.0,-1.177934954280401,-0.4743589743593685,2026-05-11,EURUSD,4573.985000000001,4589.030000000001,4573.870000000001,4581.945,0.0,0.0,0.0003603748362511,8373.0,0.0,0.0,0.0326517150395109,2026-05-17,GOLD,0.00038999999999989043,15.159999999999854,0.0013239285714286167,671.7260714285715,-0.001995331765363928,-3.598457386257499,0.0,-0.4743589743593685,0.0326517150395109,normal,0.9994126070813003,1.0039970883278992,2,0,0,-0.00017586150691850655,0.0005709036589345295,0.0011295601157907953,0,0,0
2026-05-19 03:00:00,1.16549,1.1656,1.164385,1.164455,0.0,0.0,3.8270864278779145e-08,4041,0.0,-0.764484274183635,-0.4423868312756152,2026-05-15,EURUSD,4582.174999999999,4589.31,4561.4,4563.299999999999,0.0,0.0,0.0004991190291023,17621.0,0.0,0.0,-0.4319240415621768,2026-05-15,GOLD,0.001214999999999966,27.910000000000764,0.0013364285714286034,672.6050000000002,0.003185480349906067,-2.03846536818282,0.0,-0.4423868312756152,-0.4319240415621768,normal,0.9985293739334744,1.0031098036344215,3,0,0,-0.0012693675033341734,0.0013113429011204492,-0.0005836233569500582,0,0,0
2026-05-19 04:00:00,1.16444,1.1652749999999998,1.16432,1.16464,0.0,0.0,3.666006815097216e-08,3932,0.0,-0.9087660429899944,-0.1649214659686521,2026-05-15,EURUSD,4563.04,4572.514999999999,4554.275,4563.875,0.0,0.0,0.0005432457415249,20052.0,0.0,0.0,0.0263157894737104,2026-05-16,GOLD,0.0009549999999998171,18.23999999999978,0.0012400000000000189,671.249285714286,3.286730245943836e-05,-2.0842936164208425,0.0,-0.1649214659686521,0.0263157894737104,normal,0.9986880128969188,1.0028631336028553,4,0,0,-0.0009864555365890482,-0.0003948158956313952,-0.00041626434931885115,0,0,0
2026-05-19 05:00:00,1.16463,1.1647150000000002,1.164085,1.1643249999999998,0.0,0.0,3.626688571572735e-08,3249,0.0,-0.9689015454576094,-0.1190476190480218,2026-05-04,EURUSD,4563.865,4563.865,4546.21,4547.25,0.0,0.0,0.0004997582837525,16308.0,0.0,0.0,-0.4410931747380615,2026-05-15,GOLD,0.0006300000000001305,17.664999999999964,0.0011682142857143102,670.4003571428574,0.0033722679602861128,-1.9418279914392949,0.0,-0.1190476190480218,-0.4410931747380615,normal,0.9984178979051079,1.0023933640108647,5,0,0,-0.0009952938047252946,-0.001170980277775402,0.00010736986772030832,0,0,0
2026-05-19 06:00:00,1.16432,1.16457,1.16407,1.164115,0.0,0.0,3.0555513463271025e-08,2366,0.0,-1.5481939000249758,-0.4100000000000666,2026-05-17,EURUSD,4547.025,4555.195,4543.68,4545.09,0.0,0.0,0.0004167280889412,12204.0,0.0,0.0,-0.3775510204081697,2026-05-17,GOLD,0.000500000000000167,11.514999999999418,0.0011164285714285896,669.6210714285717,0.00029465035778919457,-2.5751586605903367,0.0,-0.4100000000000666,-0.3775510204081697,normal,0.9982378212439008,1.0020917890822383,6,0,0,-0.00029198208604030995,-0.0015609789568028498,-0.000626692821791619,0,0,0
2026-05-19 07:00:00,1.16415,1.164315,1.16354,1.163655,0.0,0.0,3.3031370295542665e-08,1920,0.0,-1.2654081352733,-0.3516129032259746,2026-05-08,EURUSD,4545.125,4545.8,4538.085,4542.575,0.0,0.0,0.0003713876672528,10370.0,0.0,0.0,0.081983149708321,2026-05-16,GOLD,0.0007749999999999702,7.7150000000001455,0.0010860714285714382,667.4571428571429,0.00015819441451292438,-1.8082938645234476,0.0,-0.3516129032259746,0.081983149708321,normal,0.9978433676050661,1.001695812548152,7,0,0,-0.0008457549113887186,-0.0018313761483629287,-0.0012873823654362404,0,0,0
2026-05-19 08:00:00,1.163685,1.16431,1.16336,1.164205,0.0,0.0,3.6992521886988976e-08,2770,0.0,0.0,0.3894736842105041,2026-05-19,EURUSD,4542.605,4546.65,4531.045,4540.99,0.0,0.0,0.0004971529120805,15808.0,0.0,0.0,0.1372957385453372,2026-05-19,GOLD,0.0009500000000000064,15.604999999999563,0.001013214285714294,667.4150000000001,0.0008215697217155427,0.3509059056580216,0.0,0.3894736842105041,0.1372957385453372,normal,0.9983149969558467,1.0017294860156858,8,0,0,-0.0001030640070426303,-0.0010982552328002715,-0.0005279785717965391,0,1,1
2026-05-19 09:00:00,1.164225,1.164575,1.163605,1.163665,0.0,0.0,4.607490985055549e-08,3943,0.0,0.0377799200095312,-0.4381443298969685,2026-05-12,EURUSD,4541.209999999999,4553.96,4533.674999999999,4548.16,0.0,0.0,0.0003738337786026,17100.0,0.0,0.0,0.2140744392408425,2026-05-15,GOLD,0.0009699999999999154,20.285000000000764,0.000995357142857145,667.3857142857144,-0.0020427866819925367,0.412243849292799,0.0,-0.4381443298969685,0.2140744392408425,normal,0.9978519426841711,1.0008816142572077,9,0,0,-0.00038655974710410934,-0.0006784289646230013,0.0006320242834907397,0,1,1
2026-05-19 10:00:00,1.16366,1.16376,1.163005,1.163485,0.0,0.0,4.62560182563928e-08,4316,0.0,0.0650299277070702,0.1357615894041565,2026-05-14,EURUSD,4548.105,4559.425,4541.52,4557.33,0.0,0.0,0.0003961382380791,15161.0,0.0,0.0,0.3829935772130785,2026-05-16,GOLD,0.0007549999999998391,17.904999999999745,0.001011428571428552,667.7614285714286,-0.0021708836511160623,0.453198208250301,0.0,0.1357615894041565,0.3829935772130785,normal,0.9976975912602793,1.0007267941925275,10,0,0,-0.00014609141025478944,-0.0009917227641157433,-0.0013861471118358226,0,1,1
2026-05-19 11:00:00,1.1635,1.163605,1.1622249999999998,1.162335,0.0,0.0,4.2233323392269023e-08,4723,0.0,-0.3331184487218739,-0.4202898550722725,2026-05-15,EURUSD,4557.514999999999,4559.23,4536.415,4542.865,0.0,0.0,0.0003521473032948,14225.0,0.0,0.0,-0.2172912557528171,2026-05-17,GOLD,0.0013800000000001589,22.8149999999996,0.0009667857142857038,668.4267857142858,0.00218559776727989,-0.20087861081519542,0.0,-0.4202898550722725,-0.2172912557528171,normal,0.9967114571631921,1.000094646045301,11,0,0,-0.0016062463225978707,-0.001709144783458183,-0.00287812368640028,0,0,0
2026-05-19 12:00:00,1.16233,1.16233,1.161495,1.16194,0.0,0.0,4.3918856474342585e-08,4269,0.0,-0.1821477823257133,0.0329341317363382,2026-05-08,EURUSD,4542.8,4546.865,4536.18,4541.885,0.0,0.0,0.0003197671747374,13992.0,0.0,0.0,0.0339260645765277,2026-05-17,GOLD,0.0008399999999999519,10.68499999999949,0.0008332142857142724,667.070357142857,-0.00012411028328895846,0.0695453008708038,0.0,0.0329341317363382,0.0339260645765277,normal,0.9963727415385405,1.0003831269183252,12,0,0,-0.0014823853944219145,-0.0018683721110027696,-0.003426434578256865,0,0,0
2026-05-19 13:00:00,1.161915,1.16267,1.16111,1.16222,0.0,0.0,5.072172945753625e-08,4745,0.0,0.4638182048295877,0.2115384615384533,2026-05-16,EURUSD,4541.89,4544.780000000001,4525.635,4544.780000000001,0.0,0.0,0.0003656636678629,13914.0,0.0,0.0,0.5,2026-05-17,GOLD,0.0015600000000000058,19.145000000000437,0.0008732142857142808,667.8053571428571,-0.00039642425239261314,1.1118432063120984,0.0,0.2115384615384533,0.5,normal,0.9966128437534835,1.0009559817760592,13,0,1,-0.0010872508025459027,-0.0012331833747976084,-0.003062301100541287,0,0,0
2026-05-19 14:00:00,1.16221,1.162255,1.16164,1.16166,0.0,0.0,4.24715963637546e-08,3991,0.0,-0.3242483306449865,-0.4674796747970782,2026-05-05,EURUSD,4544.725,4548.055,4529.98,4530.889999999999,0.0,0.0,0.0003393985258276,13796.0,0.0,0.0,-0.4496542185338966,2026-05-17,GOLD,0.0006150000000000322,18.075000000000728,0.0008517857142857117,342.9382142857143,0.0025744170626796903,-0.1789916757633139,0.0,-0.4674796747970782,-0.4496542185338966,normal,0.9961326393235975,1.000473684663813,14,0,1,-0.0005807275871413387,-0.002186041118187987,-0.0032818955198909983,0,1,1
2026-05-19 15:00:00,1.161635,1.162395,1.16152,1.161655,0.0,0.0,5.4691723731483206e-08,5497,0.0,1.0250859661478255,-0.3457142857140682,2026-05-09,EURUSD,4530.8,4547.2,4527.54,4537.23,0.0,0.0,0.0003783225286981,15226.0,0.0,0.0,-0.0071210579857745,2026-05-18,GOLD,0.0008749999999999591,19.659999999999854,0.0008864285714285579,17.31285714285715,-0.0014035877698510557,1.8462917198545266,0.0,-0.3457142857140682,-0.0071210579857745,normal,0.9961283517840451,1.0004693784395966,15,0,1,-0.0002452794464429253,-0.0017273012421958889,-0.0024045583556254746,0,1,1
2026-05-19 16:00:00,1.16164,1.1618,1.160155,1.161375,0.0,0.0,5.7088808805244114e-08,8399,0.0,1.2841241664697556,0.2416413373860642,2026-05-05,EURUSD,4537.29,4537.49,4464.67,4504.639999999999,0.0,0.0,0.0008062163662582,28637.0,0.0,0.0,0.0488876682230088,2026-05-16,GOLD,0.0016449999999998965,72.81999999999971,0.0009760714285714155,21.43142857142857,0.006941761132787216,1.966941548350978,0.0,0.2416413373860642,0.0488876682230088,normal,0.9958882495691022,1.001051583624602,16,0,1,-0.0007270568394968091,-0.0018135171489104263,-0.0028034414067865665,0,0,0
2026-05-19 17:00:00,1.161385,1.16169,1.1594950000000002,1.15956,0.0,0.0,5.975125685693101e-08,10010,0.0,1.5151302951594094,-0.4703872437358719,2026-05-05,EURUSD,4504.55,4514.34,4484.615,4494.185,0.0,0.0,0.000626769913915,27683.0,0.0,0.0,-0.1780487804878186,2026-05-16,GOLD,0.002194999999999725,29.725000000000364,0.0010460714285713982,21.5610714285714,0.0007581374738165891,1.9946514993761044,0.0,-0.4703872437358719,-0.1780487804878186,normal,0.9943318727115256,1.0000560588877052,17,0,1,-0.0018077578637466507,-0.0023874356360257254,-0.004092499946320771,1,0,1
2026-05-19 18:00:00,1.159565,1.1603,1.159215,1.160195,0.0,0.0,4.919578251362e-08,5882,0.0,0.3976847590149479,0.4032258064514907,2026-05-18,EURUSD,4494.18,4509.355,4489.975,4508.475,0.0,0.0,0.0003951869925037,21221.0,0.0,0.0,0.4545923632611333,2026-05-16,GOLD,0.0010850000000000026,19.3799999999992,0.0010553571428571257,21.642499999999927,-0.00263204287692953,0.5526741498720317,0.0,0.4032258064514907,0.4545923632611333,normal,0.9948763902346999,1.0008453996885824,18,0,1,-0.0012568275434616805,-0.0015017987159404722,-0.003367364908106074,0,0,0
2026-05-19 19:00:00,1.1602,1.16095,1.15958,1.160705,0.0,0.0,4.72600689758512e-08,4531,0.0,0.1973271993147679,0.3211678832118681,2026-05-16,EURUSD,4508.695,4512.495,4496.325,4507.75,0.0,0.0,0.0002910502719965,16263.0,0.0,0.0,0.2065553494125003,2026-05-17,GOLD,0.0013699999999998713,16.170000000000073,0.0011082142857142502,21.53571428571422,0.0006003895328484665,0.2894240354496527,0.0,0.3211678832118681,0.2065553494125003,normal,0.9953137192690602,1.0012853525877425,19,1,1,-0.0005769023786459382,-0.001303539777322671,-0.0025351156485384774,0,0,0
2026-05-19 20:00:00,1.16071,1.161225,1.16067,1.16107,0.0,0.0,4.2790653806785007e-08,2810,0.0,-0.30330340804648,0.2207207207208216,2026-05-08,EURUSD,4507.675,4511.145,4499.225,4500.91,0.0,0.0,0.0002324839871733,14502.0,0.0,0.0,-0.358640939597359,2026-05-16,GOLD,0.0005549999999998612,11.920000000000073,0.0011121428571427997,21.56464285714284,0.0018318507770400672,-0.3233384454087507,0.0,0.2207207207208216,-0.358640939597359,normal,0.9956267096563964,1.0016002208391022,20,0,1,0.0013022180827211294,-0.0005078938760049168,-0.0026928247172962605,0,0,0
2026-05-19 21:00:00,1.161075,1.161495,1.160275,1.16033,0.0,0.0,4.3223812506247925e-08,3572,0.0,-0.2525836110349919,-0.4549180327867718,2026-05-09,EURUSD,4500.945,4503.75,4490.42,4493.695,0.0,0.0,0.0002240617515042,14574.0,0.0,0.0,-0.2543135783946246,2026-05-17,GOLD,0.0012199999999999989,13.329999999999927,0.001143928571428516,21.965714285714252,0.0009656660288778207,-0.24619935285733854,0.0,-0.4549180327867718,-0.2543135783946246,normal,0.9949921538026187,1.0009618578089483,21,0,0,0.00011635974986967668,-0.0011406140377306917,-0.0028659450958823385,0,0,0
2026-05-19 22:00:00,1.160315,1.16081,1.16027,1.160645,0.0,0.0,3.5764439849755165e-08,2807,0.0,-1.0574373439458848,0.1944444444444101,2026-05-17,EURUSD,4493.6,4497.68,4481.365,4483.469999999999,0.0,0.0,0.000211764164503,15202.0,0.0,0.0,-0.3709776279497703,2026-05-17,GOLD,0.0005399999999999849,16.31500000000051,0.0011146428571428002,22.016428571428605,0.0025468848192357063,-1.1620318779408578,0.0,0.1944444444444101,-0.3709776279497703,normal,0.9952622687944295,1.0012335934231353,22,0,0,-5.1692721234175565e-05,-0.0006285652782263007,-0.0024409425132254636,0,0,0
2026-05-19 23:00:00,1.16065,1.160695,1.16035,1.160555,0.0,0.0,3.3319110544576074e-08,1233,0.0,-1.251338208663771,0.0942028985510091,2026-05-06,EURUSD,4483.485,4488.25,4481.015,4482.125,0.0,0.0,0.0001788090900928,7081.0,0.0,0.0,-0.3465791292328711,2026-05-17,GOLD,0.0003450000000000397,7.234999999999673,0.0010699999999999518,21.08428571428567,0.00022244776503277386,-1.2782007732486775,0.0,0.0942028985510091,-0.3465791292328711,normal,0.9951850930824836,1.0011559546762248,23,0,0,-0.00044355637472337506,0.0008580841008658524,-0.0015314001557209522,0,0,0
2026-05-20 00:00:00,1.16055,1.160905,1.16014,1.160845,0.0,0.0,3.421590869395597e-08,353,0.0,-1.05183255417182,0.4215686274512052,2026-05-13,EURUSD,0.0,0.0,0.0,0.0,0.0,0.0,0.0,0.0,0.0,0.0,0.0,0,0,0.0007650000000001267,4482.125,0.0010707142857142582,339.95714285714286,1.0002498804451319,-0.9614641723634237,0.0,0.4215686274512052,0.0,normal,0.9954337703765315,1.0014061239718255,0,0,0,0.0004438392526262547,0.0005602506475204105,-0.0009423894521232157,0,0,0
2026-05-20 01:00:00,1.16081,1.16089,1.16062,1.160875,0.0,0.0,3.5881449935028675e-08,946,0.0,-0.7793322922682484,0.4444444444440789,2026-05-18,EURUSD,4482.3150000000005,4485.865,4477.4400000000005,4484.4,0.0,0.0,0.0004178755441125,8655.0,0.0,0.0,0.3261127596438846,2026-05-18,GOLD,0.00026999999999999247,4485.865,0.000991428571428532,658.7464285714286,-inf,-0.5791590856627534,0.0,0.4444444444440789,0.3261127596438846,normal,0.9957199161137869,1.0014320035541293,1,0,0,0.00019816567512043193,0.0001464627101632754,-0.0011572679871280078,0,1,1
2026-05-20 02:00:00,1.16088,1.161295,1.160635,1.16068,0.0,0.0,3.3473627420803814e-08,1021,0.0,-1.067853107161113,-0.4318181818183959,2026-05-10,EURUSD,4484.35,4496.41,4480.0,4489.379999999999,0.0,0.0,0.0003613297598731,7793.0,0.0,0.0,0.0716026812918514,2026-05-17,GOLD,0.0006599999999998829,16.409999999999854,0.0009785714285713842,659.155357142857,-0.0012784931987331882,-0.9382026999573742,0.0,-0.4318181818183959,0.0716026812918514,normal,0.9957789979409746,1.0012637862691562,2,0,0,0.00010770708841878474,-0.00033589706047021384,-0.0008436203364151629,0,0,0
2026-05-20 03:00:00,1.160685,1.16106,1.160085,1.160135,0.0,0.0,3.8515132363084855e-08,4767,0.0,-0.4444240763445717,-0.4487179487180655,2026-05-10,EURUSD,4489.21,4508.945,4479.825000000001,4501.049999999999,0.0,0.0,0.000591189364428,18490.0,0.0,0.0,0.22888049450547,2026-05-16,GOLD,0.0009749999999999481,29.11999999999898,0.0009367857142856659,659.867857142857,-0.0030690204093895,-0.19915808350348382,0.0,-0.4487179487180655,0.22888049450547,normal,0.995589024050117,1.000793640523975,3,0,0,-0.0006116234294845091,-0.00016805563934407797,-0.001308477990453416,0,0,0
2026-05-20 04:00:00,1.16012,1.160275,1.15936,1.159725,0.0,0.0,4.1712325917752487e-08,5182,0.0,-0.0747286144701213,-0.101092896174919,2026-05-17,EURUSD,4501.115,4506.395,4456.275,4481.4400000000005,0.0,0.0,0.0007349742440691,22158.0,0.0,0.0,0.0020949720670485,2026-05-18,GOLD,0.0009149999999999991,50.1200000000008,0.0009582142857142349,662.1567857142857,0.004003354053582098,0.212588963683395,0.0,-0.101092896174919,0.0020949720670485,normal,0.9957156901044459,1.00043995289916,4,0,0,-0.0009906320663294332,-0.0007926627004811726,-0.0014207297384567497,0,0,0
2026-05-20 05:00:00,1.159735,1.1603,1.1594449999999998,1.15978,0.0,0.0,3.6712147665145534e-08,3740,0.0,-0.7049373801224748,-0.108187134502949,2026-05-19,EURUSD,4481.545,4487.155000000001,4458.594999999999,4465.370000000001,0.0,0.0,0.0005790242965055,18818.0,0.0,0.0,-0.2627801120447778,2026-05-18,GOLD,0.0008550000000002722,28.56000000000131,0.0009567857142856859,662.7925000000001,0.003633325996513337,-0.5866021521930707,0.0,-0.108187134502949,-0.2627801120447778,normal,0.9958826181224911,1.00048739880005,5,0,0,-0.0007754075197297094,-0.0006677839481972203,0.00018972713787990259,0,0,0
2026-05-20 06:00:00,1.1597849999999998,1.160555,1.159545,1.16022,0.0,0.0,3.4765101965019975e-08,2798,0.0,-0.9999450004087436,0.1683168316831792,2026-05-14,EURUSD,4465.385,4467.48,4453.725,4463.895,0.0,0.0,0.0005292166632646,13311.0,0.0,0.0,0.2393675027263296,2026-05-18,GOLD,0.0010099999999999554,13.7549999999992,0.0009114285714285472,658.5735714285713,0.0007097020685763455,-1.024767653502065,0.0,0.1683168316831792,0.2393675027263296,normal,0.9962604383573408,1.0008669660071685,6,0,0,7.326733526702434e-05,-0.0005384009062362471,2.15481018277508e-05,0,0,0
2026-05-20 07:00:00,1.16023,1.16068,1.15971,1.15973,0.0,0.0,3.5950321570539894e-08,2563,0.0,-0.8776396047079835,-0.4793814432989466,2026-05-14,EURUSD,4463.875,4470.785,4456.799999999999,4462.174999999999,0.0,0.0,0.0004205900654085,11365.0,0.0,0.0,-0.1156596353235769,2026-05-17,GOLD,0.0009699999999999154,13.985000000000582,0.0008239285714285607,657.4492857142858,-3.7019972676466395e-05,-0.9093891670179703,0.0,-0.4793814432989466,-0.1156596353235769,normal,0.9958396840048945,1.0004442661628774,7,0,0,4.311366918807735e-06,-0.0009863249703888632,-0.0008400067200539096,0,0,0
2026-05-20 08:00:00,1.159725,1.160155,1.15917,1.159555,0.0,0.0,3.578344114870155e-08,3264,0.0,-0.8879604164250282,-0.1091370558374879,2026-05-19,EURUSD,4462.094999999999,4479.165,4461.755,4472.93,0.0,0.0,0.000463895883035,15519.0,0.0,0.0,0.1418724870764087,2026-05-19,GOLD,0.0009850000000000136,17.409999999999854,0.0008167857142857045,657.3085714285714,-0.002561156762312833,-0.8603165591964291,0.0,-0.1091370558374879,0.1418724870764087,normal,0.9956894145933065,1.0003321341994702,8,0,0,-0.0001940023107831479,-0.0009692593996623033,-0.001304830888749331,0,0,0
2026-05-20 09:00:00,1.15956,1.1606,1.15932,1.15966,0.0,0.0,4.703116829709169e-08,4313,0.0,0.5760476215350349,-0.2343749999999837,2026-05-14,EURUSD,4472.645,4478.515,4461.605,4474.465,0.0,0.0,0.0003676274958489,18233.0,0.0,0.0,0.2604967474867212,2026-05-17,GOLD,0.0012800000000001699,16.910000000000764,0.0008103571428571543,657.3614285714286,-0.0002526235234190377,1.0135700320837944,0.0,-0.2343749999999837,0.2604967474867212,normal,0.9964769368254623,1.0004227162538712,9,0,0,-0.0004826670803813604,-0.0004094351088450576,-0.0005774219403101855,0,1,1
2026-05-20 10:00:00,1.15965,1.16015,1.1592,1.15932,0.0,0.0,4.29327273860365e-08,4026,0.0,0.0599663640946188,-0.3736842105261903,2026-05-08,EURUSD,4474.389999999999,4486.01,4472.13,4478.655,0.0,0.0,0.0003456509233033,14609.0,0.0,0.0,-0.029899135446683,2026-05-19,GOLD,0.0009500000000000064,13.88000000000011,0.0008385714285714504,657.5014285714286,-0.00122961418471923,0.34942169782211735,0.0,-0.3736842105261903,-0.029899135446683,normal,0.9963174788695476,1.0001294029348584,10,0,0,-0.00035353056314835207,-0.00034922072042942176,-0.001141606606671286,0,0,0
2026-05-20 11:00:00,1.15931,1.1595,1.15837,1.15904,0.0,0.0,4.7571231304174065e-08,4387,0.0,0.6329347091756241,0.0929203539823321,2026-05-09,EURUSD,4478.775,4490.215,4476.889999999999,4484.195,0.0,0.0,0.0003452496286085,15638.0,0.0,0.0,0.0482176360225059,2026-05-20,GOLD,0.0011300000000000754,13.325000000000728,0.0008321428571428845,657.5010714285717,-0.00147849940407907,1.0116059009157188,0.0,0.0929203539823321,0.0482176360225059,normal,0.9968778759235208,1.0005783989571555,11,0,0,-0.0004441358969603515,-0.0006380520443531879,-0.0013054099116370788,1,0,1
2026-05-20 12:00:00,1.15902,1.15945,1.158815,1.158815,0.0,0.0,3.989409512057523e-08,2631,0.0,-0.341598013921131,-0.5000000000001749,2026-05-13,EURUSD,4484.185,4491.110000000001,4472.875,4485.0650000000005,0.0,0.0,0.0003205228334144,12253.0,0.0,0.0,0.1684946531395733,2026-05-18,GOLD,0.0006350000000001632,18.235000000000582,0.0008389285714286114,657.6382142857144,-0.0003881409296569993,-0.20588259192282168,0.0,-0.5000000000001749,0.1684946531395733,normal,0.9966843558361357,1.0003841605013941,12,0,0,-0.0007286618491626484,-0.0012109772284567555,-0.001748726143455781,0,0,0
2026-05-20 13:00:00,1.15881,1.16028,1.15873,1.1601050000000002,0.0,0.0,4.296419824141255e-08,2867,0.0,0.1007620651528029,0.3870967741936639,2026-05-15,EURUSD,4484.965,4497.174999999999,4484.879999999999,4494.75,0.0,0.0,0.0002904684062465,10878.0,0.0,0.0,0.3027653517690721,2026-05-19,GOLD,0.0015499999999999403,12.295000000000073,0.0009250000000000329,657.999642857143,-0.0010461828311694177,0.37350522885301995,0.0,0.3870967741936639,0.3027653517690721,normal,0.9980299295850379,1.0014977943144248,13,0,1,0.0006771210709728415,0.00032335112483106165,-0.0006632927748465578,0,1,1
2026-05-20 14:00:00,1.1601,1.16055,1.15963,1.160085,0.0,0.0,4.229527677353872e-08,3063,0.0,0.0127632400135103,-0.0054347826084897,2026-05-13,EURUSD,4494.73,4501.26,4491.025,4499.254999999999,0.0,0.0,0.0002839874433334,11660.0,0.0,0.0,0.3041035661943425,2026-05-20,GOLD,0.0009200000000000319,10.235000000000582,0.0009360714285714547,338.5789285714288,-0.0010195202570986162,0.2435557181172792,0.0,-0.0054347826084897,0.3041035661943425,normal,0.9980127237298853,1.0014805286739126,14,0,1,0.0009016082274986292,0.0004570718939593821,-0.0005126305269324005,1,0,1
2026-05-20 15:00:00,1.160095,1.160435,1.15938,1.15953,0.0,0.0,4.3944452703846314e-08,4166,0.0,0.3112025305449363,-0.3578199052133948,2026-05-08,EURUSD,4499.23,4505.450000000001,4493.075000000001,4496.3,0.0,0.0,0.0003369403701649,15964.0,0.0,0.0,-0.2393939393939834,2026-05-16,GOLD,0.0010550000000000281,12.375,0.0009921428571428859,19.043928571428815,0.00017836217976152646,0.6911816550229574,0.0,-0.3578199052133948,-0.2393939393939834,normal,0.9980461353072818,1.0010014071497018,15,0,1,0.000617009617583486,-0.00011210182294807414,-0.0005214910333710687,1,0,1
2026-05-20 16:00:00,1.159535,1.159715,1.158905,1.15909,0.0,0.0,4.264022261265531e-08,5110,0.0,0.2384512325405887,-0.2716049382717471,2026-05-15,EURUSD,4496.285,4506.219999999999,4482.110000000001,4483.225,0.0,0.0,0.0004672796516571,24936.0,0.0,0.0,-0.4537536291995089,2026-05-19,GOLD,0.0008099999999999774,24.109999999998763,0.0010028571428571784,19.593928571428737,0.002528482440606439,0.7115603171690794,0.0,-0.2716049382717471,-0.4537536291995089,normal,0.9977618813969303,1.0006215630584356,16,0,1,-0.000874920804582513,-0.0001983921609218786,-0.0005475435986979083,1,0,1
2026-05-20 17:00:00,1.159095,1.162415,1.158265,1.161815,0.0,0.0,8.50278436304744e-08,12406,0.0,4.148003689949701,0.3554216867469728,2026-05-07,EURUSD,4483.62,4537.26,4467.17,4531.38,0.0,0.0,0.0007167929919823,31503.0,0.0,0.0,0.4161078613211571,2026-05-19,GOLD,0.004149999999999876,70.09000000000015,0.0012296428571428875,22.520357142857392,-0.008390169501802713,3.96840939775311,0.0,0.3554216867469728,0.4161078613211571,normal,0.9994838332265156,1.0030649290102005,17,0,1,0.001491270036247272,0.0023942228050799486,0.0017546431219714886,0,0,0
2026-05-20 18:00:00,1.16181,1.16451,1.1613,1.161915,0.0,0.0,8.539730717376347e-08,10852,0.0,3.079759100134587,-0.3084112149532225,2026-05-07,EURUSD,4531.360000000001,4552.915,4523.275,4529.21,0.0,0.0,0.0005706125209232,26353.0,0.0,0.0,-0.2997638326585429,2026-05-19,GOLD,0.003209999999999935,29.640000000000327,0.0013935714285714543,21.057500000000214,0.0005649550359440036,2.463205400121614,0.0,-0.3084112149532225,-0.2997638326585429,high_vol,0.9977715949197518,1.003151265038657,18,0,1,0.002056867868877932,0.0026751465937187024,0.001460929823654089,0,0,0
2026-05-20 19:00:00,1.16191,1.16307,1.161875,1.16255,0.0,0.0,5.674668463872925e-08,6516,0.0,0.9172946656216738,0.0648535564853129,2026-05-11,EURUSD,4529.285,4535.540000000001,4524.145,4534.41,0.0,0.0,0.0003520970399991,20744.0,0.0,0.0,0.4008336989906998,2026-05-20,GOLD,0.0011950000000000571,11.395000000000437,0.0014178571428571532,19.831428571428724,-0.0006015915129566896,0.7189490167981131,0.0,0.0648535564853129,0.4008336989906998,high_vol,0.9983168886484445,1.0036994988193546,19,1,1,0.00298510038047084,0.0021075678494617556,0.0024316004587274787,0,0,0
2026-05-20 20:00:00,1.162555,1.162695,1.161825,1.16187,0.0,0.0,5.728930473798713e-08,4944,0.0,0.0,-0.4482758620687631,2026-05-20,EURUSD,4534.555,4538.23,4529.945,4531.629999999999,0.0,0.0,0.0003029351358664,16588.0,0.0,0.0,-0.296620398310257,2026-05-20,GOLD,0.0008699999999999264,8.284999999999854,0.0014078571428571512,19.440714285714485,2.816860665422194e-05,-0.009330427624945034,0.0,-0.4482758620687631,-0.296620398310257,high_vol,0.9977329520570885,1.0031124138258514,20,0,1,4.733972276138587e-05,0.0015386803553187889,0.0019964555368223724,0,0,0
2026-05-20 21:00:00,1.16188,1.163575,1.161605,1.16309,0.0,0.0,5.217084350894853e-08,3911,0.0,0.5022141199214953,0.2538071065989533,2026-05-15,EURUSD,4531.665,4545.135,4529.605,4542.43,0.0,0.0,0.0002565358829415,15584.0,0.0,0.0,0.325820991629117,2026-05-19,GOLD,0.0019700000000000273,15.530000000000655,0.0014792857142857305,19.551071428571635,-0.00133321699684541,0.3591101893330392,0.0,0.2538071065989533,0.325820991629117,high_vol,0.9987806030004036,1.004165713373019,21,0,0,0.0010112615810966563,0.003070209481427888,0.0029577634824000665,0,0,0
2026-05-20 22:00:00,1.16307,1.163545,1.16276,1.16278,0.0,0.0,4.238613246995442e-08,2736,0.0,-0.2125613360122698,-0.4745222929934648,2026-05-15,EURUSD,4542.455,4550.37,4541.844999999999,4545.75,0.0,0.0,0.0002487663128592,13763.0,0.0,0.0,-0.0419354838709735,2026-05-19,GOLD,0.0007850000000000357,8.525000000000546,0.001465000000000018,18.916428571428828,-0.0009974177265840156,-0.23148001625503903,0.0,-0.4745222929934648,-0.0419354838709735,high_vol,0.9985143966131678,1.0038980716848043,22,0,0,0.00019784095307717742,0.0031835319086523928,0.0029845081599557677,0,0,0
2026-05-20 23:00:00,1.162775,1.162845,1.162295,1.162295,0.0,0.0,3.5474853868465066e-08,2281,0.0,-0.7169054199097051,-0.5000000000002018,2026-05-06,EURUSD,4545.7,4550.455,4542.06,4543.75,0.0,0.0,0.0002676374495642,10071.0,0.0,0.0,-0.2986896962477163,2026-05-19,GOLD,0.0005499999999998284,8.394999999999527,0.0014128571428571363,18.308214285714453,2.286756450375904e-05,-0.6607249369474629,0.0,-0.5000000000002018,-0.2986896962477163,high_vol,0.998097912426686,1.0034793419467911,23,0,0,0.000365789632230884,0.0004131466713719334,0.002808358641634534,0,0,0
2026-05-21 00:00:00,1.16233,1.162795,1.16233,1.16249,0.0,0.0,5.94775055682856e-08,688,0.0,0.9280869641159628,-0.1559139784943977,2026-05-15,EURUSD,0.0,0.0,0.0,0.0,0.0,0.0,0.0,0.0,0.0,0.0,0.0,0,0,0.0004999999999999449,4543.75,0.0013807142857142748,341.8703571428573,1.0001677715209993,0.6087951795979906,0.0,-0.1559139784943977,0.0,normal,0.9982653648315601,1.003647697202281,0,0,0,-0.0005158672157785649,0.0004948726886218058,0.0031713431393276537,0,0,0
2026-05-21 01:00:00,1.16252,1.162805,1.162435,1.162635,0.0,0.0,5.401525001386748e-08,751,0.0,0.4871742427195726,0.0405405405401837,2026-05-08,EURUSD,4545.120000000001,4549.02,4535.45,4539.925,0.0,0.0,0.0004389341639604,10306.0,0.0,0.0,-0.1702284450995058,2026-05-20,GOLD,0.00036999999999998145,4549.02,0.0013264285714285537,665.8485714285715,-inf,0.20798549786052722,0.0,0.0405405405401837,-0.1702284450995058,normal,0.998389880722364,1.0037728844435427,1,0,0,-0.0001247011472503834,7.311513483299059e-05,0.002180837079402309,0,0,0
2026-05-21 02:00:00,1.16264,1.16275,1.162285,1.162475,0.0,0.0,4.176324413602801e-08,681,0.0,-0.4288936938836006,-0.0913978494622603,2026-05-15,EURUSD,4539.945,4546.94,4534.725,4546.575000000001,0.0,0.0,0.0002962579624128,7663.0,0.0,0.0,0.4701187065084445,2026-05-20,GOLD,0.0004649999999999377,12.214999999999236,0.0013142857142856806,665.4185714285715,-0.0016024003342978155,-0.5841024784326806,0.0,-0.0913978494622603,0.4701187065084445,normal,0.998252483877339,1.0036347467980125,2,0,0,0.00015486601938397015,0.0005207122999990599,0.002060193865104587,0,0,0
2026-05-21 03:00:00,1.16248,1.1629,1.162195,1.162855,0.0,0.0,3.9737323153782134e-08,3038,0.0,-0.582859551702771,0.4361702127658502,2026-05-18,EURUSD,4546.629999999999,4553.365,4537.51,4545.395,0.0,0.0,0.0004623515876883,13849.0,0.0,0.0,-0.0026805424156142,2026-05-20,GOLD,0.0007049999999999557,15.854999999999563,0.001253928571428539,665.6728571428572,0.0005864247746658613,-0.7069209319475751,0.0,0.4361702127658502,-0.0026805424156142,normal,0.9985788013842732,1.0039628237061466,3,0,0,0.00031398119553704973,-0.00020204799284662123,0.0028675411589178523,0,0,0
2026-05-21 04:00:00,1.162865,1.16354,1.162285,1.1626,0.0,0.0,4.1430016148896474e-08,3463,0.0,-0.4571768289328988,-0.2490039840636942,2026-05-19,EURUSD,4545.375,4570.924999999999,4539.935,4561.094999999999,0.0,0.0,0.0005338939822876,18162.0,0.0,0.0,0.1828009035172637,2026-05-19,GOLD,0.0012550000000000061,30.989999999998872,0.0012778571428571084,667.155357142857,-0.003673333121373079,-0.5841774774848111,0.0,-0.2490039840636942,0.1828009035172637,normal,0.9983598251625149,1.003742666833583,4,0,0,-3.0104030929734016e-05,-0.00015480142417301224,0.003028237669206124,0,0,0
2026-05-21 05:00:00,1.162605,1.16285,1.16157,1.16176,0.0,0.0,3.7476337346051124e-08,2933,0.0,-0.7519402676336011,-0.3515625000000623,2026-05-11,EURUSD,4561.195,4564.975,4531.55,4533.295,0.0,0.0,0.0004516398072527,16560.0,0.0,0.0,-0.4477935676888728,2026-05-19,GOLD,0.0012799999999999478,33.42500000000018,0.0012939285714285312,668.6589285714284,0.005372509126431058,-0.8280236515113308,0.0,-0.3515625000000623,-0.4477935676888728,normal,0.9976384917261337,1.0030174441945494,5,0,0,-0.0006150669906880291,-0.00046029622428056527,-4.7339722761496894e-05,0,0,0
2026-05-21 06:00:00,1.161775,1.162265,1.16175,1.1619,0.0,0.0,2.907391917740657e-08,1756,0.0,-1.32643041905105,-0.2087378640779419,2026-05-18,EURUSD,4533.115,4540.355,4527.385,4528.355,0.0,0.0,0.000376146706745,10681.0,0.0,0.0,-0.4252120277564075,2026-05-20,GOLD,0.0005150000000000432,12.969999999999345,0.0012728571428571073,667.8632142857142,0.001210221914098475,-1.2791056151565463,0.0,-0.2087378640779419,-0.4252120277564075,normal,0.9977587139655306,1.0031383146343884,6,0,0,-0.0008212545846214558,-0.0005075312475807392,-1.2909722311937877e-05,0,0,0
2026-05-21 07:00:00,1.16189,1.162355,1.161835,1.162215,0.0,0.0,2.9683586801831497e-08,1353,0.0,-1.238278384207927,0.2307692307694278,2026-05-16,EURUSD,4528.325,4540.53,4527.425,4538.555,0.0,0.0,0.0002864957297838,7565.0,0.0,0.0,0.3492941625334208,2026-05-19,GOLD,0.000520000000000076,13.104999999999563,0.0010135714285714073,663.7928571428571,-0.0019813659118881333,-1.1781573058280597,0.0,0.2307692307694278,0.3492941625334208,normal,0.9980292140041734,1.003410273124026,7,0,0,-0.00033115430930674705,-0.0003612483711569192,-0.00028815964904738145,0,1,1
2026-05-21 08:00:00,1.16221,1.162355,1.16179,1.162185,0.0,0.0,3.7535903653223244e-08,2448,0.0,-0.6903510908537751,0.1991150442477424,2026-05-09,EURUSD,4538.5650000000005,4540.375,4518.5,4527.955,0.0,0.0,0.0004183502487053,14518.0,0.0,0.0,-0.0677714285714319,2026-05-20,GOLD,0.0005649999999999267,21.875,0.0008246428571428353,663.2382142857142,0.0023097323440364192,-0.7435025904536169,0.0,0.1991150442477424,-0.0677714285714319,normal,0.9980034520957314,1.0033843723154892,8,0,0,0.00036582426663001044,-0.0002494677304887283,0.00027111466859475186,0,0,0
2026-05-21 09:00:00,1.162165,1.162675,1.16157,1.162025,0.0,0.0,4.489046043594404e-08,3577,0.0,-0.1611601171666652,-0.088235294117913,2026-05-06,EURUSD,4527.855,4539.9,4519.025,4521.665,0.0,0.0,0.0003832612647527,19848.0,0.0,0.0,-0.3735329341317208,2026-05-20,GOLD,0.0011049999999999116,20.875,0.0008182142857142535,663.915357142857,0.001251476368002491,-0.28556180667026215,0.0,-0.088235294117913,-0.3735329341317208,normal,0.9978660552507065,1.0032462346699589,9,0,0,0.00010758240812469566,-0.0007137605290425952,-0.000915664308007047,0,0,0
2026-05-21 10:00:00,1.162035,1.162095,1.15941,1.160765,0.0,0.0,6.070119250154212e-08,7967,0.0,0.8945760457404759,0.0046554934822985,2026-05-08,EURUSD,4521.695,4524.495,4512.110000000001,4519.725,0.0,0.0,0.0003557617623072,18180.0,0.0,0.0,0.114856681469573,2026-05-20,GOLD,0.0026850000000000485,12.384999999999309,0.0009478571428571193,664.2082142857141,-0.0006552685253734536,0.545994705820662,0.0,0.0046554934822985,0.114856681469573,normal,0.996784055096135,1.0021584007114088,10,0,0,-0.0012476176955210638,-0.0015783588508515578,-0.0017329159428265406,0,0,0
2026-05-21 11:00:00,1.160765,1.163545,1.160615,1.162365,0.0,0.0,6.64295240876648e-08,6929,0.0,1.1988651348907784,0.0972696245733307,2026-05-13,EURUSD,4519.98,4536.860000000001,4518.469999999999,4532.58,0.0,0.0,0.0003804068965919,18800.0,0.0,0.0,0.2672648178357603,2026-05-21,GOLD,0.002930000000000099,18.390000000001237,0.0010164285714285531,664.4124999999998,-0.0014657982788619517,0.7656824710833242,0.0,0.0972696245733307,0.2672648178357603,normal,0.9981580235463845,1.0035397771667105,11,0,0,0.00015488067734481525,0.0005207616030851181,6.022567420482794e-05,0,1,1
2026-05-21 12:00:00,1.162345,1.16335,1.162075,1.162735,0.0,0.0,4.790685412520664e-08,3970,0.0,-0.0757455021215335,0.017647058823556,2026-05-07,EURUSD,4532.535,4542.885,4527.91,4530.745,0.0,0.0,0.0003146991994389,15479.0,0.0,0.0,-0.3106844741235414,2026-05-21,GOLD,0.0012750000000001371,14.975000000000364,0.0010514285714285604,664.8732142857142,0.0007231632234421248,-0.2686842215130542,0.0,0.017647058823556,-0.3106844741235414,normal,0.9984757537505046,1.003859220471999,12,0,0,0.0006110023450442981,0.0007186504862726206,0.00021075450111407434,0,1,1
2026-05-21 13:00:00,1.16273,1.16303,1.15999,1.160735,0.0,0.0,6.428269472405477e-08,7234,0.0,0.9619341306435094,-0.2549342105263847,2026-05-14,EURUSD,4530.75,4535.385,4505.200000000001,4511.645,0.0,0.0,0.0004985159077488,21906.0,0.0,0.0,-0.2864833526586113,2026-05-19,GOLD,0.0030399999999999316,30.18499999999949,0.0012292857142857105,666.4296428571425,0.002495559847905726,0.5360156402597003,0.0,-0.2549342105263847,-0.2864833526586113,normal,0.9967582931876928,1.002132499902872,13,0,1,-2.5845024617332513e-05,-0.0012734304754282721,-0.0016342188219002907,0,1,1
2026-05-21 14:00:00,1.16074,1.1616,1.159595,1.15989,0.0,0.0,5.2903575171709336e-08,4514,0.0,0.1718155220139872,-0.3528678304238647,2026-05-14,EURUSD,4511.63,4521.299999999999,4508.264999999999,4514.175,0.0,0.0,0.0003547290233304,17136.0,0.0,0.0,-0.0466052934406728,2026-05-19,GOLD,0.0020050000000000345,13.034999999999854,0.001336785714285717,342.80714285714265,-0.0012887580795372111,-0.1027481267733149,0.0,-0.3528678304238647,-0.0466052934406728,normal,0.9960326660999048,1.0014029604624157,14,0,1,-0.0021292795292356947,-0.001974728636146561,-0.00222370373556402,0,0,0
2026-05-21 15:00:00,1.159895,1.16091,1.15934,1.159725,0.0,0.0,6.082836300785346e-08,5891,0.0,0.6539259530398739,-0.2547770700637961,2026-05-16,EURUSD,4514.16,4519.405,4502.620000000001,4504.185,0.0,0.0,0.0004440300194519,20530.0,0.0,0.0,-0.4067619898720087,2026-05-21,GOLD,0.0015700000000000713,16.784999999998945,0.001422500000000009,19.07607142857114,0.0020707740897835114,0.27214705259412547,0.0,-0.2547770700637961,-0.4067619898720087,normal,0.9958909756034726,1.0012605060154627,15,0,1,-0.0025887239998797495,-0.001979303371270169,-0.0026916511516913433,0,0,0
2026-05-21 16:00:00,1.159715,1.16011,1.15763,1.159455,0.0,0.0,6.893509733663426e-08,8123,0.0,1.0996233624623593,0.2358870967742132,2026-05-12,EURUSD,4504.19,4521.1900000000005,4488.695,4513.35,0.0,0.0,0.0005784041053383,28756.0,0.0,0.0,0.2587321126327142,2026-05-19,GOLD,0.0024800000000000377,32.4950000000008,0.0015664285714285877,20.52464285714268,-0.002267588140162591,0.5955994299616961,0.0,0.2358870967742132,0.2587321126327142,high_vol,0.9956591184274931,1.0015764968081338,16,0,1,-0.001102749550931259,-0.0011285660749592585,-0.0027051436435576726,0,0,0
2026-05-21 17:00:00,1.15946,1.159655,1.158425,1.159285,0.0,0.0,6.124636173725012e-08,8214,0.0,0.7345964965025388,0.1991869918699854,2026-05-16,EURUSD,4513.4400000000005,4515.55,4498.33,4508.83,0.0,0.0,0.0004624988967031,28551.0,0.0,0.0,0.1097560975609401,2026-05-20,GOLD,0.0012300000000000644,17.220000000000255,0.0016039285714285953,20.62214285714273,0.00085485279612596,0.5427333120046497,0.0,0.1991869918699854,0.1097560975609401,high_vol,0.995513134279654,1.001429645050664,17,0,1,-0.0005216011863196091,-0.0026497700808267854,-0.0021303883762566755,1,0,1
2026-05-21 18:00:00,1.15928,1.159385,1.158215,1.15883,0.0,0.0,5.8275555289093264e-08,6176,0.0,0.7008149515656794,0.0256410256411959,2026-05-11,EURUSD,4509.014999999999,4515.52,4496.77,4512.0650000000005,0.0,0.0,0.0004015531843833,23978.0,0.0,0.0,0.3157333333333372,2026-05-20,GOLD,0.0011700000000001154,18.75,0.0015978571428571747,19.747857142857097,-0.001109964329559343,0.7749712940129083,0.0,0.0256410256411959,0.3157333333333372,high_vol,0.9959220505768859,1.0010366006409648,18,0,1,-0.0007717346784796852,-0.0033584608702756924,-0.0026422239435406336,1,0,1
2026-05-21 19:00:00,1.15884,1.15963,1.158455,1.15953,0.0,0.0,4.8999906256844535e-08,4159,0.0,-0.0603309389216718,0.4148936170212806,2026-05-14,EURUSD,4512.0,4520.735000000001,4512.0,4516.805,0.0,0.0,0.0003831814436798,9379.0,0.0,0.0,0.050085861476814,2026-05-19,GOLD,0.001174999999999926,8.735000000000582,0.001590357142857173,17.984285714285697,-0.00044645924032371553,-0.17222457707311004,0.0,0.4148936170212806,0.050085861476814,high_vol,0.9965236448015813,1.001641284348194,19,1,1,6.468556347605237e-05,-0.0010381353194313103,-0.002310243801706302,1,0,1
2026-05-21 20:00:00,1.159555,1.163005,1.159275,1.162475,0.0,0.0,7.564900302745729e-08,9451,0.0,1.974362330848438,0.3579088471849491,2026-05-11,EURUSD,4519.700000000001,4559.425,4514.254999999999,4551.55,0.0,0.0,0.0005156989057309,28278.0,0.0,0.0,0.3256586229798476,2026-05-21,GOLD,0.003730000000000011,45.17000000000098,0.001820000000000028,20.28428571428581,-0.0051525621598613736,2.171562882931383,0.0,0.3579088471849491,0.3256586229798476,high_vol,0.999054637646907,1.004185275087895,20,0,1,0.0027516960885374253,0.0022286596142735426,0.0002495299801665851,0,0,0
2026-05-21 21:00:00,1.162455,1.163005,1.16071,1.16114,0.0,0.0,6.817117115096391e-08,7162,0.0,1.2852273238650125,-0.3126361655772885,2026-05-16,EURUSD,4551.56,4556.255,4527.375,4532.05,0.0,0.0,0.0004775780246019,23652.0,0.0,0.0,-0.338123268698071,2026-05-21,GOLD,0.002295000000000158,28.88000000000011,0.001946785714285748,21.411071428571567,0.0031358430204921905,1.268583475122368,0.0,-0.3126361655772885,-0.338123268698071,high_vol,0.9979330408364094,1.0030320568748219,21,0,0,0.001993389884624941,0.0012201168380436833,-0.0007616015145973654,0,0,0
2026-05-21 22:00:00,1.161135,1.162425,1.160975,1.162115,0.0,0.0,5.280738950974318e-08,4339,0.0,0.0942277760159839,0.286206896551618,2026-05-16,EURUSD,4532.07,4543.995000000001,4529.975,4543.185,0.0,0.0,0.0003464768721358,18986.0,0.0,0.0,0.4422253922966274,2026-05-21,GOLD,0.0014499999999999513,14.020000000000437,0.0020100000000000356,20.85000000000017,-0.0016172535055738457,-0.11720781387333841,0.0,0.286206896551618,0.4422253922966274,high_vol,0.9987709972540812,1.0038742948956056,22,0,0,0.002229351547609948,0.0022941813179468973,0.0011630261077824056,0,0,0
2026-05-21 23:00:00,1.16213,1.16228,1.1616,1.16189,0.0,0.0,4.486893738312133e-08,1952,0.0,-0.5559159781337263,-0.073529411764533,2026-05-07,EURUSD,4543.1900000000005,4544.9400000000005,4539.92,4543.26,0.0,0.0,0.0002120040089994,7120.0,0.0,0.0,0.1653386454182978,2026-05-21,GOLD,0.0006800000000000139,5.020000000000437,0.0019796428571429,19.7175000000002,-0.00021012075079385184,-0.8833592710112136,0.0,-0.073529411764533,0.1653386454182978,high_vol,0.998577622696157,1.0036799322754248,23,0,0,-0.0005032366287445189,0.0022470747055298723,-0.00040864960662101435,0,0,0
2026-05-22 00:00:00,1.16206,1.162295,1.1618,1.161905,0.0,0.0,6.990007176800078e-08,527,0.0,1.3264303044880117,-0.2878787878787063,2026-05-19,EURUSD,0.0,0.0,0.0,0.0,0.0,0.0,0.0,0.0,0.0,0.0,0.0,0,0,0.0004950000000001342,4543.26,0.0018232142857143347,343.3514285714288,1.0000129100000859,1.263285938454412,0.0,-0.2878787878787063,0.0,high_vol,0.9985905143333519,1.003692889783437,0,0,0,0.0006588352825671606,0.002653538482779938,-0.0007138341926579139,0,0,0
2026-05-22 01:00:00,1.161925,1.1619799999999998,1.16152,1.16175,0.0,0.0,4.545889504605815e-08,811,0.0,-0.4960777333068109,4.827056628806026e-13,2026-05-09,EURUSD,4545.120000000001,4546.145,4539.885,4543.385,0.0,0.0,0.0003596206864409,6096.0,0.0,0.0,0.0591054313098846,2026-05-20,GOLD,0.0004599999999996829,4546.145,0.0016467857142857336,666.7625000000002,-inf,-0.7603316871480138,0.0,4.827056628806026e-13,0.0591054313098846,high_vol,0.9984573007490042,1.003558995533979,1,0,0,-0.00031408251334841264,0.0019145688339241573,0.000874445932964818,0,0,0
2026-05-22 02:00:00,1.16176,1.16191,1.161605,1.16178,0.0,0.0,3.7867240802101146e-08,785,0.0,-1.0439775345288818,0.073770491803398,2026-05-13,EURUSD,4543.395,4545.265,4532.605,4535.57,0.0,0.0,0.000330873824069,5096.0,0.0,0.0,-0.2657977883096034,2026-05-21,GOLD,0.0003049999999999997,12.660000000000764,0.0015775000000000095,666.5971428571431,0.0017459062655450497,-1.30987227356971,0.0,0.073770491803398,-0.2657977883096034,normal,0.998483084023394,1.0035849105500032,2,0,0,-9.467333396451227e-05,-0.0005978623196196686,0.0016294648630472697,0,0,0
2026-05-22 03:00:00,1.161785,1.161805,1.161235,1.161445,0.0,0.0,3.3768030643823534e-08,2599,0.0,-1.3030289197515743,-0.1315789473681237,2026-05-09,EURUSD,4535.54,4541.165,4525.74,4526.844999999999,0.0,0.0,0.0004094753713148,10935.0,0.0,0.0,-0.4283630470016204,2026-05-21,GOLD,0.0005699999999999594,15.425000000000182,0.00140107142857144,665.5428571428574,0.0016353326072058305,-1.500976988176184,0.0,-0.1315789473681237,-0.4283630470016204,normal,0.9981951707927068,1.0032955262044005,3,0,0,-0.0003959015582167824,0.0002626728904353559,0.001483110220095396,0,0,0
2026-05-22 04:00:00,1.16144,1.16158,1.160995,1.161,0.0,0.0,3.372770927987292e-08,2641,0.0,-1.2519381192504966,-0.4914529914529363,2026-05-12,EURUSD,4526.805,4536.375,4521.085,4526.405,0.0,0.0,0.0005110228940599,15668.0,0.0,0.0,-0.15206017004577,2026-05-21,GOLD,0.0005850000000000577,15.289999999999964,0.0012996428571428703,665.7039285714288,-0.0002859454737924594,-1.3630368764884415,0.0,-0.4914529914529363,-0.15206017004577,normal,0.9978127188892565,1.002911120133376,4,0,0,-0.0006455777921239303,-0.0009594575407769756,0.001332522607604636,0,0,0
2026-05-22 05:00:00,1.16099,1.16143,1.160965,1.16118,0.0,0.0,3.3415129158222085e-08,1772,0.0,-1.244684799750236,-0.0376344086021633,2026-05-15,EURUSD,4526.33,4529.475,4518.6,4523.145,0.0,0.0,0.0003861210666236,12809.0,0.0,0.0,-0.0820689655172347,2026-05-21,GOLD,0.0004649999999999377,10.875,0.0012207142857142892,665.281785714286,0.0008752571228279882,-1.3040744138938283,0.0,-0.0376344086021633,-0.0820689655172347,normal,0.997967418535596,1.0030666102295207,5,0,0,-0.0005164488973815606,-0.0006110733374071753,0.0016346282406829449,0,0,0
2026-05-22 06:00:00,1.16117,1.1613,1.16087,1.161205,0.0,0.0,3.456001056684855e-08,1384,0.0,-1.2082853667306546,0.2790697674421847,2026-05-13,EURUSD,4523.18,4530.02,4519.33,4529.6,0.0,0.0,0.0003310012824745,10089.0,0.0,0.0,0.460710944808227,2026-05-21,GOLD,0.00042999999999993044,10.69000000000051,0.0010742857142857101,663.7242857142862,-0.001405574547852062,-1.281537130860385,0.0,0.2790697674421847,0.460710944808227,normal,0.9979889045975875,1.0030882060762074,6,0,0,-0.00020663914348073575,-0.0006024588929386399,0.0020494809419846494,0,0,0
2026-05-22 07:00:00,1.161195,1.161555,1.161135,1.16153,0.0,0.0,2.688214943754293e-08,891,0.0,-1.727008696666028,0.4404761904765744,2026-05-11,EURUSD,4529.665,4533.08,4525.635,4527.370000000001,0.0,0.0,0.0002716526775176,8487.0,0.0,0.0,-0.2669576897245601,2026-05-22,GOLD,0.0004199999999998649,7.444999999999709,0.0010164285714285531,663.0260714285718,0.0007721988770414967,-1.7240496358654853,0.0,0.4404761904765744,-0.2669576897245601,normal,0.9982682234034781,1.0033689520831355,7,0,0,0.0004565030146423954,-0.00018936948568981649,0.0017248367873190507,0,0,0
2026-05-22 08:00:00,1.16151,1.16169,1.160715,1.16092,0.0,0.0,3.5861013849971e-08,1761,0.0,-1.0800016907015604,-0.2897435897435675,2026-05-19,EURUSD,4527.33,4534.365,4507.41,4511.26,0.0,0.0,0.000450867487512,11204.0,0.0,0.0,-0.3571693563346179,2026-05-21,GOLD,0.0009749999999999481,26.954999999999927,0.0010024999999999698,663.6121428571431,0.0030331878916242117,-1.0661030634185933,0.0,-0.2897435897435675,-0.3571693563346179,normal,0.9977439634908833,1.0028420134239784,8,0,0,-0.00022391016035427924,-0.0007402434195803442,-0.0013376631755521728,0,0,0
2026-05-22 09:00:00,1.16093,1.161445,1.160535,1.1609850000000002,0.0,0.0,4.78503254187616e-08,3413,0.0,0.0,-0.0054945054942963,2026-05-22,EURUSD,4511.235000000001,4528.9400000000005,4510.26,4526.99,0.0,0.0,0.0003563418465105,19694.0,0.0,0.0,0.3956102783725537,2026-05-20,GOLD,0.0009099999999999664,18.68000000000029,0.0009835714285714012,664.3225000000002,-0.003430840653381395,-0.041764610279456035,0.0,-0.0054945054942963,0.3956102783725537,normal,0.9977998272520617,1.0028981626253641,9,0,0,-0.00018945836437134211,-0.00039605835833800285,-0.00013348950169655982,0,0,0
2026-05-22 10:00:00,1.16098,1.16098,1.160135,1.16084,0.0,0.0,4.5018393656272217e-08,3129,0.0,-0.4008795925687271,0.3343195266271816,2026-05-17,EURUSD,4526.985,4527.56,4516.29,4522.045,0.0,0.0,0.0003024053847639,15760.0,0.0,0.0,0.0106477373558833,2026-05-21,GOLD,0.0008500000000002395,11.270000000000437,0.0007778571428571317,661.9010714285715,0.0009674433447381947,-0.37760414782149304,0.0,0.3343195266271816,0.0106477373558833,low_vol,0.9976752080925104,1.0027729067145807,10,0,0,-0.000594044062572463,-0.00013781223083542127,-0.001097137546628324,0,1,1
2026-05-22 11:00:00,1.160845,1.16158,1.160325,1.160775,0.0,0.0,5.2674515781298626e-08,4320,0.0,0.1902232917115197,-0.1414342629481599,2026-05-13,EURUSD,4522.07,4531.32,4517.105,4522.004999999999,0.0,0.0,0.0003214483044028,16998.0,0.0,0.0,-0.1552937038340073,2026-05-21,GOLD,0.0012550000000000061,14.215000000000146,0.0007035714285714066,660.8535714285717,-4.714837993069487e-05,0.24171682195655034,0.0,-0.1414342629481599,-0.1552937038340073,low_vol,0.9977865646623972,1.002716757513195,11,0,0,-0.00012490094063333235,-0.0003487831343979009,-0.0009596433397310866,0,1,1
2026-05-22 12:00:00,1.16077,1.1608,1.159605,1.16042,0.0,0.0,4.108241519337195e-08,2950,0.0,-0.6325578942954676,0.1820083682008127,2026-05-09,EURUSD,4521.955,4536.085,4514.959999999999,4532.305,0.0,0.0,0.0003230852663524,14188.0,0.0,0.0,0.3210650887574377,2026-05-22,GOLD,0.0011950000000000571,21.12500000000091,0.0006853571428571284,661.3610714285717,-0.0025835808446010855,-0.5514376436090023,0.0,0.1820083682008127,0.3210650887574377,low_vol,0.9977558618436326,1.0024100964902432,12,0,0,-0.0004866557276796968,-0.0006760218910528693,-0.0012780735085914374,0,0,0
2026-05-22 13:00:00,1.160425,1.160785,1.15952,1.159735,0.0,0.0,3.7265382403062586e-08,2606,0.0,-0.8360314552543007,-0.3300395256918824,2026-05-15,EURUSD,4532.45,4536.955,4510.3150000000005,4514.775,0.0,0.0,0.0003425948212698,14331.0,0.0,0.0,-0.3325825825826117,2026-05-22,GOLD,0.0012649999999998496,26.639999999999418,0.000727142857142831,662.9053571428574,0.003277485616368314,-0.6880270164924376,0.0,-0.3300395256918824,-0.3325825825826117,low_vol,0.997188318192957,1.0018183702910257,13,0,1,-0.0009518969022432877,-0.0015453754961128885,-0.00173445233483982,0,0,0
2026-05-22 14:00:00,1.15976,1.16022,1.159335,1.15965,0.0,0.0,4.5192769526246094e-08,2992,0.0,-0.2314370810175111,-0.1440677966102311,2026-05-15,EURUSD,4514.605,4525.225,4511.685,4520.785,0.0,0.0,0.0002791161885747,14002.0,0.0,0.0,0.1720827178729525,2026-05-21,GOLD,0.0008850000000000247,13.539999999999964,0.000754999999999966,339.35392857142875,-0.0014044774376621438,-0.06461150021999441,0.0,-0.1440677966102311,0.1720827178729525,low_vol,0.9971152316628046,1.0017449444122908,14,0,1,-0.0009691800736575384,-0.0010939599627880492,-0.001833393585704668,0,0,0
2026-05-22 15:00:00,1.159645,1.1607,1.1594449999999998,1.160425,0.0,0.0,6.490620534842314e-08,5034,0.0,1.18671000156997,0.2808764940238356,2026-05-16,EURUSD,4520.615,4535.83,4515.165,4528.275,0.0,0.0,0.0004210452921968,20800.0,0.0,0.0,0.1344060004839172,2026-05-20,GOLD,0.0012550000000002282,20.664999999999964,0.0008117857142857192,16.105357142857297,-0.000988486814661682,1.3068457223136467,0.0,0.2808764940238356,0.1344060004839172,low_vol,0.997781608849489,1.0024144156595804,15,0,1,4.308784750328698e-06,-0.000482349039824026,-0.000878216359793238,0,0,0
2026-05-22 16:00:00,1.160475,1.161835,1.15993,1.160385,0.0,0.0,6.538223360923846e-08,6113,0.0,1.251001208689437,-0.2611548556430591,2026-05-14,EURUSD,4528.59,4534.49,4510.45,4513.885,0.0,0.0,0.0004702888878722,24971.0,0.0,0.0,-0.3571131447586996,2026-05-20,GOLD,0.0019050000000000455,24.039999999999964,0.0009260714285714368,16.918214285714384,0.0031433404054381775,1.352502539016768,0.0,-0.2611548556430591,-0.3571131447586996,normal,0.9977472151882407,1.0018735726959156,16,0,1,0.0005604728666463998,-0.00039195754798260207,-0.0005297157622738968,0,0,0
2026-05-22 17:00:00,1.16039,1.16039,1.15883,1.159775,0.0,0.0,5.9578963038439326e-08,6724,0.0,0.8333698306688595,0.1057692307692116,2026-05-20,EURUSD,4514.075,4514.075,4492.01,4500.685,0.0,0.0,0.0005118417775068,26064.0,0.0,0.0,-0.1068434171765291,2026-05-21,GOLD,0.0015600000000000058,22.0649999999996,0.0009967857142857259,17.39250000000006,0.0023986226166479163,0.9385336682390172,0.0,0.1057692307692116,-0.1068434171765291,normal,0.9972227118542052,1.0013469001869255,17,0,1,0.00010779114387959865,-0.0008614933988067008,-0.0012099760588367703,1,0,1
2026-05-22 18:00:00,1.1597650000000002,1.160555,1.159575,1.160275,0.0,0.0,4.889401684939268e-08,4897,0.0,0.0737811872623367,0.2142857142857628,2026-05-21,EURUSD,4500.855,4522.435,4500.389999999999,4520.175,0.0,0.0,0.0003219439648942,21373.0,0.0,0.0,0.3974824223180176,2026-05-21,GOLD,0.0009799999999999809,22.045000000000982,0.0010250000000000062,17.87500000000013,-0.00389933381529195,0.23054032894976798,0.0,0.2142857142857628,0.3974824223180176,normal,0.9976526326198081,1.0015710580039794,18,0,1,-0.00012926298554416515,-0.00012495475776019838,-0.0008008921766613497,0,0,0
2026-05-22 19:00:00,1.16028,1.16112,1.15996,1.16112,0.0,0.0,4.9777340835376734e-08,3520,0.0,0.1373889545857899,0.4999999999999043,2026-05-14,EURUSD,4520.155000000001,4520.535,4517.2,4518.335,0.0,0.0,0.0003127552753678,3073.0,0.0,0.0,-0.1596701649176158,2026-05-20,GOLD,0.0011599999999998278,3.3350000000000364,0.0010746428571428554,17.336428571428705,0.0011353395101141306,0.28451803954930655,0.0,0.4999999999999043,-0.1596701649176158,normal,0.998379198713677,1.001976131097745,19,1,1,0.0006334104629066584,0.001194238338930953,-0.0003529827038475375,0,0,0
2026-05-22 20:00:00,1.161125,1.161905,1.160865,1.16133,0.0,0.0,6.381782188098381e-08,4877,0.0,0.0,-0.0528846153847519,2026-05-22,EURUSD,4515.155000000001,4527.96,4513.21,4519.3150000000005,0.0,0.0,0.0003833029181135,16793.0,0.0,0.0,-0.0861016949152221,2026-05-21,GOLD,0.0010399999999999299,14.75,0.0011182142857142838,17.62642857142867,-3.6034195554313087e-05,0.25685565217115275,0.0,-0.0528846153847519,-0.0861016949152221,normal,0.9985597654352302,1.0021573483599837,20,0,1,0.0013407773059428418,0.001448712973741939,0.0003531681769630701,0,0,0
2026-05-22 21:00:00,1.161325,1.161525,1.160925,1.161175,0.0,0.0,4.6849985497902237e-08,2604,0.0,0.0249206478458185,-0.0833333333331174,2026-05-20,EURUSD,4519.375,4520.219999999999,4511.965,4515.25,0.0,0.0,0.0002655333128498,13035.0,0.0,0.0,-0.1020593579648488,2026-05-21,GOLD,0.0005999999999999339,8.2549999999992,0.0011310714285714316,17.684285714285775,0.000766004934987019,0.36417891283803633,0.0,-0.0833333333331174,-0.1020593579648488,normal,0.998924661806138,1.0020235927616647,21,0,0,0.0007756781797418899,0.0006463149277204927,0.00016365413851171517,1,0,1
2026-05-22 22:00:00,1.161185,1.161385,1.16052,1.16059,0.0,0.0,3.9893184803755656e-08,2252,0.0,-0.5242109340758994,-0.4190751445086645,2026-05-12,EURUSD,4515.31,4515.96,4504.424999999999,4508.33,0.0,0.0,0.0002788860524742,13129.0,0.0,0.0,-0.1614651061984524,2026-05-21,GOLD,0.0008649999999998936,11.535000000000764,0.001123214285714285,16.58285714285726,0.0010287839906764074,-0.2471676632578442,0.0,-0.4190751445086645,-0.1614651061984524,normal,0.9985330746497231,1.0015187732454285,22,0,0,-0.00045645583574471793,0.00017666550325978747,-0.00021536129010035765,1,0,1
2026-05-22 23:00:00,1.160605,1.160655,1.159815,1.160295,0.0,0.0,4.947327655310934e-08,1819,0.0,0.2785484948690029,0.0714285714285147,2026-05-15,EURUSD,4508.31,4510.52,4504.31,4507.860000000001,0.0,0.0,0.0003007236078395,6418.0,0.0,0.0,0.0716586151369646,2026-05-21,GOLD,0.0008399999999999519,6.210000000000036,0.0011182142857142838,15.692142857142958,-0.00014992959967785602,0.6465802637201913,0.0,0.0714285714285147,0.0716586151369646,normal,0.9982792664512882,1.0012642061389505,23,0,0,-0.0008912195499986009,0.00044836282899707314,-0.0004135168314270965,1,0,1
2026-05-25 00:00:00,1.16414,1.1641400000000002,1.16302,1.163335,0.0,0.0,4.4621191857803154e-08,574,0.0,0.0,-0.21875,2026-05-09,EURUSD,0.0,0.0,0.0,0.0,0.0,0.0,0.0,0.0,0.0,0.0,0.0,0,0,0.0038450000000000983,4507.860000000001,0.0013321428571428453,336.877142857143,1.002620023356129,0.4202585381907194,0.0,-0.21875,0.0,normal,0.9993085024137989,1.0038875417446909,0,0,0,0.001860184726677705,0.0026373058111224257,0.0025120215094533993,0,0,0
2026-05-25 01:00:00,1.16335,1.164485,1.16313,1.16431,0.0,0.0,6.95545287664306e-08,2294,0.0,0.0,0.3708487084871396,2026-05-22,EURUSD,4536.25,4565.635,4535.04,4565.1,0.0,0.0,0.000716384464796,15849.0,0.0,0.0,0.482513482595215,2026-05-23,GOLD,0.001354999999999995,4565.635,0.0013392857142857015,661.9785714285715,-inf,0.39320152429002503,0.0,0.3708487084871396,0.482513482595215,normal,0.9998497189744823,1.0047289076050845,1,0,0,0.003205266286974595,0.002747347388728061,0.00394486671524108,0,0,0
2026-05-25 02:00:00,1.164325,1.164615,1.164135,1.16418,0.0,0.0,3.4551215441395826e-08,1555,0.0,0.0,-0.4062499999998554,2026-05-12,EURUSD,4565.125,4580.045,4565.035,4567.285,0.0,0.0,0.0003723817999924,12863.0,0.0,0.0,-0.3500999333777503,2026-05-21,GOLD,0.00048000000000003595,15.010000000000218,0.0012882142857142715,661.5417857142859,-0.0005902854680185365,0.3442762571778729,0.0,-0.4062499999998554,-0.3500999333777503,normal,0.999626486006105,1.0046167254903653,2,0,0,0.0033482864271585644,0.002454082818837078,0.003906351054197232,0,0,0
2026-05-25 03:00:00,1.164165,1.1649,1.163535,1.163665,0.0,0.0,4.8036790944883664e-08,3067,0.0,0.0,-0.4047619047618544,2026-05-08,EURUSD,4567.225,4579.66,4566.295,4569.51,0.0,0.0,0.0003971431053904,18041.0,0.0,0.0,-0.2594463150018557,2026-05-21,GOLD,0.0013650000000000606,13.364999999999782,0.0012953571428571437,660.5935714285715,-0.0009295317697405325,0.2859241925598475,0.0,-0.4047619047618544,-0.2594463150018557,normal,0.9989398231607862,1.0041723117282086,3,0,0,0.0002836672153765374,0.0021443796154756445,0.0027920804877521466,0,0,0
2026-05-25 04:00:00,1.163655,1.164695,1.163555,1.16391,0.0,0.0,4.7167765433634425e-08,3532,0.0,0.0,-0.1885964912281504,2026-05-10,EURUSD,4569.5,4576.514999999999,4560.325,4562.905,0.0,0.0,0.0005043985713643,18330.0,0.0,0.0,-0.3406423718344943,2026-05-23,GOLD,0.001140000000000141,16.1899999999996,0.0013135714285714378,660.7828571428572,0.0016559920811601847,0.22629180462577878,0.0,-0.1885964912281504,-0.3406423718344943,normal,0.9991501416430595,1.004383731867487,4,0,0,-0.0003435511161116178,0.002860613998052708,0.0030377848731240054,0,0,0
2026-05-25 05:00:00,1.163915,1.164255,1.16367,1.1637650000000002,0.0,0.0,3.317762395903229e-08,1646,0.0,0.0,-0.3376068376065488,2026-05-11,EURUSD,4562.885,4570.33,4558.965,4561.485000000001,0.0,0.0,0.0003736903400113,12838.0,0.0,0.0,-0.2782666080069965,2026-05-22,GOLD,0.0005850000000000577,11.364999999999782,0.0012657142857142828,660.1185714285715,0.0001866251727016266,0.1627099619602832,0.0,-0.3376068376065488,-0.2782666080069965,normal,0.9990256674392652,1.0042586056626082,5,0,0,-0.0003564740847633585,0.002990618765055464,0.0034403224763426277,0,0,0
2026-05-25 06:00:00,1.16376,1.16397,1.163605,1.16372,0.0,0.0,3.6808052821907056e-08,2107,0.0,0.0,-0.1849315068490317,2026-05-11,EURUSD,4561.505,4564.635,4556.795,4559.95,0.0,0.0,0.0003200459101672,10284.0,0.0,0.0,-0.0975765306122848,2026-05-21,GOLD,0.0003649999999999487,7.8400000000001455,0.0011557142857142758,658.9614285714287,0.0002978456184136169,0.09463072793512174,0.0,-0.1849315068490317,-0.0975765306122848,normal,0.9989870375139497,1.0042197733921283,6,0,0,4.7264461851215245e-05,0.0003309450846060713,0.002969123699123166,0,0,0
2026-05-25 07:00:00,1.163725,1.16437,1.163565,1.1642,0.0,0.0,3.6972846798096975e-08,1578,0.0,0.0,0.2888198757762407,2026-05-12,EURUSD,4559.875,4566.030000000001,4559.514999999999,4564.955,0.0,0.0,0.0002899297224736,7169.0,0.0,0.0,0.3349961627013778,2026-05-21,GOLD,0.0008049999999999446,6.515000000001237,0.0011017857142857,657.8507142857144,-0.0006851294006902098,-0.021132741643314735,0.0,0.2888198757762407,0.3349961627013778,normal,0.999399090050648,1.0046339842772452,7,0,0,0.00024916015843134964,-9.447655693073376e-05,0.002652611271875438,0,0,0
2026-05-25 08:00:00,1.164205,1.16452,1.163805,1.163915,0.0,0.0,3.820937830411108e-08,1774,0.0,0.0,-0.3461538461537745,2026-05-15,EURUSD,4564.935,4566.13,4552.06,4553.405000000001,0.0,0.0,0.0003270221050053,10378.0,0.0,0.0,-0.4044065387347861,2026-05-23,GOLD,0.0007150000000000212,14.069999999999709,0.0010828571428571315,657.2810714285715,0.0022853421247178707,-0.11704502296904581,0.0,-0.3461538461537745,-0.4044065387347861,normal,0.9991544338569834,1.004388046564207,8,0,0,0.0001288920013919892,-0.0002276280300297362,0.0022258961707697367,0,0,0
2026-05-25 09:00:00,1.1639,1.164465,1.163745,1.164095,0.0,0.0,4.108242983932657e-08,2590,0.0,0.0,-0.0138888888886747,2026-05-15,EURUSD,4553.36,4563.3150000000005,4550.615,4562.5650000000005,0.0,0.0,0.0002633066818348,13616.0,0.0,0.0,0.4409448818897671,2026-05-23,GOLD,0.0007200000000000539,12.700000000000728,0.0010514285714285762,657.9500000000002,-0.0018570308996568308,-0.11704502296904583,0.0,-0.0138888888886747,0.4409448818897671,normal,0.9993089535582453,1.004543375646126,9,0,0,0.00032224246382295263,0.0003695221562907136,0.0025146941675457946,0,0,0
2026-05-25 10:00:00,1.16414,1.164195,1.162955,1.163745,0.0,0.0,5.182004221443577e-08,3549,0.0,0.0,0.1370967741937404,2026-05-17,EURUSD,4562.76,4565.235000000001,4552.665,4564.88,0.0,0.0,0.0003419433886264,13565.0,0.0,0.0,0.4717581543356475,2026-05-21,GOLD,0.0012400000000001299,12.570000000000618,0.0010657142857143048,657.7942857142859,-0.0008080527783008717,-0.15490653371269225,0.0,0.1370967741937404,0.4717581543356475,normal,0.9990084985835694,1.004241346875728,10,0,0,-0.0003908263185018468,-0.0001417635384178828,0.00271844492887241,0,0,0
2026-05-25 11:00:00,1.163755,1.164435,1.163295,1.16437,0.0,0.0,4.1037566719728866e-08,2458,0.0,0.0,0.4429824561402765,2026-05-09,EURUSD,4564.84,4565.165,4553.535,4556.125,0.0,0.0,0.00027697879431,11167.0,0.0,0.0,-0.2773000859845514,2026-05-25,GOLD,0.001140000000000141,11.63000000000011,0.0011042857142857482,658.0353571428574,0.0024549628824597214,-0.13821913896690785,0.0,0.4429824561402765,-0.2773000859845514,normal,0.999545025324062,1.0047806839657238,11,0,0,0.00039092201750112743,0.0005198644056143564,0.0035120378869164526,0,0,0
2026-05-25 12:00:00,1.16436,1.16452,1.16403,1.164145,0.0,0.0,3.4409822900965366e-08,1479,0.0,0.0,-0.2653061224488501,2026-05-19,EURUSD,4556.185,4569.25,4555.09,4567.719999999999,0.0,0.0,0.0002650596727623,8488.0,0.0,0.0,0.3919491525423255,2026-05-25,GOLD,0.0004900000000001015,14.159999999999854,0.0010775000000000487,658.2228571428574,-0.0027381633314822462,-0.2044832036109341,0.0,-0.2653061224488501,0.3919491525423255,normal,0.9993518756974847,1.0045865226133255,12,0,0,4.295182094238292e-05,0.0003652081256659834,0.0006962740741058848,0,0,0
2026-05-25 13:00:00,1.164135,1.16443,1.16413,1.164285,0.0,0.0,3.1441394662716914e-08,1466,0.0,0.0,0.0166666666667653,2026-05-10,EURUSD,4567.75,4573.74,4567.639999999999,4568.745000000001,0.0,0.0,0.0002225942774528,8457.0,0.0,0.0,-0.3188524590161776,2026-05-24,GOLD,0.00029999999999996696,6.100000000000364,0.0010389285714286212,658.2150000000003,-0.00010414086188959004,-0.3140946690967463,0.0,0.0166666666667653,-0.3188524590161776,normal,0.9994720576873551,1.0047073341214845,13,0,1,0.000464019179459374,7.301151005001394e-05,-2.147194475687897e-05,0,0,0
2026-05-25 14:00:00,1.164295,1.16507,1.16403,1.16439,0.0,0.0,4.580605018217045e-08,2127,0.0,0.0,-0.1538461538460717,2026-05-12,EURUSD,4568.860000000001,4577.08,4567.73,4569.52,0.0,0.0,0.0002370436885863,9064.0,0.0,0.0,-0.3085561497325343,2026-05-21,GOLD,0.001040000000000152,9.350000000000364,0.0008385714285714821,336.89285714285734,-7.944672418980225e-05,-0.34340458742624985,0.0,-0.1538461538460717,-0.3085561497325343,low_vol,0.9994163440823298,1.004797942752604,14,0,1,1.7176670646046333e-05,0.00040810540288593877,0.00018038447662727108,0,0,0
2026-05-25 15:00:00,1.1643949999999998,1.16528,1.16425,1.16483,0.0,0.0,4.6410649915405085e-08,2802,0.0,0.0,0.0631067961164818,2026-05-21,EURUSD,4569.445,4570.305,4552.965,4567.75,0.0,0.0,0.000365662470311,13826.0,0.0,0.0,0.3526528258362013,2026-05-22,GOLD,0.0010300000000000864,17.340000000000146,0.0008153571428572029,12.014642857143047,0.0007652294817842575,-0.26447504431588226,0.0,0.0631067961164818,0.3526528258362013,low_vol,0.9996138267197583,1.005177636063961,15,0,1,0.000588414673429849,0.0006313917678539838,0.001001147237392308,0,0,0
2026-05-25 16:00:00,1.164825,1.16497,1.16388,1.163885,0.0,0.0,4.5833692783628646e-08,2282,0.0,0.0,-0.4954128440366673,2026-05-16,EURUSD,4567.755,4571.44,4560.145,4563.145,0.0,0.0,0.0002508797764003,15022.0,0.0,0.0,-0.2343957503319453,2026-05-25,GOLD,0.0010900000000000354,11.294999999999163,0.0008589285714286314,11.74928571428583,0.0001968778176482111,-0.16114460844165004,0.0,-0.4954128440366673,-0.2343957503319453,normal,0.9988028628312509,1.0043621583838873,16,0,1,-0.00034355849298062235,0.00012030126874873481,-2.147932400264896e-05,0,0,0
2026-05-25 17:00:00,1.16388,1.16464,1.163835,1.164205,0.0,0.0,4.5889769036450235e-08,2086,0.0,0.0,-0.0403726708075827,2026-05-20,EURUSD,4563.174999999999,4570.68,4562.51,4566.985000000001,0.0,0.0,0.0002280116742577,10692.0,0.0,0.0,0.0477356181150947,2026-05-24,GOLD,0.0008049999999999446,8.170000000000073,0.0008189285714286232,11.37821428571442,-0.0005665836165740235,0.0031137435265102746,0.0,-0.0403726708075827,0.0477356181150947,low_vol,0.9990774749416448,1.003992842205118,17,0,1,-0.00015888147442022493,-0.00014170753282893855,0.0003780832040831683,0,0,0
2026-05-25 18:00:00,1.1642,1.16484,1.163965,1.16421,0.0,0.0,5.526650934104082e-08,2534,0.0,0.0,-0.2200000000000558,2026-05-22,EURUSD,4566.88,4574.780000000001,4565.685,4570.945,0.0,0.0,0.0002822825311275,10927.0,0.0,0.0,0.0783397471137487,2026-05-22,GOLD,0.0008750000000001812,9.095000000000255,0.0008000000000000547,10.871428571428753,-0.0008627980650746103,0.027323663170154826,0.0,-0.2200000000000558,0.0783397471137487,low_vol,0.9990817657558697,1.0037893974470067,18,0,1,-0.0005322665109930291,5.5834969011625546e-05,0.0004210634860617457,0,0,0
2026-05-25 19:00:00,1.164225,1.16427,1.163665,1.16411,0.0,0.0,4.359379398520883e-08,1750,0.0,0.0,0.235537190082549,2026-05-16,EURUSD,4571.030000000001,4574.6900000000005,4568.05,4573.685,0.0,0.0,0.0001762748356991,6223.0,0.0,0.0,0.3486445783130386,2026-05-22,GOLD,0.0006049999999999667,6.640000000000327,0.0008014285714286196,10.533928571428792,-0.0006853335657165394,0.07445568058491701,0.0,0.235537190082549,0.3486445783130386,low_vol,0.9989959494713716,1.0037031767997482,19,1,1,0.00019331806836575538,-0.00015030684067907085,-7.730630475855094e-05,0,0,0
2026-05-25 20:00:00,1.164115,1.16441,1.164025,1.164325,0.0,0.0,2.8568855334851784e-08,756,0.0,0.0,0.2792207792212698,2026-05-21,EURUSD,4573.575000000001,4577.93,4563.39,4565.24,0.0,0.0,0.0002718656965027,4941.0,0.0,0.0,-0.3727647867950541,2026-05-22,GOLD,0.0003849999999998577,14.539999999999964,0.0008028571428571844,11.012500000000207,0.002031122812741426,0.07445568058491701,0.0,0.2792207792212698,-0.3727647867950541,normal,0.9991804544830427,1.0038885511913538,20,0,1,0.00010307463032721564,-5.5823220742157176e-05,0.000352259400385746,0,0,0
2026-05-25 21:00:00,1.164335,1.164385,1.16416,1.16434,0.0,0.0,2.8286414959749622e-08,628,0.0,0.0,0.2999999999996052,2026-05-10,EURUSD,4565.295,4571.56,4564.525,4567.85,0.0,0.0,0.0002807836905623,1469.0,0.0,0.0,-0.0273631840794852,2026-05-23,GOLD,0.0002249999999999197,7.035000000000764,0.0007614285714286113,11.04964285714303,-0.0005588284535011923,0.08299214264036761,0.0,0.2999999999996052,-0.0273631840794852,low_vol,0.9991933269257173,1.0039014842884424,21,0,0,0.00011166370328363762,-0.0004206622425591,0.00021046392261792057,0,0,0
2026-05-25 22:00:00,1.164355,1.164365,1.164185,1.164215,0.0,0.0,3.352139294542756e-08,608,0.0,0.0,-0.3333333333329221,2026-05-14,EURUSD,0.0,0.0,0.0,0.0,0.0,0.0,0.0,0.0,0.0,0.0,0.0,0,0,0.000180000000000069,4567.85,0.000723214285714329,336.3196428571431,0.9998926430424103,-0.20412414523194458,0.0,-0.3333333333329221,0.0,low_vol,0.9990860565700946,1.0037937084793696,22,0,0,9.019766173312682e-05,0.00028353316693663366,0.0004038685450851176,0,0,0
2026-05-25 23:00:00,1.16422,1.16443,1.16413,1.16441,0.0,0.0,3.0627579661899626e-08,609,0.0,0.0,0.43333333333358,2026-05-25,EURUSD,0.0,0.0,0.0,0.0,0.0,0.0,0.0,0.0,0.0,0.0,0.0,0,0,0.00029999999999996696,0.0,0.0006932142857143228,335.4125000000002,0.0,0.0,0.0,0.43333333333358,0.0,low_vol,0.999253398324866,1.0012511232162895,23,0,0,7.300367165519184e-05,0.00017608582680894713,3.435334129187062e-05,0,1,1
2026-05-26 00:00:00,1.16432,1.16457,1.1637,1.16404,0.0,0.0,1.1316881890944149e-07,1225,0.0,3.938698060624537,-0.1091954022988095,2026-05-23,EURUSD,0.0,0.0,0.0,0.0,0.0,0.0,0.0,0.0,0.0,0.0,0.0,0,0,0.0008700000000001484,0.0,0.0006667857142857526,334.514642857143,0.0,4.694855340334424,0.0,-0.1091954022988095,0.0,low_vol,0.9989358780722228,1.0009329681715973,0,0,0,-0.0002576566982153139,-0.00014602176583267124,-9.019494994177979e-05,0,0,0
2026-05-26 01:00:00,1.164045,1.164335,1.1638000000000002,1.16408,0.0,0.0,4.056507897121093e-08,1105,0.0,-0.1467749772066184,0.0233644859812657,2026-05-13,EURUSD,4570.030000000001,4576.645,4569.705,4574.995,0.0,0.0,0.0003852543000679,9023.0,0.0,0.0,0.2622478386166535,2026-05-22,GOLD,0.0005349999999997301,4576.645,0.0006235714285714376,660.5871428571429,-inf,-0.3782028502761781,0.0,0.0233644859812657,0.2622478386166535,low_vol,0.9989702045860221,1.000967363311564,1,0,0,-0.00011595796309105122,-2.577076049514737e-05,-0.00017607372765260365,0,1,1
2026-05-26 02:00:00,1.164085,1.164325,1.16357,1.163585,0.0,0.0,3.672566413345389e-08,1103,0.0,-0.3836199981879943,-0.4801324503311443,2026-05-20,EURUSD,4574.985,4580.34,4555.195,4559.705,0.0,0.0,0.0004266365743938,8935.0,0.0,0.0,-0.3206402863392268,2026-05-25,GOLD,0.0007550000000000612,25.145000000000437,0.0006425000000000061,661.3717857142858,0.0029168516486470786,-0.6466251902939423,0.0,-0.4801324503311443,-0.3206402863392268,low_vol,0.9985454139777564,1.000541723454476,2,0,0,-0.0007085133243444064,-0.0006355613767633495,-0.0006913491184225018,0,0,0
2026-05-26 03:00:00,1.163585,1.16398,1.16339,1.163875,0.0,0.0,3.9125652759643424e-08,3234,0.0,-0.2170718867631038,0.322033898304887,2026-05-20,EURUSD,4559.7,4560.335,4539.735,4549.645,0.0,0.0,0.0004978341525145,14898.0,0.0,0.0,-0.0189320388349228,2026-05-24,GOLD,0.0005900000000000905,20.600000000000364,0.0006632142857143007,662.4075000000001,0.0024555128330667753,-0.4291084222261385,0.0,0.322033898304887,-0.0189320388349228,low_vol,0.998794281202801,1.0007910882192346,3,0,0,-0.0001417477062644057,-0.0003993678822336033,-0.0008198621258037608,0,0,0
2026-05-26 04:00:00,1.163865,1.163975,1.163025,1.16339,0.0,0.0,3.41378914786371e-08,2949,0.0,-0.4829840888639183,-0.1157894736842671,2026-05-18,EURUSD,4549.68,4550.08,4527.915,4537.139999999999,0.0,0.0,0.0004898329551516,18891.0,0.0,0.0,-0.0838032934807162,2026-05-23,GOLD,0.0009500000000000064,22.164999999999964,0.0006567857142857189,663.3228571428573,0.002331854680311385,-0.7221586766162421,0.0,-0.1157894736842671,-0.0838032934807162,low_vol,0.9983780722229849,1.000374047147138,4,0,0,-0.0005927427668201979,-0.0007086319966673749,-0.0004252997504050615,0,0,0
2026-05-26 05:00:00,1.163375,1.163515,1.16312,1.16339,0.0,0.0,2.7876508519496494e-08,1696,0.0,-0.8374558018264846,0.1835443037978632,2026-05-15,EURUSD,4537.1,4539.595,4530.12,4532.405,0.0,0.0,0.0003136810917984,11390.0,0.0,0.0,-0.2588390501319507,2026-05-22,GOLD,0.00039500000000014523,9.475000000000364,0.0006114285714285802,662.7610714285717,0.0010436089695269324,-1.080188022722539,0.0,0.1835443037978632,-0.2588390501319507,low_vol,0.9983780722229849,1.000374047147138,5,0,0,-0.00016758552232987167,-0.0008759801100987064,-0.0007000485309718307,0,0,0
2026-05-26 06:00:00,1.163385,1.163715,1.163375,1.163595,0.0,0.0,2.5971370351374105e-08,1138,0.0,-0.9083381551504754,0.147058823529066,2026-05-22,EURUSD,4532.385,4545.535,4532.105,4542.41,0.0,0.0,0.0002909057009139,8134.0,0.0,0.0,0.2673119880863788,2026-05-23,GOLD,0.00034000000000000696,13.430000000000291,0.0005578571428571496,662.9135714285718,-0.002031228150048303,-1.0888624744690212,0.0,0.147058823529066,0.2673119880863788,low_vol,0.9985539956062061,1.0005503222394676,6,0,0,-0.00024057566319413137,-0.00038228926840999655,-0.0005282552116886441,0,0,0
2026-05-26 07:00:00,1.16359,1.1636,1.162935,1.16296,0.0,0.0,2.7924706579094273e-08,1062,0.0,0.0,-0.4624060150375099,2026-05-26,EURUSD,4542.45,4543.29,4523.55,4525.6,0.0,0.0,0.0003485747695892,7238.0,0.0,0.0,-0.3961499493414283,2026-05-26,GOLD,0.0006649999999999157,19.73999999999978,0.0005478571428571476,663.7400000000001,0.003154956190872582,-0.04603958046329372,0.0,-0.4624060150375099,-0.3961499493414283,low_vol,0.9980090621996429,1.000021497332181,7,0,0,-0.0003696095032619251,-0.000962133186722558,-0.0009878791523137975,1,0,1
2026-05-26 08:00:00,1.162955,1.163075,1.162745,1.162795,0.0,0.0,3.0271762258733994e-08,1754,0.0,-0.6037895589228445,-0.3484848484851747,2026-05-16,EURUSD,4525.58,4535.215,4523.12,4527.4,0.0,0.0,0.0003528405192035,10465.0,0.0,0.0,-0.146134766432401,2026-05-23,GOLD,0.0003300000000001635,12.095000000000255,0.0005089285714285749,663.954285714286,-0.000539616658966402,-0.7023803539126452,0.0,-0.3484848484851747,-0.146134766432401,low_vol,0.997867465330221,1.0000430016899664,8,0,0,-0.0005114364056764131,-0.0006789362186691017,-0.0013140660897945633,1,0,1
2026-05-26 09:00:00,1.16278,1.16375,1.16272,1.163515,0.0,0.0,4.3091123327428614e-08,2595,0.0,0.1260781194252836,0.2718446601939926,2026-05-15,EURUSD,4527.280000000001,4536.3150000000005,4527.23,4531.139999999999,0.0,0.0,0.0002996817523838,13438.0,0.0,0.0,-0.0696202531646177,2026-05-24,GOLD,0.0010300000000000864,9.085000000000946,0.0005392857142857263,664.1289285714289,-0.00020688348553599134,0.12015592684730854,0.0,0.2718446601939926,-0.0696202531646177,low_vol,0.9984853425786077,1.0006837415714875,9,0,0,-6.875244393445001e-05,-0.00030931156696378803,-0.0007085559200918912,1,0,1
2026-05-26 10:00:00,1.16354,1.16403,1.1624,1.163705,0.0,0.0,5.104758890064953e-08,4009,0.0,0.5844456415200242,0.3006134969324786,2026-05-24,EURUSD,4531.34,4539.085,4521.844999999999,4538.31,0.0,0.0,0.0003609296350783,16710.0,0.0,0.0,0.4550464037122407,2026-05-24,GOLD,0.0016299999999997983,17.24000000000069,0.0006282142857142935,664.3217857142861,-0.0014190849598034738,0.6075433994599211,0.0,0.3006134969324786,0.4550464037122407,low_vol,0.9986483935191541,1.0011226772195456,10,0,0,0.000640606727660531,0.0002707604500640226,-0.0004380634161216257,0,0,0
2026-05-26 11:00:00,1.1637149999999998,1.16421,1.163435,1.16365,0.0,0.0,4.085330387293464e-08,3662,0.0,0.0001527117822595,-0.2225806451611812,2026-05-20,EURUSD,4538.68,4539.0,4520.215,4523.825000000001,0.0,0.0,0.0003100270168278,14393.0,0.0,0.0,-0.3078253926004466,2026-05-24,GOLD,0.0007749999999999702,18.784999999999854,0.0006675000000000113,665.1610714285717,0.003144453903141442,-0.04996670982631659,0.0,-0.2225806451611812,-0.3078253926004466,normal,0.9986011945626802,1.001075361321404,11,0,0,0.0007352972794001378,0.00022348481592593394,-0.0006526910624263804,0,0,0
2026-05-26 12:00:00,1.163645,1.164405,1.16325,1.164265,0.0,0.0,4.39308430409693e-08,3437,0.0,0.1543179782558447,0.3787878787877594,2026-05-22,EURUSD,4523.935,4526.530000000001,4512.295,4522.790000000001,0.0,0.0,0.0003412312143809,13338.0,0.0,0.0,0.2372672989111606,2026-05-22,GOLD,0.0011550000000000171,14.235000000000582,0.0007371428571428648,339.90285714285744,0.0007572981225161257,0.11625043860321144,0.0,0.3787878787877594,0.2372672989111606,normal,0.9991289647123438,1.0016044390915348,12,0,0,0.0006445984796070725,0.000575801717951796,0.00019329232672427032,0,1,1
2026-05-26 13:00:00,1.16427,1.16452,1.163765,1.164145,0.0,0.0,4.343567118391868e-08,3662,0.0,0.0977898339937512,0.00331125827802,2026-05-20,EURUSD,4522.8150000000005,4540.63,4519.594999999999,4534.555,0.0,0.0,0.0003749058455155,15247.0,0.0,0.0,0.211195626337098,2026-05-23,GOLD,0.0007550000000000612,21.035000000000764,0.0007696428571428715,341.4053571428575,-0.002704339773152653,0.0480724581696936,0.0,0.00331125827802,0.211195626337098,normal,0.999025985170946,1.0015012044046798,13,0,1,0.000378102697848659,0.0010189516406411414,5.58380867294872e-05,0,1,1
2026-05-26 14:00:00,1.164155,1.16449,1.16334,1.163475,0.0,0.0,4.2933198337397616e-08,3840,0.0,0.075707485280942,-0.3826086956521756,2026-05-18,EURUSD,4534.56,4536.43,4503.91,4507.335,0.0,0.0,0.0004774877028365,16714.0,0.0,0.0,-0.3946801968019638,2026-05-26,GOLD,0.0011499999999999844,32.52000000000044,0.0007896428571428597,343.72821428571467,0.005427264419391453,0.019681525811371017,0.0,-0.3826086956521756,-0.3946801968019638,normal,0.9984510160648085,1.0009248107364075,14,0,1,-0.00015038886263052387,0.0005847978362480966,-9.453542285264849e-05,0,1,1
2026-05-26 15:00:00,1.163465,1.16366,1.163115,1.163195,0.0,0.0,4.336366268406817e-08,3863,0.0,0.1081861401106424,-0.3532110091739662,2026-05-14,EURUSD,4507.325000000001,4523.860000000001,4500.655000000001,4520.504999999999,0.0,0.0,0.0004608066422848,18324.0,0.0,0.0,0.3554190907131483,2026-05-26,GOLD,0.0005450000000000177,23.204999999999927,0.0007903571428571661,18.482500000000332,-0.003162562335754293,0.051154347072949025,0.0,-0.3532110091739662,0.3554190907131483,normal,0.9984763556143076,1.0006839298004129,15,0,1,-0.0009190347558332146,-0.0002750286846324723,-0.0005842551820427477,0,1,1
2026-05-26 16:00:00,1.16318,1.163305,1.16172,1.1625649999999998,0.0,0.0,4.76333104829806e-08,6404,0.0,0.3512655359171702,0.0331230283910304,2026-05-24,EURUSD,4520.485000000001,4531.485000000001,4512.4400000000005,4513.639999999999,0.0,0.0,0.0004405613002633,21351.0,0.0,0.0,-0.4369913363088,2026-05-23,GOLD,0.0015849999999999476,19.045000000000073,0.0008496428571428723,18.04678571428602,0.0009770239575414008,0.3075651064179656,0.0,0.0331230283910304,-0.4369913363088,normal,0.9980469420692969,1.0007273697620767,16,0,1,-0.0013572192467434796,-0.0009796297171534851,-0.0007091345120725512,0,0,0
2026-05-26 17:00:00,1.1625800000000002,1.162985,1.16213,1.162505,0.0,0.0,4.8931457171782325e-08,6284,0.0,0.4181179717712195,-0.0614035087722145,2026-05-12,EURUSD,4513.870000000001,4525.135,4507.905,4515.405000000001,0.0,0.0,0.0003831674597947,20605.0,0.0,0.0,-0.0647127103888422,2026-05-23,GOLD,0.0008549999999998281,17.230000000000473,0.0008685714285714249,17.806071428571745,-0.00044264696329565645,0.36205090065875734,0.0,-0.0614035087722145,-0.0647127103888422,normal,0.9979954328491465,1.0006757222050062,17,0,1,-0.0008337093620405245,-0.0009839728440683704,-0.000760707931132365,0,0,0
2026-05-26 18:00:00,1.1624949999999998,1.16258,1.16163,1.16194,0.0,0.0,4.417186403026376e-08,5482,0.0,0.0,-0.1736842105262838,2026-05-26,EURUSD,4515.424999999999,4515.615,4502.43,4506.540000000001,0.0,0.0,0.0003692811619569,20540.0,0.0,0.0,-0.188282138794028,2026-05-26,GOLD,0.0009500000000000064,13.18499999999949,0.0008685714285714249,17.16464285714314,0.001477259626444627,-0.10612821606812527,0.0,-0.1736842105262838,-0.188282138794028,normal,0.9977416557184196,1.0002668663860266,18,0,1,-0.0010789248578269017,-0.0019969680442168958,-0.0014223161838955445,1,0,1
2026-05-26 19:00:00,1.1619549999999998,1.16297,1.1619549999999998,1.16239,0.0,0.0,3.864506228804095e-08,3189,0.0,-0.1400253047766442,-0.0714285714284776,2026-05-23,EURUSD,4506.955,4511.3,4500.0,4504.995,0.0,0.0,0.0002785589731744,16078.0,0.0,0.0,-0.057964601769888,2026-05-22,GOLD,0.0010300000000000864,11.300000000000182,0.0009139285714285636,17.295000000000268,0.0007301184161734309,-0.256069562495907,0.0,-0.0714285714284776,-0.057964601769888,normal,0.9981280644358003,1.0006542530754199,19,1,1,-0.00015052921772096273,-0.0015075441633130016,-0.0004901286372703817,0,0,0
2026-05-26 20:00:00,1.162395,1.16276,1.162135,1.162405,0.0,0.0,3.839063755231536e-08,2462,0.0,-0.1810030331792536,-0.0679999999999261,2026-05-16,EURUSD,4505.015,4507.6,4490.195,4491.13,0.0,0.0,0.0002763932752746,14686.0,0.0,0.0,-0.4462798046538141,2026-05-22,GOLD,0.0006250000000000977,17.405000000000655,0.0009342857142857129,17.578928571428865,0.0030905993166777668,-0.2929564768088425,0.0,-0.0679999999999261,-0.4462798046538141,normal,0.9981409447263795,1.0006671659650663,20,0,1,-8.602113539291079e-05,-0.0009196587808075751,-0.0003353987590246632,0,0,0
2026-05-26 21:00:00,1.16241,1.16309,1.16234,1.162955,0.0,0.0,3.1693359766092567e-08,2341,0.0,-0.590126071689236,0.3200000000000118,2026-05-14,EURUSD,4490.924999999999,4499.685,4482.7,4499.344999999999,0.0,0.0,0.0002685747082131,14116.0,0.0,0.0,0.4799823373565088,2026-05-25,GOLD,0.0007500000000000284,16.985000000000582,0.0009403571428571496,17.382142857143208,-0.0013560040890367997,-0.7139910783545501,0.0,0.3200000000000118,0.4799823373565088,normal,0.9986132220476226,1.001140638585436,21,0,0,0.0008735390811918098,-0.0002063282596641569,-0.00048130019810666,0,0,0
2026-05-26 22:00:00,1.16294,1.16326,1.162745,1.1632,0.0,0.0,3.400627919800027e-08,1862,0.0,-0.4536099694816011,0.3834951456309109,2026-05-19,EURUSD,4499.465,4510.075000000001,4497.77,4509.02,0.0,0.0,0.0002333003107894,11484.0,0.0,0.0,0.4142624949207423,2026-05-25,GOLD,0.0005150000000000432,12.305000000000291,0.0009535714285714267,17.397142857143212,-0.0019396427577058617,-0.5389292138195717,0.0,0.3834951456309109,0.4142624949207423,normal,0.9988236001270855,1.001351549116328,22,0,0,0.0006968401311091554,0.0005462060185883466,-0.0004339587782126175,0,0,0
2026-05-26 23:00:00,1.163195,1.16329,1.163005,1.163115,0.0,0.0,2.89839873000432e-08,1308,0.0,-0.7470916278127164,-0.1140350877197083,2026-05-22,EURUSD,4509.09,4510.71,4504.23,4507.5650000000005,0.0,0.0,0.0002758881090677,4413.0,0.0,0.0,0.014660493827339,2026-05-26,GOLD,0.0002849999999998687,6.480000000000473,0.0009003571428571254,17.21107142857175,0.0002496122482644747,-0.8140943774200464,0.0,-0.1140350877197083,0.014660493827339,normal,0.9987506118138023,1.001278376074998,23,0,0,0.000610802603223437,0.0005247289258971666,-0.0004597602371848586,0,0,0
2026-05-27 00:00:00,1.162935,1.16317,1.16264,1.1631049999999998,0.0,0.0,5.182486059378578e-08,1497,0.0,1.70129902425904,0.3773584905656346,2026-05-20,EURUSD,0.0,0.0,0.0,0.0,0.0,0.0,0.0,0.0,0.0,0.0,0.0,0,0,0.0005300000000001415,4507.5650000000005,0.0008217857142857213,337.9485714285717,0.9999914023978712,3.257770148500016,0.0,0.3773584905656346,0.0,normal,0.9987849070861813,1.0012697674819004,0,0,0,0.000128981774875081,0.001002633526687946,-0.0009963367446417237,0,0,0
2026-05-27 01:00:00,1.163045,1.16337,1.163045,1.16334,0.0,0.0,3.1391917310166456e-08,1043,0.0,-0.936304304373724,0.4076923076924233,2026-05-21,EURUSD,4510.4,4539.23,4496.29,4511.0650000000005,0.0,0.0,0.000900425536794,8435.0,0.0,0.0,-0.1559152305542564,2026-05-25,GOLD,0.0003249999999999087,4539.23,0.0007896428571428597,660.8375000000003,-inf,-1.4194643606198927,0.0,0.4076923076924233,-0.1559152305542564,normal,0.9989867069693952,1.0014720694196948,1,0,0,0.00012035763411288869,0.0008172816352514101,-0.0006914946162204227,0,0,0
2026-05-27 02:00:00,1.163335,1.16399,1.1633049999999998,1.16365,0.0,0.0,2.8888807650663416e-08,899,0.0,-1.181451877517565,0.0036496350366809,2026-05-25,EURUSD,4511.045,4528.1,4504.615,4519.84,0.0,0.0,0.0004360971340589,11962.0,0.0,0.0,0.1482861400894182,2026-05-22,GOLD,0.0006850000000002687,23.485000000000582,0.0007560714285714491,661.4982142857145,-0.001678742810083067,-1.6776574296526445,0.0,0.0036496350366809,0.1482861400894182,normal,0.9992529110706558,1.0017389358057214,2,0,0,0.00045997171388911795,0.00107105526903295,0.00015041148284233863,0,0,0
2026-05-27 03:00:00,1.163645,1.164055,1.16361,1.16381,0.0,0.0,3.540640840835479e-08,2984,0.0,-0.3404774083765853,-0.0505617977528874,2026-05-16,EURUSD,4519.54,4525.975,4514.205,4515.264999999999,0.0,0.0,0.0003977610802194,14429.0,0.0,0.0,-0.4099405267630033,2026-05-23,GOLD,0.0004450000000000287,11.770000000000437,0.0007339285714285897,660.8364285714288,0.0011497023605128165,-0.2974748450617739,0.0,-0.0505617977528874,-0.4099405267630033,normal,0.9993903067358225,1.0018766732952835,3,0,0,0.0006061361613958205,0.0007351961167887389,0.000528716165389298,0,0,0
2026-05-27 04:00:00,1.163805,1.16394,1.163275,1.163395,0.0,0.0,3.308160348836049e-08,3035,0.0,-0.6249505217489781,-0.3195488721804147,2026-05-19,EURUSD,4515.255,4521.27,4507.005,4508.07,0.0,0.0,0.0004396260491947,15571.0,0.0,0.0,-0.4253417455310816,2026-05-23,GOLD,0.0006649999999999157,14.265000000000327,0.0006992857142857277,659.5325000000001,0.001236896023484868,-0.7461027644191028,0.0,-0.3195488721804147,-0.4253417455310816,normal,0.9990339367292962,1.0015194166817316,4,0,0,4.727766603052075e-05,0.0001676409903712539,0.000713938575477524,1,0,1
2026-05-27 05:00:00,1.16339,1.16385,1.16338,1.16384,0.0,0.0,3.2799849113524515e-08,2707,0.0,-0.7046979374521254,0.4787234042551784,2026-05-13,EURUSD,4508.14,4509.655,4498.215,4505.835,0.0,0.0,0.0003571200654118,12533.0,0.0,0.0,0.1660839160839696,2026-05-23,GOLD,0.00046999999999997044,11.4399999999996,0.0006939285714285814,658.6921428571432,0.0008782787863393926,-0.8922870211419317,0.0,0.4787234042551784,0.1660839160839696,normal,0.9994160684230412,1.0019024990745762,5,0,0,0.0001632793365702323,0.0006233261543355795,0.0011483821574962416,0,0,0
2026-05-27 06:00:00,1.163845,1.164245,1.163685,1.16387,0.0,0.0,2.8225069789799773e-08,1802,0.0,-1.3296943566171813,-0.1696428571432076,2026-05-19,EURUSD,4505.83,4512.04,4496.73,4497.2,0.0,0.0,0.0003331615210146,9172.0,0.0,0.0,-0.4693011103853829,2026-05-22,GOLD,0.0005599999999998939,15.3100000000004,0.0006207142857142919,658.4253571428575,0.0019421806908354045,-1.8020005418995808,0.0,-0.1696428571432076,-0.4693011103853829,normal,0.99944183011026,1.001928324853869,6,0,0,5.155480705609783e-05,0.0006577222176846753,0.0016610151987193067,1,0,1
2026-05-27 07:00:00,1.163855,1.16423,1.16383,1.16412,0.0,0.0,2.68220128246494e-08,1397,0.0,-1.494096086970604,0.2250000000003885,2026-05-11,EURUSD,4497.205,4517.405,4495.915,4510.3150000000005,0.0,0.0,0.0003556486567929,10081.0,0.0,0.0,0.1700791065612234,2026-05-27,GOLD,0.000400000000000178,21.48999999999978,0.0005882142857143169,658.7296428571432,-0.0027014583835409667,-1.8125250590433837,0.0,0.2250000000003885,0.1700791065612234,normal,0.9996565108370832,1.0021435396813099,7,0,0,0.0006231761353625576,0.000670483263706334,0.0014883128726159711,0,0,0
2026-05-27 08:00:00,1.164115,1.164445,1.16387,1.163955,0.0,0.0,3.080104105940291e-08,2291,0.0,-0.983159341690046,-0.3521739130432801,2026-05-13,EURUSD,4510.295,4514.04,4491.77,4497.66,0.0,0.0,0.0004745828726697,16733.0,0.0,0.0,-0.2355186349349309,2026-05-27,GOLD,0.0005749999999999922,22.269999999999527,0.0005614285714286016,659.3785714285716,0.0026640527612102893,-1.0332420478381235,0.0,-0.3521739130432801,-0.2355186349349309,normal,0.9995148215573799,1.0020014978951992,8,0,0,9.8810833104368e-05,0.0002621063034418114,0.0013334423028119602,0,0,0
2026-05-27 09:00:00,1.16395,1.16493,1.163725,1.16455,0.0,0.0,3.852794826422762e-08,3882,0.0,0.0486263793193988,0.1846473029045574,2026-05-24,EURUSD,4497.610000000001,4499.3,4480.219999999999,4485.34,0.0,0.0,0.0004395449688581,15729.0,0.0,0.0,-0.2316561844863668,2026-05-25,GOLD,0.0012050000000001226,19.080000000000837,0.0005739285714286042,659.9342857142861,0.0032503903102105713,0.43385091762676975,0.0,0.1846473029045574,-0.2316561844863668,normal,0.9996738001424977,1.002513709184508,9,0,0,0.0005842576920103149,0.000635842620358984,0.00137150620617299,0,0,0
2026-05-27 10:00:00,1.16458,1.164885,1.16402,1.164065,0.0,0.0,4.151583383648871e-08,3875,0.0,0.5257515179229962,-0.4479768786127546,2026-05-19,EURUSD,4485.685,4489.32,4475.895,4482.06,0.0,0.0,0.000369661443617,12428.0,0.0,0.0,-0.0407821229050735,2026-05-22,GOLD,0.0008649999999998936,13.424999999999272,0.0005910714285714468,659.6500000000002,0.0003148013269096417,1.1194303268755008,0.0,-0.4479768786127546,-0.0407821229050735,normal,0.9992574661138437,1.0020961924192728,10,0,0,-4.724598838623528e-05,0.0005759007044039421,0.0007436382393397611,0,0,0
2026-05-27 11:00:00,1.16408,1.16472,1.163825,1.16449,0.0,0.0,3.97807338753436e-08,3590,0.0,0.2897601464605978,0.2430167597765515,2026-05-25,EURUSD,4482.09,4498.855,4481.345,4497.995000000001,0.0,0.0,0.0003629230652934,12138.0,0.0,0.0,0.4508852084523557,2026-05-24,GOLD,0.0008949999999998681,17.50999999999931,0.0006014285714285782,659.6875,-0.0031901849596660536,0.7580687696263194,0.0,0.2430167597765515,0.4508852084523557,normal,0.9996222949018396,1.0024620576259222,11,0,0,0.000459639762705466,0.0005584960131976846,0.0011821702927055089,0,1,1
2026-05-27 12:00:00,1.164485,1.16486,1.16425,1.16447,0.0,0.0,3.676664048061835e-08,3037,0.0,-0.0929500715700488,-0.1393442622952669,2026-05-16,EURUSD,4497.905000000001,4497.905000000001,4487.085,4490.305,0.0,0.0,0.0003352926669685,9566.0,0.0,0.0,-0.2024029574861723,2026-05-26,GOLD,0.0006099999999999994,10.910000000000764,0.0006082142857142893,659.5878571428572,0.0016924757326263196,0.23385969186712888,0.0,-0.1393442622952669,-0.2024029574861723,normal,0.9996051264882867,1.0024448404397268,12,0,0,-6.86960628569766e-05,0.0005155214929501994,0.0011735827805745558,0,0,0
2026-05-27 13:00:00,1.16446,1.164485,1.1636,1.16391,0.0,0.0,3.744920049861343e-08,3173,0.0,0.0408274436650123,-0.1497175141241414,2026-05-21,EURUSD,4490.23,4490.735000000001,4442.725,4445.85,0.0,0.0,0.0006196670089729,15366.0,0.0,0.0,-0.4349093938762761,2026-05-24,GOLD,0.0008850000000000247,48.01000000000022,0.0006510714285714433,662.5542857142858,0.009419312883021003,0.42790692554429793,0.0,-0.1497175141241414,-0.4349093938762761,normal,0.99912441090881,1.0019627592262597,13,0,1,-0.00013315407644753918,-0.00018039377383782806,0.0004899685388621844,0,0,0
2026-05-27 14:00:00,1.16394,1.164195,1.163295,1.16377,0.0,0.0,4.277413356497733e-08,4072,0.0,0.8159082858415087,0.0277777777777161,2026-05-25,EURUSD,4445.9400000000005,4453.424999999999,4425.07,4428.715,0.0,0.0,0.0005368375582188,17575.0,0.0,0.0,-0.3714512431669726,2026-05-23,GOLD,0.0009000000000001229,28.354999999999563,0.0006775000000000134,342.6107142857143,0.003733871908710884,1.423891025797994,0.0,0.0277777777777161,-0.3714512431669726,normal,0.9990042320139407,1.001842238922893,14,0,1,-0.0006182964216094877,-0.00015894085252443624,0.00010312379151788953,0,1,1
2026-05-27 15:00:00,1.163775,1.16612,1.163455,1.16438,0.0,0.0,7.922805617805395e-08,10430,0.0,3.6997573367395233,-0.1529080675422494,2026-05-23,EURUSD,4428.685,4466.6900000000005,4427.645,4438.955,0.0,0.0,0.0006816277689146,21504.0,0.0,0.0,-0.2103342297349348,2026-05-27,GOLD,0.0026650000000001395,39.04500000000007,0.000844642857142887,21.16892857142862,-0.001788024551365286,3.4768616794756175,0.0,-0.1529080675422494,-0.2103342297349348,normal,0.9985078722601447,1.0023673631018484,15,0,1,-7.728838012133199e-05,-0.00014597913357095038,0.0004897706670332624,0,1,1
2026-05-27 16:00:00,1.164355,1.164795,1.163755,1.16413,0.0,0.0,5.584522240266473e-08,9289,0.0,1.4805768302112643,-0.1394230769229321,2026-05-24,EURUSD,4438.935,4439.09,4401.415,4427.51,0.0,0.0,0.0007659027879852,28144.0,0.0,0.0,0.192634372926335,2026-05-27,GOLD,0.0010399999999999299,37.67500000000018,0.0008700000000000056,22.182500000000022,0.0023636029954615667,1.3389368219894322,0.0,-0.1394230769229321,0.192634372926335,normal,0.9982934860906254,1.0021521482744076,16,0,1,0.00018901805122406579,5.583880625237292e-05,0.0006317716682642249,0,1,1
2026-05-27 17:00:00,1.16414,1.16523,1.1625,1.162555,0.0,0.0,6.499980335049052e-08,10539,0.0,2.0405714998310938,-0.4798534798534691,2026-05-16,EURUSD,4427.54,4455.635,4426.23,4434.045,0.0,0.0,0.0006036119196459,24713.0,0.0,0.0,-0.2342288726406959,2026-05-24,GOLD,0.002729999999999899,29.405000000000655,0.001033214285714282,23.442142857142894,-0.0028289406066746015,1.6652952389357576,0.0,-0.4798534798534691,-0.2342288726406959,high_vol,0.9969428532226529,1.0007962948615308,17,0,1,-0.001044020725744721,-0.0016616716330754011,-0.0011041036568599782,0,0,0
2026-05-27 18:00:00,1.1625450000000002,1.16364,1.162245,1.16302,0.0,0.0,5.34910242578643e-08,7360,0.0,1.0575829426485002,0.0555555555555201,2026-05-13,EURUSD,4433.924999999999,4441.674999999999,4428.299999999999,4436.535,0.0,0.0,0.0004309447959711,18029.0,0.0,0.0,0.1157009345794827,2026-05-27,GOLD,0.001395000000000035,13.375,0.0010853571428571479,23.37857142857144,-0.0001615829133758684,0.800552600310754,0.0,0.0555555555555201,0.1157009345794827,high_vol,0.997341611497959,1.0009165587307598,18,0,1,-0.001168003572716847,-0.001245201679734076,-0.0007303221150128936,0,0,0
2026-05-27 19:00:00,1.163035,1.163285,1.16241,1.16323,0.0,0.0,4.4162354971438723e-08,4053,0.0,0.3046019400032649,0.4371428571427121,2026-05-17,EURUSD,4436.585,4453.42,4434.235000000001,4450.915,0.0,0.0,0.000317239651273,13270.0,0.0,0.0,0.3694292415949869,2026-05-27,GOLD,0.0008749999999999591,19.18499999999949,0.0011142857142857185,23.93178571428572,-0.003060703849293356,0.1692817144416301,0.0,0.4371428571427121,0.3694292415949869,high_vol,0.9975216958803553,1.0009422313242438,19,1,1,-0.0007731095324405857,-0.0005842376128738502,-0.00076452599388388,0,0,0
2026-05-27 20:00:00,1.16324,1.1633,1.1622249999999998,1.16273,0.0,0.0,4.114953547042036e-08,3540,0.0,0.058867179413981,-0.0302325581394186,2026-05-17,EURUSD,4450.955,4454.389999999999,4441.585,4450.485000000001,0.0,0.0,0.0003100271626444,13199.0,0.0,0.0,0.1950409996096392,2026-05-25,GOLD,0.0010750000000001592,12.804999999999382,0.0011510714285714516,23.752857142857074,-0.00033322825848780546,-0.0400309742304699,0.0,-0.0302325581394186,0.1950409996096392,high_vol,0.9970929235413165,1.0004345113897912,20,0,1,0.00015053051253488547,-0.0008936473701848247,-0.0010524461856343814,0,0,0
2026-05-27 21:00:00,1.162735,1.163035,1.16227,1.16294,0.0,0.0,3.6580702591597714e-08,2703,0.0,-0.3189583819099982,0.3758169934636947,2026-05-15,EURUSD,4450.285,4458.415,4447.795,4454.455,0.0,0.0,0.0002271257527124,9178.0,0.0,0.0,0.1271186440678321,2026-05-26,GOLD,0.0007650000000001267,10.61999999999989,0.0011771428571428766,22.97642857142851,-0.0007114281815718826,-0.36044508901223576,0.0,0.3758169934636947,0.1271186440678321,high_vol,0.9972730079237129,1.000615199294457,21,0,0,-6.878643531482709e-05,-0.0012367096652294851,-0.001382508264994975,0,0,0
2026-05-27 22:00:00,1.162945,1.163195,1.16268,1.1628850000000002,0.0,0.0,3.409137344748462e-08,1999,0.0,-0.5166525304476375,-0.1019417475723969,2026-05-17,EURUSD,4454.445,4454.855,4448.924999999999,4451.0,0.0,0.0,0.0002464207583656,8115.0,0.0,0.0,-0.1500843170319349,2026-05-24,GOLD,0.0005150000000000432,5.930000000000291,0.001172857142857166,21.80928571428571,0.0007283340674353322,-0.5203953517501525,0.0,-0.1019417475723969,-0.1500843170319349,high_vol,0.9972258429664187,1.0005678762718064,22,0,0,-0.0002965879490727241,-0.0010694681865427436,-0.0010136890981171653,0,0,0
2026-05-27 23:00:00,1.1628699999999998,1.16307,1.162555,1.162575,0.0,0.0,3.661127534860715e-08,1584,0.0,-0.3478889839046498,-0.4611650485438693,2026-05-21,EURUSD,4451.040000000001,4458.915,4450.1900000000005,4456.405000000001,0.0,0.0,0.000227927814832,4174.0,0.0,0.0,0.2123209169055575,2026-05-25,GOLD,0.0005150000000000432,8.724999999999454,0.001123571428571446,21.069642857142753,-0.0014809122380539108,-0.3984927549282814,0.0,-0.4611650485438693,0.2123209169055575,high_vol,0.9969600041162143,1.000301146507776,23,0,0,-0.00013330695862334707,1.7203487146844054e-05,-0.0016444967324752424,0,0,0
2026-05-28 00:00:00,1.16271,1.163185,1.162585,1.162845,0.0,0.0,3.7577816675365966e-08,495,0.0,-0.2258196763227816,-0.0666666666667406,2026-05-13,EURUSD,0.0,0.0,0.0,0.0,0.0,0.0,0.0,0.0,0.0,0.0,0.0,0,0,0.0006099999999999994,4456.405000000001,0.0011053571428571679,338.42535714285714,1.0002322430810915,-0.2398830469488369,0.0,-0.0666666666667406,0.0,high_vol,0.9971915411792953,1.0005334595280604,0,0,0,-8.168951106690692e-05,-0.0001504703272514618,-0.0013954846410813015,0,0,0
2026-05-28 01:00:00,1.162915,1.163035,1.162585,1.162605,0.0,0.0,3.6413214578459173e-08,1083,0.0,-0.3417540549845407,-0.4555555555550237,2026-05-15,EURUSD,4457.0,4465.875,4455.345,4457.49,0.0,0.0,0.0004466336941097,7397.0,0.0,0.0,-0.2962962962963795,2026-05-26,GOLD,0.00045000000000006146,4465.875,0.0010735714285714673,656.1657142857142,-inf,-0.3660291447689425,0.0,-0.4555555555550237,-0.2962962962963795,high_vol,0.9969857304565568,1.0003269590655857,1,0,0,-0.0002407804727037055,-0.0005372970091898077,-0.0011212207129416285,0,1,1
2026-05-28 02:00:00,1.1626,1.162865,1.16161,1.16176,0.0,0.0,4.021150624229866e-08,1580,0.0,-0.0677957024424573,-0.3804780876495046,2026-05-24,EURUSD,4457.51,4457.88,4444.145,4447.245,0.0,0.0,0.0003649788382959,10750.0,0.0,0.0,-0.2742992355297362,2026-05-26,GOLD,0.0012550000000000061,13.734999999999673,0.0011196428571428965,656.3675000000001,0.0015715626114408687,-0.17203561814968982,0.0,-0.3804780876495046,-0.2742992355297362,high_vol,0.996261105203581,1.000129131119739,2,0,0,-0.0007010300410725812,-0.0008342435475132692,-0.0017271453981457796,0,0,0
2026-05-28 03:00:00,1.16176,1.162355,1.16166,1.16207,0.0,0.0,3.820685525429428e-08,3303,0.0,-0.2481527952735374,0.0899280575537327,2026-05-23,EURUSD,4447.255,4457.905,4444.0,4457.185,0.0,0.0,0.0004478727666669,15115.0,0.0,0.0,0.4482200647249325,2026-05-25,GOLD,0.0006950000000001122,13.904999999999745,0.001106071428571474,653.9314285714283,-0.0019682550890027795,-0.33779482756476964,0.0,0.0899280575537327,0.4482200647249325,high_vol,0.9965269440537851,1.0003960021005327,3,0,0,-0.000666468875903492,-0.000748103943453815,-0.0019838884213058128,0,1,1
2026-05-28 04:00:00,1.162065,1.16213,1.160935,1.161,0.0,0.0,3.400192576134624e-08,3067,0.0,-0.6097896995147472,-0.4456066945606873,2026-05-27,EURUSD,4457.19,4458.845,4407.08,4410.18,0.0,0.0,0.0005950768082152,23345.0,0.0,0.0,-0.4401139766251173,2026-05-25,GOLD,0.0011950000000000571,51.76500000000033,0.001127142857142898,655.6035714285714,0.009625123183289008,-0.6635915878809359,0.0,-0.4456066945606873,-0.4401139766251173,high_vol,0.995609371248242,1.0000559893534091,4,0,0,-0.001380520469118962,-0.001620968539451595,-0.0026887031517098814,0,1,1
2026-05-28 05:00:00,1.1610049999999998,1.16153,1.160955,1.16127,0.0,0.0,3.054363306493861e-08,2269,0.0,-0.8900579051256363,0.0478260869566426,2026-05-19,EURUSD,4410.19,4412.780000000001,4392.735000000001,4394.455,0.0,0.0,0.0005314756040009,18071.0,0.0,0.0,-0.4141930656024276,2026-05-25,GOLD,0.0005749999999999922,20.045000000000073,0.000977857142857173,654.2464285714285,0.0037981722414536234,-0.9031900784914045,0.0,0.0478260869566426,-0.4141930656024276,normal,0.995840908311323,1.0002885605137237,5,0,0,-0.00042177386034969455,-0.001122508225275709,-0.0011053240491847305,0,1,1
2026-05-28 06:00:00,1.161265,1.16138,1.158715,1.158715,0.0,0.0,4.6457541886562864e-08,4299,0.0,0.0,-0.5000000000000416,2026-05-28,EURUSD,4394.48,4397.98,4368.535,4374.88,0.0,0.0,0.0005186970950891,21791.0,0.0,0.0,-0.284513499745277,2026-05-24,GOLD,0.0026650000000001395,29.44499999999971,0.0010939285714286168,653.6585714285713,0.00225429989813708,-0.1636015651458814,0.0,-0.5000000000000416,-0.284513499745277,high_vol,0.9936498816588344,1.0,6,0,0,-0.0028870894180212936,-0.0035516341386856443,-0.0037015700503860716,1,0,1
2026-05-28 07:00:00,1.15871,1.159265,1.15863,1.159175,0.0,0.0,3.9199145586082996e-08,3098,0.0,-0.2832678928725236,0.3582677165355404,2026-05-12,EURUSD,4374.86,4382.185,4366.56,4373.105,0.0,0.0,0.0004635905384616,17485.0,0.0,0.0,-0.08112,2026-05-26,GOLD,0.0006349999999999412,15.625,0.0009442857142857626,652.6742857142856,0.0008027169090718544,-0.49905072776158416,0.0,0.3582677165355404,-0.08112,normal,0.9940443522107502,1.0004703831248976,7,0,0,-0.0015719207579671934,-0.002950271158304041,-0.0034859829956241928,1,0,1
2026-05-28 08:00:00,1.159185,1.16021,1.15891,1.159925,0.0,0.0,3.7370540290244366e-08,3225,0.0,-0.4817438338526761,0.2807692307692222,2026-05-12,EURUSD,4373.125,4395.955,4367.355,4388.115,0.0,0.0,0.0004862071277712,18858.0,0.0,0.0,0.2258741258741242,2026-05-28,GOLD,0.0012999999999998568,28.600000000000364,0.0009375000000000355,653.7617857142857,-0.002785331954622272,-0.728707760159655,0.0,0.2807692307692222,0.2258741258741242,normal,0.9946875107193085,1.0011176993518207,8,0,0,-0.0011582147132018772,-0.001579500068860873,-0.0024124259286334437,1,0,1
2026-05-28 09:00:00,1.15992,1.161215,1.15986,1.161025,0.0,0.0,4.098335330132031e-08,3599,0.0,-0.1601989189692893,0.3597785977861238,2026-05-12,EURUSD,4388.18,4390.66,4374.435,4383.63,0.0,0.0,0.0004041711280035,13520.0,0.0,0.0,0.0667180277350023,2026-05-26,GOLD,0.0013550000000002171,16.224999999999454,0.0009717857142857682,653.550357142857,0.0019704161334264114,-0.3975908193265503,0.0,0.3597785977861238,0.0667180277350023,normal,0.9956308098651939,1.0020670964846412,9,0,0,0.0019935877243326683,-0.000899257359711525,-0.0016466885651883478,0,0,0
2026-05-28 10:00:00,1.161035,1.161765,1.161015,1.16117,0.0,0.0,4.2078720952201126e-08,4071,0.0,-0.0616418071912382,-0.2933333333331714,2026-05-16,EURUSD,4383.875,4396.205,4382.96,4387.585,0.0,0.0,0.0003963800578186,12634.0,0.0,0.0,-0.150811627029099,2026-05-28,GOLD,0.0007500000000000284,13.24499999999989,0.0009485714285714732,653.5817857142856,-0.0007773306610761033,-0.27500614968985354,0.0,-0.2933333333331714,-0.150811627029099,normal,0.9957551538435152,1.0021922442885132,10,0,0,0.0017210516099812612,0.00014642549526278081,-0.0014747803953100158,0,0,0
2026-05-28 11:00:00,1.161185,1.16169,1.16067,1.161565,0.0,0.0,4.2378410710687294e-08,3363,0.0,-0.0441057626938633,0.3774509803920096,2026-05-19,EURUSD,4388.139999999999,4395.075000000001,4386.035,4387.035,0.0,0.0,0.0003753095906511,11215.0,0.0,0.0,-0.389380530973462,2026-05-28,GOLD,0.0010199999999997988,9.040000000000873,0.0009667857142857354,653.4689285714286,0.00046552783156039723,-0.2433626547158519,0.0,0.3774509803920096,-0.389380530973462,normal,0.9960938839913559,1.002533164168026,11,0,0,0.001413884518395525,0.0002540322233415271,-0.0008687611551942975,0,0,0
2026-05-28 12:00:00,1.16156,1.16192,1.1613,1.161315,0.0,0.0,3.76420512961211e-08,3020,0.0,-0.4846961177669784,-0.4758064516127472,2026-05-25,EURUSD,4386.905000000001,4399.145,4386.555,4393.645,0.0,0.0,0.0003757874520992,11130.0,0.0,0.0,0.0631453534551281,2026-05-28,GOLD,0.0006200000000000649,12.590000000000146,0.0009742857142857371,653.9446428571429,-0.0017219392629549413,-0.660426468978864,0.0,-0.4758064516127472,0.0631453534551281,normal,0.9958794978218366,1.002317392092385,12,0,0,0.0002497792898517037,0.0022438649711102876,-0.001315738555009327,1,0,1
2026-05-28 13:00:00,1.16131,1.161565,1.160365,1.160365,0.0,0.0,4.5101511774311326e-08,3734,0.0,0.1752327825550321,-0.5,2026-05-25,EURUSD,4393.764999999999,4404.235000000001,4375.41,4383.075000000001,0.0,0.0,0.0004434318361597,13061.0,0.0,0.0,-0.2340849956634629,2026-05-26,GOLD,0.0011999999999998678,28.825000000000728,0.001023214285714296,655.3803571428572,0.0015877092197273956,-0.014202960177810706,0.0,-0.5,-0.2340849956634629,normal,0.9950648303776627,1.001497458204949,13,0,1,-0.0006932662745333662,0.0010265921884098361,-0.0019267076952189655,1,0,1
2026-05-28 14:00:00,1.160355,1.16228,1.16035,1.161705,0.0,0.0,5.0517008405598144e-08,3712,0.0,0.6416140865863722,0.2020725388600482,2026-05-16,EURUSD,4382.695,4390.585,4381.040000000001,4388.055,0.0,0.0,0.0003821070832917,12215.0,0.0,0.0,0.2349397590361956,2026-05-26,GOLD,0.0019299999999999873,9.544999999999163,0.0011175000000000093,337.7475,1.8620412461922697e-05,0.4556216874267159,0.0,0.2020725388600482,0.2349397590361956,normal,0.9962139402462867,1.002653996530385,14,0,1,0.00012052704756082555,0.001534581977282956,-4.734196391675827e-05,1,0,1
2026-05-28 15:00:00,1.16168,1.16383,1.16157,1.16366,0.0,0.0,5.699877078381137e-08,6073,0.0,1.7198161221252624,0.4247787610618939,2026-05-27,EURUSD,4388.325000000001,4433.795,4379.715,4432.225,0.0,0.0,0.0005194014374506,17622.0,0.0,0.0,0.4709689349112479,2026-05-28,GOLD,0.0022599999999999287,54.07999999999993,0.0012467857142857142,22.61928571428572,-0.008383091868983117,2.1385351637970382,0.0,0.4247787610618939,0.4709689349112479,high_vol,0.9986526265200861,1.004341334161898,15,0,1,0.002019262646224096,0.002269546306065795,0.0013682480401353558,0,0,0
2026-05-28 16:00:00,1.16369,1.16431,1.162915,1.163065,0.0,0.0,4.8969848097656347e-08,6110,0.0,0.8305101726734361,-0.3924731182795049,2026-05-24,EURUSD,4432.725,4439.165,4418.225,4430.705,0.0,0.0,0.000574598340083,22501.0,0.0,0.0,0.0959885386819606,2026-05-28,GOLD,0.001395000000000035,20.9399999999996,0.0012567857142857161,23.133928571428573,-0.00016837486028153936,1.0575569197561585,0.0,-0.3924731182795049,0.0959885386819606,high_vol,0.9981419977171889,1.0038277966218723,16,0,1,0.0023268540502341395,0.0016319746462618578,0.0017786391042204919,1,0,1
2026-05-28 17:00:00,1.16307,1.165805,1.1627,1.16476,0.0,0.0,8.610710026047225e-08,12702,0.0,0.0,0.163446054750441,2026-05-28,EURUSD,4430.67,4480.535,4420.709999999999,4469.42,0.0,0.0,0.0008468851659808,29778.0,0.0,0.0,0.3142081069786937,2026-05-28,GOLD,0.0031049999999999134,59.82500000000073,0.001428928571428559,26.41392857142864,-0.00728053087601932,0.021101056070638183,0.0,0.163446054750441,0.3142081069786937,high_vol,0.9991036236763439,1.0052907312947188,17,0,1,0.00262975540261956,0.002750599406834864,0.0030053303710593227,0,0,0
2026-05-28 18:00:00,1.16479,1.165685,1.16476,1.164805,0.0,0.0,5.1858303502426944e-08,5795,0.0,0.7869751514424803,-0.4513513513516244,2026-05-22,EURUSD,4470.125,4485.004999999999,4468.735000000001,4482.280000000001,0.0,0.0,0.0004527828631895,19872.0,0.0,0.0,0.3325138291334495,2026-05-28,GOLD,0.0009250000000000647,16.269999999998618,0.0014096428571428454,23.878571428571377,-0.0028386962708535357,1.442777888172541,0.0,-0.4513513513516244,0.3325138291334495,high_vol,0.9991422236137262,1.0053295702683342,18,0,1,0.0009839643882234572,0.0030052139169820524,0.005255822182331338,0,0,0
2026-05-28 19:00:00,1.16481,1.166145,1.16456,1.16568,0.0,0.0,4.703709596001077e-08,5672,0.0,0.0,0.206624605678263,2026-05-28,EURUSD,4482.275,4511.135,4477.825000000001,4511.115,0.0,0.0,0.0004243440864321,18626.0,0.0,0.0,0.4993995797057809,2026-05-27,GOLD,0.0015849999999999476,33.30999999999949,0.0014817857142856994,24.826071428571336,-0.005681911236627535,0.06499023724826439,0.0,0.206624605678263,0.4993995797057809,high_vol,0.9996012502733366,1.006084772533078,19,1,1,0.0022483696096091688,0.004580455287775731,0.005611749735803473,0,0,0
2026-05-28 20:00:00,1.165695,1.16574,1.16509,1.16534,0.0,0.0,3.9781578029459134e-08,2911,0.0,-0.3068913998958247,-0.1153846153843394,2026-05-14,EURUSD,4511.205,4514.635,4501.344999999999,4509.030000000001,0.0,0.0,0.000311144482811,14768.0,0.0,0.0,0.0782543265613848,2026-05-28,GOLD,0.0006500000000000394,13.290000000000873,0.001337857142857121,23.67214285714285,0.0001705164744348897,-0.45631991685223744,0.0,-0.1153846153843394,0.0782543265613848,high_vol,0.9993096913334105,1.005791322510206,20,0,1,0.0004979566605995966,0.003129021567437551,0.004668405284824484,0,0,0
2026-05-28 21:00:00,1.165335,1.16554,1.1646649999999998,1.1648,0.0,0.0,4.352461187399231e-08,3811,0.0,0.0035010298175089,-0.3457142857140682,2026-05-20,EURUSD,4509.025,4516.635,4498.665,4501.155000000001,0.0,0.0,0.0003171590636923,13567.0,0.0,0.0,-0.3614357262102888,2026-05-28,GOLD,0.0008750000000001812,17.970000000000255,0.001354999999999995,23.839642857142866,0.0012831112892154328,0.07458111816876672,0.0,-0.3457142857140682,-0.3614357262102888,high_vol,0.9988466271347046,1.0053252548268214,21,0,0,-4.292563991370457e-06,0.0009796676005020544,0.003251437307551619,0,0,0
2026-05-28 22:00:00,1.16476,1.165155,1.164645,1.16476,0.0,0.0,3.794641683747105e-08,2526,0.0,-0.5218451478574624,-0.2745098039211844,2026-05-22,EURUSD,4501.389999999999,4503.855,4497.264999999999,4497.92,0.0,0.0,0.0002662752961528,10116.0,0.0,0.0,-0.4006069802730439,2026-05-27,GOLD,0.0005100000000000104,6.5900000000001455,0.0012985714285714347,22.26749999999999,0.0006843637620801424,-0.8680561971812097,0.0,-0.2745098039211844,-0.4006069802730439,high_vol,0.9988123260829486,1.0052907312947188,22,0,0,-0.0007892388991833643,0.0014573562096702464,0.0030917092243167854,0,0,0
2026-05-28 23:00:00,1.164755,1.165155,1.164495,1.165115,0.0,0.0,3.3008959286606394e-08,1640,0.0,-0.9492675592644764,0.4393939393942044,2026-05-26,EURUSD,4497.8150000000005,4500.905000000001,4495.0,4495.825000000001,0.0,0.0,0.0002576364005143,5368.0,0.0,0.0,-0.3602878916171658,2026-05-26,GOLD,0.0006599999999998829,5.905000000000655,0.0012489285714285536,21.53035714285722,0.0007705546633161031,-1.5157956596298967,0.0,0.4393939393942044,-0.3602878916171658,normal,0.9991167479172829,1.005597127642129,23,0,0,-0.00019307669864598864,0.00030478381812559796,0.0030562215631497747,0,0,0
2026-05-29 00:00:00,1.165085,1.165365,1.16508,1.1651699999999998,0.0,0.0,3.3363014879611995e-08,907,0.0,-0.8907711245319491,-0.1842105263166916,2026-05-18,EURUSD,0.0,0.0,0.0,0.0,0.0,0.0,0.0,0.0,0.0,0.0,0.0,0,0,0.00028500000000009074,4495.825000000001,0.0012157142857142725,341.714642857143,1.0000472056406449,-1.315783693976434,0.0,-0.1842105263166916,0.0,normal,0.9991639118634473,1.00564459749877,0,0,0,0.00031765109890091736,0.00031335717137181973,0.0033195127936862523,0,0,0
2026-05-29 01:00:00,1.16508,1.165215,1.164995,1.165025,0.0,0.0,3.19247607455794e-08,909,0.0,-0.9888094675750966,-0.3636363636369141,2026-05-27,EURUSD,4496.16,4499.805,4491.145,4491.275,0.0,0.0,0.0003524516822776,6250.0,0.0,0.0,-0.4849884526559813,2026-05-27,GOLD,0.00021999999999988695,4499.805,0.0011585714285714216,662.4835714285715,-inf,-1.3751998197197486,0.0,-0.3636363636369141,-0.4849884526559813,normal,0.999039570550832,1.0055194496948983,1,0,0,0.00022751468113590967,-0.0005619037814837968,0.004015977731144815,0,0,0
2026-05-29 02:00:00,1.16502,1.16532,1.16502,1.1652550000000002,0.0,0.0,3.501094877129202e-08,904,0.0,-0.6908955112848987,0.2833333333344806,2026-05-22,EURUSD,4491.355,4497.0650000000005,4489.19,4495.245,0.0,0.0,0.0003700528550522,6546.0,0.0,0.0,0.2688888888887793,2026-05-27,GOLD,0.00029999999999996696,7.8750000000009095,0.0011357142857142716,662.1467857142859,-0.0006865154198494317,-0.8496029371483257,0.0,0.2833333333344806,0.2688888888887793,normal,0.9992368015984292,1.005717960004488,2,0,0,0.0001201598125508685,-7.294008615499337e-05,0.003055853250179874,0,0,0
2026-05-29 03:00:00,1.16525,1.16557,1.164755,1.164875,0.0,0.0,3.3009433338434235e-08,2614,0.0,-0.8365452723825849,-0.3527607361965822,2026-05-20,EURUSD,4495.375,4500.665,4492.295,4496.23,0.0,0.0,0.0004020989182136,12443.0,0.0,0.0,-0.0298685782556754,2026-05-26,GOLD,0.0008150000000000102,8.36999999999989,0.0011082142857142818,660.6857142857144,-0.0005452293035951294,-1.0138772908984066,0.0,-0.3527607361965822,-0.0298685782556754,normal,0.9989109416067471,1.0053899864495137,3,0,0,-0.0002531819391159429,6.438873626368746e-05,0.0010441194163244294,0,1,1
2026-05-29 04:00:00,1.16487,1.16566,1.1643400000000002,1.16447,0.0,0.0,3.751563037164764e-08,3345,0.0,-0.4639262523317234,-0.4015151515153299,2026-05-17,EURUSD,4496.26,4520.785,4492.57,4506.6,0.0,0.0,0.0004796174264431,19383.0,0.0,0.0,-0.0027467659046399,2026-05-26,GOLD,0.0013199999999997658,28.215000000000146,0.0010646428571428374,662.019285714286,-0.002654053464925865,-0.4601276664958399,0.0,-0.4015151515153299,-0.0027467659046399,normal,0.9985636434577174,1.005040435686975,4,0,0,-0.00047638462693944117,-0.00024897833029990935,0.0012080150292543834,0,0,0
2026-05-29 05:00:00,1.164465,1.16493,1.16435,1.16449,0.0,0.0,3.1251872362856096e-08,1898,0.0,-1.014387235270139,-0.2586206896549414,2026-05-21,EURUSD,4506.62,4511.3150000000005,4498.530000000001,4501.88,0.0,0.0,0.0003535812645994,14302.0,0.0,0.0,-0.2379741885021906,2026-05-27,GOLD,0.0005800000000000249,12.784999999999854,0.0009446428571428443,659.069642857143,0.0010645279670733476,-1.2795401782478129,0.0,-0.2586206896549414,-0.2379741885021906,normal,0.9985807939835956,1.0050576974530263,5,0,0,-0.0006565086611944881,-0.0005364277346011637,-0.0002318074109687318,0,0,0
2026-05-29 06:00:00,1.164495,1.16451,1.163595,1.1637300000000002,0.0,0.0,3.1666936610316535e-08,2006,0.0,-0.9089176064704776,-0.3524590163932039,2026-05-25,EURUSD,4501.91,4502.16,4494.924999999999,4501.37,0.0,0.0,0.0003653407039488,11394.0,0.0,0.0,0.3908085694540567,2026-05-28,GOLD,0.0009149999999999991,7.235000000000582,0.0009103571428571275,658.0907142857146,-0.0005393602178519474,-1.0381527778951627,0.0,-0.3524590163932039,0.3908085694540567,normal,0.9979290740002317,1.0044017503430778,6,0,0,-0.000982938083485263,-0.0012358711604312234,-0.0009229012581504215,1,0,1
2026-05-29 07:00:00,1.16372,1.16393,1.16343,1.163915,0.0,0.0,3.154319842087255e-08,1705,0.0,-0.8778057487117413,0.4700000000004662,2026-05-21,EURUSD,4501.38,4514.985000000001,4501.125,4514.1900000000005,0.0,0.0,0.0003246049262024,10515.0,0.0,0.0,0.4426406926406898,2026-05-28,GOLD,0.0004999999999999449,13.860000000000582,0.0007242857142857011,654.8075000000002,-0.0026890502417116213,-0.9367473602601133,0.0,0.4700000000004662,0.4426406926406898,normal,0.998087716364603,1.0043187132736795,7,0,0,-0.0004766116774153062,-0.0009527692538786603,-0.0015141376707158427,0,0,0
2026-05-29 08:00:00,1.163925,1.164365,1.16382,1.164215,0.0,0.0,3.1109600737873426e-08,1647,0.0,-0.8795623163654861,0.2247706422014667,2026-05-25,EURUSD,4514.2,4515.865,4502.785,4514.995000000001,0.0,0.0,0.0003763463183668,11153.0,0.0,0.0,0.4334862385321876,2026-05-29,GOLD,0.0005450000000000177,13.079999999999927,0.0006971428571428406,654.5796428571432,7.94242149850799e-05,-0.9010076324547465,0.0,0.2247706422014667,0.4334862385321876,low_vol,0.998344974252773,1.0037547635059405,8,0,0,-0.00023615488325368084,-0.0008925085067218452,-0.0009653834932294991,0,1,1
2026-05-29 09:00:00,1.1642,1.16544,1.1642,1.16535,0.0,0.0,3.8067133182895264e-08,3644,0.0,-0.2900041962873951,0.4274193548386765,2026-05-26,EURUSD,4515.094999999999,4524.17,4510.215,4523.754999999999,0.0,0.0,0.0004050211567276,13345.0,0.0,0.0,0.4702615549981458,2026-05-28,GOLD,0.0012400000000001299,13.954999999999927,0.0006724999999999966,653.1971428571433,-0.0009652956463259699,-0.05386575305384088,0.0,0.4274193548386765,0.4702615549981458,low_vol,0.9993182665963496,1.0043090446847935,9,0,0,0.0013920754814260583,0.00040776907393502704,0.00047218406593407813,0,1,1
2026-05-29 10:00:00,1.165315,1.165335,1.1637849999999998,1.1642199999999998,0.0,0.0,4.5094885083201433e-08,4242,0.0,0.2827415495209012,-0.2193548387096589,2026-05-18,EURUSD,4523.245000000001,4526.205,4510.875,4524.835,0.0,0.0,0.0003943796387841,11894.0,0.0,0.0,0.4106327462491913,2026-05-28,GOLD,0.0015650000000002606,15.329999999999927,0.0007378571428571552,653.3428571428574,-0.0012084054851974058,0.7335617462510842,0.0,-0.2193548387096589,0.4106327462491913,normal,0.9983492618842423,1.0033352005860299,10,0,0,0.00026204662711615256,-0.00021468994478179848,-0.0004636148219377967,0,0,0
2026-05-29 11:00:00,1.164185,1.164185,1.1625,1.16281,0.0,0.0,4.7347302760691124e-08,4811,0.0,0.4502669785070728,-0.316023738872575,2026-05-15,EURUSD,4524.83,4524.844999999999,4509.985000000001,4514.965,0.0,0.0,0.0003588783941964,10757.0,0.0,0.0,-0.1648721399730836,2026-05-27,GOLD,0.0017199999999997218,14.859999999998763,0.0007982142857142652,653.1207142857145,0.0009701837065597685,0.9237760270217265,0.0,-0.316023738872575,-0.1648721399730836,normal,0.9971401498098434,1.0021200499849183,11,0,0,-0.0012068217640213152,-0.001442691650422212,-0.001978345485209587,1,0,1
2026-05-29 12:00:00,1.16281,1.16428,1.162665,1.164165,0.0,0.0,4.015811174242985e-08,4067,0.0,-0.1520628513756343,0.428792569659454,2026-05-28,EURUSD,4515.014999999999,4539.705,4513.415,4531.285,0.0,0.0,0.000402633751765,12730.0,0.0,0.0,0.1797261316089909,2026-05-27,GOLD,0.001614999999999922,26.289999999999964,0.0008771428571428304,654.5278571428572,-0.0024493653043695662,0.07122779503974418,0.0,0.428792569659454,0.1797261316089909,normal,0.9983020979380779,1.0032878010944972,12,0,0,-0.0010168618869869084,0.00037379804593817845,-0.0008625350807177634,0,0,0
2026-05-29 13:00:00,1.16417,1.16452,1.163795,1.16431,0.0,0.0,3.853775524663716e-08,3278,0.0,-0.2634537081151165,0.2103448275861815,2026-05-28,EURUSD,4531.275,4543.375,4525.685,4538.705,0.0,0.0,0.0003438113183903,10665.0,0.0,0.0,0.2360090446580023,2026-05-29,GOLD,0.0007250000000000867,17.6899999999996,0.000881785714285702,655.3696428571428,-0.0015129518020116084,-0.05838277043234958,0.0,0.2103448275861815,0.2360090446580023,normal,0.9984264392506935,1.0034127633903562,13,0,1,7.730497672264747e-05,0.0003393718613471375,-0.0006137207356065044,0,0,0
2026-05-29 14:00:00,1.164305,1.16483,1.164005,1.164785,0.0,0.0,4.394763883443296e-08,3553,0.0,0.2089702798117608,0.4454545454545968,2026-05-14,EURUSD,4538.695,4540.535,4526.045,4538.514999999999,0.0,0.0,0.0003757885893814,11271.0,0.0,0.0,0.3605935127673936,2026-05-27,GOLD,0.0008250000000000757,14.489999999999782,0.0009203571428571296,335.2742857142857,0.0004498291115058173,0.6423125061207728,0.0,0.4454545454545968,0.3605935127673936,normal,0.998833764240296,1.0027678056423632,14,0,1,0.0016984718053680847,0.000489600288606562,-0.00040334519053786266,1,0,1
2026-05-29 15:00:00,1.16479,1.16491,1.164155,1.164895,0.0,0.0,4.4562140129637986e-08,3939,0.0,0.3153656057608014,0.4801324503312855,2026-05-24,EURUSD,4538.535,4538.685,4512.855,4523.075000000001,0.0,0.0,0.0004544867954529,14363.0,0.0,0.0,-0.1043360433603874,2026-05-28,GOLD,0.0007549999999998391,25.830000000000837,0.0009585714285714118,15.704642857142906,0.003496431853306725,1.0668278114872938,0.0,0.4801324503312855,-0.1043360433603874,normal,0.998928092132625,1.0020602150537634,15,0,1,0.0006270588791108533,-0.0003904406401511462,1.716922416550304e-05,1,0,1
2026-05-29 16:00:00,1.1649,1.165315,1.164485,1.164735,0.0,0.0,4.4962389370202126e-08,5185,0.0,0.3675975969653903,-0.1987951807230978,2026-05-27,EURUSD,4523.225,4540.785,4517.174999999999,4536.885,0.0,0.0,0.0004896976964456,19430.0,0.0,0.0,0.3348157560355976,2026-05-27,GOLD,0.0008300000000001084,23.610000000000582,0.0009964285714285648,16.828571428571454,-0.003190584025767884,1.2629083711358036,0.0,-0.1987951807230978,0.3348157560355976,normal,0.9987908879256011,1.0019225806451613,16,0,1,0.00036502306086871883,0.00044235625569077897,0.00022757134146877966,1,0,1
2026-05-29 17:00:00,1.16474,1.167465,1.164045,1.16686,0.0,0.0,6.28301727834121e-08,9678,0.0,2.943714776410689,0.3230994152047194,2026-05-20,EURUSD,4536.875,4570.605,4525.375,4564.325000000001,0.0,0.0,0.0006263088401366,26545.0,0.0,0.0,0.3611541012602499,2026-05-28,GOLD,0.0034199999999999786,45.22999999999956,0.001182499999999991,19.461428571428574,-0.00422375333824454,3.656898195326056,0.0,0.3230994152047194,0.3611541012602499,normal,0.9994817831797955,1.0037505376344085,17,0,1,0.0017814446442905307,0.0034829421831599205,0.0020352257211311287,0,0,0
2026-05-29 18:00:00,1.166865,1.168585,1.166745,1.167805,0.0,0.0,5.8182383869367046e-08,9260,0.0,0.0,0.0760869565217614,2026-05-29,EURUSD,4564.2,4595.33,4557.885,4571.24,0.0,0.0,0.0006370470690366,25712.0,0.0,0.0,-0.1433435705701784,2026-05-29,GOLD,0.0018400000000000638,37.44499999999971,0.0012196428571428694,20.120714285714257,-0.0007051446405139661,0.2729973523519263,0.0,0.0760869565217614,-0.1433435705701784,normal,0.9993325260892447,1.0045634408602149,18,0,1,0.002498079226024741,0.0031267045478948763,0.0035016713498834395,0,1,1
2026-05-29 19:00:00,1.1678,1.167925,1.16667,1.16721,0.0,0.0,5.0612711373344636e-08,4444,0.0,1.22431206562215,-0.0697211155376857,2026-05-17,EURUSD,4571.23,4573.504999999999,4560.16,4567.049999999999,0.0,0.0,0.0003733707755866,15952.0,0.0,0.0,0.0162982390408209,2026-05-27,GOLD,0.0012550000000000061,13.344999999999345,0.001267857142857154,20.16071428571422,0.00040709743899258743,1.5842977551496233,0.0,-0.0697211155376857,0.0162982390408209,normal,0.9988233632983481,1.0040516129032258,19,1,1,0.0021249468763280266,0.002490745591809951,0.0028309627421245764,0,0,0
2026-05-29 20:00:00,1.167215,1.167335,1.1662249999999998,1.16623,0.0,0.0,4.042706165884561e-08,3504,0.0,0.0,-0.4954954954952666,2026-05-29,EURUSD,4567.08,4568.629999999999,4551.764999999999,4553.51,0.0,0.0,0.0003205672467739,13561.0,0.0,0.0,-0.3965312777941996,2026-05-27,GOLD,0.0011100000000001664,16.86499999999978,0.0012817857142857372,20.848571428571308,0.0021251056586391037,0.18521515885463266,0.0,-0.4954954954952666,-0.3965312777941996,normal,0.9979847422309889,1.0032086021505378,20,0,1,-0.0005399105291122863,0.0012405722944579534,0.0017307799676178348,0,0,0
2026-05-29 21:00:00,1.1662,1.166865,1.166055,1.166425,0.0,0.0,4.4075398924608463e-08,3484,0.0,0.4488000187902908,-0.04320987654322,2026-05-18,EURUSD,4553.540000000001,4561.76,4550.945,4553.365,0.0,0.0,0.0002998214564037,12395.0,0.0,0.0,-0.276236708275547,2026-05-28,GOLD,0.0008099999999999774,10.81500000000051,0.0013039285714285967,20.6310714285713,0.00019904900658129776,0.6653994629008821,0.0,-0.04320987654322,-0.276236708275547,normal,0.9981516107086776,1.0033763440860215,21,0,0,-0.00118170413724894,0.0013134230982192463,0.0009224696443128622,0,0,0
2026-05-29 22:00:00,1.166415,1.16695,1.16637,1.166465,0.0,0.0,3.679249127079647e-08,2968,0.0,-0.4006472723055535,-0.3362068965512323,2026-05-19,EURUSD,4553.375,4560.305,4543.045,4545.545,0.0,0.0,0.0002704739248905,11527.0,0.0,0.0,-0.355156431054463,2026-05-28,GOLD,0.0005800000000000249,17.26000000000022,0.0013064285714285973,20.92964285714275,0.001751704007105337,-0.2923122232376223,0.0,-0.3362068965512323,-0.355156431054463,normal,0.9981858401399984,1.0034107526881721,22,0,0,-0.0006382741751698173,0.0014853164024435372,0.0019283296971364106,0,0,0
2026-05-29 23:00:00,1.16646,1.1664949999999998,1.1658650000000002,1.166035,0.0,0.0,3.666037942747986e-08,2322,0.0,-0.4392463908093861,-0.2301587301589427,2026-05-21,EURUSD,4545.575000000001,4549.285,4539.74,4540.685,0.0,0.0,0.0002818818046539,6239.0,0.0,0.0,-0.4009952854898165,2026-05-28,GOLD,0.0006299999999996864,9.545000000000073,0.001262857142857137,20.614642857142762,0.0007005435735529808,-0.3652987242427245,0.0,-0.2301587301589427,-0.4009952854898165,normal,0.9978178737532999,1.0030408602150536,23,0,0,-0.00016720543975046187,-0.000707025692885277,0.002773453960664307,0,0,0
2026-06-01 00:00:00,1.165575,1.166225,1.16552,1.166045,0.0,0.0,4.9560319944755166e-08,305,0.0,0.0,0.2446808510639537,2026-05-21,EURUSD,0.0,0.0,0.0,0.0,0.0,0.0,0.0,0.0,0.0,0.0,0.0,0,0,0.0007050000000001777,4540.685,0.0012014285714285597,343.85428571428565,1.0000085760719017,0.09502651840699652,0.0,0.2446808510639537,0.0,normal,0.9978264311111301,1.0030494623655912,0,0,0,-0.000325781769080824,-0.0015071009286653503,0.0016148913599018933,0,1,1
2026-06-01 01:00:00,1.16605,1.16607,1.165145,1.16544,0.0,0.0,4.97535545209377e-08,4130,0.0,0.0,-0.1810810810809344,2026-05-26,EURUSD,4524.52,4540.49,4518.12,4535.455,0.0,0.0,0.0005834497336138,9260.0,0.0,0.0,0.274921770227969,2026-05-27,GOLD,0.0009249999999998426,4540.49,0.001144642857142854,667.1135714285714,-inf,0.048426894875504715,0.0,-0.1810810810809344,0.274921770227969,normal,0.9973087109624033,1.0025290322580644,1,0,0,-0.0008787233221743129,-0.0015164366309404764,0.0009705319030155479,0,0,0
2026-06-01 02:00:00,1.165435,1.16558,1.16484,1.16486,0.0,0.0,4.570444025220268e-08,5474,0.0,0.0,-0.4729729729729527,2026-05-15,EURUSD,4535.51,4545.835,4535.205,4539.68,0.0,0.0,0.000372567726857,7084.0,0.0,0.0,-0.0790216368767767,2026-05-27,GOLD,0.0007399999999999629,10.63000000000011,0.0010821428571428568,665.995,-0.0014292154328566786,0.014331513217053681,0.0,-0.4729729729729527,-0.0790216368767767,normal,0.9968123842082519,1.0020301075268816,2,0,0,-0.001007688448459887,-0.0011747253972201888,6.438956545640195e-05,0,0,0
2026-06-01 03:00:00,1.1648550000000002,1.165375,1.1645,1.164775,0.0,0.0,4.123476569352396e-08,4822,0.0,0.0,-0.1857142857140682,2026-05-21,EURUSD,4539.735000000001,4545.975,4535.43,4540.935,0.0,0.0,0.0004042853806549,11366.0,0.0,0.0,0.0220483641535478,2026-05-30,GOLD,0.0008749999999999591,10.545000000000073,0.0010928571428571335,665.4846428571428,-0.00034942134594384555,-0.028412265660738734,0.0,-0.1857142857140682,0.0220483641535478,normal,0.9967396466666951,1.0019569892473117,3,0,0,-0.0010891517908829806,-0.001414578734166505,-0.00010301357633102359,0,0,0
2026-06-01 04:00:00,1.16477,1.164825,1.1642,1.164485,0.0,0.0,3.9711060695728865e-08,2689,0.0,0.0,-0.0440000000001193,2026-05-31,EURUSD,4540.9,4541.59,4523.885,4525.62,0.0,0.0,0.0004369837931745,15139.0,0.0,0.0,-0.4020050833098176,2026-05-28,GOLD,0.0006250000000000977,17.704999999999927,0.0010785714285714207,665.7142857142857,0.003123678305353872,-0.05273350198975393,0.0,-0.0440000000001193,-0.4020050833098176,normal,0.9964914832896195,1.0017075268817204,4,0,0,-0.0008194330038441278,-0.0016974362711269508,-0.00021464109861901726,0,0,0
2026-06-01 05:00:00,1.16448,1.1647,1.16437,1.16465,0.0,0.0,2.5131298505297277e-08,1549,0.0,0.0,0.3484848484849402,2026-05-18,EURUSD,4525.57,4534.71,4521.285,4521.585,0.0,0.0,0.0003571967563635,10499.0,0.0,0.0,-0.4776536312848691,2026-05-28,GOLD,0.0003300000000001635,13.425000000000182,0.0010482142857143012,664.8282142857142,0.0010332840828450873,-0.10977684103576407,0.0,0.3484848484849402,-0.4776536312848691,normal,0.9966326796938177,1.0018494623655914,5,0,0,-0.00018027917517993153,-0.0011877859583974137,-0.0018939718560924135,0,0,0
2026-06-01 06:00:00,1.164655,1.164915,1.164165,1.164385,0.0,0.0,3.808086429726541e-08,1873,0.0,0.0,-0.2066666666668285,2026-05-21,EURUSD,4521.555,4525.51,4509.975,4516.38,0.0,0.0,0.0003859086360826,9531.0,0.0,0.0,-0.0877051818474538,2026-05-28,GOLD,0.0007500000000000284,15.534999999999854,0.0010425000000000098,664.2514285714286,0.000923608838114709,-0.16518004724165986,0.0,-0.2066666666668285,-0.0877051818474538,normal,0.9964059097113176,1.001621505376344,6,0,0,-0.00033482861496847427,-0.0014236157266658278,-0.0029285711227473588,1,0,1
2026-06-01 07:00:00,1.16438,1.164845,1.16434,1.16482,0.0,0.0,3.077540530964478e-08,1124,0.0,0.0,0.4504950495048656,2026-05-22,EURUSD,4516.35,4519.745000000001,4508.795,4514.525,0.0,0.0,0.0003228455259011,6463.0,0.0,0.0,0.023287671232802,2026-05-29,GOLD,0.0005049999999999777,10.950000000000728,0.0008342857142857239,661.8028571428573,0.0007843149491075785,-0.22370885112312527,0.0,0.4504950495048656,0.023287671232802,normal,0.9967781547769311,1.0019956989247312,7,0,0,0.0002876808202767478,-0.0005319879187259957,-0.0020476178236993325,1,0,1
2026-06-01 08:00:00,1.16483,1.16533,1.164795,1.16514,0.0,0.0,3.412352311643958e-08,1716,0.0,0.0,0.1448598130844515,2026-05-16,EURUSD,4514.555,4525.3150000000005,4512.845,4518.379999999999,0.0,0.0,0.0003495151047717,9852.0,0.0,0.0,-0.0561347233360636,2026-05-28,GOLD,0.0005349999999999522,12.470000000000255,0.0007410714285714302,660.0189285714288,-0.0005791898758622516,-0.28909293332379793,0.0,0.1448598130844515,-0.0561347233360636,low_vol,0.9970519902274975,1.0022709677419355,8,0,0,0.00042072725711594927,0.000240372233573094,-0.0009346355350146052,0,0,0
2026-06-01 09:00:00,1.165145,1.166485,1.165015,1.166475,0.0,0.0,4.5679635036417575e-08,5023,0.0,0.0,0.4931972789114449,2026-05-19,EURUSD,4518.385,4518.825000000001,4500.455,4501.799999999999,0.0,0.0,0.0003756234582925,14364.0,0.0,0.0,-0.4267827980403219,2026-05-29,GOLD,0.0014700000000000824,18.3700000000008,0.0007564285714285786,660.3778571428572,0.004815241808071691,-0.30991614013222857,0.0,0.4931972789114449,-0.4267827980403219,normal,0.9981943974978286,1.0034193548387096,9,0,0,0.0017949389591929155,0.0014595093472988818,4.286602224734537e-05,0,1,1
2026-06-01 10:00:00,1.16645,1.166485,1.165185,1.165665,0.0,0.0,4.620993762070909e-08,3860,0.0,0.0,-0.1307692307692478,2026-05-18,EURUSD,4501.79,4510.025,4492.52,4503.175,0.0,0.0,0.0003662688275187,12872.0,0.0,0.0,0.1086832333619098,2026-05-29,GOLD,0.0013000000000000789,17.5049999999992,0.0007700000000000008,660.4235714285717,-0.0009998331764546897,-0.29186034340342554,0.0,-0.1307692307692478,0.1086832333619098,normal,0.9975012515135826,1.0027225806451612,10,0,0,0.0007254339726310288,0.0010133234863480833,-0.0006858328368190003,0,1,1
2026-06-01 11:00:00,1.16568,1.16602,1.165345,1.165795,0.0,0.0,4.083834601567811e-08,3068,0.0,0.0,0.1666666666668859,2026-05-20,EURUSD,4503.2,4504.55,4490.8150000000005,4498.14,0.0,0.0,0.0004060306824386,11703.0,0.0,0.0,0.0333090644338942,2026-05-30,GOLD,0.0006749999999999812,13.734999999999673,0.000760357142857144,660.6321428571429,0.0012296243302429843,-0.2643637954340343,0.0,0.1666666666668859,0.0333090644338942,normal,0.9976124971653751,1.0026920910150385,11,0,0,0.0005621642034432384,0.0009831279783625302,-0.00020582572564287194,0,1,1
2026-06-01 12:00:00,1.16578,1.16607,1.164825,1.16508,0.0,0.0,3.865737358795188e-08,3601,0.0,0.0,-0.2951807228914631,2026-05-27,EURUSD,4498.185,4506.395,4489.29,4496.09,0.0,0.0,0.000354315271844,11885.0,0.0,0.0,-0.1024554223911406,2026-05-30,GOLD,0.0012449999999999406,17.105000000000473,0.0008078571428571379,660.6210714285714,-0.0001575714473470713,-0.2748539646127903,0.0,-0.2951807228914631,-0.1024554223911406,normal,0.9970006460805161,1.0011041463487986,12,0,0,-0.0011959107567671712,0.0005968816156167733,-0.0008275838411040404,0,0,0
2026-06-01 13:00:00,1.16509,1.16511,1.16461,1.164755,0.0,0.0,3.3516850899411235e-08,2645,0.0,0.0,-0.2100000000000666,2026-05-27,EURUSD,4496.110000000001,4511.025,4496.110000000001,4504.09,0.0,0.0,0.0003000229410942,9852.0,0.0,0.0,0.0350318471337626,2026-05-29,GOLD,0.000500000000000167,14.93499999999949,0.000798571428571458,661.0060714285717,-0.0020582746141297736,-0.2937206189047119,0.0,-0.2100000000000666,0.0350318471337626,normal,0.9967225319510348,1.000644327129179,13,0,1,-0.0007806702611813376,-5.580261327930991e-05,-0.0005877608456892336,0,1,1
2026-06-01 14:00:00,1.16475,1.16482,1.16417,1.164625,0.0,0.0,3.607862294207453e-08,3027,0.0,0.0,0.1999999999999316,2026-05-26,EURUSD,4504.030000000001,4513.014999999999,4499.935,4505.93,0.0,0.0,0.0003012015178402,10192.0,0.0,0.0,-0.0416666666666029,2026-05-29,GOLD,0.0006500000000000394,13.079999999999018,0.0007946428571428767,337.60571428571427,-0.000520129046558182,-0.2800775085425534,0.0,0.1999999999999316,-0.0416666666666029,normal,0.9966112862992422,1.0004982625242151,14,0,1,-0.0010036069806440562,-0.0004420069691196682,-0.00020174098174885469,0,1,1
2026-06-01 15:00:00,1.16464,1.165055,1.16452,1.16474,0.0,0.0,4.1654907861569526e-08,4356,0.0,0.0,-0.088785046729354,2026-05-25,EURUSD,4505.950000000001,4510.6,4497.51,4502.32,0.0,0.0,0.0003875536492896,14735.0,0.0,0.0,-0.1325439266616167,2026-05-30,GOLD,0.0005349999999999522,13.090000000000146,0.0007667857142857416,14.219999999999995,0.0008999106938369916,-0.2600980952340423,0.0,-0.088785046729354,-0.1325439266616167,normal,0.9967096959142896,1.0005970559557407,15,0,1,-0.0002918254540459353,-0.0014873872136135224,-3.004872185596863e-05,0,1,1
2026-06-01 16:00:00,1.164735,1.16483,1.160995,1.16101,0.0,0.0,6.756213516071183e-08,11926,0.0,0.0,-0.4960886571055806,2026-05-29,EURUSD,4502.9,4503.9400000000005,4448.965,4450.475,0.0,0.0,0.0007642997703056,28737.0,0.0,0.0,-0.4725329695316015,2026-05-28,GOLD,0.003835000000000033,54.975000000000364,0.0009878571428571753,17.387500000000014,0.008312742955049024,-0.23719025103899255,0.0,-0.4960886571055806,-0.4725329695316015,normal,0.9935178014436263,1.0000129199522825,16,0,1,-0.003215268447012365,-0.003993428643735419,-0.002984151792423173,1,0,1
2026-06-01 17:00:00,1.161025,1.161845,1.160685,1.161755,0.0,0.0,6.080579839604083e-08,8849,0.0,0.0,0.4224137931033261,2026-05-16,EURUSD,4449.09,4464.945,4447.780000000001,4458.735000000001,0.0,0.0,0.0005233337952433,22986.0,0.0,0.0,0.1382173026507737,2026-05-30,GOLD,0.0011600000000000499,17.164999999999054,0.0010082142857143245,17.860357142857083,-0.0012142989920331804,-0.11700672690849377,0.0,0.4224137931033261,0.1382173026507737,normal,0.994155324601976,1.0009218694133206,17,0,1,-0.0024643125469571148,-0.0034654463263265045,-0.0024857253252048572,1,0,1
2026-06-01 18:00:00,1.16178,1.162875,1.16153,1.16231,0.0,0.0,5.649529930411806e-08,7154,0.0,0.0,0.0799256505575576,2026-05-19,EURUSD,4459.025,4479.945,4455.615,4474.245,0.0,0.0,0.0004132124597183,19330.0,0.0,0.0,0.2657213316892793,2026-05-29,GOLD,0.0013450000000001516,24.329999999999927,0.0010596428571428998,18.333571428571368,-0.0030008395986016456,-0.11700672690849377,0.0,0.0799256505575576,0.2657213316892793,normal,0.9951923282745038,1.0014000353239683,18,0,1,-0.0020863025224514553,-0.0023775191403164753,-0.001782056622165351,0,0,0
2026-06-01 19:00:00,1.162335,1.163055,1.1616499999999998,1.162985,0.0,0.0,4.6641388854351985e-08,5018,0.0,0.0,0.4501779359430538,2026-05-31,EURUSD,4474.290000000001,4482.275,4463.185,4480.155000000001,0.0,0.0,0.0003216255268171,15841.0,0.0,0.0,0.3889470927187551,2026-05-31,GOLD,0.0014050000000001006,19.089999999999236,0.0011364285714286096,18.738214285714157,-0.0007401531677280193,0.10552212735594299,0.0,0.4501779359430538,0.3889470927187551,normal,0.9962735632873168,1.0019815884585395,19,1,1,0.001701105072307696,-0.0015196328841687867,-0.001575350697961997,0,0,0
2026-06-01 20:00:00,1.163,1.16379,1.162525,1.163475,0.0,0.0,5.3913305633920234e-08,5391,0.0,0.0,0.2509881422924526,2026-05-26,EURUSD,4480.110000000001,4495.594999999999,4471.56,4487.585,0.0,0.0,0.0003652559435683,17054.0,0.0,0.0,0.1667360099854646,2026-05-31,GOLD,0.0012650000000000716,24.034999999998945,0.001173214285714327,19.34535714285695,-0.0012370951684970155,0.10552212735594299,0.0,0.2509881422924526,0.1667360099854646,normal,0.9970221517631433,1.0024037529562284,20,0,1,0.0014805186980042517,-0.0009874423097563367,-0.001429012822493414,0,0,0
2026-06-01 21:00:00,1.1634799999999998,1.16353,1.163075,1.16308,0.0,0.0,3.3493117303437895e-08,2003,0.0,0.0,-0.4890109890111579,2026-05-24,EURUSD,4487.610000000001,4490.285,4485.0,4486.785,0.0,0.0,0.0001883048261669,10374.0,0.0,0.0,-0.1622516556291573,2026-05-31,GOLD,0.0004549999999998722,5.2849999999998545,0.001169642857142891,18.94071428571403,-0.00016123060032302572,0.29482357542251936,0.0,-0.4890109890111579,-0.1622516556291573,normal,0.9966836625390976,1.0020634366774792,21,0,0,0.0006624738666964891,-0.001425210776654251,-0.002910478149981799,0,0,0
2026-06-01 22:00:00,1.163095,1.16338,1.16266,1.1631749999999998,0.0,0.0,3.951101778532278e-08,2747,0.0,0.0,0.21527777777763,2026-05-27,EURUSD,4486.75,4488.33,4479.245,4481.27,0.0,0.0,0.0002114596368575,10574.0,0.0,0.0,-0.2771051183269034,2026-05-30,GOLD,0.0007200000000000539,9.085000000000036,0.0011828571428571838,18.6989285714283,0.0013108448821339547,0.2041241452319373,0.0,0.21527777777763,-0.2771051183269034,normal,0.9971538669261334,1.0021452848964187,22,0,0,0.0001633727004217711,0.0018647556868587323,-0.0021361197256503095,0,0,0
2026-06-01 23:00:00,1.16315,1.163385,1.163055,1.163085,0.0,0.0,3.2811821203598056e-08,1797,0.0,-1.0013179147964182,-0.4090909090909702,2026-05-19,EURUSD,4481.305,4486.025,4480.264999999999,4484.889999999999,0.0,0.0,0.0002123084306073,5639.0,0.0,0.0,0.3029513888888585,2026-05-29,GOLD,0.00032999999999994145,5.760000000000218,0.0011014285714286024,17.798214285713975,-0.0008851811432584178,-4.694855340334425,0.0,-0.4090909090909702,0.3029513888888585,normal,0.9970852604191224,1.002067744478476,23,0,0,-0.00033520273319165295,0.0011448196908985242,-0.0023245939466201015,0,0,0
2026-06-02 00:00:00,1.16318,1.16372,1.162925,1.163405,0.0,0.0,5.0800558974391634e-08,611,0.0,0.7882053474336216,0.1037735849056287,2026-05-23,EURUSD,0.0,0.0,0.0,0.0,0.0,0.0,0.0,0.0,0.0,0.0,0.0,0,0,0.0007950000000001012,4484.889999999999,0.0010653571428571754,336.89714285714257,1.0002751303645048,3.001521289061699,0.0,0.1037735849056287,0.0,normal,0.9973595888502639,1.002343443742273,0,0,0,0.00027943047769718454,0.0009420894597826912,-0.0014376695162562347,0,0,0
2026-06-02 01:00:00,1.16344,1.1634799999999998,1.163245,1.163395,0.0,0.0,3.610748795854239e-08,684,0.0,-0.6190675673700969,0.1382978723408678,2026-05-24,EURUSD,4486.6,4488.59,4479.935,4485.805,0.0,0.0,0.0004040036125887,4873.0,0.0,0.0,0.1782206816869273,2026-05-31,GOLD,0.00023499999999976318,4488.59,0.0010339285714285884,656.5296428571427,-inf,-1.992616488027836,0.0,0.1382978723408678,0.1782206816869273,normal,0.9973510160867907,1.0023348281402793,1,0,0,0.00018913749005955438,0.00035254109038374004,-0.0011676275268189817,0,0,0
2026-06-02 02:00:00,1.163405,1.16359,1.163405,1.16352,0.0,0.0,4.580729515262642e-08,159,0.0,0.3479382343492997,0.1216216216218973,2026-05-31,EURUSD,4485.695,4487.85,4481.835,4485.57,0.0,0.0,0.0003650644414437,907.0,0.0,0.0,0.1209476309225294,2026-05-31,GOLD,0.00019499999999994522,6.015000000000327,0.0009589285714285888,655.7374999999998,0.00015983163687338653,1.2129398819337784,0.0,0.1216216216218973,0.1209476309225294,normal,0.9974581756302053,1.0024425231651999,2,0,0,0.0003740053392486953,3.867723844530602e-05,-0.0009488032628527376,0,0,0
