time,open,high,low,close,buy_volume,sell_volume,avg_speed,tick_count,volume_delta,rejection_speed,micro_trend,source_date,symbol
2026-04-02 05:00:00,4696.01,4704.3099999999995,4655.3150000000005,4686.77,0.0,0.0,0.0011406863469855958,27944,0.0,0.0,0.14200428615166,2026-04-02,GOLD
2026-04-02 06:00:00,4686.75,4699.425,4675.73,4676.205,0.0,0.0,0.0006270439555679373,20259,0.0,0.0,-0.479953576703912,2026-04-02,GOLD
2026-04-02 07:00:00,4676.225,4681.48,4657.33,4672.709999999999,0.0,0.0,0.0005901724992048706,16572,0.0,0.0,0.13685300207036982,2026-04-02,GOLD
2026-04-02 08:00:00,4672.719999999999,4680.7,4586.030000000001,4594.215,0.0,0.0,0.0010544159375608319,24502,0.0,0.0,-0.4135417766980034,2026-04-02,GOLD
2026-04-02 09:00:00,4594.235000000001,4608.719999999999,4553.865,4599.355,0.0,0.0,0.001123449591463382,29552,0.0,0.0,0.32927718530672034,2026-04-02,GOLD
2026-04-02 10:00:00,4598.82,4651.1900000000005,4597.32,4642.9,0.0,0.0,0.0006758937758371526,23118,0.0,0.0,0.3461110079821654,2026-04-02,GOLD
2026-04-02 11:00:00,4642.8099999999995,4649.005,4617.33,4620.92,0.0,0.0,0.0006452282083578809,20545,0.0,0.0,-0.3866614048934308,2026-04-02,GOLD
2026-04-02 12:00:00,4620.9,4631.88,4613.3099999999995,4621.885,0.0,0.0,0.0006024923608072292,17814,0.0,0.0,-0.038233710285358276,2026-04-02,GOLD
2026-04-02 13:00:00,4621.975,4635.16,4604.255,4620.635,0.0,0.0,0.0006295715031407839,17676,0.0,0.0,0.030011325028305755,2026-04-02,GOLD
2026-04-02 14:00:00,4620.63,4630.7,4592.82,4600.19,0.0,0.0,0.0006744177020916686,20436,0.0,0.0,-0.3054382259767842,2026-04-02,GOLD
2026-04-02 15:00:00,4600.455,4630.335,4594.595,4601.985,0.0,0.0,0.000753772615437532,23539,0.0,0.0,-0.29322887520986396,2026-04-02,GOLD
2026-04-02 16:00:00,4602.035,4651.505,4580.945,4646.235000000001,0.0,0.0,0.001197914461437854,32899,0.0,0.0,0.4253117913832206,2026-04-02,GOLD
2026-04-02 17:00:00,4646.485000000001,4699.5,4631.805,4681.59,0.0,0.0,0.0012981933482459345,34240,0.0,0.0,0.23543097717704511,2026-04-02,GOLD
2026-04-02 18:00:00,4681.9,4684.075,4652.675,4661.2,0.0,0.0,0.0008896281569493914,32196,0.0,0.0,-0.22850318471338424,2026-04-02,GOLD
2026-04-02 19:00:00,4661.21,4670.62,4643.035,4659.13,0.0,0.0,0.0007050215023035224,26853,0.0,0.0,0.08346927678088412,2026-04-02,GOLD
2026-04-02 20:00:00,4659.1849999999995,4668.385,4645.895,4648.709999999999,0.0,0.0,0.0006310493068276016,21991,0.0,0.0,-0.37483325922637983,2026-04-02,GOLD
2026-04-02 21:00:00,4648.975,4672.105,4647.54,4668.645,0.0,0.0,0.0005575911980550235,15740,0.0,0.0,0.3591491960105989,2026-04-02,GOLD
2026-04-02 22:00:00,4668.639999999999,4681.86,4661.515,4672.195,0.0,0.0,0.0005346007311712813,19647,0.0,0.0,0.024944703858428376,2026-04-02,GOLD
2026-04-02 23:00:00,4672.43,4677.995,4664.375,4676.209999999999,0.0,0.0,0.0004983397721312291,8551,0.0,0.0,0.36894273127750926,2026-04-02,GOLD
2026-04-06 01:00:00,4649.785,4666.135,4608.655000000001,4645.825,0.0,0.0,0.001443333217091782,18578,0.0,0.0,0.14665970772441625,2026-04-02,GOLD
2026-04-06 01:00:00,4649.785,4666.135,4608.655000000001,4645.825,0.0,0.0,0.0014434109063144291,18578,0.0,0.0,0.14665970772441625,2026-04-04,GOLD
2026-04-06 01:00:00,4649.785,4666.135,4608.655000000001,4645.825,0.0,0.0,0.0014434109063144291,18578,0.0,0.0,0.14665970772441625,2026-04-05,GOLD
2026-04-06 01:00:00,4649.785,4666.135,4608.655000000001,4645.825,0.0,0.0,0.0014434109063144291,18578,0.0,0.0,0.14665970772441625,2026-04-03,GOLD
2026-04-06 02:00:00,4645.845,4651.465,4605.34,4610.575000000001,0.0,0.0,0.0007204131338824799,15681,0.0,0.0,-0.3865040650406378,2026-04-04,GOLD
2026-04-06 02:00:00,4645.845,4651.465,4605.34,4610.575000000001,0.0,0.0,0.0007204131338824799,15681,0.0,0.0,-0.3865040650406378,2026-04-02,GOLD
2026-04-06 02:00:00,4645.845,4651.465,4605.34,4610.575000000001,0.0,0.0,0.0007204131338824799,15681,0.0,0.0,-0.3865040650406378,2026-04-03,GOLD
2026-04-06 02:00:00,4645.845,4651.465,4605.34,4610.575000000001,0.0,0.0,0.0007204131338824799,15681,0.0,0.0,-0.3865040650406378,2026-04-05,GOLD
2026-04-06 03:00:00,4610.594999999999,4629.514999999999,4600.985000000001,4622.465,0.0,0.0,0.0006999647634068147,22288,0.0,0.0,0.25289169295479985,2026-04-04,GOLD
2026-04-06 03:00:00,4610.594999999999,4629.514999999999,4600.985000000001,4622.465,0.0,0.0,0.0006999647634068147,22288,0.0,0.0,0.25289169295479985,2026-04-05,GOLD
2026-04-06 03:00:00,4610.594999999999,4629.514999999999,4600.985000000001,4622.465,0.0,0.0,0.0006999647634068147,22288,0.0,0.0,0.25289169295479985,2026-04-03,GOLD
2026-04-06 03:00:00,4610.594999999999,4629.514999999999,4600.985000000001,4622.465,0.0,0.0,0.0006999647634068147,22288,0.0,0.0,0.25289169295479985,2026-04-02,GOLD
2026-04-06 04:00:00,4622.6849999999995,4643.325000000001,4620.635,4625.995,0.0,0.0,0.0005730514964356495,17881,0.0,0.0,-0.26377258704276985,2026-04-02,GOLD
2026-04-06 04:00:00,4622.6849999999995,4643.325000000001,4620.635,4625.995,0.0,0.0,0.0005730514964356495,17881,0.0,0.0,-0.26377258704276985,2026-04-04,GOLD
2026-04-06 04:00:00,4622.6849999999995,4643.325000000001,4620.635,4625.995,0.0,0.0,0.0005730514964356495,17881,0.0,0.0,-0.26377258704276985,2026-04-05,GOLD
2026-04-06 04:00:00,4622.6849999999995,4643.325000000001,4620.635,4625.995,0.0,0.0,0.0005730514964356495,17881,0.0,0.0,-0.26377258704276985,2026-04-03,GOLD
2026-04-06 05:00:00,4626.125,4672.04,4623.785,4648.110000000001,0.0,0.0,0.0006735373425693229,20049,0.0,0.0,0.004092840120199313,2026-04-04,GOLD
2026-04-06 05:00:00,4626.125,4672.04,4623.785,4648.110000000001,0.0,0.0,0.0006735373425693229,20049,0.0,0.0,0.004092840120199313,2026-04-05,GOLD
2026-04-06 05:00:00,4626.125,4672.04,4623.785,4648.110000000001,0.0,0.0,0.0006735491789486043,20049,0.0,0.0,0.004092840120199313,2026-04-06,GOLD
2026-04-06 05:00:00,4626.125,4672.04,4623.785,4648.110000000001,0.0,0.0,0.0006735373425693229,20049,0.0,0.0,0.004092840120199313,2026-04-03,GOLD
2026-04-06 05:00:00,4626.125,4672.04,4623.785,4648.110000000001,0.0,0.0,0.0006735373425693229,20049,0.0,0.0,0.004092840120199313,2026-04-02,GOLD
2026-04-06 06:00:00,4648.0650000000005,4648.135,4625.46,4640.63,0.0,0.0,0.0005418820707627527,16357,0.0,0.0,0.16901874310912884,2026-04-06,GOLD
2026-04-06 06:00:00,4648.0650000000005,4648.135,4625.46,4640.63,0.0,0.0,0.0005418820707627527,16357,0.0,0.0,0.16901874310912884,2026-04-04,GOLD
2026-04-06 06:00:00,4648.0650000000005,4648.135,4625.46,4640.63,0.0,0.0,0.0005418820707627527,16357,0.0,0.0,0.16901874310912884,2026-04-05,GOLD
2026-04-06 06:00:00,4648.0650000000005,4648.135,4625.46,4640.63,0.0,0.0,0.0005418820707627527,16357,0.0,0.0,0.16901874310912884,2026-04-02,GOLD
2026-04-06 06:00:00,4648.0650000000005,4648.135,4625.46,4640.63,0.0,0.0,0.0005418820707627527,16357,0.0,0.0,0.16901874310912884,2026-04-03,GOLD
2026-04-06 07:00:00,4640.645,4659.975,4640.035,4659.1,0.0,0.0,0.0003892429775925754,11325,0.0,0.0,0.4561183550651967,2026-04-05,GOLD
2026-04-06 07:00:00,4640.645,4659.975,4640.035,4659.1,0.0,0.0,0.0003892429775925754,11325,0.0,0.0,0.4561183550651967,2026-04-02,GOLD
2026-04-06 07:00:00,4640.645,4659.975,4640.035,4659.1,0.0,0.0,0.0003892429775925754,11325,0.0,0.0,0.4561183550651967,2026-04-03,GOLD
2026-04-06 07:00:00,4640.645,4659.975,4640.035,4659.1,0.0,0.0,0.0003892429775925754,11325,0.0,0.0,0.4561183550651967,2026-04-04,GOLD
2026-04-06 07:00:00,4640.645,4659.975,4640.035,4659.1,0.0,0.0,0.0003892429775925754,11325,0.0,0.0,0.4561183550651967,2026-04-06,GOLD
2026-04-06 08:00:00,4659.11,4678.975,4651.53,4652.71,0.0,0.0,0.0005526489503102025,11549,0.0,0.0,-0.45700491892877354,2026-04-02,GOLD
2026-04-06 08:00:00,4659.11,4678.975,4651.53,4652.71,0.0,0.0,0.0005526489503102025,11549,0.0,0.0,-0.45700491892877354,2026-04-05,GOLD
2026-04-06 08:00:00,4659.11,4678.975,4651.53,4652.71,0.0,0.0,0.0005526489503102025,11549,0.0,0.0,-0.45700491892877354,2026-04-03,GOLD
2026-04-06 08:00:00,4659.11,4678.975,4651.53,4652.71,0.0,0.0,0.0005526489503102025,11549,0.0,0.0,-0.45700491892877354,2026-04-04,GOLD
2026-04-06 08:00:00,4659.11,4678.975,4651.53,4652.71,0.0,0.0,0.0005526489503102025,11549,0.0,0.0,-0.45700491892877354,2026-04-06,GOLD
2026-04-06 09:00:00,4652.780000000001,4667.955,4643.85,4666.1,0.0,0.0,0.0005922339874525855,12928,0.0,0.0,0.4230450114084382,2026-04-02,GOLD
2026-04-06 09:00:00,4652.780000000001,4667.955,4643.85,4666.1,0.0,0.0,0.0005922339874525855,12928,0.0,0.0,0.4230450114084382,2026-04-04,GOLD
2026-04-06 09:00:00,4652.780000000001,4667.955,4643.85,4666.1,0.0,0.0,0.0005922339874525855,12928,0.0,0.0,0.4230450114084382,2026-04-03,GOLD
2026-04-06 09:00:00,4652.780000000001,4667.955,4643.85,4666.1,0.0,0.0,0.0005922339874525855,12928,0.0,0.0,0.4230450114084382,2026-04-05,GOLD
2026-04-06 09:00:00,4652.780000000001,4667.955,4643.85,4666.1,0.0,0.0,0.0005922339874525855,12928,0.0,0.0,0.4230450114084382,2026-04-06,GOLD
2026-04-06 10:00:00,4666.110000000001,4688.41,4645.095,4684.93,0.0,0.0,0.0005587469071228361,16333,0.0,0.0,0.41965831698025974,2026-04-06,GOLD
2026-04-06 10:00:00,4666.110000000001,4688.41,4645.095,4684.93,0.0,0.0,0.0005587469071228361,16333,0.0,0.0,0.41965831698025974,2026-04-02,GOLD
2026-04-06 10:00:00,4666.110000000001,4688.41,4645.095,4684.93,0.0,0.0,0.0005587469071228361,16333,0.0,0.0,0.41965831698025974,2026-04-04,GOLD
2026-04-06 10:00:00,4666.110000000001,4688.41,4645.095,4684.93,0.0,0.0,0.0005587469071228361,16333,0.0,0.0,0.41965831698025974,2026-04-03,GOLD
2026-04-06 10:00:00,4666.110000000001,4688.41,4645.095,4684.93,0.0,0.0,0.0005587469071228361,16333,0.0,0.0,0.41965831698025974,2026-04-05,GOLD
2026-04-06 11:00:00,4684.53,4698.245,4681.13,4695.88,0.0,0.0,0.0005849669823756884,15897,0.0,0.0,0.3618171194858421,2026-04-06,GOLD
2026-04-06 11:00:00,4684.53,4698.245,4681.13,4695.88,0.0,0.0,0.0005849669823756884,15897,0.0,0.0,0.3618171194858421,2026-04-03,GOLD
2026-04-06 11:00:00,4684.53,4698.245,4681.13,4695.88,0.0,0.0,0.0005849669823756884,15897,0.0,0.0,0.3618171194858421,2026-04-04,GOLD
2026-04-06 11:00:00,4684.53,4698.245,4681.13,4695.88,0.0,0.0,0.0005849669823756884,15897,0.0,0.0,0.3618171194858421,2026-04-02,GOLD
2026-04-06 11:00:00,4684.53,4698.245,4681.13,4695.88,0.0,0.0,0.0005849669823756884,15897,0.0,0.0,0.3618171194858421,2026-04-05,GOLD
2026-04-06 12:00:00,4696.07,4706.705,4691.055,4693.68,0.0,0.0,0.0005259279422005263,14225,0.0,0.0,-0.33226837060702485,2026-04-05,GOLD
2026-04-06 12:00:00,4696.07,4706.705,4691.055,4693.68,0.0,0.0,0.0005259279422005263,14225,0.0,0.0,-0.33226837060702485,2026-04-02,GOLD
2026-04-06 12:00:00,4696.07,4706.705,4691.055,4693.68,0.0,0.0,0.0005259279422005263,14225,0.0,0.0,-0.33226837060702485,2026-04-03,GOLD
2026-04-06 12:00:00,4696.07,4706.705,4691.055,4693.68,0.0,0.0,0.0005259279422005263,14225,0.0,0.0,-0.33226837060702485,2026-04-04,GOLD
2026-04-06 12:00:00,4696.07,4706.705,4691.055,4693.68,0.0,0.0,0.0005259279422005263,14225,0.0,0.0,-0.33226837060702485,2026-04-06,GOLD
2026-04-06 13:00:00,4694.0599999999995,4697.7,4685.055,4689.88,0.0,0.0,0.0005676910446726179,12534,0.0,0.0,-0.11842625543696766,2026-04-02,GOLD
2026-04-06 13:00:00,4694.0599999999995,4697.7,4685.055,4689.88,0.0,0.0,0.0005676910446726179,12534,0.0,0.0,-0.11842625543696766,2026-04-06,GOLD
2026-04-06 13:00:00,4694.0599999999995,4697.7,4685.055,4689.88,0.0,0.0,0.0005676910446726179,12534,0.0,0.0,-0.11842625543696766,2026-04-05,GOLD
2026-04-06 13:00:00,4694.0599999999995,4697.7,4685.055,4689.88,0.0,0.0,0.0005676910446726179,12534,0.0,0.0,-0.11842625543696766,2026-04-03,GOLD
2026-04-06 13:00:00,4694.0599999999995,4697.7,4685.055,4689.88,0.0,0.0,0.0005676910446726179,12534,0.0,0.0,-0.11842625543696766,2026-04-04,GOLD
2026-04-06 14:00:00,4690.21,4696.98,4677.045,4677.96,0.0,0.0,0.0004737523819381097,13648,0.0,0.0,-0.4541008276899931,2026-04-05,GOLD
2026-04-06 14:00:00,4690.21,4696.98,4677.045,4677.96,0.0,0.0,0.0004737523819381097,13648,0.0,0.0,-0.4541008276899931,2026-04-02,GOLD
2026-04-06 14:00:00,4690.21,4696.98,4677.045,4677.96,0.0,0.0,0.0004737523819381097,13648,0.0,0.0,-0.4541008276899931,2026-04-06,GOLD
2026-04-06 14:00:00,4690.21,4696.98,4677.045,4677.96,0.0,0.0,0.0004737523819381097,13648,0.0,0.0,-0.4541008276899931,2026-04-04,GOLD
2026-04-06 14:00:00,4690.21,4696.98,4677.045,4677.96,0.0,0.0,0.0004737523819381097,13648,0.0,0.0,-0.4541008276899931,2026-04-03,GOLD
2026-04-06 15:00:00,4677.969999999999,4686.9,4659.89,4675.96,0.0,0.0,0.0005343277024262027,14961,0.0,0.0,0.09496482784152778,2026-04-05,GOLD
2026-04-06 15:00:00,4677.969999999999,4686.9,4659.89,4675.96,0.0,0.0,0.0005343277024262027,14961,0.0,0.0,0.09496482784152778,2026-04-02,GOLD
2026-04-06 15:00:00,4677.969999999999,4686.9,4659.89,4675.96,0.0,0.0,0.0005343277024262027,14961,0.0,0.0,0.09496482784152778,2026-04-04,GOLD
2026-04-06 15:00:00,4677.969999999999,4686.9,4659.89,4675.96,0.0,0.0,0.0005343277024262027,14961,0.0,0.0,0.09496482784152778,2026-04-03,GOLD
2026-04-06 15:00:00,4677.969999999999,4686.9,4659.89,4675.96,0.0,0.0,0.0005343277024262027,14961,0.0,0.0,0.09496482784152778,2026-04-06,GOLD
2026-04-06 16:00:00,4675.969999999999,4681.855,4660.219999999999,4680.465,0.0,0.0,0.0008485264157231872,23566,0.0,0.0,0.43575225329330236,2026-04-04,GOLD
2026-04-06 16:00:00,4675.969999999999,4681.855,4660.219999999999,4680.465,0.0,0.0,0.0008485264157231872,23566,0.0,0.0,0.43575225329330236,2026-04-05,GOLD
2026-04-06 16:00:00,4675.969999999999,4681.855,4660.219999999999,4680.465,0.0,0.0,0.0008485264157231872,23566,0.0,0.0,0.43575225329330236,2026-04-06,GOLD
2026-04-06 16:00:00,4675.969999999999,4681.855,4660.219999999999,4680.465,0.0,0.0,0.0008485264157231872,23566,0.0,0.0,0.43575225329330236,2026-04-02,GOLD
2026-04-06 16:00:00,4675.969999999999,4681.855,4660.219999999999,4680.465,0.0,0.0,0.0008485264157231872,23566,0.0,0.0,0.43575225329330236,2026-04-03,GOLD
2026-04-06 17:00:00,4680.254999999999,4697.72,4660.42,4682.88,0.0,0.0,0.0008818272580329014,29418,0.0,0.0,0.1021447721179727,2026-04-06,GOLD
2026-04-06 17:00:00,4680.254999999999,4697.72,4660.42,4682.88,0.0,0.0,0.0008818272580329014,29418,0.0,0.0,0.1021447721179727,2026-04-02,GOLD
2026-04-06 17:00:00,4680.254999999999,4697.72,4660.42,4682.88,0.0,0.0,0.0008818272580329014,29418,0.0,0.0,0.1021447721179727,2026-04-03,GOLD
2026-04-06 17:00:00,4680.254999999999,4697.72,4660.42,4682.88,0.0,0.0,0.0008818272580329014,29418,0.0,0.0,0.1021447721179727,2026-04-04,GOLD
2026-04-06 17:00:00,4680.254999999999,4697.72,4660.42,4682.88,0.0,0.0,0.0008818272580329014,29418,0.0,0.0,0.1021447721179727,2026-04-05,GOLD
2026-04-06 18:00:00,4682.87,4683.995,4652.195,4668.285,0.0,0.0,0.000673754968333064,22792,0.0,0.0,0.00597484276731158,2026-04-04,GOLD
2026-04-06 18:00:00,4682.87,4683.995,4652.195,4668.285,0.0,0.0,0.000673754968333064,22792,0.0,0.0,0.00597484276731158,2026-04-06,GOLD
2026-04-06 18:00:00,4682.87,4683.995,4652.195,4668.285,0.0,0.0,0.000673754968333064,22792,0.0,0.0,0.00597484276731158,2026-04-03,GOLD
2026-04-06 18:00:00,4682.87,4683.995,4652.195,4668.285,0.0,0.0,0.000673754968333064,22792,0.0,0.0,0.00597484276731158,2026-04-05,GOLD
2026-04-06 18:00:00,4682.87,4683.995,4652.195,4668.285,0.0,0.0,0.000673754968333064,22792,0.0,0.0,0.00597484276731158,2026-04-02,GOLD
2026-04-06 19:00:00,4668.325,4672.68,4658.025,4660.465,0.0,0.0,0.0005151969705173785,14733,0.0,0.0,-0.33350392357554415,2026-04-03,GOLD
2026-04-06 19:00:00,4668.325,4672.68,4658.025,4660.465,0.0,0.0,0.0005151969705173785,14733,0.0,0.0,-0.33350392357554415,2026-04-06,GOLD
2026-04-06 19:00:00,4668.325,4672.68,4658.025,4660.465,0.0,0.0,0.0005151969705173785,14733,0.0,0.0,-0.33350392357554415,2026-04-05,GOLD
2026-04-06 19:00:00,4668.325,4672.68,4658.025,4660.465,0.0,0.0,0.0005151969705173785,14733,0.0,0.0,-0.33350392357554415,2026-04-04,GOLD
2026-04-06 19:00:00,4668.325,4672.68,4658.025,4660.465,0.0,0.0,0.0005151969705173785,14733,0.0,0.0,-0.33350392357554415,2026-04-02,GOLD
2026-04-06 20:00:00,4660.485,4661.225,4645.995,4653.8150000000005,0.0,0.0,0.0005408525267346181,19656,0.0,0.0,0.013460275771498416,2026-04-05,GOLD
2026-04-06 20:00:00,4660.485,4661.225,4645.995,4653.8150000000005,0.0,0.0,0.0005408525267346181,19656,0.0,0.0,0.013460275771498416,2026-04-02,GOLD
2026-04-06 20:00:00,4660.485,4661.225,4645.995,4653.8150000000005,0.0,0.0,0.0005408525267346181,19656,0.0,0.0,0.013460275771498416,2026-04-03,GOLD
2026-04-06 20:00:00,4660.485,4661.225,4645.995,4653.8150000000005,0.0,0.0,0.0005408525267346181,19656,0.0,0.0,0.013460275771498416,2026-04-06,GOLD
2026-04-06 20:00:00,4660.485,4661.225,4645.995,4653.8150000000005,0.0,0.0,0.0005408525267346181,19656,0.0,0.0,0.013460275771498416,2026-04-04,GOLD
2026-04-06 21:00:00,4653.8150000000005,4666.6900000000005,4648.91,4658.34,0.0,0.0,0.0004623694331813858,16702,0.0,0.0,0.03037120359954689,2026-04-05,GOLD
2026-04-06 21:00:00,4653.8150000000005,4666.6900000000005,4648.91,4658.34,0.0,0.0,0.0004623694331813858,16702,0.0,0.0,0.03037120359954689,2026-04-06,GOLD
2026-04-06 21:00:00,4653.8150000000005,4666.6900000000005,4648.91,4658.34,0.0,0.0,0.0004623694331813858,16702,0.0,0.0,0.03037120359954689,2026-04-04,GOLD
2026-04-06 21:00:00,4653.8150000000005,4666.6900000000005,4648.91,4658.34,0.0,0.0,0.0004623694331813858,16702,0.0,0.0,0.03037120359954689,2026-04-03,GOLD
2026-04-06 21:00:00,4653.8150000000005,4666.6900000000005,4648.91,4658.34,0.0,0.0,0.0004623694331813858,16702,0.0,0.0,0.03037120359954689,2026-04-02,GOLD
2026-04-06 22:00:00,4658.305,4659.47,4645.645,4655.459999999999,0.0,0.0,0.00042293607948977517,9168,0.0,0.0,0.2099457504519613,2026-04-03,GOLD
2026-04-06 22:00:00,4658.305,4659.47,4645.645,4655.459999999999,0.0,0.0,0.00042293607948977517,9168,0.0,0.0,0.2099457504519613,2026-04-04,GOLD
2026-04-06 22:00:00,4658.305,4659.47,4645.645,4655.459999999999,0.0,0.0,0.00042293607948977517,9168,0.0,0.0,0.2099457504519613,2026-04-05,GOLD
2026-04-06 22:00:00,4658.305,4659.47,4645.645,4655.459999999999,0.0,0.0,0.00042293607948977517,9168,0.0,0.0,0.2099457504519613,2026-04-06,GOLD
2026-04-06 22:00:00,4658.305,4659.47,4645.645,4655.459999999999,0.0,0.0,0.00042293607948977517,9168,0.0,0.0,0.2099457504519613,2026-04-02,GOLD
2026-04-06 23:00:00,4655.49,4658.51,4649.264999999999,4650.575000000001,0.0,0.0,0.00038628119597807473,5005,0.0,0.0,-0.3583017847483833,2026-04-04,GOLD
2026-04-06 23:00:00,4655.49,4658.51,4649.264999999999,4650.575000000001,0.0,0.0,0.00038628119597807473,5005,0.0,0.0,-0.3583017847483833,2026-04-02,GOLD
2026-04-06 23:00:00,4655.49,4658.51,4649.264999999999,4650.575000000001,0.0,0.0,0.00038628119597807473,5005,0.0,0.0,-0.3583017847483833,2026-04-05,GOLD
2026-04-06 23:00:00,4655.49,4658.51,4649.264999999999,4650.575000000001,0.0,0.0,0.00038628119597807473,5005,0.0,0.0,-0.3583017847483833,2026-04-03,GOLD
2026-04-06 23:00:00,4655.49,4658.51,4649.264999999999,4650.575000000001,0.0,0.0,0.00038628119597807473,5005,0.0,0.0,-0.3583017847483833,2026-04-06,GOLD
2026-04-07 01:00:00,4651.505,4668.325,4649.795,4658.485,0.0,0.0,0.0006838157552239056,7675,0.0,0.0,-0.03103076092821511,2026-04-02,GOLD
2026-04-07 01:00:00,4651.505,4668.325,4649.795,4658.485,0.0,0.0,0.0006838157552239056,7675,0.0,0.0,-0.03103076092821511,2026-04-06,GOLD
2026-04-07 01:00:00,4651.505,4668.325,4649.795,4658.485,0.0,0.0,0.0006838157552239056,7675,0.0,0.0,-0.03103076092821511,2026-04-03,GOLD
2026-04-07 01:00:00,4651.505,4668.325,4649.795,4658.485,0.0,0.0,0.0006838157552239056,7675,0.0,0.0,-0.03103076092821511,2026-04-04,GOLD
2026-04-07 01:00:00,4651.505,4668.325,4649.795,4658.485,0.0,0.0,0.0006838157552239056,7675,0.0,0.0,-0.03103076092821511,2026-04-05,GOLD
2026-04-07 02:00:00,4658.525,4661.22,4651.56,4658.9349999999995,0.0,0.0,0.0003412625026019628,7132,0.0,0.0,0.26345755693573514,2026-04-05,GOLD
2026-04-07 02:00:00,4658.525,4661.22,4651.56,4658.9349999999995,0.0,0.0,0.0003412625026019628,7132,0.0,0.0,0.26345755693573514,2026-04-04,GOLD
2026-04-07 02:00:00,4658.525,4661.22,4651.56,4658.9349999999995,0.0,0.0,0.0003412625026019628,7132,0.0,0.0,0.26345755693573514,2026-04-02,GOLD
2026-04-07 02:00:00,4658.525,4661.22,4651.56,4658.9349999999995,0.0,0.0,0.0003412625026019628,7132,0.0,0.0,0.26345755693573514,2026-04-06,GOLD
2026-04-07 02:00:00,4658.525,4661.22,4651.56,4658.9349999999995,0.0,0.0,0.0003412625026019628,7132,0.0,0.0,0.26345755693573514,2026-04-03,GOLD
2026-04-07 03:00:00,4658.9,4661.25,4649.13,4655.02,0.0,0.0,0.00043086310469620166,14942,0.0,0.0,-0.014026402640270157,2026-04-04,GOLD
2026-04-07 03:00:00,4658.9,4661.25,4649.13,4655.02,0.0,0.0,0.00043086310469620166,14942,0.0,0.0,-0.014026402640270157,2026-04-03,GOLD
2026-04-07 03:00:00,4658.9,4661.25,4649.13,4655.02,0.0,0.0,0.00043086310469620166,14942,0.0,0.0,-0.014026402640270157,2026-04-05,GOLD
2026-04-07 03:00:00,4658.9,4661.25,4649.13,4655.02,0.0,0.0,0.00043086310469620166,14942,0.0,0.0,-0.014026402640270157,2026-04-02,GOLD
2026-04-07 03:00:00,4658.9,4661.25,4649.13,4655.02,0.0,0.0,0.00043086310469620166,14942,0.0,0.0,-0.014026402640270157,2026-04-06,GOLD
2026-04-07 04:00:00,4654.995,4664.57,4616.605,4627.035,0.0,0.0,0.0011343612899486926,27525,0.0,0.0,-0.28254977587823915,2026-04-03,GOLD
2026-04-07 04:00:00,4654.995,4664.57,4616.605,4627.035,0.0,0.0,0.0011343612899486926,27525,0.0,0.0,-0.28254977587823915,2026-04-04,GOLD
2026-04-07 04:00:00,4654.995,4664.57,4616.605,4627.035,0.0,0.0,0.0011343612899486926,27525,0.0,0.0,-0.28254977587823915,2026-04-02,GOLD
2026-04-07 04:00:00,4654.995,4664.57,4616.605,4627.035,0.0,0.0,0.0011343612899486926,27525,0.0,0.0,-0.28254977587823915,2026-04-05,GOLD
2026-04-07 04:00:00,4654.995,4664.57,4616.605,4627.035,0.0,0.0,0.0011343612899486926,27525,0.0,0.0,-0.28254977587823915,2026-04-06,GOLD
2026-04-07 05:00:00,4627.129999999999,4654.1,4619.945,4650.55,0.0,0.0,0.0006325238486883521,19687,0.0,0.0,0.3960620699751101,2026-04-05,GOLD
2026-04-07 05:00:00,4627.129999999999,4654.1,4619.945,4650.55,0.0,0.0,0.0006325238486883521,19687,0.0,0.0,0.3960620699751101,2026-04-03,GOLD
2026-04-07 05:00:00,4627.129999999999,4654.1,4619.945,4650.55,0.0,0.0,0.0006325402088596592,19687,0.0,0.0,0.3960620699751101,2026-04-07,GOLD
2026-04-07 05:00:00,4627.129999999999,4654.1,4619.945,4650.55,0.0,0.0,0.0006325238486883521,19687,0.0,0.0,0.3960620699751101,2026-04-02,GOLD
2026-04-07 05:00:00,4627.129999999999,4654.1,4619.945,4650.55,0.0,0.0,0.0006325238486883521,19687,0.0,0.0,0.3960620699751101,2026-04-04,GOLD
2026-04-07 05:00:00,4627.129999999999,4654.1,4619.945,4650.55,0.0,0.0,0.0006325238486883521,19687,0.0,0.0,0.3960620699751101,2026-04-06,GOLD
2026-04-07 06:00:00,4650.655,4654.219999999999,4639.73,4649.785,0.0,0.0,0.00043671306557319176,13538,0.0,0.0,0.1939268461007897,2026-04-06,GOLD
2026-04-07 06:00:00,4650.655,4654.219999999999,4639.73,4649.785,0.0,0.0,0.00043671306557319176,13538,0.0,0.0,0.1939268461007897,2026-04-07,GOLD
2026-04-07 06:00:00,4650.655,4654.219999999999,4639.73,4649.785,0.0,0.0,0.00043671306557319176,13538,0.0,0.0,0.1939268461007897,2026-04-05,GOLD
2026-04-07 06:00:00,4650.655,4654.219999999999,4639.73,4649.785,0.0,0.0,0.00043671306557319176,13538,0.0,0.0,0.1939268461007897,2026-04-03,GOLD
2026-04-07 06:00:00,4650.655,4654.219999999999,4639.73,4649.785,0.0,0.0,0.00043671306557319176,13538,0.0,0.0,0.1939268461007897,2026-04-02,GOLD
2026-04-07 06:00:00,4650.655,4654.219999999999,4639.73,4649.785,0.0,0.0,0.00043671306557319176,13538,0.0,0.0,0.1939268461007897,2026-04-04,GOLD
2026-04-07 07:00:00,4649.76,4664.219999999999,4645.72,4659.755,0.0,0.0,0.00041529177549279843,10583,0.0,0.0,0.2586486486487027,2026-04-04,GOLD
2026-04-07 07:00:00,4649.76,4664.219999999999,4645.72,4659.755,0.0,0.0,0.00041529177549279843,10583,0.0,0.0,0.2586486486487027,2026-04-02,GOLD
2026-04-07 07:00:00,4649.76,4664.219999999999,4645.72,4659.755,0.0,0.0,0.00041529177549279843,10583,0.0,0.0,0.2586486486487027,2026-04-05,GOLD
2026-04-07 07:00:00,4649.76,4664.219999999999,4645.72,4659.755,0.0,0.0,0.00041529177549279843,10583,0.0,0.0,0.2586486486487027,2026-04-06,GOLD
2026-04-07 07:00:00,4649.76,4664.219999999999,4645.72,4659.755,0.0,0.0,0.00041529177549279843,10583,0.0,0.0,0.2586486486487027,2026-04-07,GOLD
2026-04-07 07:00:00,4649.76,4664.219999999999,4645.72,4659.755,0.0,0.0,0.00041529177549279843,10583,0.0,0.0,0.2586486486487027,2026-04-03,GOLD
2026-04-07 08:00:00,4660.43,4661.58,4623.225,4642.965,0.0,0.0,0.0007086386025012247,17621,0.0,0.0,0.014665623777864852,2026-04-04,GOLD
2026-04-07 08:00:00,4660.43,4661.58,4623.225,4642.965,0.0,0.0,0.0007086386025012247,17621,0.0,0.0,0.014665623777864852,2026-04-06,GOLD
2026-04-07 08:00:00,4660.43,4661.58,4623.225,4642.965,0.0,0.0,0.0007086386025012247,17621,0.0,0.0,0.014665623777864852,2026-04-02,GOLD
2026-04-07 08:00:00,4660.43,4661.58,4623.225,4642.965,0.0,0.0,0.0007086386025012247,17621,0.0,0.0,0.014665623777864852,2026-04-05,GOLD
2026-04-07 08:00:00,4660.43,4661.58,4623.225,4642.965,0.0,0.0,0.0007086386025012247,17621,0.0,0.0,0.014665623777864852,2026-04-07,GOLD
2026-04-07 08:00:00,4660.43,4661.58,4623.225,4642.965,0.0,0.0,0.0007086386025012247,17621,0.0,0.0,0.014665623777864852,2026-04-03,GOLD
2026-04-07 09:00:00,4642.97,4656.58,4638.015,4653.57,0.0,0.0,0.0005426369003146651,19684,0.0,0.0,0.3378669539455568,2026-04-06,GOLD
2026-04-07 09:00:00,4642.97,4656.58,4638.015,4653.57,0.0,0.0,0.0005426369003146651,19684,0.0,0.0,0.3378669539455568,2026-04-05,GOLD
2026-04-07 09:00:00,4642.97,4656.58,4638.015,4653.57,0.0,0.0,0.0005426369003146651,19684,0.0,0.0,0.3378669539455568,2026-04-07,GOLD
2026-04-07 09:00:00,4642.97,4656.58,4638.015,4653.57,0.0,0.0,0.0005426369003146651,19684,0.0,0.0,0.3378669539455568,2026-04-02,GOLD
2026-04-07 09:00:00,4642.97,4656.58,4638.015,4653.57,0.0,0.0,0.0005426369003146651,19684,0.0,0.0,0.3378669539455568,2026-04-04,GOLD
2026-04-07 09:00:00,4642.97,4656.58,4638.015,4653.57,0.0,0.0,0.0005426369003146651,19684,0.0,0.0,0.3378669539455568,2026-04-03,GOLD
2026-04-07 10:00:00,4653.495,4657.195,4636.68,4646.155000000001,0.0,0.0,0.0005100772383587366,15511,0.0,0.0,-0.038142822325097116,2026-04-03,GOLD
2026-04-07 10:00:00,4653.495,4657.195,4636.68,4646.155000000001,0.0,0.0,0.0005100772383587366,15511,0.0,0.0,-0.038142822325097116,2026-04-06,GOLD
2026-04-07 10:00:00,4653.495,4657.195,4636.68,4646.155000000001,0.0,0.0,0.0005100772383587366,15511,0.0,0.0,-0.038142822325097116,2026-04-05,GOLD
2026-04-07 10:00:00,4653.495,4657.195,4636.68,4646.155000000001,0.0,0.0,0.0005100772383587366,15511,0.0,0.0,-0.038142822325097116,2026-04-02,GOLD
2026-04-07 10:00:00,4653.495,4657.195,4636.68,4646.155000000001,0.0,0.0,0.0005100772383587366,15511,0.0,0.0,-0.038142822325097116,2026-04-07,GOLD
2026-04-07 10:00:00,4653.495,4657.195,4636.68,4646.155000000001,0.0,0.0,0.0005100772383587366,15511,0.0,0.0,-0.038142822325097116,2026-04-04,GOLD
2026-04-07 11:00:00,4646.17,4690.9349999999995,4644.3150000000005,4682.915,0.0,0.0,0.0007837108661186745,22918,0.0,0.0,0.3279708279708344,2026-04-06,GOLD
2026-04-07 11:00:00,4646.17,4690.9349999999995,4644.3150000000005,4682.915,0.0,0.0,0.0007837108661186745,22918,0.0,0.0,0.3279708279708344,2026-04-02,GOLD
2026-04-07 11:00:00,4646.17,4690.9349999999995,4644.3150000000005,4682.915,0.0,0.0,0.0007837108661186745,22918,0.0,0.0,0.3279708279708344,2026-04-05,GOLD
2026-04-07 11:00:00,4646.17,4690.9349999999995,4644.3150000000005,4682.915,0.0,0.0,0.0007837108661186745,22918,0.0,0.0,0.3279708279708344,2026-04-07,GOLD
2026-04-07 11:00:00,4646.17,4690.9349999999995,4644.3150000000005,4682.915,0.0,0.0,0.0007837108661186745,22918,0.0,0.0,0.3279708279708344,2026-04-04,GOLD
2026-04-07 11:00:00,4646.17,4690.9349999999995,4644.3150000000005,4682.915,0.0,0.0,0.0007837108661186745,22918,0.0,0.0,0.3279708279708344,2026-04-03,GOLD
2026-04-07 12:00:00,4682.905,4694.65,4658.88,4671.03,0.0,0.0,0.0006105967088322065,17779,0.0,0.0,-0.16032988537880202,2026-04-06,GOLD
2026-04-07 12:00:00,4682.905,4694.65,4658.88,4671.03,0.0,0.0,0.0006105967088322065,17779,0.0,0.0,-0.16032988537880202,2026-04-04,GOLD
2026-04-07 12:00:00,4682.905,4694.65,4662.3,4662.605,0.0,0.0,0.000618070932532901,13836,0.0,0.0,-0.4905718701700485,2026-04-02,GOLD
2026-04-07 12:00:00,4682.905,4694.65,4658.88,4671.03,0.0,0.0,0.0006105967088322065,17779,0.0,0.0,-0.16032988537880202,2026-04-07,GOLD
2026-04-07 12:00:00,4682.905,4694.65,4658.88,4671.03,0.0,0.0,0.0006105967088322065,17779,0.0,0.0,-0.16032988537880202,2026-04-03,GOLD
2026-04-07 12:00:00,4682.905,4694.65,4658.88,4671.03,0.0,0.0,0.0006105967088322065,17779,0.0,0.0,-0.16032988537880202,2026-04-05,GOLD
2026-04-07 13:00:00,4671.02,4680.805,4649.36,4652.175,0.0,0.0,0.0008057039189108058,21822,0.0,0.0,-0.41047861345205916,2026-04-03,GOLD
2026-04-07 13:00:00,4671.02,4680.805,4649.36,4652.175,0.0,0.0,0.0008057039189108058,21822,0.0,0.0,-0.41047861345205916,2026-04-07,GOLD
2026-04-07 13:00:00,4671.02,4680.805,4649.36,4652.175,0.0,0.0,0.0008057039189108058,21822,0.0,0.0,-0.41047861345205916,2026-04-06,GOLD
2026-04-07 13:00:00,4671.02,4680.805,4649.36,4652.175,0.0,0.0,0.0008057039189108058,21822,0.0,0.0,-0.41047861345205916,2026-04-04,GOLD
2026-04-07 13:00:00,4671.02,4680.805,4649.36,4652.175,0.0,0.0,0.0008057039189108058,21822,0.0,0.0,-0.41047861345205916,2026-04-05,GOLD
2026-04-07 14:00:00,4652.1849999999995,4664.21,4628.925,4659.860000000001,0.0,0.0,0.0006164107773289806,20098,0.0,0.0,0.3767181521893305,2026-04-03,GOLD
2026-04-07 14:00:00,4652.1849999999995,4664.21,4628.925,4659.860000000001,0.0,0.0,0.0006164107773289806,20098,0.0,0.0,0.3767181521893305,2026-04-06,GOLD
2026-04-07 14:00:00,4652.1849999999995,4664.21,4628.925,4659.860000000001,0.0,0.0,0.0006164107773289806,20098,0.0,0.0,0.3767181521893305,2026-04-05,GOLD
2026-04-07 14:00:00,4652.1849999999995,4664.21,4628.925,4659.860000000001,0.0,0.0,0.0006164107773289806,20098,0.0,0.0,0.3767181521893305,2026-04-04,GOLD
2026-04-07 14:00:00,4652.1849999999995,4664.21,4628.925,4659.860000000001,0.0,0.0,0.0006164107773289806,20098,0.0,0.0,0.3767181521893305,2026-04-07,GOLD
2026-04-07 15:00:00,4659.875,4671.125,4646.955,4651.74,0.0,0.0,0.0006971033681311765,20848,0.0,0.0,-0.3020273065784096,2026-04-03,GOLD
2026-04-07 15:00:00,4659.875,4671.125,4646.955,4651.74,0.0,0.0,0.0006971033681311765,20848,0.0,0.0,-0.3020273065784096,2026-04-06,GOLD
2026-04-07 15:00:00,4659.875,4671.125,4646.955,4651.74,0.0,0.0,0.0006971033681311765,20848,0.0,0.0,-0.3020273065784096,2026-04-04,GOLD
2026-04-07 15:00:00,4659.875,4671.125,4646.955,4651.74,0.0,0.0,0.0006971033681311765,20848,0.0,0.0,-0.3020273065784096,2026-04-05,GOLD
2026-04-07 15:00:00,4659.875,4671.125,4646.955,4651.74,0.0,0.0,0.0006971033681311765,20848,0.0,0.0,-0.3020273065784096,2026-04-07,GOLD
2026-04-07 16:00:00,4651.780000000001,4663.25,4635.620000000001,4644.22,0.0,0.0,0.0007474712413274384,27869,0.0,0.0,-0.18874411871155616,2026-04-07,GOLD
2026-04-07 16:00:00,4651.780000000001,4663.25,4635.620000000001,4644.22,0.0,0.0,0.0007474712413274384,27869,0.0,0.0,-0.18874411871155616,2026-04-04,GOLD
2026-04-07 16:00:00,4651.780000000001,4663.25,4635.620000000001,4644.22,0.0,0.0,0.0007474712413274384,27869,0.0,0.0,-0.18874411871155616,2026-04-06,GOLD
2026-04-07 16:00:00,4651.780000000001,4663.25,4635.620000000001,4644.22,0.0,0.0,0.0007474712413274384,27869,0.0,0.0,-0.18874411871155616,2026-04-05,GOLD
2026-04-07 16:00:00,4651.780000000001,4663.25,4635.620000000001,4644.22,0.0,0.0,0.0007474712413274384,27869,0.0,0.0,-0.18874411871155616,2026-04-03,GOLD
2026-04-07 17:00:00,4644.26,4661.485000000001,4607.56,4633.1900000000005,0.0,0.0,0.0009173707941127724,30980,0.0,0.0,-0.024710245711644544,2026-04-04,GOLD
2026-04-07 17:00:00,4644.26,4661.485000000001,4607.56,4633.1900000000005,0.0,0.0,0.0009173707941127724,30980,0.0,0.0,-0.024710245711644544,2026-04-07,GOLD
2026-04-07 17:00:00,4644.26,4661.485000000001,4607.56,4633.1900000000005,0.0,0.0,0.0009173707941127724,30980,0.0,0.0,-0.024710245711644544,2026-04-06,GOLD
2026-04-07 17:00:00,4644.26,4661.485000000001,4607.56,4633.1900000000005,0.0,0.0,0.0009173707941127724,30980,0.0,0.0,-0.024710245711644544,2026-04-05,GOLD
2026-04-07 17:00:00,4644.26,4661.485000000001,4607.56,4633.1900000000005,0.0,0.0,0.0009173707941127724,30980,0.0,0.0,-0.024710245711644544,2026-04-03,GOLD
2026-04-07 18:00:00,4633.205,4659.625,4624.93,4655.74,0.0,0.0,0.0007058748958469241,26564,0.0,0.0,0.3880242109814022,2026-04-04,GOLD
2026-04-07 18:00:00,4633.205,4659.625,4624.93,4655.74,0.0,0.0,0.0007058748958469241,26564,0.0,0.0,0.3880242109814022,2026-04-03,GOLD
2026-04-07 18:00:00,4633.205,4659.625,4624.93,4655.74,0.0,0.0,0.0007058748958469241,26564,0.0,0.0,0.3880242109814022,2026-04-07,GOLD
2026-04-07 18:00:00,4633.205,4659.625,4624.93,4655.74,0.0,0.0,0.0007058748958469241,26564,0.0,0.0,0.3880242109814022,2026-04-05,GOLD
2026-04-07 18:00:00,4633.205,4659.625,4624.93,4655.74,0.0,0.0,0.0007058748958469241,26564,0.0,0.0,0.3880242109814022,2026-04-06,GOLD
2026-04-07 19:00:00,4655.805,4668.805,4652.745,4657.175,0.0,0.0,0.0006350519461985562,23060,0.0,0.0,-0.22415940224155445,2026-04-06,GOLD
2026-04-07 19:00:00,4655.805,4668.805,4652.745,4657.175,0.0,0.0,0.0006350519461985562,23060,0.0,0.0,-0.22415940224155445,2026-04-07,GOLD
2026-04-07 19:00:00,4655.805,4668.805,4652.745,4657.175,0.0,0.0,0.0006350519461985562,23060,0.0,0.0,-0.22415940224155445,2026-04-04,GOLD
2026-04-07 19:00:00,4655.805,4668.805,4652.745,4657.175,0.0,0.0,0.0006350519461985562,23060,0.0,0.0,-0.22415940224155445,2026-04-05,GOLD
2026-04-07 19:00:00,4655.805,4668.805,4652.745,4657.175,0.0,0.0,0.0006350519461985562,23060,0.0,0.0,-0.22415940224155445,2026-04-03,GOLD
2026-04-07 20:00:00,4657.165,4686.610000000001,4653.985,4675.93,0.0,0.0,0.0005499272505788766,20997,0.0,0.0,0.1726436781609058,2026-04-04,GOLD
2026-04-07 20:00:00,4657.165,4686.610000000001,4653.985,4675.93,0.0,0.0,0.0005499272505788766,20997,0.0,0.0,0.1726436781609058,2026-04-07,GOLD
2026-04-07 20:00:00,4657.165,4686.610000000001,4653.985,4675.93,0.0,0.0,0.0005499272505788766,20997,0.0,0.0,0.1726436781609058,2026-04-06,GOLD
2026-04-07 20:00:00,4657.165,4686.610000000001,4653.985,4675.93,0.0,0.0,0.0005499272505788766,20997,0.0,0.0,0.1726436781609058,2026-04-05,GOLD
2026-04-07 20:00:00,4657.165,4686.610000000001,4653.985,4675.93,0.0,0.0,0.0005499272505788766,20997,0.0,0.0,0.1726436781609058,2026-04-03,GOLD
2026-04-07 21:00:00,4675.92,4686.4,4657.58,4662.215,0.0,0.0,0.0004859883060086176,16063,0.0,0.0,-0.3391741845940227,2026-04-07,GOLD
2026-04-07 21:00:00,4675.92,4686.4,4657.58,4662.215,0.0,0.0,0.0004859883060086176,16063,0.0,0.0,-0.3391741845940227,2026-04-03,GOLD
2026-04-07 21:00:00,4675.92,4686.4,4657.58,4662.215,0.0,0.0,0.0004859883060086176,16063,0.0,0.0,-0.3391741845940227,2026-04-04,GOLD
2026-04-07 21:00:00,4675.92,4686.4,4657.58,4662.215,0.0,0.0,0.0004859883060086176,16063,0.0,0.0,-0.3391741845940227,2026-04-06,GOLD
2026-04-07 21:00:00,4675.92,4686.4,4657.58,4662.215,0.0,0.0,0.0004859883060086176,16063,0.0,0.0,-0.3391741845940227,2026-04-05,GOLD
2026-04-07 22:00:00,4662.25,4718.695,4660.835,4700.84,0.0,0.0,0.0009472534030061363,30222,0.0,0.0,0.19141030072590373,2026-04-04,GOLD
2026-04-07 22:00:00,4662.25,4718.695,4660.835,4700.84,0.0,0.0,0.0009472534030061363,30222,0.0,0.0,0.19141030072590373,2026-04-07,GOLD
2026-04-07 22:00:00,4662.25,4718.695,4660.835,4700.84,0.0,0.0,0.0009472534030061363,30222,0.0,0.0,0.19141030072590373,2026-04-06,GOLD
2026-04-07 22:00:00,4662.25,4718.695,4660.835,4700.84,0.0,0.0,0.0009472534030061363,30222,0.0,0.0,0.19141030072590373,2026-04-05,GOLD
2026-04-07 22:00:00,4662.25,4718.695,4660.835,4700.84,0.0,0.0,0.0009472534030061363,30222,0.0,0.0,0.19141030072590373,2026-04-03,GOLD
2026-04-07 23:00:00,4701.005,4717.15,4697.3150000000005,4705.754999999999,0.0,0.0,0.0007925923812349601,14557,0.0,0.0,-0.07448953869427467,2026-04-07,GOLD
2026-04-07 23:00:00,4701.005,4717.15,4697.3150000000005,4705.754999999999,0.0,0.0,0.0007925923812349601,14557,0.0,0.0,-0.07448953869427467,2026-04-04,GOLD
2026-04-07 23:00:00,4701.005,4717.15,4697.3150000000005,4705.754999999999,0.0,0.0,0.0007925923812349601,14557,0.0,0.0,-0.07448953869427467,2026-04-06,GOLD
2026-04-07 23:00:00,4701.005,4717.15,4697.3150000000005,4705.754999999999,0.0,0.0,0.0007925923812349601,14557,0.0,0.0,-0.07448953869427467,2026-04-05,GOLD
2026-04-07 23:00:00,4701.005,4717.15,4697.3150000000005,4705.754999999999,0.0,0.0,0.0007925923812349601,14557,0.0,0.0,-0.07448953869427467,2026-04-03,GOLD
2026-04-08 01:00:00,4720.225,4819.780000000001,4713.195,4818.33,0.0,0.0,0.001510628427214904,23823,0.0,0.0,0.4863958343106374,2026-04-07,GOLD
2026-04-08 01:00:00,4720.225,4819.780000000001,4713.195,4818.33,0.0,0.0,0.001510628427214904,23823,0.0,0.0,0.4863958343106374,2026-04-04,GOLD
2026-04-08 01:00:00,4720.225,4819.780000000001,4713.195,4818.33,0.0,0.0,0.001510628427214904,23823,0.0,0.0,0.4863958343106374,2026-04-05,GOLD
2026-04-08 01:00:00,4720.225,4819.780000000001,4713.195,4818.33,0.0,0.0,0.001510628427214904,23823,0.0,0.0,0.4863958343106374,2026-04-06,GOLD
2026-04-08 01:00:00,4720.225,4819.780000000001,4713.195,4818.33,0.0,0.0,0.001510628427214904,23823,0.0,0.0,0.4863958343106374,2026-04-03,GOLD
2026-04-08 02:00:00,4818.4400000000005,4836.285,4801.639999999999,4833.55,0.0,0.0,0.0010843755787345796,26813,0.0,0.0,0.4210564294992167,2026-04-07,GOLD
2026-04-08 02:00:00,4818.4400000000005,4836.285,4801.639999999999,4833.55,0.0,0.0,0.0010843755787345796,26813,0.0,0.0,0.4210564294992167,2026-04-06,GOLD
2026-04-08 02:00:00,4818.4400000000005,4836.285,4801.639999999999,4833.55,0.0,0.0,0.0010843755787345796,26813,0.0,0.0,0.4210564294992167,2026-04-05,GOLD
2026-04-08 02:00:00,4818.4400000000005,4836.285,4801.639999999999,4833.55,0.0,0.0,0.0010843755787345796,26813,0.0,0.0,0.4210564294992167,2026-04-04,GOLD
2026-04-08 02:00:00,4818.4400000000005,4836.285,4801.639999999999,4833.55,0.0,0.0,0.0010843755787345796,26813,0.0,0.0,0.4210564294992167,2026-04-03,GOLD
2026-04-08 03:00:00,4833.5599999999995,4857.755,4808.805,4817.94,0.0,0.0,0.0009814975487721616,25821,0.0,0.0,-0.3133810010214732,2026-04-06,GOLD
2026-04-08 03:00:00,4833.5599999999995,4857.755,4808.805,4817.94,0.0,0.0,0.0009814975487721616,25821,0.0,0.0,-0.3133810010214732,2026-04-04,GOLD
2026-04-08 03:00:00,4833.5599999999995,4857.755,4808.805,4817.94,0.0,0.0,0.0009814975487721616,25821,0.0,0.0,-0.3133810010214732,2026-04-05,GOLD
2026-04-08 03:00:00,4833.5599999999995,4857.755,4808.805,4817.94,0.0,0.0,0.0009814975487721616,25821,0.0,0.0,-0.3133810010214732,2026-04-07,GOLD
2026-04-08 03:00:00,4833.5599999999995,4857.755,4808.805,4817.94,0.0,0.0,0.0009814975487721616,25821,0.0,0.0,-0.3133810010214732,2026-04-03,GOLD
2026-04-08 04:00:00,4817.9349999999995,4825.4349999999995,4788.13,4810.38,0.0,0.0,0.0008792289466990323,27256,0.0,0.0,0.09643479426352564,2026-04-05,GOLD
2026-04-08 04:00:00,4817.9349999999995,4825.4349999999995,4788.13,4810.38,0.0,0.0,0.0008792289466990323,27256,0.0,0.0,0.09643479426352564,2026-04-03,GOLD
2026-04-08 04:00:00,4817.9349999999995,4825.4349999999995,4788.13,4810.38,0.0,0.0,0.0008792289466990323,27256,0.0,0.0,0.09643479426352564,2026-04-06,GOLD
2026-04-08 04:00:00,4817.9349999999995,4825.4349999999995,4788.13,4810.38,0.0,0.0,0.0008792289466990323,27256,0.0,0.0,0.09643479426352564,2026-04-04,GOLD
2026-04-08 04:00:00,4817.9349999999995,4825.4349999999995,4788.13,4810.38,0.0,0.0,0.0008792289466990323,27256,0.0,0.0,0.09643479426352564,2026-04-07,GOLD
2026-04-08 05:00:00,4809.965,4825.375,4798.615,4804.030000000001,0.0,0.0,0.0005412481171655086,16003,0.0,0.0,-0.2976457399102829,2026-04-05,GOLD
2026-04-08 05:00:00,4809.965,4825.375,4798.615,4804.030000000001,0.0,0.0,0.0005411113208250055,16003,0.0,0.0,-0.2976457399102829,2026-04-08,GOLD
2026-04-08 05:00:00,4809.965,4825.375,4798.615,4804.030000000001,0.0,0.0,0.0005412481171655086,16003,0.0,0.0,-0.2976457399102829,2026-04-07,GOLD
2026-04-08 05:00:00,4809.965,4825.375,4798.615,4804.030000000001,0.0,0.0,0.0005412481171655086,16003,0.0,0.0,-0.2976457399102829,2026-04-06,GOLD
2026-04-08 05:00:00,4809.965,4825.375,4798.615,4804.030000000001,0.0,0.0,0.0005412481171655086,16003,0.0,0.0,-0.2976457399102829,2026-04-03,GOLD
2026-04-08 05:00:00,4809.965,4825.375,4798.615,4804.030000000001,0.0,0.0,0.0005412481171655086,16003,0.0,0.0,-0.2976457399102829,2026-04-04,GOLD
2026-04-08 06:00:00,4804.04,4806.005,4795.08,4797.59,0.0,0.0,0.00042579206968630857,16442,0.0,0.0,-0.27025171624708183,2026-04-04,GOLD
2026-04-08 06:00:00,4804.04,4806.005,4795.08,4797.59,0.0,0.0,0.00042579206968630857,16442,0.0,0.0,-0.27025171624708183,2026-04-05,GOLD
2026-04-08 06:00:00,4804.04,4806.005,4795.08,4797.59,0.0,0.0,0.00042579206968630857,16442,0.0,0.0,-0.27025171624708183,2026-04-08,GOLD
2026-04-08 06:00:00,4804.04,4806.005,4795.08,4797.59,0.0,0.0,0.00042579206968630857,16442,0.0,0.0,-0.27025171624708183,2026-04-07,GOLD
2026-04-08 06:00:00,4804.04,4806.005,4795.08,4797.59,0.0,0.0,0.00042579206968630857,16442,0.0,0.0,-0.27025171624708183,2026-04-06,GOLD
2026-04-08 06:00:00,4804.04,4806.005,4795.08,4797.59,0.0,0.0,0.00042579206968630857,16442,0.0,0.0,-0.27025171624708183,2026-04-03,GOLD
2026-04-08 07:00:00,4797.5650000000005,4806.66,4790.275,4803.67,0.0,0.0,0.00044977425945839163,12315,0.0,0.0,0.31751602075070234,2026-04-04,GOLD
2026-04-08 07:00:00,4797.5650000000005,4806.66,4790.275,4803.67,0.0,0.0,0.00044977425945839163,12315,0.0,0.0,0.31751602075070234,2026-04-08,GOLD
2026-04-08 07:00:00,4797.5650000000005,4806.66,4790.275,4803.67,0.0,0.0,0.00044977425945839163,12315,0.0,0.0,0.31751602075070234,2026-04-07,GOLD
2026-04-08 07:00:00,4797.5650000000005,4806.66,4790.275,4803.67,0.0,0.0,0.00044977425945839163,12315,0.0,0.0,0.31751602075070234,2026-04-06,GOLD
2026-04-08 07:00:00,4797.5650000000005,4806.66,4790.275,4803.67,0.0,0.0,0.00044977425945839163,12315,0.0,0.0,0.31751602075070234,2026-04-05,GOLD
2026-04-08 07:00:00,4797.5650000000005,4806.66,4790.275,4803.67,0.0,0.0,0.00044977425945839163,12315,0.0,0.0,0.31751602075070234,2026-04-03,GOLD
2026-04-08 08:00:00,4803.655,4843.91,4800.375,4827.58,0.0,0.0,0.0005095809685078606,16444,0.0,0.0,0.12489950614448186,2026-04-07,GOLD
2026-04-08 08:00:00,4803.655,4843.91,4800.375,4827.58,0.0,0.0,0.0005095809685078606,16444,0.0,0.0,0.12489950614448186,2026-04-05,GOLD
2026-04-08 08:00:00,4803.655,4843.91,4800.375,4827.58,0.0,0.0,0.0005095809685078606,16444,0.0,0.0,0.12489950614448186,2026-04-08,GOLD
2026-04-08 08:00:00,4803.655,4843.91,4800.375,4827.58,0.0,0.0,0.0005095809685078606,16444,0.0,0.0,0.12489950614448186,2026-04-06,GOLD
2026-04-08 08:00:00,4803.655,4843.91,4800.375,4827.58,0.0,0.0,0.0005095809685078606,16444,0.0,0.0,0.12489950614448186,2026-04-03,GOLD
2026-04-08 08:00:00,4803.655,4843.91,4800.375,4827.58,0.0,0.0,0.0005095809685078606,16444,0.0,0.0,0.12489950614448186,2026-04-04,GOLD
2026-04-08 09:00:00,4827.625,4839.9,4821.37,4831.485,0.0,0.0,0.0006410153603722842,12134,0.0,0.0,0.0458715596329987,2026-04-03,GOLD
2026-04-08 09:00:00,4827.625,4839.9,4820.015,4820.125,0.0,0.0,0.0006265132266456389,18552,0.0,0.0,-0.4944681921046406,2026-04-07,GOLD
2026-04-08 09:00:00,4827.625,4839.9,4821.37,4831.485,0.0,0.0,0.0006410153603722842,12134,0.0,0.0,0.0458715596329987,2026-04-04,GOLD
2026-04-08 09:00:00,4827.625,4839.9,4820.015,4820.125,0.0,0.0,0.0006265132266456389,18552,0.0,0.0,-0.4944681921046406,2026-04-08,GOLD
2026-04-08 09:00:00,4827.625,4839.9,4820.015,4820.125,0.0,0.0,0.0006265132266456389,18552,0.0,0.0,-0.4944681921046406,2026-04-06,GOLD
2026-04-08 09:00:00,4827.625,4839.9,4821.37,4831.485,0.0,0.0,0.0006410153603722842,12134,0.0,0.0,0.0458715596329987,2026-04-05,GOLD
2026-04-08 10:00:00,4820.115,4821.425,4805.325,4813.505,0.0,0.0,0.000615504403750578,16158,0.0,0.0,0.00807453416149728,2026-04-08,GOLD
2026-04-08 10:00:00,4820.115,4821.425,4805.325,4813.505,0.0,0.0,0.000615504403750578,16158,0.0,0.0,0.00807453416149728,2026-04-07,GOLD
2026-04-08 10:00:00,4820.115,4821.425,4805.325,4813.505,0.0,0.0,0.000615504403750578,16158,0.0,0.0,0.00807453416149728,2026-04-06,GOLD
2026-04-08 11:00:00,4813.52,4819.985,4790.395,4793.925,0.0,0.0,0.000560966501084614,16853,0.0,0.0,-0.380702940182515,2026-04-06,GOLD
2026-04-08 11:00:00,4813.52,4819.985,4790.395,4793.925,0.0,0.0,0.000560966501084614,16853,0.0,0.0,-0.380702940182515,2026-04-07,GOLD
2026-04-08 11:00:00,4813.52,4819.985,4790.395,4793.925,0.0,0.0,0.000560966501084614,16853,0.0,0.0,-0.380702940182515,2026-04-08,GOLD
2026-04-08 12:00:00,4793.89,4806.955,4776.575,4783.3150000000005,0.0,0.0,0.0005730296600756617,14592,0.0,0.0,-0.2781435154706675,2026-04-07,GOLD
2026-04-08 12:00:00,4793.89,4806.955,4776.575,4783.3150000000005,0.0,0.0,0.0005730296600756617,14592,0.0,0.0,-0.2781435154706675,2026-04-06,GOLD
2026-04-08 12:00:00,4793.89,4806.955,4776.575,4783.3150000000005,0.0,0.0,0.0005730296600756617,14592,0.0,0.0,-0.2781435154706675,2026-04-08,GOLD
2026-04-08 13:00:00,4783.28,4796.255,4771.355,4782.705,0.0,0.0,0.0004893518646762158,13025,0.0,0.0,-0.04417670682732288,2026-04-07,GOLD
2026-04-08 13:00:00,4783.28,4796.255,4771.355,4782.705,0.0,0.0,0.0004893518646762158,13025,0.0,0.0,-0.04417670682732288,2026-04-06,GOLD
2026-04-08 13:00:00,4783.28,4796.255,4771.355,4782.705,0.0,0.0,0.0004893518646762158,13025,0.0,0.0,-0.04417670682732288,2026-04-08,GOLD
2026-04-08 14:00:00,4782.74,4802.85,4778.110000000001,4798.635,0.0,0.0,0.0006701420184499163,15138,0.0,0.0,0.32962813257881235,2026-04-07,GOLD
2026-04-08 14:00:00,4782.74,4797.0599999999995,4779.91,4786.795,0.0,0.0,0.0006999755162372802,7382,0.0,0.0,-0.09854227405245689,2026-04-06,GOLD
2026-04-08 14:00:00,4782.74,4802.85,4778.110000000001,4798.635,0.0,0.0,0.0006701420184499163,15138,0.0,0.0,0.32962813257881235,2026-04-08,GOLD
2026-04-08 15:00:00,4798.82,4807.29,4769.3150000000005,4799.735,0.0,0.0,0.0007689961571412031,21181,0.0,0.0,0.30105332455563016,2026-04-07,GOLD
2026-04-08 15:00:00,4798.82,4807.29,4769.3150000000005,4799.735,0.0,0.0,0.0007689961571412031,21181,0.0,0.0,0.30105332455563016,2026-04-08,GOLD
2026-04-08 16:00:00,4799.745,4806.785,4768.335,4777.8099999999995,0.0,0.0,0.0008087766845172687,27063,0.0,0.0,-0.25357607282184774,2026-04-08,GOLD
2026-04-08 16:00:00,4799.745,4806.785,4768.335,4777.8099999999995,0.0,0.0,0.0008087766845172687,27063,0.0,0.0,-0.25357607282184774,2026-04-07,GOLD
2026-04-08 17:00:00,4777.425,4792.14,4732.360000000001,4736.25,0.0,0.0,0.0009651048506850355,30182,0.0,0.0,-0.434928069588493,2026-04-07,GOLD
2026-04-08 17:00:00,4777.425,4792.14,4732.360000000001,4736.25,0.0,0.0,0.0009651048506850355,30182,0.0,0.0,-0.434928069588493,2026-04-08,GOLD
2026-04-08 18:00:00,4736.27,4763.195,4734.475,4756.55,0.0,0.0,0.0006376156252290567,24198,0.0,0.0,0.2686281337047466,2026-04-08,GOLD
2026-04-08 18:00:00,4736.27,4763.195,4734.475,4756.55,0.0,0.0,0.0006376156252290567,24198,0.0,0.0,0.2686281337047466,2026-04-07,GOLD
2026-04-08 19:00:00,4756.5599999999995,4765.68,4745.54,4760.615,0.0,0.0,0.00047390022502032976,18966,0.0,0.0,0.24851042701087975,2026-04-07,GOLD
2026-04-08 19:00:00,4756.5599999999995,4765.68,4745.54,4760.615,0.0,0.0,0.00047390022502032976,18966,0.0,0.0,0.24851042701087975,2026-04-08,GOLD
2026-04-08 20:00:00,4760.55,4764.495,4731.84,4734.055,0.0,0.0,0.0005567783244513169,18750,0.0,0.0,-0.4321696524268682,2026-04-07,GOLD
2026-04-08 20:00:00,4760.55,4764.495,4731.84,4734.055,0.0,0.0,0.0005567783244513169,18750,0.0,0.0,-0.4321696524268682,2026-04-08,GOLD
2026-04-08 21:00:00,4734.06,4744.58,4703.865,4705.225,0.0,0.0,0.0007888899261677335,23178,0.0,0.0,-0.4665970772442447,2026-04-08,GOLD
2026-04-08 21:00:00,4734.06,4744.58,4703.865,4705.225,0.0,0.0,0.0007888899261677335,23178,0.0,0.0,-0.4665970772442447,2026-04-07,GOLD
2026-04-08 22:00:00,4705.07,4731.9,4699.68,4730.705,0.0,0.0,0.0005549007785511388,19607,0.0,0.0,0.46291123525761224,2026-04-08,GOLD
2026-04-08 22:00:00,4705.07,4731.9,4699.68,4730.705,0.0,0.0,0.0005549007785511388,19607,0.0,0.0,0.46291123525761224,2026-04-07,GOLD
2026-04-08 23:00:00,4730.695,4732.305,4717.21,4719.4,0.0,0.0,0.0004431562901476416,7311,0.0,0.0,-0.35491884730042944,2026-04-08,GOLD
2026-04-08 23:00:00,4730.695,4732.305,4717.21,4719.4,0.0,0.0,0.0004431562901476416,7311,0.0,0.0,-0.35491884730042944,2026-04-07,GOLD
2026-04-09 01:00:00,4719.995,4734.21,4704.905000000001,4717.8150000000005,0.0,0.0,0.0008152383350561635,11495,0.0,0.0,-0.05946084285959146,2026-04-08,GOLD
2026-04-09 01:00:00,4719.995,4734.21,4704.905000000001,4717.8150000000005,0.0,0.0,0.0008152383350561635,11495,0.0,0.0,-0.05946084285959146,2026-04-07,GOLD
2026-04-09 02:00:00,4717.6849999999995,4720.0650000000005,4705.57,4715.845,0.0,0.0,0.00047594529493232273,11096,0.0,0.0,0.20886512590548315,2026-04-07,GOLD
2026-04-09 02:00:00,4717.6849999999995,4720.0650000000005,4705.57,4715.845,0.0,0.0,0.00047594529493232273,11096,0.0,0.0,0.20886512590548315,2026-04-08,GOLD
2026-04-09 03:00:00,4715.8099999999995,4719.215,4698.83,4706.905,0.0,0.0,0.0005319307099618377,18527,0.0,0.0,-0.1038753985773985,2026-04-07,GOLD
2026-04-09 03:00:00,4715.8099999999995,4719.215,4698.83,4706.905,0.0,0.0,0.0005319307099618377,18527,0.0,0.0,-0.1038753985773985,2026-04-08,GOLD
2026-04-09 04:00:00,4706.62,4728.265,4699.675,4727.335,0.0,0.0,0.0006871013222713035,22913,0.0,0.0,0.46747114375654825,2026-04-08,GOLD
2026-04-09 04:00:00,4706.62,4728.265,4699.675,4727.335,0.0,0.0,0.0006871013222713035,22913,0.0,0.0,0.46747114375654825,2026-04-07,GOLD
2026-04-09 05:00:00,4727.345,4733.0650000000005,4717.635,4719.195,0.0,0.0,0.0004380102521372805,14362,0.0,0.0,-0.39889825016205693,2026-04-08,GOLD
2026-04-09 05:00:00,4727.345,4733.0650000000005,4717.635,4719.195,0.0,0.0,0.0004380402363197699,14362,0.0,0.0,-0.39889825016205693,2026-04-09,GOLD
2026-04-09 05:00:00,4727.345,4733.0650000000005,4717.635,4719.195,0.0,0.0,0.0004380102521372805,14362,0.0,0.0,-0.39889825016205693,2026-04-07,GOLD
2026-04-09 06:00:00,4719.125,4720.355,4705.365,4711.59,0.0,0.0,0.0004338129518413789,14448,0.0,0.0,-0.08472314876581358,2026-04-08,GOLD
2026-04-09 06:00:00,4719.125,4720.355,4705.365,4711.59,0.0,0.0,0.0004338129518413789,14448,0.0,0.0,-0.08472314876581358,2026-04-09,GOLD
2026-04-09 06:00:00,4719.125,4720.355,4705.365,4711.59,0.0,0.0,0.0004338129518413789,14448,0.0,0.0,-0.08472314876581358,2026-04-07,GOLD
2026-04-09 07:00:00,4711.68,4725.5650000000005,4709.78,4721.025,0.0,0.0,0.0003812635016058737,8516,0.0,0.0,0.21238517579973976,2026-04-07,GOLD
2026-04-09 07:00:00,4711.68,4725.5650000000005,4709.78,4721.025,0.0,0.0,0.0003812635016058737,8516,0.0,0.0,0.21238517579973976,2026-04-08,GOLD
2026-04-09 07:00:00,4711.68,4725.5650000000005,4709.78,4721.025,0.0,0.0,0.0003812635016058737,8516,0.0,0.0,0.21238517579973976,2026-04-09,GOLD
2026-04-09 08:00:00,4721.085,4726.705,4706.0,4713.295,0.0,0.0,0.0005152649120468565,14152,0.0,0.0,-0.14766964501327706,2026-04-07,GOLD
2026-04-09 08:00:00,4721.085,4726.705,4706.0,4713.295,0.0,0.0,0.0005152649120468565,14152,0.0,0.0,-0.14766964501327706,2026-04-08,GOLD
2026-04-09 08:00:00,4721.085,4726.705,4706.0,4713.295,0.0,0.0,0.0005152649120468565,14152,0.0,0.0,-0.14766964501327706,2026-04-09,GOLD
2026-04-09 09:00:00,4713.41,4725.525,4703.69,4712.73,0.0,0.0,0.0005386482652392799,16389,0.0,0.0,-0.08598580261051093,2026-04-07,GOLD
2026-04-09 09:00:00,4713.41,4725.525,4703.69,4712.73,0.0,0.0,0.0005386482652392799,16389,0.0,0.0,-0.08598580261051093,2026-04-08,GOLD
2026-04-09 09:00:00,4713.41,4725.525,4703.69,4712.73,0.0,0.0,0.0005386482652392799,16389,0.0,0.0,-0.08598580261051093,2026-04-09,GOLD
2026-04-09 10:00:00,4712.72,4731.5599999999995,4705.77,4724.52,0.0,0.0,0.0006133457431077946,17337,0.0,0.0,0.22702597906167846,2026-04-09,GOLD
2026-04-09 10:00:00,4712.72,4731.5599999999995,4705.77,4724.52,0.0,0.0,0.0006133457431077946,17337,0.0,0.0,0.22702597906167846,2026-04-07,GOLD
2026-04-09 10:00:00,4712.72,4731.5599999999995,4705.77,4724.52,0.0,0.0,0.0006133457431077946,17337,0.0,0.0,0.22702597906167846,2026-04-08,GOLD
2026-04-09 11:00:00,4724.469999999999,4733.225,4720.04,4728.59,0.0,0.0,0.0005125947055962221,10693,0.0,0.0,0.1484641638225542,2026-04-07,GOLD
2026-04-09 11:00:00,4724.469999999999,4733.225,4720.04,4726.35,0.0,0.0,0.000504715255965936,11356,0.0,0.0,-0.021425862722740736,2026-04-09,GOLD
2026-04-09 11:00:00,4724.469999999999,4733.225,4720.04,4726.35,0.0,0.0,0.000504715255965936,11356,0.0,0.0,-0.021425862722740736,2026-04-08,GOLD
2026-04-09 12:00:00,4726.305,4733.37,4723.075000000001,4729.375,0.0,0.0,0.00043506409772991187,11224,0.0,0.0,0.11194754735310726,2026-04-09,GOLD
2026-04-09 12:00:00,4726.305,4733.37,4723.075000000001,4729.375,0.0,0.0,0.00043506409772991187,11224,0.0,0.0,0.11194754735310726,2026-04-08,GOLD
2026-04-09 13:00:00,4729.365,4746.795,4723.865,4741.145,0.0,0.0,0.0004919288739501345,11544,0.0,0.0,0.2535979066725005,2026-04-08,GOLD
2026-04-09 13:00:00,4729.365,4746.795,4723.865,4741.145,0.0,0.0,0.0004919288739501345,11544,0.0,0.0,0.2535979066725005,2026-04-09,GOLD
2026-04-09 14:00:00,4740.995000000001,4757.645,4738.5650000000005,4756.62,0.0,0.0,0.0004253102329494509,12124,0.0,0.0,0.44627882599577834,2026-04-09,GOLD
2026-04-09 14:00:00,4740.995000000001,4757.645,4738.5650000000005,4756.62,0.0,0.0,0.0004253102329494509,12124,0.0,0.0,0.44627882599577834,2026-04-08,GOLD
2026-04-09 15:00:00,4756.5599999999995,4759.73,4735.015,4746.120000000001,0.0,0.0,0.0005809288830864765,17100,0.0,0.0,-0.050677726077229576,2026-04-09,GOLD
2026-04-09 15:00:00,4756.5599999999995,4759.73,4735.015,4746.120000000001,0.0,0.0,0.0005809288830864765,17100,0.0,0.0,-0.050677726077229576,2026-04-08,GOLD
2026-04-09 16:00:00,4746.145,4777.139999999999,4738.82,4764.515,0.0,0.0,0.0006642560939509228,24477,0.0,0.0,0.17053757828812144,2026-04-08,GOLD
2026-04-09 16:00:00,4746.145,4777.139999999999,4738.82,4764.515,0.0,0.0,0.0006642560939509228,24477,0.0,0.0,0.17053757828812144,2026-04-09,GOLD
2026-04-09 17:00:00,4764.575,4776.265,4747.325000000001,4768.645,0.0,0.0,0.0006153078421251394,23981,0.0,0.0,0.23669661368349892,2026-04-09,GOLD
2026-04-09 17:00:00,4764.575,4776.265,4747.325000000001,4768.645,0.0,0.0,0.0006153078421251394,23981,0.0,0.0,0.23669661368349892,2026-04-08,GOLD
2026-04-09 18:00:00,4768.8150000000005,4798.08,4761.335,4792.875,0.0,0.0,0.0006349496636414742,25590,0.0,0.0,0.35834807456795764,2026-04-09,GOLD
2026-04-09 18:00:00,4768.8150000000005,4798.08,4761.335,4792.875,0.0,0.0,0.0006349496636414742,25590,0.0,0.0,0.35834807456795764,2026-04-08,GOLD
2026-04-09 19:00:00,4792.98,4801.09,4784.575,4788.945,0.0,0.0,0.0004969687490702359,19558,0.0,0.0,-0.23539206781717534,2026-04-08,GOLD
2026-04-09 19:00:00,4792.98,4801.09,4784.575,4788.945,0.0,0.0,0.0004969687490702359,19558,0.0,0.0,-0.23539206781717534,2026-04-09,GOLD
2026-04-09 20:00:00,4788.995,4801.29,4786.895,4797.87,0.0,0.0,0.0004300594550696317,15865,0.0,0.0,0.26241750607845504,2026-04-09,GOLD
2026-04-09 20:00:00,4788.995,4801.29,4786.895,4797.87,0.0,0.0,0.0004300594550696317,15865,0.0,0.0,0.26241750607845504,2026-04-08,GOLD
2026-04-09 21:00:00,4798.02,4798.18,4767.85,4772.215,0.0,0.0,0.0005408556574344643,19730,0.0,0.0,-0.3560830860534193,2026-04-08,GOLD
2026-04-09 21:00:00,4798.02,4798.18,4767.85,4772.215,0.0,0.0,0.0005408556574344643,19730,0.0,0.0,-0.3560830860534193,2026-04-09,GOLD
2026-04-09 22:00:00,4772.195,4782.66,4767.14,4768.8,0.0,0.0,0.0004145741818657452,14794,0.0,0.0,-0.3930412371133789,2026-04-08,GOLD
2026-04-09 22:00:00,4772.195,4782.66,4767.14,4768.8,0.0,0.0,0.0004145741818657452,14794,0.0,0.0,-0.3930412371133789,2026-04-09,GOLD
2026-04-09 23:00:00,4768.91,4773.46,4761.07,4765.745,0.0,0.0,0.00038419551261188354,6981,0.0,0.0,-0.12267958030665754,2026-04-08,GOLD
2026-04-09 23:00:00,4768.91,4773.46,4761.07,4765.745,0.0,0.0,0.00038419551261188354,6981,0.0,0.0,-0.12267958030665754,2026-04-09,GOLD
2026-04-10 01:00:00,4766.77,4780.655,4758.8150000000005,4764.1849999999995,0.0,0.0,0.0007965306886846829,6853,0.0,0.0,-0.254120879120938,2026-04-09,GOLD
2026-04-10 01:00:00,4766.77,4780.655,4758.8150000000005,4764.1849999999995,0.0,0.0,0.0007965306886846829,6853,0.0,0.0,-0.254120879120938,2026-04-08,GOLD
2026-04-10 02:00:00,4764.21,4764.395,4756.99,4763.8,0.0,0.0,0.0004285482329409878,6121,0.0,0.0,0.4196488858878863,2026-04-09,GOLD
2026-04-10 02:00:00,4764.21,4764.395,4756.99,4763.8,0.0,0.0,0.0004285482329409878,6121,0.0,0.0,0.4196488858878863,2026-04-08,GOLD
2026-04-10 03:00:00,4764.025,4764.025,4750.87,4762.875,0.0,0.0,0.0005355459247274413,11280,0.0,0.0,0.41258076776890057,2026-04-09,GOLD
2026-04-10 03:00:00,4764.025,4764.025,4750.87,4762.875,0.0,0.0,0.0005355459247274413,11280,0.0,0.0,0.41258076776890057,2026-04-08,GOLD
2026-04-10 04:00:00,4762.895,4777.16,4758.05,4764.62,0.0,0.0,0.0005377461994626602,18165,0.0,0.0,-0.15620094191521317,2026-04-09,GOLD
2026-04-10 04:00:00,4762.895,4777.16,4758.05,4764.62,0.0,0.0,0.0005377461994626602,18165,0.0,0.0,-0.15620094191521317,2026-04-08,GOLD
2026-04-10 05:00:00,4764.655,4765.48,4738.135,4753.115,0.0,0.0,0.00048387886812544846,15754,0.0,0.0,0.0478149570305329,2026-04-10,GOLD
2026-04-10 05:00:00,4764.655,4765.48,4738.135,4753.115,0.0,0.0,0.00048386267409864946,15754,0.0,0.0,0.0478149570305329,2026-04-09,GOLD
2026-04-10 05:00:00,4764.655,4765.48,4738.135,4753.115,0.0,0.0,0.00048386267409864946,15754,0.0,0.0,0.0478149570305329,2026-04-08,GOLD
2026-04-10 06:00:00,4753.075,4769.72,4752.94,4766.59,0.0,0.0,0.0003765998688867804,12705,0.0,0.0,0.31346841477950016,2026-04-09,GOLD
2026-04-10 06:00:00,4753.075,4769.72,4752.94,4766.59,0.0,0.0,0.0003765998688867804,12705,0.0,0.0,0.31346841477950016,2026-04-08,GOLD
2026-04-10 06:00:00,4753.075,4769.72,4752.94,4766.59,0.0,0.0,0.0003765998688867804,12705,0.0,0.0,0.31346841477950016,2026-04-10,GOLD
2026-04-10 07:00:00,4766.58,4770.92,4758.085,4758.715,0.0,0.0,0.0003446426624594564,7083,0.0,0.0,-0.450915465523985,2026-04-10,GOLD
2026-04-10 07:00:00,4766.58,4770.92,4758.085,4758.715,0.0,0.0,0.0003446426624594564,7083,0.0,0.0,-0.450915465523985,2026-04-08,GOLD
2026-04-10 07:00:00,4766.58,4770.92,4758.085,4758.715,0.0,0.0,0.0003446426624594564,7083,0.0,0.0,-0.450915465523985,2026-04-09,GOLD
2026-04-10 08:00:00,4758.75,4769.3,4757.495,4765.995,0.0,0.0,0.00039619423714336115,11685,0.0,0.0,0.22003388394746212,2026-04-09,GOLD
2026-04-10 08:00:00,4758.75,4769.3,4757.495,4765.995,0.0,0.0,0.00039619423714336115,11685,0.0,0.0,0.22003388394746212,2026-04-10,GOLD
2026-04-10 08:00:00,4758.75,4769.3,4757.495,4765.995,0.0,0.0,0.00039619423714336115,11685,0.0,0.0,0.22003388394746212,2026-04-08,GOLD
2026-04-10 09:00:00,4765.93,4766.005,4743.05,4746.385,0.0,0.0,0.0004504795456621955,17281,0.0,0.0,-0.35471574820300383,2026-04-09,GOLD
2026-04-10 09:00:00,4765.93,4766.005,4743.05,4746.385,0.0,0.0,0.0004504795456621955,17281,0.0,0.0,-0.35471574820300383,2026-04-10,GOLD
2026-04-10 09:00:00,4765.93,4766.005,4743.05,4746.385,0.0,0.0,0.0004504795456621955,17281,0.0,0.0,-0.35471574820300383,2026-04-08,GOLD
2026-04-10 10:00:00,4746.055,4757.6900000000005,4741.45,4749.71,0.0,0.0,0.0004288482146690542,9489,0.0,0.0,0.008620689655192209,2026-04-10,GOLD
2026-04-10 10:00:00,4746.055,4757.6900000000005,4741.45,4749.71,0.0,0.0,0.0004288482146690542,9489,0.0,0.0,0.008620689655192209,2026-04-09,GOLD
2026-04-10 10:00:00,4746.055,4757.6900000000005,4741.45,4749.71,0.0,0.0,0.0004288482146690542,9489,0.0,0.0,0.008620689655192209,2026-04-08,GOLD
2026-04-10 11:00:00,4749.81,4753.455,4730.735,4740.82,0.0,0.0,0.0004827534461726944,12108,0.0,0.0,-0.056117957746462235,2026-04-08,GOLD
2026-04-10 11:00:00,4749.81,4753.455,4730.735,4740.82,0.0,0.0,0.0004827534461726944,12108,0.0,0.0,-0.056117957746462235,2026-04-09,GOLD
2026-04-10 11:00:00,4749.81,4753.455,4730.735,4740.82,0.0,0.0,0.0004827534461726944,12108,0.0,0.0,-0.056117957746462235,2026-04-10,GOLD
2026-04-10 12:00:00,4740.87,4760.855,4740.76,4751.63,0.0,0.0,0.0005474565286914022,13262,0.0,0.0,0.04093057974621772,2026-04-09,GOLD
2026-04-10 12:00:00,4740.87,4760.855,4740.76,4751.63,0.0,0.0,0.0005474565286914022,13262,0.0,0.0,0.04093057974621772,2026-04-10,GOLD
2026-04-10 12:00:00,4740.87,4760.855,4740.76,4751.63,0.0,0.0,0.0005474565286914022,13262,0.0,0.0,0.04093057974621772,2026-04-08,GOLD
2026-04-10 13:00:00,4751.64,4760.775,4742.525,4757.24,0.0,0.0,0.0003818242211782966,10522,0.0,0.0,0.3063013698630217,2026-04-08,GOLD
2026-04-10 13:00:00,4751.64,4760.775,4742.525,4757.24,0.0,0.0,0.0003818242211782966,10522,0.0,0.0,0.3063013698630217,2026-04-09,GOLD
2026-04-10 13:00:00,4751.64,4760.775,4742.525,4757.24,0.0,0.0,0.0003818242211782966,10522,0.0,0.0,0.3063013698630217,2026-04-10,GOLD
2026-04-10 14:00:00,4757.265,4768.91,4753.425,4768.195,0.0,0.0,0.0003654939587272439,10247,0.0,0.0,0.45382628350018045,2026-04-10,GOLD
2026-04-10 14:00:00,4757.265,4768.91,4753.425,4768.195,0.0,0.0,0.0003654939587272439,10247,0.0,0.0,0.45382628350018045,2026-04-08,GOLD
2026-04-10 14:00:00,4757.265,4768.91,4753.425,4768.195,0.0,0.0,0.0003654939587272439,10247,0.0,0.0,0.45382628350018045,2026-04-09,GOLD
2026-04-10 15:00:00,4768.25,4782.39,4759.875,4771.87,0.0,0.0,0.0006543137233783478,18096,0.0,0.0,0.032755940484129296,2026-04-10,GOLD
2026-04-10 15:00:00,4768.25,4782.39,4759.875,4771.87,0.0,0.0,0.0006543137233783478,18096,0.0,0.0,0.032755940484129296,2026-04-09,GOLD
2026-04-10 15:00:00,4768.25,4782.39,4759.875,4771.87,0.0,0.0,0.0006543137233783478,18096,0.0,0.0,0.032755940484129296,2026-04-08,GOLD
2026-04-10 16:00:00,4771.889999999999,4780.215,4765.47,4775.225,0.0,0.0,0.0006435105092410895,22669,0.0,0.0,0.16158019667682105,2026-04-09,GOLD
2026-04-10 16:00:00,4771.889999999999,4780.215,4765.47,4775.225,0.0,0.0,0.0006435105092410895,22669,0.0,0.0,0.16158019667682105,2026-04-08,GOLD
2026-04-10 16:00:00,4771.889999999999,4780.215,4765.47,4775.225,0.0,0.0,0.0006435105092410895,22669,0.0,0.0,0.16158019667682105,2026-04-10,GOLD
2026-04-10 17:00:00,4775.26,4795.219999999999,4767.58,4774.85,0.0,0.0,0.0006518344787485134,24044,0.0,0.0,-0.23697539797392947,2026-04-09,GOLD
2026-04-10 17:00:00,4775.26,4795.219999999999,4767.58,4774.85,0.0,0.0,0.0006518344787485134,24044,0.0,0.0,-0.23697539797392947,2026-04-08,GOLD
2026-04-10 17:00:00,4775.26,4795.219999999999,4767.58,4774.85,0.0,0.0,0.0006518344787485134,24044,0.0,0.0,-0.23697539797392947,2026-04-10,GOLD
2026-04-10 18:00:00,4775.04,4787.4,4755.45,4762.4,0.0,0.0,0.0005850618905336393,21896,0.0,0.0,-0.28247261345851915,2026-04-09,GOLD
2026-04-10 18:00:00,4775.04,4787.4,4755.45,4762.4,0.0,0.0,0.0005850618905336393,21896,0.0,0.0,-0.28247261345851915,2026-04-08,GOLD
2026-04-10 18:00:00,4775.04,4787.4,4755.45,4762.4,0.0,0.0,0.0005850618905336393,21896,0.0,0.0,-0.28247261345851915,2026-04-10,GOLD
2026-04-10 19:00:00,4762.195,4766.2,4747.735000000001,4763.915,0.0,0.0,0.0005318086022006299,18675,0.0,0.0,0.37625236934739215,2026-04-10,GOLD
2026-04-10 19:00:00,4762.195,4766.2,4747.735000000001,4763.915,0.0,0.0,0.0005318086022006299,18675,0.0,0.0,0.37625236934739215,2026-04-08,GOLD
2026-04-10 19:00:00,4762.195,4766.2,4747.735000000001,4763.915,0.0,0.0,0.0005318086022006299,18675,0.0,0.0,0.37625236934739215,2026-04-09,GOLD
2026-04-10 20:00:00,4763.99,4768.745,4758.285,4760.505,0.0,0.0,0.0004162852252123854,14212,0.0,0.0,-0.2877629063096844,2026-04-09,GOLD
2026-04-10 20:00:00,4763.99,4768.745,4758.285,4760.505,0.0,0.0,0.0004162852252123854,14212,0.0,0.0,-0.2877629063096844,2026-04-08,GOLD
2026-04-10 20:00:00,4763.99,4768.745,4758.285,4760.505,0.0,0.0,0.0004162852252123854,14212,0.0,0.0,-0.2877629063096844,2026-04-10,GOLD
2026-04-10 21:00:00,4760.515,4773.365,4751.075,4772.389999999999,0.0,0.0,0.0004450861183849375,8336,0.0,0.0,0.45625841184388016,2026-04-08,GOLD
2026-04-10 21:00:00,4760.515,4773.365,4751.075,4765.38,0.0,0.0,0.00042255765259208996,11268,0.0,0.0,0.14176760879321532,2026-04-09,GOLD
2026-04-10 21:00:00,4760.515,4773.365,4751.075,4765.38,0.0,0.0,0.00042255765259208996,11268,0.0,0.0,0.14176760879321532,2026-04-10,GOLD
2026-04-10 22:00:00,4765.445,4770.57,4758.370000000001,4759.845,0.0,0.0,0.0003494949890528828,11201,0.0,0.0,-0.3790983606557716,2026-04-10,GOLD
2026-04-10 22:00:00,4765.445,4770.57,4758.370000000001,4759.845,0.0,0.0,0.0003494949890528828,11201,0.0,0.0,-0.3790983606557716,2026-04-09,GOLD
2026-04-10 23:00:00,4759.969999999999,4760.025,4741.29,4749.445,0.0,0.0,0.00046270755190398017,9715,0.0,0.0,-0.06471844141978422,2026-04-10,GOLD
2026-04-10 23:00:00,4759.969999999999,4760.025,4741.29,4749.445,0.0,0.0,0.00046270755190398017,9715,0.0,0.0,-0.06471844141978422,2026-04-09,GOLD
2026-04-13 01:00:00,4690.425,4692.360000000001,4644.44,4659.1900000000005,0.0,0.0,0.0011273826978861234,20045,0.0,0.0,-0.19219532554254878,2026-04-10,GOLD
2026-04-13 01:00:00,4690.425,4692.360000000001,4644.44,4659.1900000000005,0.0,0.0,0.0011274389266014405,20045,0.0,0.0,-0.19219532554254878,2026-04-12,GOLD
2026-04-13 01:00:00,4690.425,4692.360000000001,4644.44,4659.1900000000005,0.0,0.0,0.0011273826978861234,20045,0.0,0.0,-0.19219532554254878,2026-04-09,GOLD
2026-04-13 01:00:00,4690.425,4692.360000000001,4644.44,4659.1900000000005,0.0,0.0,0.0011274389266014405,20045,0.0,0.0,-0.19219532554254878,2026-04-11,GOLD
2026-04-13 02:00:00,4659.165,4671.969999999999,4644.505,4671.405,0.0,0.0,0.0005202406190369063,15821,0.0,0.0,0.4794283633715944,2026-04-10,GOLD
2026-04-13 02:00:00,4659.165,4671.969999999999,4644.505,4671.405,0.0,0.0,0.0005202406190369063,15821,0.0,0.0,0.4794283633715944,2026-04-12,GOLD
2026-04-13 02:00:00,4659.165,4671.969999999999,4644.505,4671.405,0.0,0.0,0.0005202406190369063,15821,0.0,0.0,0.4794283633715944,2026-04-11,GOLD
2026-04-13 02:00:00,4659.165,4671.969999999999,4644.505,4671.405,0.0,0.0,0.0005202406190369063,15821,0.0,0.0,0.4794283633715944,2026-04-09,GOLD
2026-04-13 03:00:00,4671.485,4698.57,4664.755,4695.715,0.0,0.0,0.0005327084289031261,17291,0.0,0.0,0.41557001330770216,2026-04-11,GOLD
2026-04-13 03:00:00,4671.485,4698.57,4664.755,4695.715,0.0,0.0,0.0005327084289031261,17291,0.0,0.0,0.41557001330770216,2026-04-10,GOLD
2026-04-13 03:00:00,4671.485,4698.57,4664.755,4695.715,0.0,0.0,0.0005327084289031261,17291,0.0,0.0,0.41557001330770216,2026-04-12,GOLD
2026-04-13 03:00:00,4671.485,4698.57,4664.755,4695.715,0.0,0.0,0.0005327084289031261,17291,0.0,0.0,0.41557001330770216,2026-04-09,GOLD
2026-04-13 04:00:00,4694.924999999999,4728.195,4693.885,4721.355,0.0,0.0,0.0007071562679286026,23959,0.0,0.0,0.30064121247449005,2026-04-12,GOLD
2026-04-13 04:00:00,4694.924999999999,4728.195,4693.885,4721.355,0.0,0.0,0.0007071562679286026,23959,0.0,0.0,0.30064121247449005,2026-04-10,GOLD
2026-04-13 04:00:00,4694.924999999999,4728.195,4693.885,4721.355,0.0,0.0,0.0007071562679286026,23959,0.0,0.0,0.30064121247449005,2026-04-09,GOLD
2026-04-13 04:00:00,4694.924999999999,4728.195,4693.885,4721.355,0.0,0.0,0.0007071562679286026,23959,0.0,0.0,0.30064121247449005,2026-04-11,GOLD
2026-04-13 05:00:00,4721.345,4728.07,4711.3,4720.615,0.0,0.0,0.0004664751495654784,17521,0.0,0.0,0.05545617173526042,2026-04-11,GOLD
2026-04-13 05:00:00,4721.345,4728.07,4711.3,4720.615,0.0,0.0,0.0004664751495654784,17521,0.0,0.0,0.05545617173526042,2026-04-12,GOLD
2026-04-13 05:00:00,4721.345,4728.07,4711.3,4720.615,0.0,0.0,0.0004665001440701015,17521,0.0,0.0,0.05545617173526042,2026-04-13,GOLD
2026-04-13 05:00:00,4721.345,4728.07,4711.3,4720.615,0.0,0.0,0.0004664751495654784,17521,0.0,0.0,0.05545617173526042,2026-04-10,GOLD
2026-04-13 05:00:00,4721.345,4728.07,4711.3,4720.615,0.0,0.0,0.0004664751495654784,17521,0.0,0.0,0.05545617173526042,2026-04-09,GOLD
2026-04-13 06:00:00,4720.605,4724.04,4712.389999999999,4718.295,0.0,0.0,0.00035451699670722904,12913,0.0,0.0,0.006866952789693004,2026-04-12,GOLD
2026-04-13 06:00:00,4720.605,4724.04,4712.389999999999,4718.295,0.0,0.0,0.00035451699670722904,12913,0.0,0.0,0.006866952789693004,2026-04-10,GOLD
2026-04-13 06:00:00,4720.605,4724.04,4712.389999999999,4718.295,0.0,0.0,0.00035451699670722904,12913,0.0,0.0,0.006866952789693004,2026-04-11,GOLD
2026-04-13 06:00:00,4720.605,4724.04,4712.389999999999,4718.295,0.0,0.0,0.00035451699670722904,12913,0.0,0.0,0.006866952789693004,2026-04-13,GOLD
2026-04-13 06:00:00,4720.605,4724.04,4712.389999999999,4718.295,0.0,0.0,0.00035451699670722904,12913,0.0,0.0,0.006866952789693004,2026-04-09,GOLD
2026-04-13 07:00:00,4718.285,4725.06,4708.76,4723.235,0.0,0.0,0.0003784730442536229,9563,0.0,0.0,0.3880368098159354,2026-04-09,GOLD
2026-04-13 07:00:00,4718.285,4725.06,4708.76,4723.235,0.0,0.0,0.0003784730442536229,9563,0.0,0.0,0.3880368098159354,2026-04-11,GOLD
2026-04-13 07:00:00,4718.285,4725.06,4708.76,4723.235,0.0,0.0,0.0003784730442536229,9563,0.0,0.0,0.3880368098159354,2026-04-10,GOLD
2026-04-13 07:00:00,4718.285,4725.06,4708.76,4723.235,0.0,0.0,0.0003784730442536229,9563,0.0,0.0,0.3880368098159354,2026-04-12,GOLD
2026-04-13 07:00:00,4718.285,4725.06,4708.76,4723.235,0.0,0.0,0.0003784730442536229,9563,0.0,0.0,0.3880368098159354,2026-04-13,GOLD
2026-04-13 08:00:00,4723.29,4730.865,4716.525,4729.52,0.0,0.0,0.00042176168158014957,14165,0.0,0.0,0.40620641562068815,2026-04-09,GOLD
2026-04-13 08:00:00,4723.29,4730.865,4716.525,4729.52,0.0,0.0,0.00042176168158014957,14165,0.0,0.0,0.40620641562068815,2026-04-11,GOLD
2026-04-13 08:00:00,4723.29,4730.865,4716.525,4729.52,0.0,0.0,0.00042176168158014957,14165,0.0,0.0,0.40620641562068815,2026-04-10,GOLD
2026-04-13 08:00:00,4723.29,4730.865,4716.525,4729.52,0.0,0.0,0.00042176168158014957,14165,0.0,0.0,0.40620641562068815,2026-04-12,GOLD
2026-04-13 08:00:00,4723.29,4730.865,4716.525,4729.52,0.0,0.0,0.00042176168158014957,14165,0.0,0.0,0.40620641562068815,2026-04-13,GOLD
2026-04-13 09:00:00,4729.54,4732.860000000001,4720.9349999999995,4725.715,0.0,0.0,0.00041618691108143835,18295,0.0,0.0,-0.09916142557650169,2026-04-11,GOLD
2026-04-13 09:00:00,4729.54,4732.860000000001,4720.9349999999995,4725.715,0.0,0.0,0.00041618691108143835,18295,0.0,0.0,-0.09916142557650169,2026-04-12,GOLD
2026-04-13 09:00:00,4729.54,4732.860000000001,4720.9349999999995,4725.715,0.0,0.0,0.00041618691108143835,18295,0.0,0.0,-0.09916142557650169,2026-04-13,GOLD
2026-04-13 09:00:00,4729.54,4732.860000000001,4720.9349999999995,4725.715,0.0,0.0,0.00041618691108143835,18295,0.0,0.0,-0.09916142557650169,2026-04-09,GOLD
2026-04-13 09:00:00,4729.54,4732.860000000001,4720.9349999999995,4725.715,0.0,0.0,0.00041618691108143835,18295,0.0,0.0,-0.09916142557650169,2026-04-10,GOLD
2026-04-13 10:00:00,4725.8,4740.13,4724.945,4733.75,0.0,0.0,0.0004672615780943778,17221,0.0,0.0,0.07984853473820246,2026-04-13,GOLD
2026-04-13 10:00:00,4725.8,4740.13,4724.945,4733.75,0.0,0.0,0.0004672615780943778,17221,0.0,0.0,0.07984853473820246,2026-04-09,GOLD
2026-04-13 10:00:00,4725.8,4740.13,4724.945,4733.75,0.0,0.0,0.0004672615780943778,17221,0.0,0.0,0.07984853473820246,2026-04-12,GOLD
2026-04-13 10:00:00,4725.8,4740.13,4724.945,4733.75,0.0,0.0,0.0004672615780943778,17221,0.0,0.0,0.07984853473820246,2026-04-10,GOLD
2026-04-13 10:00:00,4725.8,4740.13,4724.945,4733.75,0.0,0.0,0.0004672615780943778,17221,0.0,0.0,0.07984853473820246,2026-04-11,GOLD
2026-04-13 11:00:00,4733.575000000001,4738.7,4720.29,4723.4349999999995,0.0,0.0,0.00044989857062560705,12976,0.0,0.0,-0.32916892992941055,2026-04-09,GOLD
2026-04-13 11:00:00,4733.575000000001,4738.7,4720.29,4723.4349999999995,0.0,0.0,0.00044989857062560705,12976,0.0,0.0,-0.32916892992941055,2026-04-13,GOLD
2026-04-13 11:00:00,4733.575000000001,4738.7,4720.29,4723.4349999999995,0.0,0.0,0.00044989857062560705,12976,0.0,0.0,-0.32916892992941055,2026-04-11,GOLD
2026-04-13 11:00:00,4733.575000000001,4738.7,4720.29,4723.4349999999995,0.0,0.0,0.00044989857062560705,12976,0.0,0.0,-0.32916892992941055,2026-04-12,GOLD
2026-04-13 11:00:00,4733.575000000001,4738.7,4720.29,4723.4349999999995,0.0,0.0,0.00044989857062560705,12976,0.0,0.0,-0.32916892992941055,2026-04-10,GOLD
2026-04-13 12:00:00,4723.425,4728.645,4710.635,4714.675,0.0,0.0,0.0004708148470109117,12774,0.0,0.0,-0.27568017767907194,2026-04-11,GOLD
2026-04-13 12:00:00,4723.425,4728.645,4710.635,4714.675,0.0,0.0,0.0004708148470109117,12774,0.0,0.0,-0.27568017767907194,2026-04-13,GOLD
2026-04-13 12:00:00,4723.425,4728.645,4710.635,4714.675,0.0,0.0,0.0004708148470109117,12774,0.0,0.0,-0.27568017767907194,2026-04-09,GOLD
2026-04-13 12:00:00,4723.425,4728.645,4710.635,4714.675,0.0,0.0,0.0004708148470109117,12774,0.0,0.0,-0.27568017767907194,2026-04-12,GOLD
2026-04-13 12:00:00,4723.425,4728.645,4710.635,4714.675,0.0,0.0,0.0004708148470109117,12774,0.0,0.0,-0.27568017767907194,2026-04-10,GOLD
2026-04-13 13:00:00,4714.695,4724.045,4708.6,4722.1849999999995,0.0,0.0,0.00037700321605319296,10917,0.0,0.0,0.3795726772417859,2026-04-09,GOLD
2026-04-13 13:00:00,4714.695,4724.045,4708.6,4722.1849999999995,0.0,0.0,0.00037700321605319296,10917,0.0,0.0,0.3795726772417859,2026-04-13,GOLD
2026-04-13 13:00:00,4714.695,4724.045,4708.6,4722.1849999999995,0.0,0.0,0.00037700321605319296,10917,0.0,0.0,0.3795726772417859,2026-04-10,GOLD
2026-04-13 13:00:00,4714.695,4724.045,4708.6,4722.1849999999995,0.0,0.0,0.00037700321605319296,10917,0.0,0.0,0.3795726772417859,2026-04-11,GOLD
2026-04-13 13:00:00,4714.695,4724.045,4708.6,4722.1849999999995,0.0,0.0,0.00037700321605319296,10917,0.0,0.0,0.3795726772417859,2026-04-12,GOLD
2026-04-13 14:00:00,4722.265,4729.235,4703.87,4706.735,0.0,0.0,0.0004958361947391681,14733,0.0,0.0,-0.38704908338262145,2026-04-10,GOLD
2026-04-13 14:00:00,4722.265,4729.235,4703.87,4706.735,0.0,0.0,0.0004958361947391681,14733,0.0,0.0,-0.38704908338262145,2026-04-13,GOLD
2026-04-13 14:00:00,4722.265,4729.235,4703.87,4706.735,0.0,0.0,0.0004958361947391681,14733,0.0,0.0,-0.38704908338262145,2026-04-11,GOLD
2026-04-13 14:00:00,4722.265,4729.235,4703.87,4706.735,0.0,0.0,0.0004958361947391681,14733,0.0,0.0,-0.38704908338262145,2026-04-12,GOLD
2026-04-13 14:00:00,4722.265,4729.235,4703.87,4706.735,0.0,0.0,0.0004958361947391681,14733,0.0,0.0,-0.38704908338262145,2026-04-09,GOLD
2026-04-13 15:00:00,4707.01,4725.27,4703.76,4723.59,0.0,0.0,0.0005225385174958384,16835,0.0,0.0,0.42189679218966647,2026-04-10,GOLD
2026-04-13 15:00:00,4707.01,4725.27,4703.76,4723.59,0.0,0.0,0.0005225385174958384,16835,0.0,0.0,0.42189679218966647,2026-04-13,GOLD
2026-04-13 15:00:00,4707.01,4725.27,4703.76,4723.59,0.0,0.0,0.0005225385174958384,16835,0.0,0.0,0.42189679218966647,2026-04-09,GOLD
2026-04-13 15:00:00,4707.01,4725.27,4703.76,4723.59,0.0,0.0,0.0005225385174958384,16835,0.0,0.0,0.42189679218966647,2026-04-12,GOLD
2026-04-13 15:00:00,4707.01,4725.27,4703.76,4723.59,0.0,0.0,0.0005225385174958384,16835,0.0,0.0,0.42189679218966647,2026-04-11,GOLD
2026-04-13 16:00:00,4723.51,4744.755,4721.514999999999,4730.825000000001,0.0,0.0,0.0007394772906994558,25584,0.0,0.0,-0.09939759036142091,2026-04-11,GOLD
2026-04-13 16:00:00,4723.51,4744.755,4721.514999999999,4730.825000000001,0.0,0.0,0.0007394772906994558,25584,0.0,0.0,-0.09939759036142091,2026-04-12,GOLD
2026-04-13 16:00:00,4723.51,4744.755,4721.514999999999,4730.825000000001,0.0,0.0,0.0007394772906994558,25584,0.0,0.0,-0.09939759036142091,2026-04-13,GOLD
2026-04-13 16:00:00,4723.51,4744.755,4721.514999999999,4730.825000000001,0.0,0.0,0.0007394772906994558,25584,0.0,0.0,-0.09939759036142091,2026-04-09,GOLD
2026-04-13 16:00:00,4723.51,4744.755,4721.514999999999,4730.825000000001,0.0,0.0,0.0007394772906994558,25584,0.0,0.0,-0.09939759036142091,2026-04-10,GOLD
2026-04-13 17:00:00,4730.639999999999,4731.355,4708.93,4719.25,0.0,0.0,0.0006573977056703765,25642,0.0,0.0,-0.03979933110367698,2026-04-11,GOLD
2026-04-13 17:00:00,4730.639999999999,4731.355,4708.93,4719.25,0.0,0.0,0.0006573977056703765,25642,0.0,0.0,-0.03979933110367698,2026-04-12,GOLD
2026-04-13 17:00:00,4730.639999999999,4731.355,4708.93,4719.25,0.0,0.0,0.0006573977056703765,25642,0.0,0.0,-0.03979933110367698,2026-04-09,GOLD
2026-04-13 17:00:00,4730.639999999999,4731.355,4708.93,4719.25,0.0,0.0,0.0006573977056703765,25642,0.0,0.0,-0.03979933110367698,2026-04-13,GOLD
2026-04-13 17:00:00,4730.639999999999,4731.355,4708.93,4719.25,0.0,0.0,0.0006573977056703765,25642,0.0,0.0,-0.03979933110367698,2026-04-10,GOLD
2026-04-13 18:00:00,4719.195,4719.98,4700.4349999999995,4714.615,0.0,0.0,0.0005578046946952741,22074,0.0,0.0,0.22550524430801935,2026-04-13,GOLD
2026-04-13 18:00:00,4719.195,4719.98,4700.4349999999995,4714.615,0.0,0.0,0.0005578046946952741,22074,0.0,0.0,0.22550524430801935,2026-04-10,GOLD
2026-04-13 18:00:00,4719.195,4719.98,4700.4349999999995,4714.615,0.0,0.0,0.0005578046946952741,22074,0.0,0.0,0.22550524430801935,2026-04-09,GOLD
2026-04-13 18:00:00,4719.195,4719.98,4700.4349999999995,4714.615,0.0,0.0,0.0005578046946952741,22074,0.0,0.0,0.22550524430801935,2026-04-11,GOLD
2026-04-13 18:00:00,4719.195,4719.98,4700.4349999999995,4714.615,0.0,0.0,0.0005578046946952741,22074,0.0,0.0,0.22550524430801935,2026-04-12,GOLD
2026-04-13 19:00:00,4714.525,4746.305,4709.475,4733.1849999999995,0.0,0.0,0.0006585093778988535,24549,0.0,0.0,0.1437686668476561,2026-04-13,GOLD
2026-04-13 19:00:00,4714.525,4746.305,4709.475,4733.1849999999995,0.0,0.0,0.0006585093778988535,24549,0.0,0.0,0.1437686668476561,2026-04-10,GOLD
2026-04-13 19:00:00,4714.525,4746.305,4709.475,4733.1849999999995,0.0,0.0,0.0006585093778988535,24549,0.0,0.0,0.1437686668476561,2026-04-09,GOLD
2026-04-13 19:00:00,4714.525,4746.305,4709.475,4733.1849999999995,0.0,0.0,0.0006585093778988535,24549,0.0,0.0,0.1437686668476561,2026-04-12,GOLD
2026-04-13 19:00:00,4714.525,4746.305,4709.475,4733.1849999999995,0.0,0.0,0.0006585093778988535,24549,0.0,0.0,0.1437686668476561,2026-04-11,GOLD
2026-04-13 20:00:00,4733.195,4750.26,4725.615,4730.01,0.0,0.0,0.0004795627901301603,17430,0.0,0.0,-0.32166768107119664,2026-04-12,GOLD
2026-04-13 20:00:00,4733.195,4750.26,4725.615,4730.01,0.0,0.0,0.0004795627901301603,17430,0.0,0.0,-0.32166768107119664,2026-04-11,GOLD
2026-04-13 20:00:00,4733.195,4750.26,4725.615,4730.01,0.0,0.0,0.0004795627901301603,17430,0.0,0.0,-0.32166768107119664,2026-04-13,GOLD
2026-04-13 20:00:00,4733.195,4750.26,4725.615,4730.01,0.0,0.0,0.0004795627901301603,17430,0.0,0.0,-0.32166768107119664,2026-04-10,GOLD
2026-04-13 20:00:00,4733.195,4750.26,4725.615,4730.01,0.0,0.0,0.0004795627901301603,17430,0.0,0.0,-0.32166768107119664,2026-04-09,GOLD
2026-04-13 21:00:00,4730.014999999999,4740.915,4723.389999999999,4738.46,0.0,0.0,0.00036642534363045637,14907,0.0,0.0,0.3599144079885703,2026-04-10,GOLD
2026-04-13 21:00:00,4730.014999999999,4740.915,4723.389999999999,4738.46,0.0,0.0,0.00036642534363045637,14907,0.0,0.0,0.3599144079885703,2026-04-12,GOLD
2026-04-13 21:00:00,4730.014999999999,4740.915,4723.389999999999,4738.46,0.0,0.0,0.00036642534363045637,14907,0.0,0.0,0.3599144079885703,2026-04-13,GOLD
2026-04-13 21:00:00,4730.014999999999,4740.915,4723.389999999999,4738.46,0.0,0.0,0.00036642534363045637,14907,0.0,0.0,0.3599144079885703,2026-04-11,GOLD
2026-04-13 21:00:00,4730.014999999999,4740.915,4723.389999999999,4738.46,0.0,0.0,0.00036642534363045637,14907,0.0,0.0,0.3599144079885703,2026-04-09,GOLD
2026-04-13 22:00:00,4738.455,4747.575,4730.705,4741.3099999999995,0.0,0.0,0.0003418596491710394,13920,0.0,0.0,0.12863070539419602,2026-04-12,GOLD
2026-04-13 22:00:00,4738.455,4747.575,4730.705,4741.3099999999995,0.0,0.0,0.0003418596491710394,13920,0.0,0.0,0.12863070539419602,2026-04-10,GOLD
2026-04-13 22:00:00,4738.455,4747.575,4730.705,4741.3099999999995,0.0,0.0,0.0003418596491710394,13920,0.0,0.0,0.12863070539419602,2026-04-09,GOLD
2026-04-13 22:00:00,4738.455,4747.575,4730.705,4741.3099999999995,0.0,0.0,0.0003418596491710394,13920,0.0,0.0,0.12863070539419602,2026-04-11,GOLD
2026-04-13 22:00:00,4738.455,4747.575,4730.705,4741.3099999999995,0.0,0.0,0.0003418596491710394,13920,0.0,0.0,0.12863070539419602,2026-04-13,GOLD
2026-04-13 23:00:00,4741.34,4744.285,4738.34,4740.3,0.0,0.0,0.00033667234845532123,5038,0.0,0.0,-0.17031118587045713,2026-04-12,GOLD
2026-04-13 23:00:00,4741.34,4744.285,4738.34,4740.3,0.0,0.0,0.00033667234845532123,5038,0.0,0.0,-0.17031118587045713,2026-04-09,GOLD
2026-04-13 23:00:00,4741.34,4744.285,4738.34,4740.3,0.0,0.0,0.00033667234845532123,5038,0.0,0.0,-0.17031118587045713,2026-04-11,GOLD
2026-04-13 23:00:00,4741.34,4744.285,4738.34,4740.3,0.0,0.0,0.00033667234845532123,5038,0.0,0.0,-0.17031118587045713,2026-04-13,GOLD
2026-04-13 23:00:00,4741.34,4744.285,4738.34,4740.3,0.0,0.0,0.00033667234845532123,5038,0.0,0.0,-0.17031118587045713,2026-04-10,GOLD
2026-04-14 01:00:00,4744.4349999999995,4759.615,4744.4349999999995,4758.12,0.0,0.0,0.0009430730534191262,6101,0.0,0.0,0.4015151515151606,2026-04-12,GOLD
2026-04-14 01:00:00,4744.4349999999995,4759.615,4744.4349999999995,4758.12,0.0,0.0,0.0009430730534191262,6101,0.0,0.0,0.4015151515151606,2026-04-10,GOLD
2026-04-14 01:00:00,4744.4349999999995,4759.615,4744.4349999999995,4758.12,0.0,0.0,0.0009430730534191262,6101,0.0,0.0,0.4015151515151606,2026-04-11,GOLD
2026-04-14 01:00:00,4744.4349999999995,4759.615,4744.4349999999995,4758.12,0.0,0.0,0.0009430730534191262,6101,0.0,0.0,0.4015151515151606,2026-04-13,GOLD
2026-04-14 01:00:00,4744.4349999999995,4756.025,4744.4349999999995,4749.845,0.0,0.0,0.001755348641627971,1968,0.0,0.0,-0.03321829163065608,2026-04-09,GOLD
2026-04-14 02:00:00,4758.1849999999995,4766.0,4754.625,4757.665,0.0,0.0,0.000366705930610718,8256,0.0,0.0,-0.23274725274725594,2026-04-13,GOLD
2026-04-14 02:00:00,4758.1849999999995,4766.0,4754.625,4757.665,0.0,0.0,0.000366705930610718,8256,0.0,0.0,-0.23274725274725594,2026-04-10,GOLD
2026-04-14 02:00:00,4758.1849999999995,4766.0,4754.625,4757.665,0.0,0.0,0.000366705930610718,8256,0.0,0.0,-0.23274725274725594,2026-04-12,GOLD
2026-04-14 02:00:00,4758.1849999999995,4766.0,4754.625,4757.665,0.0,0.0,0.000366705930610718,8256,0.0,0.0,-0.23274725274725594,2026-04-11,GOLD
2026-04-14 03:00:00,4757.905,4775.86,4751.68,4770.0650000000005,0.0,0.0,0.000489503826878925,14471,0.0,0.0,0.2603391232423587,2026-04-13,GOLD
2026-04-14 03:00:00,4757.905,4775.86,4751.68,4770.0650000000005,0.0,0.0,0.000489503826878925,14471,0.0,0.0,0.2603391232423587,2026-04-11,GOLD
2026-04-14 03:00:00,4757.905,4775.86,4751.68,4770.0650000000005,0.0,0.0,0.000489503826878925,14471,0.0,0.0,0.2603391232423587,2026-04-12,GOLD
2026-04-14 03:00:00,4757.905,4775.86,4751.68,4770.0650000000005,0.0,0.0,0.000489503826878925,14471,0.0,0.0,0.2603391232423587,2026-04-10,GOLD
2026-04-14 04:00:00,4770.04,4777.0,4761.895,4764.83,0.0,0.0,0.0005028168292056224,20023,0.0,0.0,-0.30569347898049815,2026-04-13,GOLD
2026-04-14 04:00:00,4770.04,4777.0,4761.895,4764.83,0.0,0.0,0.0005028168292056224,20023,0.0,0.0,-0.30569347898049815,2026-04-12,GOLD
2026-04-14 04:00:00,4770.04,4777.0,4761.895,4764.83,0.0,0.0,0.0005028168292056224,20023,0.0,0.0,-0.30569347898049815,2026-04-11,GOLD
2026-04-14 04:00:00,4770.04,4777.0,4761.895,4764.83,0.0,0.0,0.0005028168292056224,20023,0.0,0.0,-0.30569347898049815,2026-04-10,GOLD
2026-04-14 05:00:00,4764.86,4777.3099999999995,4762.12,4775.245,0.0,0.0,0.00038552854949905926,11875,0.0,0.0,0.3640552995391633,2026-04-11,GOLD
2026-04-14 05:00:00,4764.86,4777.3099999999995,4762.12,4775.245,0.0,0.0,0.00038552854949905926,11875,0.0,0.0,0.3640552995391633,2026-04-13,GOLD
2026-04-14 05:00:00,4764.86,4777.3099999999995,4762.12,4775.245,0.0,0.0,0.00038552854949905926,11875,0.0,0.0,0.3640552995391633,2026-04-10,GOLD
2026-04-14 05:00:00,4764.86,4777.3099999999995,4762.12,4775.245,0.0,0.0,0.00038552854949905926,11875,0.0,0.0,0.3640552995391633,2026-04-12,GOLD
2026-04-14 05:00:00,4764.86,4777.3099999999995,4762.12,4775.245,0.0,0.0,0.0003855493748065861,11875,0.0,0.0,0.3640552995391633,2026-04-14,GOLD
2026-04-14 06:00:00,4775.23,4775.65,4765.855,4768.15,0.0,0.0,0.00032601598776780925,8603,0.0,0.0,-0.2656967840735012,2026-04-10,GOLD
2026-04-14 06:00:00,4775.23,4775.65,4765.855,4768.15,0.0,0.0,0.00032601598776780925,8603,0.0,0.0,-0.2656967840735012,2026-04-12,GOLD
2026-04-14 06:00:00,4775.23,4775.65,4765.855,4768.15,0.0,0.0,0.00032601598776780925,8603,0.0,0.0,-0.2656967840735012,2026-04-11,GOLD
2026-04-14 06:00:00,4775.23,4775.65,4765.855,4768.15,0.0,0.0,0.00032601598776780925,8603,0.0,0.0,-0.2656967840735012,2026-04-14,GOLD
2026-04-14 06:00:00,4775.23,4775.65,4765.855,4768.15,0.0,0.0,0.00032601598776780925,8603,0.0,0.0,-0.2656967840735012,2026-04-13,GOLD
2026-04-14 07:00:00,4768.285,4777.0,4767.175,4774.295,0.0,0.0,0.0002583572205808039,6437,0.0,0.0,0.22468193384228777,2026-04-12,GOLD
2026-04-14 07:00:00,4768.285,4777.0,4767.175,4774.295,0.0,0.0,0.0002583572205808039,6437,0.0,0.0,0.22468193384228777,2026-04-11,GOLD
2026-04-14 07:00:00,4768.285,4777.0,4767.175,4774.295,0.0,0.0,0.0002583572205808039,6437,0.0,0.0,0.22468193384228777,2026-04-13,GOLD
2026-04-14 07:00:00,4768.285,4777.0,4767.175,4774.295,0.0,0.0,0.0002583572205808039,6437,0.0,0.0,0.22468193384228777,2026-04-14,GOLD
2026-04-14 07:00:00,4768.285,4777.0,4767.175,4774.295,0.0,0.0,0.0002583572205808039,6437,0.0,0.0,0.22468193384228777,2026-04-10,GOLD
2026-04-14 08:00:00,4774.305,4774.365,4758.09,4760.16,0.0,0.0,0.0004103042612379718,12088,0.0,0.0,-0.37281105990784913,2026-04-10,GOLD
2026-04-14 08:00:00,4774.305,4774.365,4758.09,4760.16,0.0,0.0,0.0004103042612379718,12088,0.0,0.0,-0.37281105990784913,2026-04-14,GOLD
2026-04-14 08:00:00,4774.305,4774.365,4758.09,4760.16,0.0,0.0,0.0004103042612379718,12088,0.0,0.0,-0.37281105990784913,2026-04-12,GOLD
2026-04-14 08:00:00,4774.305,4774.365,4758.09,4760.16,0.0,0.0,0.0004103042612379718,12088,0.0,0.0,-0.37281105990784913,2026-04-13,GOLD
2026-04-14 08:00:00,4774.305,4774.365,4758.09,4760.16,0.0,0.0,0.0004103042612379718,12088,0.0,0.0,-0.37281105990784913,2026-04-11,GOLD
2026-04-14 09:00:00,4760.290000000001,4783.19,4760.115,4782.3150000000005,0.0,0.0,0.0003987695828577954,15215,0.0,0.0,0.4620801733477984,2026-04-12,GOLD
2026-04-14 09:00:00,4760.290000000001,4783.19,4760.115,4782.3150000000005,0.0,0.0,0.0003987695828577954,15215,0.0,0.0,0.4620801733477984,2026-04-10,GOLD
2026-04-14 09:00:00,4760.290000000001,4783.19,4760.115,4782.3150000000005,0.0,0.0,0.0003987695828577954,15215,0.0,0.0,0.4620801733477984,2026-04-14,GOLD
2026-04-14 09:00:00,4760.290000000001,4783.19,4760.115,4782.3150000000005,0.0,0.0,0.0003987695828577954,15215,0.0,0.0,0.4620801733477984,2026-04-13,GOLD
2026-04-14 09:00:00,4760.290000000001,4783.19,4760.115,4782.3150000000005,0.0,0.0,0.0003987695828577954,15215,0.0,0.0,0.4620801733477984,2026-04-11,GOLD
2026-04-14 10:00:00,4782.295,4796.405000000001,4768.0,4777.28,0.0,0.0,0.0005490043649954197,18455,0.0,0.0,-0.17329695476150214,2026-04-13,GOLD
2026-04-14 10:00:00,4782.295,4796.405000000001,4768.0,4777.28,0.0,0.0,0.0005490043649954197,18455,0.0,0.0,-0.17329695476150214,2026-04-10,GOLD
2026-04-14 10:00:00,4782.295,4796.405000000001,4768.0,4777.28,0.0,0.0,0.0005490043649954197,18455,0.0,0.0,-0.17329695476150214,2026-04-11,GOLD
2026-04-14 10:00:00,4782.295,4796.405000000001,4768.0,4777.28,0.0,0.0,0.0005490043649954197,18455,0.0,0.0,-0.17329695476150214,2026-04-12,GOLD
2026-04-14 10:00:00,4782.295,4796.405000000001,4768.0,4777.28,0.0,0.0,0.0005490043649954197,18455,0.0,0.0,-0.17329695476150214,2026-04-14,GOLD
2026-04-14 11:00:00,4777.015,4789.98,4774.335,4786.99,0.0,0.0,0.0004369828604669022,14026,0.0,0.0,0.30888462767661123,2026-04-14,GOLD
2026-04-14 11:00:00,4777.015,4789.98,4774.335,4786.99,0.0,0.0,0.0004369828604669022,14026,0.0,0.0,0.30888462767661123,2026-04-12,GOLD
2026-04-14 11:00:00,4777.015,4789.98,4774.335,4786.99,0.0,0.0,0.0004369828604669022,14026,0.0,0.0,0.30888462767661123,2026-04-13,GOLD
2026-04-14 11:00:00,4777.015,4789.98,4774.335,4786.99,0.0,0.0,0.0004369828604669022,14026,0.0,0.0,0.30888462767661123,2026-04-10,GOLD
2026-04-14 11:00:00,4777.015,4789.98,4774.335,4786.99,0.0,0.0,0.0004369828604669022,14026,0.0,0.0,0.30888462767661123,2026-04-11,GOLD
2026-04-14 12:00:00,4787.115,4789.395,4771.610000000001,4778.42,0.0,0.0,0.00043673875259039586,11445,0.0,0.0,-0.11709305594604744,2026-04-14,GOLD
2026-04-14 12:00:00,4787.115,4789.395,4771.610000000001,4778.42,0.0,0.0,0.00043673875259039586,11445,0.0,0.0,-0.11709305594604744,2026-04-10,GOLD
2026-04-14 12:00:00,4787.115,4789.395,4771.610000000001,4778.42,0.0,0.0,0.00043673875259039586,11445,0.0,0.0,-0.11709305594604744,2026-04-13,GOLD
2026-04-14 12:00:00,4787.115,4789.395,4771.610000000001,4778.42,0.0,0.0,0.00043673875259039586,11445,0.0,0.0,-0.11709305594604744,2026-04-12,GOLD
2026-04-14 12:00:00,4787.115,4789.395,4771.610000000001,4778.42,0.0,0.0,0.00043673875259039586,11445,0.0,0.0,-0.11709305594604744,2026-04-11,GOLD
2026-04-14 13:00:00,4778.5,4788.1,4752.504999999999,4768.48,0.0,0.0,0.00047486872485648005,12970,0.0,0.0,-0.051201011378006984,2026-04-11,GOLD
2026-04-14 13:00:00,4778.5,4788.1,4752.504999999999,4768.48,0.0,0.0,0.00047486872485648005,12970,0.0,0.0,-0.051201011378006984,2026-04-14,GOLD
2026-04-14 13:00:00,4778.5,4788.1,4752.504999999999,4768.48,0.0,0.0,0.00047486872485648005,12970,0.0,0.0,-0.051201011378006984,2026-04-13,GOLD
2026-04-14 13:00:00,4778.5,4788.1,4752.504999999999,4768.48,0.0,0.0,0.00047486872485648005,12970,0.0,0.0,-0.051201011378006984,2026-04-12,GOLD
2026-04-14 13:00:00,4778.5,4788.1,4752.504999999999,4768.48,0.0,0.0,0.00047486872485648005,12970,0.0,0.0,-0.051201011378006984,2026-04-10,GOLD
2026-04-14 14:00:00,4768.295,4783.095,4766.9349999999995,4775.06,0.0,0.0,0.0004511569105589871,12645,0.0,0.0,0.002784653465407186,2026-04-13,GOLD
2026-04-14 14:00:00,4768.295,4783.095,4766.9349999999995,4775.06,0.0,0.0,0.0004511569105589871,12645,0.0,0.0,0.002784653465407186,2026-04-10,GOLD
2026-04-14 14:00:00,4768.295,4783.095,4766.9349999999995,4775.06,0.0,0.0,0.0004511569105589871,12645,0.0,0.0,0.002784653465407186,2026-04-12,GOLD
2026-04-14 14:00:00,4768.295,4783.095,4766.9349999999995,4775.06,0.0,0.0,0.0004511569105589871,12645,0.0,0.0,0.002784653465407186,2026-04-11,GOLD
2026-04-14 14:00:00,4768.295,4783.095,4766.9349999999995,4775.06,0.0,0.0,0.0004511569105589871,12645,0.0,0.0,0.002784653465407186,2026-04-14,GOLD
2026-04-14 15:00:00,4775.23,4777.725,4762.4,4771.44,0.0,0.0,0.0005474117171538915,17778,0.0,0.0,0.08988580750404793,2026-04-10,GOLD
2026-04-14 15:00:00,4775.23,4777.725,4762.4,4771.44,0.0,0.0,0.0005474117171538915,17778,0.0,0.0,0.08988580750404793,2026-04-14,GOLD
2026-04-14 15:00:00,4775.23,4777.725,4762.4,4771.44,0.0,0.0,0.0005474117171538915,17778,0.0,0.0,0.08988580750404793,2026-04-13,GOLD
2026-04-14 15:00:00,4775.23,4777.725,4762.4,4771.44,0.0,0.0,0.0005474117171538915,17778,0.0,0.0,0.08988580750404793,2026-04-11,GOLD
2026-04-14 15:00:00,4775.23,4777.725,4762.4,4771.44,0.0,0.0,0.0005474117171538915,17778,0.0,0.0,0.08988580750404793,2026-04-12,GOLD
2026-04-14 16:00:00,4771.46,4803.655000000001,4771.1849999999995,4794.8,0.0,0.0,0.0006180031822866986,24272,0.0,0.0,0.22728672620880333,2026-04-12,GOLD
2026-04-14 16:00:00,4771.46,4803.655000000001,4771.1849999999995,4794.8,0.0,0.0,0.0006180031822866986,24272,0.0,0.0,0.22728672620880333,2026-04-10,GOLD
2026-04-14 16:00:00,4771.46,4803.655000000001,4771.1849999999995,4794.8,0.0,0.0,0.0006180031822866986,24272,0.0,0.0,0.22728672620880333,2026-04-13,GOLD
2026-04-14 16:00:00,4771.46,4803.655000000001,4771.1849999999995,4794.8,0.0,0.0,0.0006180031822866986,24272,0.0,0.0,0.22728672620880333,2026-04-11,GOLD
2026-04-14 16:00:00,4771.46,4803.655000000001,4771.1849999999995,4794.8,0.0,0.0,0.0006180031822866986,24272,0.0,0.0,0.22728672620880333,2026-04-14,GOLD
2026-04-14 17:00:00,4795.535,4818.0,4793.175,4803.975,0.0,0.0,0.0005987937575394146,24040,0.0,0.0,-0.06495468277942736,2026-04-13,GOLD
2026-04-14 17:00:00,4795.535,4818.0,4793.175,4803.975,0.0,0.0,0.0005987937575394146,24040,0.0,0.0,-0.06495468277942736,2026-04-10,GOLD
2026-04-14 17:00:00,4795.535,4818.0,4793.175,4803.975,0.0,0.0,0.0005987937575394146,24040,0.0,0.0,-0.06495468277942736,2026-04-14,GOLD
2026-04-14 17:00:00,4795.535,4818.0,4793.175,4803.975,0.0,0.0,0.0005987937575394146,24040,0.0,0.0,-0.06495468277942736,2026-04-11,GOLD
2026-04-14 17:00:00,4795.535,4818.0,4793.175,4803.975,0.0,0.0,0.0005987937575394146,24040,0.0,0.0,-0.06495468277942736,2026-04-12,GOLD
2026-04-14 18:00:00,4803.945,4816.3,4791.17,4808.285,0.0,0.0,0.0004936099189461505,21896,0.0,0.0,0.18105849582169728,2026-04-13,GOLD
2026-04-14 18:00:00,4803.945,4816.3,4791.17,4808.285,0.0,0.0,0.0004936099189461505,21896,0.0,0.0,0.18105849582169728,2026-04-12,GOLD
2026-04-14 18:00:00,4803.945,4816.3,4791.17,4808.285,0.0,0.0,0.0004936099189461505,21896,0.0,0.0,0.18105849582169728,2026-04-11,GOLD
2026-04-14 18:00:00,4803.945,4816.3,4791.17,4808.285,0.0,0.0,0.0004936099189461505,21896,0.0,0.0,0.18105849582169728,2026-04-14,GOLD
2026-04-14 18:00:00,4803.945,4816.3,4791.17,4808.285,0.0,0.0,0.0004936099189461505,21896,0.0,0.0,0.18105849582169728,2026-04-10,GOLD
2026-04-14 19:00:00,4808.295,4820.4,4805.18,4810.32,0.0,0.0,0.00042494590971424017,16942,0.0,0.0,-0.16228646517742187,2026-04-13,GOLD
2026-04-14 19:00:00,4808.295,4820.4,4805.18,4810.32,0.0,0.0,0.00042494590971424017,16942,0.0,0.0,-0.16228646517742187,2026-04-12,GOLD
2026-04-14 19:00:00,4808.295,4820.4,4805.18,4810.32,0.0,0.0,0.00042494590971424017,16942,0.0,0.0,-0.16228646517742187,2026-04-10,GOLD
2026-04-14 19:00:00,4808.295,4820.4,4805.18,4810.32,0.0,0.0,0.00042494590971424017,16942,0.0,0.0,-0.16228646517742187,2026-04-14,GOLD
2026-04-14 19:00:00,4808.295,4820.4,4805.18,4810.32,0.0,0.0,0.00042494590971424017,16942,0.0,0.0,-0.16228646517742187,2026-04-11,GOLD
2026-04-14 20:00:00,4810.295,4841.445,4809.605,4835.105,0.0,0.0,0.0004687217364573978,16280,0.0,0.0,0.30087939698492094,2026-04-14,GOLD
2026-04-14 20:00:00,4810.295,4841.445,4809.605,4835.105,0.0,0.0,0.0004687217364573978,16280,0.0,0.0,0.30087939698492094,2026-04-10,GOLD
2026-04-14 20:00:00,4810.295,4841.445,4809.605,4835.105,0.0,0.0,0.0004687217364573978,16280,0.0,0.0,0.30087939698492094,2026-04-12,GOLD
2026-04-14 20:00:00,4810.295,4841.445,4809.605,4835.105,0.0,0.0,0.0004687217364573978,16280,0.0,0.0,0.30087939698492094,2026-04-11,GOLD
2026-04-14 20:00:00,4810.295,4841.445,4809.605,4835.105,0.0,0.0,0.0004687217364573978,16280,0.0,0.0,0.30087939698492094,2026-04-13,GOLD
2026-04-14 21:00:00,4835.195,4843.4400000000005,4831.08,4835.66,0.0,0.0,0.0003656542767856409,14281,0.0,0.0,-0.1294498381877256,2026-04-10,GOLD
2026-04-14 21:00:00,4835.195,4843.4400000000005,4831.08,4835.66,0.0,0.0,0.0003656542767856409,14281,0.0,0.0,-0.1294498381877256,2026-04-11,GOLD
2026-04-14 21:00:00,4835.195,4843.4400000000005,4831.08,4835.66,0.0,0.0,0.0003656542767856409,14281,0.0,0.0,-0.1294498381877256,2026-04-12,GOLD
2026-04-14 21:00:00,4835.195,4843.4400000000005,4831.08,4835.66,0.0,0.0,0.0003656542767856409,14281,0.0,0.0,-0.1294498381877256,2026-04-14,GOLD
2026-04-14 21:00:00,4835.195,4843.4400000000005,4831.08,4835.66,0.0,0.0,0.0003656542767856409,14281,0.0,0.0,-0.1294498381877256,2026-04-13,GOLD
2026-04-14 22:00:00,4835.73,4846.34,4835.73,4844.985,0.0,0.0,0.00032639088988379455,14338,0.0,0.0,0.37229029217715376,2026-04-12,GOLD
2026-04-14 22:00:00,4835.73,4846.34,4835.73,4844.985,0.0,0.0,0.00032639088988379455,14338,0.0,0.0,0.37229029217715376,2026-04-13,GOLD
2026-04-14 22:00:00,4835.73,4846.34,4835.73,4844.985,0.0,0.0,0.00032639088988379455,14338,0.0,0.0,0.37229029217715376,2026-04-14,GOLD
2026-04-14 22:00:00,4835.73,4846.34,4835.73,4844.985,0.0,0.0,0.00032639088988379455,14338,0.0,0.0,0.37229029217715376,2026-04-11,GOLD
2026-04-14 22:00:00,4835.73,4846.34,4835.73,4844.985,0.0,0.0,0.00032639088988379455,14338,0.0,0.0,0.37229029217715376,2026-04-10,GOLD
2026-04-14 23:00:00,4844.975,4846.285,4839.75,4841.795,0.0,0.0,0.00032146247331644805,4995,0.0,0.0,-0.18706962509562078,2026-04-12,GOLD
2026-04-14 23:00:00,4844.975,4846.285,4839.75,4841.795,0.0,0.0,0.00032146247331644805,4995,0.0,0.0,-0.18706962509562078,2026-04-14,GOLD
2026-04-14 23:00:00,4844.975,4846.285,4839.75,4841.795,0.0,0.0,0.00032146247331644805,4995,0.0,0.0,-0.18706962509562078,2026-04-11,GOLD
2026-04-14 23:00:00,4844.975,4846.285,4839.75,4841.795,0.0,0.0,0.00032146247331644805,4995,0.0,0.0,-0.18706962509562078,2026-04-10,GOLD
2026-04-14 23:00:00,4844.975,4846.285,4839.75,4841.795,0.0,0.0,0.00032146247331644805,4995,0.0,0.0,-0.18706962509562078,2026-04-13,GOLD
2026-04-15 01:00:00,4840.615,4851.01,4833.4,4835.205,0.0,0.0,0.0006486606049836415,8861,0.0,0.0,-0.3975014196479142,2026-04-13,GOLD
2026-04-15 01:00:00,4840.615,4851.01,4833.4,4835.205,0.0,0.0,0.0006486606049836415,8861,0.0,0.0,-0.3975014196479142,2026-04-10,GOLD
2026-04-15 01:00:00,4840.615,4851.01,4833.4,4835.205,0.0,0.0,0.0006486606049836415,8861,0.0,0.0,-0.3975014196479142,2026-04-11,GOLD
2026-04-15 01:00:00,4840.615,4851.01,4833.4,4835.205,0.0,0.0,0.0006486606049836415,8861,0.0,0.0,-0.3975014196479142,2026-04-12,GOLD
2026-04-15 01:00:00,4840.615,4851.01,4833.4,4835.205,0.0,0.0,0.0006486606049836415,8861,0.0,0.0,-0.3975014196479142,2026-04-14,GOLD
2026-04-15 02:00:00,4835.15,4844.07,4833.91,4841.875,0.0,0.0,0.0003988221440474001,7622,0.0,0.0,0.28395669291341136,2026-04-10,GOLD
2026-04-15 02:00:00,4835.15,4844.07,4833.91,4837.215,0.0,0.0,0.0003939096416373439,11280,0.0,0.0,-0.1747047244094155,2026-04-13,GOLD
2026-04-15 02:00:00,4835.15,4844.07,4833.91,4837.215,0.0,0.0,0.0003939096416373439,11280,0.0,0.0,-0.1747047244094155,2026-04-11,GOLD
2026-04-15 02:00:00,4835.15,4844.07,4833.91,4837.215,0.0,0.0,0.0003939096416373439,11280,0.0,0.0,-0.1747047244094155,2026-04-12,GOLD
2026-04-15 02:00:00,4835.15,4844.07,4833.91,4837.215,0.0,0.0,0.0003939096416373439,11280,0.0,0.0,-0.1747047244094155,2026-04-14,GOLD
2026-04-15 03:00:00,4837.35,4840.0,4827.405,4835.535,0.0,0.0,0.00041695959645967983,11263,0.0,0.0,0.14549424374755057,2026-04-13,GOLD
2026-04-15 03:00:00,4837.35,4840.0,4827.405,4835.535,0.0,0.0,0.00041695959645967983,11263,0.0,0.0,0.14549424374755057,2026-04-11,GOLD
2026-04-15 03:00:00,4837.35,4840.0,4827.405,4835.535,0.0,0.0,0.00041695959645967983,11263,0.0,0.0,0.14549424374755057,2026-04-14,GOLD
2026-04-15 03:00:00,4837.35,4840.0,4827.405,4835.535,0.0,0.0,0.00041695959645967983,11263,0.0,0.0,0.14549424374755057,2026-04-12,GOLD
2026-04-15 04:00:00,4835.525,4871.415,4828.23,4847.25,0.0,0.0,0.0006630734517958127,21087,0.0,0.0,-0.05956929489406494,2026-04-14,GOLD
2026-04-15 04:00:00,4835.525,4871.415,4828.23,4847.25,0.0,0.0,0.0006630734517958127,21087,0.0,0.0,-0.05956929489406494,2026-04-11,GOLD
2026-04-15 04:00:00,4835.525,4871.415,4828.23,4847.25,0.0,0.0,0.0006630734517958127,21087,0.0,0.0,-0.05956929489406494,2026-04-12,GOLD
2026-04-15 04:00:00,4835.525,4871.415,4828.23,4847.25,0.0,0.0,0.0006630734517958127,21087,0.0,0.0,-0.05956929489406494,2026-04-13,GOLD
2026-04-15 05:00:00,4847.145,4853.605,4820.73,4824.005,0.0,0.0,0.000511775316563001,20588,0.0,0.0,-0.4003802281368655,2026-04-14,GOLD
2026-04-15 05:00:00,4847.145,4853.605,4820.73,4824.005,0.0,0.0,0.000511775316563001,20588,0.0,0.0,-0.4003802281368655,2026-04-11,GOLD
2026-04-15 05:00:00,4847.145,4853.605,4820.73,4824.005,0.0,0.0,0.000511775316563001,20588,0.0,0.0,-0.4003802281368655,2026-04-12,GOLD
2026-04-15 05:00:00,4847.145,4853.605,4820.73,4824.005,0.0,0.0,0.0005117525093013966,20588,0.0,0.0,-0.4003802281368655,2026-04-15,GOLD
2026-04-15 05:00:00,4847.145,4853.605,4820.73,4824.005,0.0,0.0,0.000511775316563001,20588,0.0,0.0,-0.4003802281368655,2026-04-13,GOLD
2026-04-15 06:00:00,4823.985,4829.625,4817.075,4824.0599999999995,0.0,0.0,0.0004226157724355594,11304,0.0,0.0,0.05657370517921248,2026-04-13,GOLD
2026-04-15 06:00:00,4823.985,4829.625,4817.075,4824.0599999999995,0.0,0.0,0.0004226157724355594,11304,0.0,0.0,0.05657370517921248,2026-04-14,GOLD
2026-04-15 06:00:00,4823.985,4829.625,4817.075,4824.0599999999995,0.0,0.0,0.0004226157724355594,11304,0.0,0.0,0.05657370517921248,2026-04-15,GOLD
2026-04-15 06:00:00,4823.985,4829.625,4817.075,4824.0599999999995,0.0,0.0,0.0004226157724355594,11304,0.0,0.0,0.05657370517921248,2026-04-12,GOLD
2026-04-15 06:00:00,4823.985,4829.625,4817.075,4824.0599999999995,0.0,0.0,0.0004226157724355594,11304,0.0,0.0,0.05657370517921248,2026-04-11,GOLD
2026-04-15 07:00:00,4824.05,4827.86,4820.575,4825.13,0.0,0.0,0.0003554236122528222,5543,0.0,0.0,0.12525737817438326,2026-04-13,GOLD
2026-04-15 07:00:00,4824.05,4827.86,4820.575,4825.13,0.0,0.0,0.0003554236122528222,5543,0.0,0.0,0.12525737817438326,2026-04-12,GOLD
2026-04-15 07:00:00,4824.05,4827.86,4820.575,4825.13,0.0,0.0,0.0003554236122528222,5543,0.0,0.0,0.12525737817438326,2026-04-15,GOLD
2026-04-15 07:00:00,4824.05,4827.86,4820.575,4825.13,0.0,0.0,0.0003554236122528222,5543,0.0,0.0,0.12525737817438326,2026-04-14,GOLD
2026-04-15 07:00:00,4824.05,4827.86,4820.575,4825.13,0.0,0.0,0.0003554236122528222,5543,0.0,0.0,0.12525737817438326,2026-04-11,GOLD
2026-04-15 08:00:00,4825.205,4830.45,4812.6849999999995,4819.765,0.0,0.0,0.000509211663821283,15630,0.0,0.0,-0.10146355192788285,2026-04-12,GOLD
2026-04-15 08:00:00,4825.205,4830.45,4812.6849999999995,4819.765,0.0,0.0,0.000509211663821283,15630,0.0,0.0,-0.10146355192788285,2026-04-11,GOLD
2026-04-15 08:00:00,4825.205,4830.45,4812.6849999999995,4819.765,0.0,0.0,0.000509211663821283,15630,0.0,0.0,-0.10146355192788285,2026-04-15,GOLD
2026-04-15 08:00:00,4825.205,4830.45,4812.6849999999995,4819.765,0.0,0.0,0.000509211663821283,15630,0.0,0.0,-0.10146355192788285,2026-04-13,GOLD
2026-04-15 08:00:00,4825.205,4830.45,4812.6849999999995,4819.765,0.0,0.0,0.000509211663821283,15630,0.0,0.0,-0.10146355192788285,2026-04-14,GOLD
2026-04-15 09:00:00,4819.8,4825.115,4811.195,4811.795,0.0,0.0,0.00043004396656866513,15360,0.0,0.0,-0.45689655172411203,2026-04-14,GOLD
2026-04-15 09:00:00,4819.8,4825.115,4811.195,4811.795,0.0,0.0,0.00043004396656866513,15360,0.0,0.0,-0.45689655172411203,2026-04-11,GOLD
2026-04-15 09:00:00,4819.8,4825.115,4811.195,4811.795,0.0,0.0,0.00043004396656866513,15360,0.0,0.0,-0.45689655172411203,2026-04-15,GOLD
2026-04-15 09:00:00,4819.8,4825.115,4811.195,4811.795,0.0,0.0,0.00043004396656866513,15360,0.0,0.0,-0.45689655172411203,2026-04-13,GOLD
2026-04-15 09:00:00,4819.8,4825.115,4811.195,4811.795,0.0,0.0,0.00043004396656866513,15360,0.0,0.0,-0.45689655172411203,2026-04-12,GOLD
2026-04-15 10:00:00,4811.84,4817.08,4804.19,4811.345,0.0,0.0,0.000544197337926811,14045,0.0,0.0,0.055081458494958754,2026-04-14,GOLD
2026-04-15 10:00:00,4811.84,4817.08,4804.19,4811.345,0.0,0.0,0.000544197337926811,14045,0.0,0.0,0.055081458494958754,2026-04-11,GOLD
2026-04-15 10:00:00,4811.84,4817.08,4804.19,4811.345,0.0,0.0,0.000544197337926811,14045,0.0,0.0,0.055081458494958754,2026-04-12,GOLD
2026-04-15 10:00:00,4811.84,4817.08,4804.19,4811.345,0.0,0.0,0.000544197337926811,14045,0.0,0.0,0.055081458494958754,2026-04-13,GOLD
2026-04-15 10:00:00,4811.84,4817.08,4804.19,4811.345,0.0,0.0,0.000544197337926811,14045,0.0,0.0,0.055081458494958754,2026-04-15,GOLD
2026-04-15 11:00:00,4811.139999999999,4820.87,4804.725,4818.6,0.0,0.0,0.0004594264837500273,12484,0.0,0.0,0.3593991947971478,2026-04-14,GOLD
2026-04-15 11:00:00,4811.139999999999,4820.87,4804.725,4818.6,0.0,0.0,0.0004594264837500273,12484,0.0,0.0,0.3593991947971478,2026-04-11,GOLD
2026-04-15 11:00:00,4811.139999999999,4820.87,4804.725,4818.6,0.0,0.0,0.0004594264837500273,12484,0.0,0.0,0.3593991947971478,2026-04-12,GOLD
2026-04-15 11:00:00,4811.139999999999,4820.87,4804.725,4818.6,0.0,0.0,0.0004594264837500273,12484,0.0,0.0,0.3593991947971478,2026-04-15,GOLD
2026-04-15 11:00:00,4811.139999999999,4820.87,4804.725,4818.6,0.0,0.0,0.0004594264837500273,12484,0.0,0.0,0.3593991947971478,2026-04-13,GOLD
2026-04-15 12:00:00,4818.575,4819.645,4786.35,4798.29,0.0,0.0,0.0005644485911028877,16975,0.0,0.0,-0.14138759573510817,2026-04-15,GOLD
2026-04-15 12:00:00,4818.575,4819.645,4786.35,4798.29,0.0,0.0,0.0005644485911028877,16975,0.0,0.0,-0.14138759573510817,2026-04-14,GOLD
2026-04-15 12:00:00,4818.575,4819.645,4786.35,4798.29,0.0,0.0,0.0005644485911028877,16975,0.0,0.0,-0.14138759573510817,2026-04-11,GOLD
2026-04-15 12:00:00,4818.575,4819.645,4786.35,4798.29,0.0,0.0,0.0005644485911028877,16975,0.0,0.0,-0.14138759573510817,2026-04-12,GOLD
2026-04-15 12:00:00,4818.575,4819.645,4786.35,4798.29,0.0,0.0,0.0005644485911028877,16975,0.0,0.0,-0.14138759573510817,2026-04-13,GOLD
2026-04-15 13:00:00,4798.18,4805.389999999999,4790.5,4800.264999999999,0.0,0.0,0.0004851702661055824,16754,0.0,0.0,0.15580926796506378,2026-04-11,GOLD
2026-04-15 13:00:00,4798.18,4805.389999999999,4790.5,4800.264999999999,0.0,0.0,0.0004851702661055824,16754,0.0,0.0,0.15580926796506378,2026-04-13,GOLD
2026-04-15 13:00:00,4798.18,4805.389999999999,4790.5,4800.264999999999,0.0,0.0,0.0004851702661055824,16754,0.0,0.0,0.15580926796506378,2026-04-14,GOLD
2026-04-15 13:00:00,4798.18,4805.389999999999,4790.5,4800.264999999999,0.0,0.0,0.0004851702661055824,16754,0.0,0.0,0.15580926796506378,2026-04-12,GOLD
2026-04-15 13:00:00,4798.18,4805.389999999999,4790.5,4800.264999999999,0.0,0.0,0.0004851702661055824,16754,0.0,0.0,0.15580926796506378,2026-04-15,GOLD
2026-04-15 14:00:00,4800.175,4815.155,4795.66,4812.74,0.0,0.0,0.0004217436412324162,14965,0.0,0.0,0.3761220825853028,2026-04-13,GOLD
2026-04-15 14:00:00,4800.175,4815.155,4795.66,4812.74,0.0,0.0,0.0004217436412324162,14965,0.0,0.0,0.3761220825853028,2026-04-11,GOLD
2026-04-15 14:00:00,4800.175,4815.155,4795.66,4812.74,0.0,0.0,0.0004217436412324162,14965,0.0,0.0,0.3761220825853028,2026-04-15,GOLD
2026-04-15 14:00:00,4800.175,4815.155,4795.66,4812.74,0.0,0.0,0.0004217436412324162,14965,0.0,0.0,0.3761220825853028,2026-04-12,GOLD
2026-04-15 14:00:00,4800.175,4815.155,4795.66,4812.74,0.0,0.0,0.0004217436412324162,14965,0.0,0.0,0.3761220825853028,2026-04-14,GOLD
2026-04-15 15:00:00,4812.445,4816.225,4807.05,4811.73,0.0,0.0,0.0004509369894570348,13534,0.0,0.0,0.010081743869082727,2026-04-13,GOLD
2026-04-15 15:00:00,4812.445,4816.225,4807.05,4811.73,0.0,0.0,0.0004509369894570348,13534,0.0,0.0,0.010081743869082727,2026-04-14,GOLD
2026-04-15 15:00:00,4812.445,4816.225,4807.05,4811.73,0.0,0.0,0.0004509369894570348,13534,0.0,0.0,0.010081743869082727,2026-04-15,GOLD
2026-04-15 15:00:00,4812.445,4816.225,4807.05,4811.73,0.0,0.0,0.0004509369894570348,13534,0.0,0.0,0.010081743869082727,2026-04-12,GOLD
2026-04-15 15:00:00,4812.445,4816.225,4807.05,4811.73,0.0,0.0,0.0004509369894570348,13534,0.0,0.0,0.010081743869082727,2026-04-11,GOLD
2026-04-15 16:00:00,4811.639999999999,4830.3,4808.75,4829.03,0.0,0.0,0.0005668358184163177,22822,0.0,0.0,0.44106728538283196,2026-04-14,GOLD
2026-04-15 16:00:00,4811.639999999999,4830.3,4808.75,4829.03,0.0,0.0,0.0005668358184163177,22822,0.0,0.0,0.44106728538283196,2026-04-11,GOLD
2026-04-15 16:00:00,4811.639999999999,4830.3,4808.75,4829.03,0.0,0.0,0.0005668358184163177,22822,0.0,0.0,0.44106728538283196,2026-04-15,GOLD
2026-04-15 16:00:00,4811.639999999999,4830.3,4808.75,4829.03,0.0,0.0,0.0005668358184163177,22822,0.0,0.0,0.44106728538283196,2026-04-12,GOLD
2026-04-15 16:00:00,4811.639999999999,4830.3,4808.75,4829.03,0.0,0.0,0.0005668358184163177,22822,0.0,0.0,0.44106728538283196,2026-04-13,GOLD
2026-04-15 17:00:00,4828.75,4830.610000000001,4813.48,4815.5650000000005,0.0,0.0,0.00046611392172382204,21334,0.0,0.0,-0.3782837127845405,2026-04-15,GOLD
2026-04-15 17:00:00,4828.75,4830.610000000001,4813.48,4815.5650000000005,0.0,0.0,0.00046611392172382204,21334,0.0,0.0,-0.3782837127845405,2026-04-14,GOLD
2026-04-15 17:00:00,4828.75,4830.610000000001,4813.48,4815.5650000000005,0.0,0.0,0.00046611392172382204,21334,0.0,0.0,-0.3782837127845405,2026-04-13,GOLD
2026-04-15 17:00:00,4828.75,4830.610000000001,4813.48,4815.5650000000005,0.0,0.0,0.00046611392172382204,21334,0.0,0.0,-0.3782837127845405,2026-04-11,GOLD
2026-04-15 17:00:00,4828.75,4830.610000000001,4813.48,4815.5650000000005,0.0,0.0,0.00046611392172382204,21334,0.0,0.0,-0.3782837127845405,2026-04-12,GOLD
2026-04-15 18:00:00,4815.58,4816.295,4787.12,4801.65,0.0,0.0,0.0005466610970041119,21381,0.0,0.0,-0.0019708654670368463,2026-04-15,GOLD
2026-04-15 18:00:00,4815.58,4816.295,4787.12,4801.65,0.0,0.0,0.0005466610970041119,21381,0.0,0.0,-0.0019708654670368463,2026-04-14,GOLD
2026-04-15 18:00:00,4815.58,4816.295,4787.12,4801.65,0.0,0.0,0.0005466610970041119,21381,0.0,0.0,-0.0019708654670368463,2026-04-11,GOLD
2026-04-15 18:00:00,4815.58,4816.295,4787.12,4801.65,0.0,0.0,0.0005466610970041119,21381,0.0,0.0,-0.0019708654670368463,2026-04-12,GOLD
2026-04-15 18:00:00,4815.58,4816.295,4787.12,4801.65,0.0,0.0,0.0005466610970041119,21381,0.0,0.0,-0.0019708654670368463,2026-04-13,GOLD
2026-04-15 19:00:00,4801.52,4812.725,4800.4349999999995,4804.25,0.0,0.0,0.00044747018790542787,13185,0.0,0.0,-0.18958502847841838,2026-04-12,GOLD
2026-04-15 19:00:00,4801.52,4812.725,4800.4349999999995,4804.25,0.0,0.0,0.00044747018790542787,13185,0.0,0.0,-0.18958502847841838,2026-04-11,GOLD
2026-04-15 19:00:00,4801.52,4812.725,4800.285,4804.0,0.0,0.0,0.0004462772898082731,16912,0.0,0.0,-0.2013665594855311,2026-04-15,GOLD
2026-04-15 19:00:00,4801.52,4812.725,4800.285,4804.0,0.0,0.0,0.0004462772898082731,16912,0.0,0.0,-0.2013665594855311,2026-04-14,GOLD
2026-04-15 19:00:00,4801.52,4812.725,4800.285,4804.0,0.0,0.0,0.0004462772898082731,16912,0.0,0.0,-0.2013665594855311,2026-04-13,GOLD
2026-04-15 20:00:00,4803.975,4808.795,4790.895,4792.605,0.0,0.0,0.00042789939564033476,13818,0.0,0.0,-0.4044692737430636,2026-04-15,GOLD
2026-04-15 20:00:00,4803.975,4808.795,4790.895,4792.605,0.0,0.0,0.00042789939564033476,13818,0.0,0.0,-0.4044692737430636,2026-04-13,GOLD
2026-04-15 20:00:00,4803.975,4808.795,4790.895,4792.605,0.0,0.0,0.00042789939564033476,13818,0.0,0.0,-0.4044692737430636,2026-04-14,GOLD
2026-04-15 21:00:00,4792.665,4802.219999999999,4790.389999999999,4799.865,0.0,0.0,0.0004155978285169831,13191,0.0,0.0,0.30092983939141354,2026-04-14,GOLD
2026-04-15 21:00:00,4792.665,4802.219999999999,4790.389999999999,4799.865,0.0,0.0,0.0004155978285169831,13191,0.0,0.0,0.30092983939141354,2026-04-13,GOLD
2026-04-15 21:00:00,4792.665,4802.219999999999,4790.389999999999,4799.865,0.0,0.0,0.0004155978285169831,13191,0.0,0.0,0.30092983939141354,2026-04-15,GOLD
2026-04-15 22:00:00,4799.725,4803.465,4794.66,4795.885,0.0,0.0,0.00031006656658291774,12472,0.0,0.0,-0.3608745031231887,2026-04-14,GOLD
2026-04-15 22:00:00,4799.725,4803.465,4794.66,4795.885,0.0,0.0,0.00031006656658291774,12472,0.0,0.0,-0.3608745031231887,2026-04-13,GOLD
2026-04-15 22:00:00,4799.725,4803.465,4794.66,4795.885,0.0,0.0,0.00031006656658291774,12472,0.0,0.0,-0.3608745031231887,2026-04-15,GOLD
2026-04-15 23:00:00,4796.115,4796.73,4787.875,4790.825000000001,0.0,0.0,0.00030301356170370344,6298,0.0,0.0,-0.16685488424609,2026-04-15,GOLD
2026-04-15 23:00:00,4796.115,4796.73,4787.875,4790.825000000001,0.0,0.0,0.00030301356170370344,6298,0.0,0.0,-0.16685488424609,2026-04-13,GOLD
2026-04-15 23:00:00,4796.115,4796.73,4787.875,4790.825000000001,0.0,0.0,0.00030301356170370344,6298,0.0,0.0,-0.16685488424609,2026-04-14,GOLD
2026-04-16 01:00:00,4793.105,4811.969999999999,4791.025,4807.6849999999995,0.0,0.0,0.0005155440497508799,8302,0.0,0.0,0.29541656719981313,2026-04-14,GOLD
2026-04-16 01:00:00,4793.105,4811.969999999999,4791.025,4807.6849999999995,0.0,0.0,0.0005155440497508799,8302,0.0,0.0,0.29541656719981313,2026-04-13,GOLD
2026-04-16 01:00:00,4793.105,4811.969999999999,4791.025,4807.6849999999995,0.0,0.0,0.0005155440497508799,8302,0.0,0.0,0.29541656719981313,2026-04-15,GOLD
2026-04-16 02:00:00,4807.610000000001,4826.79,4807.610000000001,4823.530000000001,0.0,0.0,0.00032718548163041325,7539,0.0,0.0,0.330031282586034,2026-04-15,GOLD
2026-04-16 02:00:00,4807.610000000001,4826.79,4807.610000000001,4823.530000000001,0.0,0.0,0.00032718548163041325,7539,0.0,0.0,0.330031282586034,2026-04-14,GOLD
2026-04-16 02:00:00,4807.610000000001,4826.79,4807.610000000001,4823.530000000001,0.0,0.0,0.00032718548163041325,7539,0.0,0.0,0.330031282586034,2026-04-13,GOLD
2026-04-16 03:00:00,4823.280000000001,4837.780000000001,4820.969999999999,4833.215,0.0,0.0,0.0003896600205897796,12782,0.0,0.0,0.22843545508624905,2026-04-15,GOLD
2026-04-16 03:00:00,4823.280000000001,4837.780000000001,4820.969999999999,4833.215,0.0,0.0,0.0003896600205897796,12782,0.0,0.0,0.22843545508624905,2026-04-14,GOLD
2026-04-16 03:00:00,4823.280000000001,4837.780000000001,4820.969999999999,4833.615,0.0,0.0,0.0003948806204677505,11769,0.0,0.0,0.2522308149910441,2026-04-13,GOLD
2026-04-16 04:00:00,4833.14,4836.465,4811.425,4818.03,0.0,0.0,0.0004455487316592586,16831,0.0,0.0,-0.2362220447284334,2026-04-15,GOLD
2026-04-16 04:00:00,4833.14,4836.465,4811.425,4818.03,0.0,0.0,0.0004455487316592586,16831,0.0,0.0,-0.2362220447284334,2026-04-14,GOLD
2026-04-16 05:00:00,4818.04,4825.055,4812.605,4819.795,0.0,0.0,0.0003623602746823793,14582,0.0,0.0,0.07751004016064973,2026-04-15,GOLD
2026-04-16 05:00:00,4818.04,4825.055,4812.605,4819.795,0.0,0.0,0.0003623847836508786,14582,0.0,0.0,0.07751004016064973,2026-04-16,GOLD
2026-04-16 05:00:00,4818.04,4825.055,4812.605,4819.795,0.0,0.0,0.0003623602746823793,14582,0.0,0.0,0.07751004016064973,2026-04-14,GOLD
2026-04-16 06:00:00,4819.57,4827.2,4819.17,4824.145,0.0,0.0,0.00030178588938728403,9039,0.0,0.0,0.1195516811956384,2026-04-16,GOLD
2026-04-16 06:00:00,4819.57,4827.2,4819.17,4824.145,0.0,0.0,0.00030178588938728403,9039,0.0,0.0,0.1195516811956384,2026-04-14,GOLD
2026-04-16 06:00:00,4819.57,4827.2,4819.17,4824.145,0.0,0.0,0.00030178588938728403,9039,0.0,0.0,0.1195516811956384,2026-04-15,GOLD
2026-04-16 07:00:00,4824.030000000001,4833.594999999999,4823.18,4833.17,0.0,0.0,0.0003007991974667234,5604,0.0,0.0,0.459193470955419,2026-04-14,GOLD
2026-04-16 07:00:00,4824.030000000001,4833.594999999999,4823.18,4833.17,0.0,0.0,0.0003007991974667234,5604,0.0,0.0,0.459193470955419,2026-04-16,GOLD
2026-04-16 07:00:00,4824.030000000001,4833.594999999999,4823.18,4833.17,0.0,0.0,0.0003007991974667234,5604,0.0,0.0,0.459193470955419,2026-04-15,GOLD
2026-04-16 08:00:00,4833.25,4838.45,4821.35,4821.48,0.0,0.0,0.00038680037774657027,12444,0.0,0.0,-0.49239766081873343,2026-04-15,GOLD
2026-04-16 08:00:00,4833.25,4838.45,4821.35,4821.48,0.0,0.0,0.00038680037774657027,12444,0.0,0.0,-0.49239766081873343,2026-04-16,GOLD
2026-04-16 08:00:00,4833.25,4838.45,4821.35,4821.48,0.0,0.0,0.00038680037774657027,12444,0.0,0.0,-0.49239766081873343,2026-04-14,GOLD
2026-04-16 09:00:00,4821.445,4830.645,4814.625,4826.14,0.0,0.0,0.0004801052525897903,16832,0.0,0.0,0.2187890137328348,2026-04-15,GOLD
2026-04-16 09:00:00,4821.445,4830.645,4814.625,4826.14,0.0,0.0,0.0004801052525897903,16832,0.0,0.0,0.2187890137328348,2026-04-14,GOLD
2026-04-16 09:00:00,4821.445,4830.645,4814.625,4826.14,0.0,0.0,0.0004801052525897903,16832,0.0,0.0,0.2187890137328348,2026-04-16,GOLD
2026-04-16 10:00:00,4826.15,4831.02,4817.27,4821.245,0.0,0.0,0.0004987711561909334,13614,0.0,0.0,-0.2109090909091306,2026-04-14,GOLD
2026-04-16 10:00:00,4826.15,4831.02,4817.27,4821.245,0.0,0.0,0.0004987711561909334,13614,0.0,0.0,-0.2109090909091306,2026-04-15,GOLD
2026-04-16 10:00:00,4826.15,4831.02,4817.27,4821.245,0.0,0.0,0.0004987711561909334,13614,0.0,0.0,-0.2109090909091306,2026-04-16,GOLD
2026-04-16 11:00:00,4821.34,4822.17,4806.775,4813.965,0.0,0.0,0.0004543931566865686,13861,0.0,0.0,-0.03296524845727149,2026-04-16,GOLD
2026-04-16 11:00:00,4821.34,4822.17,4806.775,4813.965,0.0,0.0,0.0004543931566865686,13861,0.0,0.0,-0.03296524845727149,2026-04-14,GOLD
2026-04-16 11:00:00,4821.34,4822.17,4806.775,4813.965,0.0,0.0,0.0004543931566865686,13861,0.0,0.0,-0.03296524845727149,2026-04-15,GOLD
2026-04-16 12:00:00,4813.9400000000005,4818.135,4806.905,4812.97,0.0,0.0,0.00040356397449664875,12462,0.0,0.0,0.0400712377559928,2026-04-14,GOLD
2026-04-16 12:00:00,4813.9400000000005,4818.135,4806.905,4812.97,0.0,0.0,0.00040356397449664875,12462,0.0,0.0,0.0400712377559928,2026-04-15,GOLD
2026-04-16 12:00:00,4813.9400000000005,4818.135,4806.905,4812.97,0.0,0.0,0.00040356397449664875,12462,0.0,0.0,0.0400712377559928,2026-04-16,GOLD
2026-04-16 13:00:00,4813.005,4817.395,4805.215,4817.295,0.0,0.0,0.00037801257901693347,9970,0.0,0.0,0.4917898193759966,2026-04-15,GOLD
2026-04-16 13:00:00,4813.005,4817.395,4805.215,4817.295,0.0,0.0,0.00037801257901693347,9970,0.0,0.0,0.4917898193759966,2026-04-16,GOLD
2026-04-16 13:00:00,4813.005,4817.395,4805.215,4817.295,0.0,0.0,0.00037801257901693347,9970,0.0,0.0,0.4917898193759966,2026-04-14,GOLD
2026-04-16 14:00:00,4817.305,4822.555,4815.67,4822.1900000000005,0.0,0.0,0.00033982763312302467,12015,0.0,0.0,0.44698620188819604,2026-04-16,GOLD
2026-04-16 14:00:00,4817.305,4822.555,4815.67,4822.1900000000005,0.0,0.0,0.00033982763312302467,12015,0.0,0.0,0.44698620188819604,2026-04-15,GOLD
2026-04-16 14:00:00,4817.305,4822.555,4815.67,4822.1900000000005,0.0,0.0,0.00033982763312302467,12015,0.0,0.0,0.44698620188819604,2026-04-14,GOLD
2026-04-16 15:00:00,4822.21,4823.225,4811.67,4816.305,0.0,0.0,0.00044423217815289546,12291,0.0,0.0,-0.09887494591085232,2026-04-16,GOLD
2026-04-16 15:00:00,4822.21,4823.225,4811.67,4816.305,0.0,0.0,0.00044423217815289546,12291,0.0,0.0,-0.09887494591085232,2026-04-15,GOLD
2026-04-16 15:00:00,4822.21,4823.225,4811.67,4816.305,0.0,0.0,0.00044423217815289546,12291,0.0,0.0,-0.09887494591085232,2026-04-14,GOLD
2026-04-16 16:00:00,4816.32,4824.09,4784.75,4794.92,0.0,0.0,0.0006918042482433386,22535,0.0,0.0,-0.2414844941535324,2026-04-16,GOLD
2026-04-16 16:00:00,4816.32,4824.09,4784.75,4794.92,0.0,0.0,0.0006918042482433386,22535,0.0,0.0,-0.2414844941535324,2026-04-15,GOLD
2026-04-16 16:00:00,4816.32,4824.09,4784.75,4794.92,0.0,0.0,0.0006918042482433386,22535,0.0,0.0,-0.2414844941535324,2026-04-14,GOLD
2026-04-16 17:00:00,4794.889999999999,4805.389999999999,4773.255,4788.82,0.0,0.0,0.0007278710388688262,27938,0.0,0.0,-0.01563715574919932,2026-04-15,GOLD
2026-04-16 17:00:00,4794.889999999999,4805.389999999999,4773.255,4788.82,0.0,0.0,0.0007278710388688262,27938,0.0,0.0,-0.01563715574919932,2026-04-14,GOLD
2026-04-16 17:00:00,4794.889999999999,4805.389999999999,4773.255,4788.82,0.0,0.0,0.0007278710388688262,27938,0.0,0.0,-0.01563715574919932,2026-04-16,GOLD
2026-04-16 18:00:00,4788.93,4813.09,4788.4349999999995,4807.045,0.0,0.0,0.0005452643940947019,23630,0.0,0.0,0.25481646724802626,2026-04-16,GOLD
2026-04-16 18:00:00,4788.93,4813.09,4788.4349999999995,4807.045,0.0,0.0,0.0005452643940947019,23630,0.0,0.0,0.25481646724802626,2026-04-15,GOLD
2026-04-16 18:00:00,4788.93,4813.09,4788.4349999999995,4807.045,0.0,0.0,0.0005452643940947019,23630,0.0,0.0,0.25481646724802626,2026-04-14,GOLD
2026-04-16 19:00:00,4807.165,4810.08,4785.225,4792.005,0.0,0.0,0.0004996343097909208,17426,0.0,0.0,-0.22721786360893725,2026-04-16,GOLD
2026-04-16 19:00:00,4807.165,4810.08,4785.225,4792.005,0.0,0.0,0.0004996343097909208,17426,0.0,0.0,-0.22721786360893725,2026-04-14,GOLD
2026-04-16 19:00:00,4807.165,4810.08,4785.225,4792.005,0.0,0.0,0.0004996343097909208,17426,0.0,0.0,-0.22721786360893725,2026-04-15,GOLD
2026-04-16 20:00:00,4792.139999999999,4795.450000000001,4781.405,4789.3099999999995,0.0,0.0,0.0004560244204584954,16568,0.0,0.0,0.06283374866498022,2026-04-14,GOLD
2026-04-16 20:00:00,4792.139999999999,4795.450000000001,4781.405,4789.3099999999995,0.0,0.0,0.0004560244204584954,16568,0.0,0.0,0.06283374866498022,2026-04-15,GOLD
2026-04-16 20:00:00,4792.139999999999,4795.450000000001,4781.405,4789.3099999999995,0.0,0.0,0.0004560244204584954,16568,0.0,0.0,0.06283374866498022,2026-04-16,GOLD
2026-04-16 21:00:00,4789.32,4794.345,4785.92,4789.66,0.0,0.0,0.0003658584336797317,16894,0.0,0.0,-0.05608308605339398,2026-04-15,GOLD
2026-04-16 21:00:00,4789.32,4794.345,4785.92,4789.66,0.0,0.0,0.0003658584336797317,16894,0.0,0.0,-0.05608308605339398,2026-04-14,GOLD
2026-04-16 21:00:00,4789.32,4794.345,4785.92,4789.66,0.0,0.0,0.0003658584336797317,16894,0.0,0.0,-0.05608308605339398,2026-04-16,GOLD
2026-04-16 22:00:00,4789.674999999999,4798.69,4789.665,4793.705,0.0,0.0,0.00032701436194586183,12397,0.0,0.0,-0.0523545706371051,2026-04-14,GOLD
2026-04-16 22:00:00,4789.674999999999,4798.69,4789.665,4793.705,0.0,0.0,0.00032701436194586183,12397,0.0,0.0,-0.0523545706371051,2026-04-15,GOLD
2026-04-16 22:00:00,4789.674999999999,4798.69,4789.665,4793.705,0.0,0.0,0.00032701436194586183,12397,0.0,0.0,-0.0523545706371051,2026-04-16,GOLD
2026-04-16 23:00:00,4793.52,4793.945,4786.585,4790.825,0.0,0.0,0.0002728481203395059,5227,0.0,0.0,0.07608695652179688,2026-04-14,GOLD
2026-04-16 23:00:00,4793.52,4793.945,4786.585,4790.825,0.0,0.0,0.0002728481203395059,5227,0.0,0.0,0.07608695652179688,2026-04-15,GOLD
2026-04-16 23:00:00,4793.52,4793.945,4786.585,4790.825,0.0,0.0,0.0002728481203395059,5227,0.0,0.0,0.07608695652179688,2026-04-16,GOLD
2026-04-17 01:00:00,4792.595,4798.205,4791.05,4795.31,0.0,0.0,0.0005102872387627409,6384,0.0,0.0,0.09538784067084768,2026-04-15,GOLD
2026-04-17 01:00:00,4792.595,4798.205,4791.05,4795.31,0.0,0.0,0.0005102872387627409,6384,0.0,0.0,0.09538784067084768,2026-04-14,GOLD
2026-04-17 01:00:00,4792.595,4798.205,4791.05,4795.31,0.0,0.0,0.0005102872387627409,6384,0.0,0.0,0.09538784067084768,2026-04-16,GOLD
2026-04-17 02:00:00,4794.535,4797.795,4791.735,4791.735,0.0,0.0,0.0002933476877950478,5665,0.0,0.0,-0.49999999999992495,2026-04-15,GOLD
2026-04-17 02:00:00,4794.535,4797.795,4791.735,4791.735,0.0,0.0,0.0002933476877950478,5665,0.0,0.0,-0.49999999999992495,2026-04-14,GOLD
2026-04-17 02:00:00,4794.535,4797.795,4791.735,4791.735,0.0,0.0,0.0002933476877950478,5665,0.0,0.0,-0.49999999999992495,2026-04-16,GOLD
2026-04-17 03:00:00,4791.64,4801.3,4786.01,4794.995,0.0,0.0,0.0003189883091027717,12057,0.0,0.0,0.0876389797252609,2026-04-16,GOLD
2026-04-17 03:00:00,4791.64,4801.3,4786.01,4794.995,0.0,0.0,0.0003189883091027717,12057,0.0,0.0,0.0876389797252609,2026-04-15,GOLD
2026-04-17 03:00:00,4791.64,4801.3,4786.01,4794.995,0.0,0.0,0.0003189883091027717,12057,0.0,0.0,0.0876389797252609,2026-04-14,GOLD
2026-04-17 04:00:00,4794.985,4795.625,4767.81,4789.665,0.0,0.0,0.0005081935395629199,22297,0.0,0.0,0.2857271256516061,2026-04-15,GOLD
2026-04-17 04:00:00,4794.985,4795.625,4767.81,4789.665,0.0,0.0,0.0005081935395629199,22297,0.0,0.0,0.2857271256516061,2026-04-14,GOLD
2026-04-17 04:00:00,4794.985,4795.625,4767.81,4789.665,0.0,0.0,0.0005081935395629199,22297,0.0,0.0,0.2857271256516061,2026-04-16,GOLD
2026-04-17 05:00:00,4789.655,4794.870000000001,4784.555,4784.67,0.0,0.0,0.0003385666132489574,12277,0.0,0.0,-0.4888511875909088,2026-04-16,GOLD
2026-04-17 05:00:00,4789.655,4794.870000000001,4784.555,4784.67,0.0,0.0,0.0003385666132489574,12277,0.0,0.0,-0.4888511875909088,2026-04-15,GOLD
2026-04-17 05:00:00,4789.655,4794.870000000001,4784.555,4784.67,0.0,0.0,0.0003385666132489574,12277,0.0,0.0,-0.4888511875909088,2026-04-14,GOLD
2026-04-17 05:00:00,4789.655,4794.870000000001,4784.555,4784.67,0.0,0.0,0.00033858797450143257,12277,0.0,0.0,-0.4888511875909088,2026-04-17,GOLD
2026-04-17 06:00:00,4784.715,4798.165,4784.715,4793.42,0.0,0.0,0.00038062438295240886,8526,0.0,0.0,0.1472118959107502,2026-04-16,GOLD
2026-04-17 06:00:00,4784.715,4797.85,4784.715,4796.79,0.0,0.0,0.0004241436067701274,4055,0.0,0.0,0.4192995812713831,2026-04-14,GOLD
2026-04-17 06:00:00,4784.715,4798.165,4784.715,4793.42,0.0,0.0,0.00038062438295240886,8526,0.0,0.0,0.1472118959107502,2026-04-15,GOLD
2026-04-17 06:00:00,4784.715,4798.165,4784.715,4793.42,0.0,0.0,0.00038062438295240886,8526,0.0,0.0,0.1472118959107502,2026-04-17,GOLD
2026-04-17 07:00:00,4793.385,4804.655,4792.825,4803.105,0.0,0.0,0.0003429401728745981,5086,0.0,0.0,0.36897717666946817,2026-04-17,GOLD
2026-04-17 07:00:00,4793.385,4804.655,4792.825,4803.105,0.0,0.0,0.0003429401728745981,5086,0.0,0.0,0.36897717666946817,2026-04-16,GOLD
2026-04-17 07:00:00,4793.385,4804.655,4792.825,4803.105,0.0,0.0,0.0003429401728745981,5086,0.0,0.0,0.36897717666946817,2026-04-15,GOLD
2026-04-17 08:00:00,4803.03,4806.355,4793.865,4794.235,0.0,0.0,0.00040127680676333956,10720,0.0,0.0,-0.4703763010408409,2026-04-17,GOLD
2026-04-17 08:00:00,4803.03,4806.355,4793.865,4794.235,0.0,0.0,0.00040127680676333956,10720,0.0,0.0,-0.4703763010408409,2026-04-16,GOLD
2026-04-17 08:00:00,4803.03,4806.355,4793.865,4794.235,0.0,0.0,0.00040127680676333956,10720,0.0,0.0,-0.4703763010408409,2026-04-15,GOLD
2026-04-17 09:00:00,4794.225,4795.385,4779.3,4785.07,0.0,0.0,0.0003960301856800136,15770,0.0,0.0,-0.14128069630095993,2026-04-17,GOLD
2026-04-17 09:00:00,4794.225,4795.385,4779.3,4785.07,0.0,0.0,0.0003960301856800136,15770,0.0,0.0,-0.14128069630095993,2026-04-16,GOLD
2026-04-17 09:00:00,4794.225,4795.385,4779.3,4785.07,0.0,0.0,0.0003960301856800136,15770,0.0,0.0,-0.14128069630095993,2026-04-15,GOLD
2026-04-17 10:00:00,4785.085,4794.805,4778.745,4784.42,0.0,0.0,0.00039743062463440165,10412,0.0,0.0,-0.14663760896634526,2026-04-17,GOLD
2026-04-17 10:00:00,4785.085,4794.805,4778.745,4784.42,0.0,0.0,0.00039743062463440165,10412,0.0,0.0,-0.14663760896634526,2026-04-16,GOLD
2026-04-17 10:00:00,4785.085,4794.805,4778.745,4784.42,0.0,0.0,0.00039743062463440165,10412,0.0,0.0,-0.14663760896634526,2026-04-15,GOLD
2026-04-17 11:00:00,4784.415,4796.965,4780.975,4795.95,0.0,0.0,0.0003720563949067127,10038,0.0,0.0,0.43652282676670784,2026-04-16,GOLD
2026-04-17 11:00:00,4784.415,4796.965,4780.975,4795.95,0.0,0.0,0.0003720563949067127,10038,0.0,0.0,0.43652282676670784,2026-04-15,GOLD
2026-04-17 11:00:00,4784.415,4796.965,4780.975,4795.95,0.0,0.0,0.0003720563949067127,10038,0.0,0.0,0.43652282676670784,2026-04-17,GOLD
2026-04-17 12:00:00,4795.9400000000005,4800.915,4790.075000000001,4790.424999999999,0.0,0.0,0.00035290848565136675,9646,0.0,0.0,-0.4677121771219451,2026-04-17,GOLD
2026-04-17 12:00:00,4795.9400000000005,4800.915,4790.075000000001,4790.424999999999,0.0,0.0,0.00035290848565136675,9646,0.0,0.0,-0.4677121771219451,2026-04-16,GOLD
2026-04-17 12:00:00,4795.9400000000005,4800.915,4790.075000000001,4790.424999999999,0.0,0.0,0.00035290848565136675,9646,0.0,0.0,-0.4677121771219451,2026-04-15,GOLD
2026-04-17 13:00:00,4790.450000000001,4794.0599999999995,4782.325,4787.4400000000005,0.0,0.0,0.0003342409625083035,10157,0.0,0.0,-0.06412441414560813,2026-04-15,GOLD
2026-04-17 13:00:00,4790.450000000001,4794.0599999999995,4782.325,4787.4400000000005,0.0,0.0,0.0003342409625083035,10157,0.0,0.0,-0.06412441414560813,2026-04-17,GOLD
2026-04-17 13:00:00,4790.450000000001,4794.0599999999995,4782.325,4787.4400000000005,0.0,0.0,0.0003342409625083035,10157,0.0,0.0,-0.06412441414560813,2026-04-16,GOLD
2026-04-17 14:00:00,4787.445,4811.765,4783.665,4799.129999999999,0.0,0.0,0.0004283187981885683,10700,0.0,0.0,0.05035587188608669,2026-04-15,GOLD
2026-04-17 14:00:00,4787.445,4811.765,4783.665,4799.129999999999,0.0,0.0,0.0004283187981885683,10700,0.0,0.0,0.05035587188608669,2026-04-17,GOLD
2026-04-17 14:00:00,4787.445,4811.765,4783.665,4799.129999999999,0.0,0.0,0.0004283187981885683,10700,0.0,0.0,0.05035587188608669,2026-04-16,GOLD
2026-04-17 15:00:00,4799.17,4847.82,4797.75,4846.395,0.0,0.0,0.0007727001199764711,20908,0.0,0.0,0.471539844218109,2026-04-15,GOLD
2026-04-17 15:00:00,4799.17,4847.82,4797.75,4846.395,0.0,0.0,0.0007727001199764711,20908,0.0,0.0,0.471539844218109,2026-04-17,GOLD
2026-04-17 15:00:00,4799.17,4847.82,4797.75,4846.395,0.0,0.0,0.0007727001199764711,20908,0.0,0.0,0.471539844218109,2026-04-16,GOLD
2026-04-17 16:00:00,4846.385,4889.495,4834.99,4880.4,0.0,0.0,0.001054552217433248,32188,0.0,0.0,0.3331345748096378,2026-04-15,GOLD
2026-04-17 16:00:00,4846.385,4889.495,4834.99,4880.4,0.0,0.0,0.001054552217433248,32188,0.0,0.0,0.3331345748096378,2026-04-17,GOLD
2026-04-17 16:00:00,4846.385,4889.495,4834.99,4880.4,0.0,0.0,0.001054552217433248,32188,0.0,0.0,0.3331345748096378,2026-04-16,GOLD
2026-04-17 17:00:00,4880.545,4885.55,4860.85,4873.200000000001,0.0,0.0,0.0006461474348617949,27640,0.0,0.0,0.0,2026-04-17,GOLD
2026-04-17 17:00:00,4880.545,4885.55,4860.85,4873.200000000001,0.0,0.0,0.0006461474348617949,27640,0.0,0.0,0.0,2026-04-16,GOLD
2026-04-17 17:00:00,4880.545,4885.55,4860.85,4873.200000000001,0.0,0.0,0.0006461474348617949,27640,0.0,0.0,0.0,2026-04-15,GOLD
2026-04-17 18:00:00,4873.370000000001,4880.66,4854.879999999999,4867.51,0.0,0.0,0.0006114579067533161,24021,0.0,0.0,-0.010085337470880612,2026-04-15,GOLD
2026-04-17 18:00:00,4873.370000000001,4880.66,4854.879999999999,4867.51,0.0,0.0,0.0006114579067533161,24021,0.0,0.0,-0.010085337470880612,2026-04-16,GOLD
2026-04-17 18:00:00,4873.370000000001,4880.66,4854.879999999999,4867.51,0.0,0.0,0.0006114579067533161,24021,0.0,0.0,-0.010085337470880612,2026-04-17,GOLD
2026-04-17 19:00:00,4867.49,4873.515,4863.695,4867.055,0.0,0.0,0.000376832533521006,19123,0.0,0.0,-0.15784114052944753,2026-04-15,GOLD
2026-04-17 19:00:00,4867.49,4873.515,4863.695,4867.055,0.0,0.0,0.000376832533521006,19123,0.0,0.0,-0.15784114052944753,2026-04-16,GOLD
2026-04-17 19:00:00,4867.49,4873.515,4863.695,4867.055,0.0,0.0,0.000376832533521006,19123,0.0,0.0,-0.15784114052944753,2026-04-17,GOLD
2026-04-17 20:00:00,4867.07,4869.68,4853.855,4862.665,0.0,0.0,0.0004900637410538057,21980,0.0,0.0,0.056714060031595265,2026-04-17,GOLD
2026-04-17 20:00:00,4867.07,4869.68,4853.855,4862.665,0.0,0.0,0.0004900637410538057,21980,0.0,0.0,0.056714060031595265,2026-04-16,GOLD
2026-04-17 20:00:00,4867.07,4869.68,4853.855,4862.665,0.0,0.0,0.0004900637410538057,21980,0.0,0.0,0.056714060031595265,2026-04-15,GOLD
2026-04-17 21:00:00,4862.7,4868.17,4856.085,4858.25,0.0,0.0,0.0003688903539648944,15700,0.0,0.0,-0.32085229623504324,2026-04-17,GOLD
2026-04-17 21:00:00,4862.7,4868.17,4856.085,4858.25,0.0,0.0,0.0003688903539648944,15700,0.0,0.0,-0.32085229623504324,2026-04-16,GOLD
2026-04-17 21:00:00,4862.7,4868.17,4856.085,4858.25,0.0,0.0,0.0003688903539648944,15700,0.0,0.0,-0.32085229623504324,2026-04-15,GOLD
2026-04-17 22:00:00,4858.24,4861.4349999999995,4852.83,4854.535,0.0,0.0,0.00033547184234039465,17876,0.0,0.0,-0.30185938407902224,2026-04-17,GOLD
2026-04-17 22:00:00,4858.24,4861.4349999999995,4852.83,4854.535,0.0,0.0,0.00033547184234039465,17876,0.0,0.0,-0.30185938407902224,2026-04-16,GOLD
2026-04-17 22:00:00,4858.24,4861.4349999999995,4852.83,4854.535,0.0,0.0,0.00033547184234039465,17876,0.0,0.0,-0.30185938407902224,2026-04-15,GOLD
2026-04-17 23:00:00,4854.65,4855.255,4830.645,4833.115,0.0,0.0,0.00048732809567038707,13034,0.0,0.0,-0.3996342950020754,2026-04-17,GOLD
2026-04-17 23:00:00,4854.65,4855.255,4830.645,4833.115,0.0,0.0,0.00048732809567038707,13034,0.0,0.0,-0.3996342950020754,2026-04-16,GOLD
2026-04-17 23:00:00,4854.65,4855.255,4830.645,4833.115,0.0,0.0,0.00048732809567038707,13034,0.0,0.0,-0.3996342950020754,2026-04-15,GOLD
2026-04-20 01:00:00,4792.575,4795.5,4759.57,4779.4349999999995,0.0,0.0,0.0011345870239555934,16061,0.0,0.0,0.05288060116892905,2026-04-15,GOLD
2026-04-20 01:00:00,4792.575,4795.5,4759.57,4779.4349999999995,0.0,0.0,0.0011346576564191144,16061,0.0,0.0,0.05288060116892905,2026-04-18,GOLD
2026-04-20 01:00:00,4792.575,4795.5,4759.57,4779.4349999999995,0.0,0.0,0.0011345870239555934,16061,0.0,0.0,0.05288060116892905,2026-04-17,GOLD
2026-04-20 01:00:00,4792.575,4795.5,4759.57,4779.4349999999995,0.0,0.0,0.0011346576564191144,16061,0.0,0.0,0.05288060116892905,2026-04-19,GOLD
2026-04-20 01:00:00,4792.575,4795.5,4759.57,4779.4349999999995,0.0,0.0,0.0011345870239555934,16061,0.0,0.0,0.05288060116892905,2026-04-16,GOLD
2026-04-20 02:00:00,4779.45,4779.575,4736.99,4755.3150000000005,0.0,0.0,0.000701259376590805,17004,0.0,0.0,-0.06968416108955813,2026-04-17,GOLD
2026-04-20 02:00:00,4779.45,4779.575,4736.99,4755.3150000000005,0.0,0.0,0.000701259376590805,17004,0.0,0.0,-0.06968416108955813,2026-04-19,GOLD
2026-04-20 02:00:00,4779.45,4779.575,4736.99,4755.3150000000005,0.0,0.0,0.000701259376590805,17004,0.0,0.0,-0.06968416108955813,2026-04-18,GOLD
2026-04-20 02:00:00,4779.45,4779.575,4736.99,4755.3150000000005,0.0,0.0,0.000701259376590805,17004,0.0,0.0,-0.06968416108955813,2026-04-16,GOLD
2026-04-20 02:00:00,4779.45,4779.575,4736.99,4755.3150000000005,0.0,0.0,0.000701259376590805,17004,0.0,0.0,-0.06968416108955813,2026-04-15,GOLD
2026-04-20 03:00:00,4755.424999999999,4774.33,4744.99,4772.52,0.0,0.0,0.0006339886279559145,17417,0.0,0.0,0.43830947511930873,2026-04-19,GOLD
2026-04-20 03:00:00,4755.424999999999,4774.33,4744.99,4772.52,0.0,0.0,0.0006339886279559145,17417,0.0,0.0,0.43830947511930873,2026-04-18,GOLD
2026-04-20 03:00:00,4755.424999999999,4774.33,4744.99,4772.52,0.0,0.0,0.0006339886279559145,17417,0.0,0.0,0.43830947511930873,2026-04-17,GOLD
2026-04-20 03:00:00,4755.424999999999,4774.33,4744.99,4772.52,0.0,0.0,0.0006339886279559145,17417,0.0,0.0,0.43830947511930873,2026-04-16,GOLD
2026-04-20 03:00:00,4755.424999999999,4774.33,4744.99,4772.52,0.0,0.0,0.0006339886279559145,17417,0.0,0.0,0.43830947511930873,2026-04-15,GOLD
2026-04-20 04:00:00,4772.4349999999995,4814.465,4771.370000000001,4807.98,0.0,0.0,0.0006451288176392795,20156,0.0,0.0,0.34951850562708714,2026-04-18,GOLD
2026-04-20 04:00:00,4772.4349999999995,4814.465,4771.370000000001,4807.98,0.0,0.0,0.0006451288176392795,20156,0.0,0.0,0.34951850562708714,2026-04-16,GOLD
2026-04-20 04:00:00,4772.4349999999995,4814.465,4771.370000000001,4807.98,0.0,0.0,0.0006451288176392795,20156,0.0,0.0,0.34951850562708714,2026-04-17,GOLD
2026-04-20 04:00:00,4772.4349999999995,4814.465,4771.370000000001,4807.98,0.0,0.0,0.0006451288176392795,20156,0.0,0.0,0.34951850562708714,2026-04-19,GOLD
2026-04-20 04:00:00,4772.4349999999995,4781.29,4771.370000000001,4781.29,0.0,0.0,0.0014622199694080105,1120,0.0,0.0,0.5000000000000459,2026-04-15,GOLD
2026-04-20 05:00:00,4807.985,4809.285,4793.24,4797.325,0.0,0.0,0.00042407098220055003,13596,0.0,0.0,-0.24540355250856855,2026-04-20,GOLD
2026-04-20 05:00:00,4807.985,4809.285,4793.24,4797.325,0.0,0.0,0.0004240410254148256,13596,0.0,0.0,-0.24540355250856855,2026-04-17,GOLD
2026-04-20 05:00:00,4807.985,4809.285,4793.24,4797.325,0.0,0.0,0.0004240410254148256,13596,0.0,0.0,-0.24540355250856855,2026-04-18,GOLD
2026-04-20 05:00:00,4807.985,4809.285,4793.24,4797.325,0.0,0.0,0.0004240410254148256,13596,0.0,0.0,-0.24540355250856855,2026-04-19,GOLD
2026-04-20 05:00:00,4807.985,4809.285,4793.24,4797.325,0.0,0.0,0.0004240410254148256,13596,0.0,0.0,-0.24540355250856855,2026-04-16,GOLD
2026-04-20 06:00:00,4797.26,4798.469999999999,4788.905,4791.05,0.0,0.0,0.00037906048331570665,11551,0.0,0.0,-0.2757449032932492,2026-04-17,GOLD
2026-04-20 06:00:00,4797.26,4798.469999999999,4788.905,4791.05,0.0,0.0,0.00037906048331570665,11551,0.0,0.0,-0.2757449032932492,2026-04-18,GOLD
2026-04-20 06:00:00,4797.26,4798.469999999999,4788.905,4791.05,0.0,0.0,0.00037906048331570665,11551,0.0,0.0,-0.2757449032932492,2026-04-19,GOLD
2026-04-20 06:00:00,4797.26,4798.469999999999,4788.905,4791.05,0.0,0.0,0.00037906048331570665,11551,0.0,0.0,-0.2757449032932492,2026-04-20,GOLD
2026-04-20 06:00:00,4797.26,4798.469999999999,4788.905,4791.05,0.0,0.0,0.00037906048331570665,11551,0.0,0.0,-0.2757449032932492,2026-04-16,GOLD
2026-04-20 07:00:00,4791.085,4795.805,4787.385,4789.025,0.0,0.0,0.00040091309389609714,7111,0.0,0.0,-0.3052256532067216,2026-04-16,GOLD
2026-04-20 07:00:00,4791.085,4795.805,4787.385,4789.025,0.0,0.0,0.00040091309389609714,7111,0.0,0.0,-0.3052256532067216,2026-04-19,GOLD
2026-04-20 07:00:00,4791.085,4795.805,4787.385,4789.025,0.0,0.0,0.00040091309389609714,7111,0.0,0.0,-0.3052256532067216,2026-04-20,GOLD
2026-04-20 07:00:00,4791.085,4795.805,4787.385,4789.025,0.0,0.0,0.00040091309389609714,7111,0.0,0.0,-0.3052256532067216,2026-04-18,GOLD
2026-04-20 07:00:00,4791.085,4795.805,4787.385,4789.025,0.0,0.0,0.00040091309389609714,7111,0.0,0.0,-0.3052256532067216,2026-04-17,GOLD
2026-04-20 08:00:00,4788.975,4796.145,4779.805,4790.895,0.0,0.0,0.0005108338832930386,13122,0.0,0.0,0.17870257037943982,2026-04-16,GOLD
2026-04-20 08:00:00,4788.975,4796.145,4779.805,4790.895,0.0,0.0,0.0005108338832930386,13122,0.0,0.0,0.17870257037943982,2026-04-20,GOLD
2026-04-20 08:00:00,4788.975,4796.145,4779.805,4790.895,0.0,0.0,0.0005108338832930386,13122,0.0,0.0,0.17870257037943982,2026-04-19,GOLD
2026-04-20 08:00:00,4788.975,4796.145,4779.805,4790.895,0.0,0.0,0.0005108338832930386,13122,0.0,0.0,0.17870257037943982,2026-04-17,GOLD
2026-04-20 08:00:00,4788.975,4796.145,4779.805,4790.895,0.0,0.0,0.0005108338832930386,13122,0.0,0.0,0.17870257037943982,2026-04-18,GOLD
2026-04-20 09:00:00,4790.715,4795.43,4783.965,4795.43,0.0,0.0,0.0004604533383491879,18110,0.0,0.0,0.5,2026-04-20,GOLD
2026-04-20 09:00:00,4790.715,4795.43,4783.965,4795.43,0.0,0.0,0.0004604533383491879,18110,0.0,0.0,0.5,2026-04-17,GOLD
2026-04-20 09:00:00,4790.715,4795.43,4783.965,4795.43,0.0,0.0,0.0004604533383491879,18110,0.0,0.0,0.5,2026-04-18,GOLD
2026-04-20 09:00:00,4790.715,4795.43,4783.965,4795.43,0.0,0.0,0.0004604533383491879,18110,0.0,0.0,0.5,2026-04-19,GOLD
2026-04-20 09:00:00,4790.715,4795.43,4783.965,4795.43,0.0,0.0,0.0004604533383491879,18110,0.0,0.0,0.5,2026-04-16,GOLD
2026-04-20 10:00:00,4795.475,4805.8099999999995,4787.08,4789.825,0.0,0.0,0.0005095250781928605,15396,0.0,0.0,-0.35344367325147064,2026-04-17,GOLD
2026-04-20 10:00:00,4795.475,4805.8099999999995,4787.08,4789.825,0.0,0.0,0.0005095250781928605,15396,0.0,0.0,-0.35344367325147064,2026-04-18,GOLD
2026-04-20 10:00:00,4795.475,4805.8099999999995,4787.08,4789.825,0.0,0.0,0.0005095250781928605,15396,0.0,0.0,-0.35344367325147064,2026-04-19,GOLD
2026-04-20 10:00:00,4795.475,4805.8099999999995,4787.08,4789.825,0.0,0.0,0.0005095250781928605,15396,0.0,0.0,-0.35344367325147064,2026-04-20,GOLD
2026-04-20 10:00:00,4795.475,4805.8099999999995,4787.08,4789.825,0.0,0.0,0.0005095250781928605,15396,0.0,0.0,-0.35344367325147064,2026-04-16,GOLD
2026-04-20 11:00:00,4789.8,4796.360000000001,4786.209999999999,4796.3,0.0,0.0,0.00042418933369926847,11129,0.0,0.0,0.49408866995070033,2026-04-19,GOLD
2026-04-20 11:00:00,4789.8,4796.360000000001,4786.209999999999,4796.3,0.0,0.0,0.00042418933369926847,11129,0.0,0.0,0.49408866995070033,2026-04-20,GOLD
2026-04-20 11:00:00,4789.8,4796.360000000001,4786.209999999999,4796.3,0.0,0.0,0.00042418933369926847,11129,0.0,0.0,0.49408866995070033,2026-04-18,GOLD
2026-04-20 11:00:00,4789.8,4796.360000000001,4786.209999999999,4796.3,0.0,0.0,0.00042418933369926847,11129,0.0,0.0,0.49408866995070033,2026-04-17,GOLD
2026-04-20 11:00:00,4789.8,4796.360000000001,4786.209999999999,4796.3,0.0,0.0,0.00042418933369926847,11129,0.0,0.0,0.49408866995070033,2026-04-16,GOLD
2026-04-20 12:00:00,4796.325000000001,4797.975,4783.54,4791.68,0.0,0.0,0.0004174490951578915,11702,0.0,0.0,0.06390717007277842,2026-04-16,GOLD
2026-04-20 12:00:00,4796.325000000001,4797.975,4783.54,4791.68,0.0,0.0,0.0004174490951578915,11702,0.0,0.0,0.06390717007277842,2026-04-17,GOLD
2026-04-20 12:00:00,4796.325000000001,4797.975,4783.54,4791.68,0.0,0.0,0.0004174490951578915,11702,0.0,0.0,0.06390717007277842,2026-04-19,GOLD
2026-04-20 12:00:00,4796.325000000001,4797.975,4783.54,4791.68,0.0,0.0,0.0004174490951578915,11702,0.0,0.0,0.06390717007277842,2026-04-18,GOLD
2026-04-20 12:00:00,4796.325000000001,4797.975,4783.54,4791.68,0.0,0.0,0.0004174490951578915,11702,0.0,0.0,0.06390717007277842,2026-04-20,GOLD
2026-04-20 13:00:00,4791.67,4801.015,4790.01,4795.83,0.0,0.0,0.000353031479970195,9194,0.0,0.0,0.02885052248970436,2026-04-20,GOLD
2026-04-20 13:00:00,4791.67,4801.015,4790.01,4795.83,0.0,0.0,0.000353031479970195,9194,0.0,0.0,0.02885052248970436,2026-04-18,GOLD
2026-04-20 13:00:00,4791.67,4801.015,4790.01,4795.83,0.0,0.0,0.000353031479970195,9194,0.0,0.0,0.02885052248970436,2026-04-17,GOLD
2026-04-20 13:00:00,4791.67,4801.015,4790.01,4795.83,0.0,0.0,0.000353031479970195,9194,0.0,0.0,0.02885052248970436,2026-04-16,GOLD
2026-04-20 13:00:00,4791.67,4801.015,4790.01,4795.83,0.0,0.0,0.000353031479970195,9194,0.0,0.0,0.02885052248970436,2026-04-19,GOLD
2026-04-20 14:00:00,4795.91,4810.96,4786.66,4810.585,0.0,0.0,0.0004170023876189816,13047,0.0,0.0,0.4845679012345867,2026-04-18,GOLD
2026-04-20 14:00:00,4795.91,4810.96,4786.66,4810.585,0.0,0.0,0.0004170023876189816,13047,0.0,0.0,0.4845679012345867,2026-04-20,GOLD
2026-04-20 14:00:00,4795.91,4810.96,4786.66,4810.585,0.0,0.0,0.0004170023876189816,13047,0.0,0.0,0.4845679012345867,2026-04-19,GOLD
2026-04-20 14:00:00,4795.91,4810.96,4786.66,4810.585,0.0,0.0,0.0004170023876189816,13047,0.0,0.0,0.4845679012345867,2026-04-16,GOLD
2026-04-20 14:00:00,4795.91,4810.96,4786.66,4810.585,0.0,0.0,0.0004170023876189816,13047,0.0,0.0,0.4845679012345867,2026-04-17,GOLD
2026-04-20 15:00:00,4810.63,4822.25,4799.145,4803.485,0.0,0.0,0.0005508020320774383,16004,0.0,0.0,-0.3121618697251972,2026-04-20,GOLD
2026-04-20 15:00:00,4810.63,4822.25,4799.145,4803.485,0.0,0.0,0.0005508020320774383,16004,0.0,0.0,-0.3121618697251972,2026-04-18,GOLD
2026-04-20 15:00:00,4810.63,4822.25,4799.145,4803.485,0.0,0.0,0.0005508020320774383,16004,0.0,0.0,-0.3121618697251972,2026-04-16,GOLD
2026-04-20 15:00:00,4810.63,4822.25,4799.145,4803.485,0.0,0.0,0.0005508020320774383,16004,0.0,0.0,-0.3121618697251972,2026-04-19,GOLD
2026-04-20 15:00:00,4810.63,4822.25,4799.145,4803.485,0.0,0.0,0.0005508020320774383,16004,0.0,0.0,-0.3121618697251972,2026-04-17,GOLD
2026-04-20 16:00:00,4803.495,4826.48,4799.8099999999995,4817.9,0.0,0.0,0.0006302491179273741,23189,0.0,0.0,0.17829021372328818,2026-04-17,GOLD
2026-04-20 16:00:00,4803.495,4826.48,4799.8099999999995,4817.9,0.0,0.0,0.0006302491179273741,23189,0.0,0.0,0.17829021372328818,2026-04-20,GOLD
2026-04-20 16:00:00,4803.495,4826.48,4799.8099999999995,4817.9,0.0,0.0,0.0006302491179273741,23189,0.0,0.0,0.17829021372328818,2026-04-18,GOLD
2026-04-20 16:00:00,4803.495,4826.48,4799.8099999999995,4817.9,0.0,0.0,0.0006302491179273741,23189,0.0,0.0,0.17829021372328818,2026-04-16,GOLD
2026-04-20 16:00:00,4803.495,4826.48,4799.8099999999995,4817.9,0.0,0.0,0.0006302491179273741,23189,0.0,0.0,0.17829021372328818,2026-04-19,GOLD
2026-04-20 17:00:00,4817.96,4827.695,4792.805,4805.3150000000005,0.0,0.0,0.0006712972566143818,25578,0.0,0.0,-0.14144453998279086,2026-04-16,GOLD
2026-04-20 17:00:00,4817.96,4827.695,4792.805,4805.3150000000005,0.0,0.0,0.0006712972566143818,25578,0.0,0.0,-0.14144453998279086,2026-04-20,GOLD
2026-04-20 17:00:00,4817.96,4827.695,4792.805,4805.3150000000005,0.0,0.0,0.0006712972566143818,25578,0.0,0.0,-0.14144453998279086,2026-04-19,GOLD
2026-04-20 17:00:00,4817.96,4827.695,4792.805,4805.3150000000005,0.0,0.0,0.0006712972566143818,25578,0.0,0.0,-0.14144453998279086,2026-04-18,GOLD
2026-04-20 17:00:00,4817.96,4827.695,4792.805,4805.3150000000005,0.0,0.0,0.0006712972566143818,25578,0.0,0.0,-0.14144453998279086,2026-04-17,GOLD
2026-04-20 18:00:00,4805.41,4809.594999999999,4792.82,4799.875,0.0,0.0,0.0005472552942891541,22595,0.0,0.0,-0.07943368107299886,2026-04-17,GOLD
2026-04-20 18:00:00,4805.41,4809.594999999999,4792.82,4799.875,0.0,0.0,0.0005472552942891541,22595,0.0,0.0,-0.07943368107299886,2026-04-20,GOLD
2026-04-20 18:00:00,4805.41,4809.594999999999,4792.82,4799.875,0.0,0.0,0.0005472552942891541,22595,0.0,0.0,-0.07943368107299886,2026-04-19,GOLD
2026-04-20 18:00:00,4805.41,4809.594999999999,4792.82,4799.875,0.0,0.0,0.0005472552942891541,22595,0.0,0.0,-0.07943368107299886,2026-04-16,GOLD
2026-04-20 18:00:00,4805.41,4809.594999999999,4792.82,4799.875,0.0,0.0,0.0005472552942891541,22595,0.0,0.0,-0.07943368107299886,2026-04-18,GOLD
2026-04-20 19:00:00,4799.91,4806.540000000001,4792.969999999999,4805.68,0.0,0.0,0.0003945249802482309,13501,0.0,0.0,0.4366249078850048,2026-04-17,GOLD
2026-04-20 19:00:00,4799.91,4806.540000000001,4792.969999999999,4805.68,0.0,0.0,0.0003945249802482309,13501,0.0,0.0,0.4366249078850048,2026-04-20,GOLD
2026-04-20 19:00:00,4799.91,4806.540000000001,4792.969999999999,4805.68,0.0,0.0,0.0003945249802482309,13501,0.0,0.0,0.4366249078850048,2026-04-19,GOLD
2026-04-20 19:00:00,4799.91,4806.540000000001,4792.969999999999,4805.68,0.0,0.0,0.0003945249802482309,13501,0.0,0.0,0.4366249078850048,2026-04-16,GOLD
2026-04-20 19:00:00,4799.91,4806.540000000001,4792.969999999999,4805.68,0.0,0.0,0.0003945249802482309,13501,0.0,0.0,0.4366249078850048,2026-04-18,GOLD
2026-04-20 20:00:00,4805.825000000001,4812.235,4803.985000000001,4806.835,0.0,0.0,0.0003741650416131435,14485,0.0,0.0,-0.15454545454553772,2026-04-19,GOLD
2026-04-20 20:00:00,4805.825000000001,4812.235,4803.985000000001,4806.835,0.0,0.0,0.0003741650416131435,14485,0.0,0.0,-0.15454545454553772,2026-04-16,GOLD
2026-04-20 20:00:00,4805.825000000001,4812.235,4803.985000000001,4806.835,0.0,0.0,0.0003741650416131435,14485,0.0,0.0,-0.15454545454553772,2026-04-17,GOLD
2026-04-20 20:00:00,4805.825000000001,4812.235,4803.985000000001,4806.835,0.0,0.0,0.0003741650416131435,14485,0.0,0.0,-0.15454545454553772,2026-04-18,GOLD
2026-04-20 20:00:00,4805.825000000001,4812.235,4803.985000000001,4806.835,0.0,0.0,0.0003741650416131435,14485,0.0,0.0,-0.15454545454553772,2026-04-20,GOLD
2026-04-20 21:00:00,4806.8099999999995,4816.645,4806.8099999999995,4814.125,0.0,0.0,0.00034546775893914923,12717,0.0,0.0,0.24377224199286282,2026-04-18,GOLD
2026-04-20 21:00:00,4806.8099999999995,4816.645,4806.8099999999995,4814.125,0.0,0.0,0.00034546775893914923,12717,0.0,0.0,0.24377224199286282,2026-04-16,GOLD
2026-04-20 21:00:00,4806.8099999999995,4816.645,4806.8099999999995,4814.125,0.0,0.0,0.00034546775893914923,12717,0.0,0.0,0.24377224199286282,2026-04-17,GOLD
2026-04-20 21:00:00,4806.8099999999995,4816.645,4806.8099999999995,4814.125,0.0,0.0,0.00034546775893914923,12717,0.0,0.0,0.24377224199286282,2026-04-20,GOLD
2026-04-20 21:00:00,4806.8099999999995,4816.645,4806.8099999999995,4814.125,0.0,0.0,0.00034546775893914923,12717,0.0,0.0,0.24377224199286282,2026-04-19,GOLD
2026-04-20 22:00:00,4814.105,4821.485000000001,4810.485,4814.37,0.0,0.0,0.00029871557210472304,10165,0.0,0.0,-0.14681818181823253,2026-04-19,GOLD
2026-04-20 22:00:00,4814.105,4821.485000000001,4810.485,4814.37,0.0,0.0,0.00029871557210472304,10165,0.0,0.0,-0.14681818181823253,2026-04-20,GOLD
2026-04-20 22:00:00,4814.105,4821.485000000001,4810.485,4814.37,0.0,0.0,0.00029871557210472304,10165,0.0,0.0,-0.14681818181823253,2026-04-18,GOLD
2026-04-20 22:00:00,4814.105,4821.485000000001,4810.485,4814.37,0.0,0.0,0.00029871557210472304,10165,0.0,0.0,-0.14681818181823253,2026-04-16,GOLD
2026-04-20 22:00:00,4814.105,4821.485000000001,4810.485,4814.37,0.0,0.0,0.00029871557210472304,10165,0.0,0.0,-0.14681818181823253,2026-04-17,GOLD
2026-04-20 23:00:00,4814.395,4822.035,4812.385,4820.765,0.0,0.0,0.0002899485752692443,5166,0.0,0.0,0.36839378238346376,2026-04-16,GOLD
2026-04-20 23:00:00,4814.395,4822.035,4812.385,4820.765,0.0,0.0,0.0002899485752692443,5166,0.0,0.0,0.36839378238346376,2026-04-17,GOLD
2026-04-20 23:00:00,4814.395,4822.035,4812.385,4820.765,0.0,0.0,0.0002899485752692443,5166,0.0,0.0,0.36839378238346376,2026-04-18,GOLD
2026-04-20 23:00:00,4814.395,4822.035,4812.385,4820.765,0.0,0.0,0.0002899485752692443,5166,0.0,0.0,0.36839378238346376,2026-04-19,GOLD
2026-04-20 23:00:00,4814.395,4822.035,4812.385,4820.765,0.0,0.0,0.0002899485752692443,5166,0.0,0.0,0.36839378238346376,2026-04-20,GOLD
2026-04-21 01:00:00,4822.545,4833.344999999999,4820.915,4827.78,0.0,0.0,0.0005870679211988687,10116,0.0,0.0,0.052292839903505875,2026-04-17,GOLD
2026-04-21 01:00:00,4822.545,4833.344999999999,4820.915,4827.78,0.0,0.0,0.0005870679211988687,10116,0.0,0.0,0.052292839903505875,2026-04-20,GOLD
2026-04-21 01:00:00,4822.545,4833.344999999999,4820.915,4827.78,0.0,0.0,0.0005870679211988687,10116,0.0,0.0,0.052292839903505875,2026-04-18,GOLD
2026-04-21 01:00:00,4822.545,4833.344999999999,4820.915,4827.78,0.0,0.0,0.0005870679211988687,10116,0.0,0.0,0.052292839903505875,2026-04-19,GOLD
2026-04-21 01:00:00,4822.545,4833.344999999999,4820.915,4827.78,0.0,0.0,0.0005870679211988687,10116,0.0,0.0,0.052292839903505875,2026-04-16,GOLD
2026-04-21 02:00:00,4827.735,4831.755,4819.96,4821.865,0.0,0.0,0.00034897634531694493,6825,0.0,0.0,-0.33849088596865334,2026-04-20,GOLD
2026-04-21 02:00:00,4827.735,4831.755,4819.96,4821.865,0.0,0.0,0.00034897634531694493,6825,0.0,0.0,-0.33849088596865334,2026-04-19,GOLD
2026-04-21 02:00:00,4827.735,4831.755,4819.96,4821.865,0.0,0.0,0.00034897634531694493,6825,0.0,0.0,-0.33849088596865334,2026-04-17,GOLD
2026-04-21 02:00:00,4827.735,4831.755,4819.96,4821.865,0.0,0.0,0.00034897634531694493,6825,0.0,0.0,-0.33849088596865334,2026-04-16,GOLD
2026-04-21 02:00:00,4827.735,4831.755,4819.96,4821.865,0.0,0.0,0.00034897634531694493,6825,0.0,0.0,-0.33849088596865334,2026-04-18,GOLD
2026-04-21 03:00:00,4822.0599999999995,4830.875,4816.985000000001,4824.145,0.0,0.0,0.0004368391156187133,12883,0.0,0.0,0.0154787616990752,2026-04-16,GOLD
2026-04-21 03:00:00,4822.0599999999995,4830.875,4816.985000000001,4824.145,0.0,0.0,0.0004368391156187133,12883,0.0,0.0,0.0154787616990752,2026-04-18,GOLD
2026-04-21 03:00:00,4822.0599999999995,4830.875,4816.985000000001,4824.145,0.0,0.0,0.0004368391156187133,12883,0.0,0.0,0.0154787616990752,2026-04-20,GOLD
2026-04-21 03:00:00,4822.0599999999995,4830.875,4816.985000000001,4824.145,0.0,0.0,0.0004368391156187133,12883,0.0,0.0,0.0154787616990752,2026-04-19,GOLD
2026-04-21 03:00:00,4822.0599999999995,4830.875,4816.985000000001,4824.145,0.0,0.0,0.0004368391156187133,12883,0.0,0.0,0.0154787616990752,2026-04-17,GOLD
2026-04-21 04:00:00,4824.09,4824.61,4805.945,4809.030000000001,0.0,0.0,0.0004408968634339194,14646,0.0,0.0,-0.33471738548081986,2026-04-16,GOLD
2026-04-21 04:00:00,4824.09,4824.61,4805.945,4810.280000000001,0.0,0.0,0.0004368311592877294,15277,0.0,0.0,-0.26774712027856956,2026-04-18,GOLD
2026-04-21 04:00:00,4824.09,4824.61,4805.945,4810.280000000001,0.0,0.0,0.0004368311592877294,15277,0.0,0.0,-0.26774712027856956,2026-04-19,GOLD
2026-04-21 04:00:00,4824.09,4824.61,4805.945,4810.280000000001,0.0,0.0,0.0004368311592877294,15277,0.0,0.0,-0.26774712027856956,2026-04-20,GOLD
2026-04-21 04:00:00,4824.09,4824.61,4805.945,4810.280000000001,0.0,0.0,0.0004368311592877294,15277,0.0,0.0,-0.26774712027856956,2026-04-17,GOLD
2026-04-21 05:00:00,4810.27,4810.485,4802.61,4806.955,0.0,0.0,0.00037310354498457847,11001,0.0,0.0,0.05174603174606408,2026-04-19,GOLD
2026-04-21 05:00:00,4810.27,4810.485,4802.61,4806.955,0.0,0.0,0.000373135813595911,11001,0.0,0.0,0.05174603174606408,2026-04-21,GOLD
2026-04-21 05:00:00,4810.27,4810.485,4802.61,4806.955,0.0,0.0,0.00037310354498457847,11001,0.0,0.0,0.05174603174606408,2026-04-20,GOLD
2026-04-21 05:00:00,4810.27,4810.485,4802.61,4806.955,0.0,0.0,0.00037310354498457847,11001,0.0,0.0,0.05174603174606408,2026-04-18,GOLD
2026-04-21 05:00:00,4810.27,4810.485,4802.61,4806.955,0.0,0.0,0.00037310354498457847,11001,0.0,0.0,0.05174603174606408,2026-04-17,GOLD
2026-04-21 06:00:00,4806.985000000001,4807.77,4792.639999999999,4797.245,0.0,0.0,0.00035987818946320467,11186,0.0,0.0,-0.1956378056840606,2026-04-17,GOLD
2026-04-21 06:00:00,4806.985000000001,4807.77,4792.639999999999,4797.245,0.0,0.0,0.00035987818946320467,11186,0.0,0.0,-0.1956378056840606,2026-04-20,GOLD
2026-04-21 06:00:00,4806.985000000001,4807.77,4792.639999999999,4797.245,0.0,0.0,0.00035987818946320467,11186,0.0,0.0,-0.1956378056840606,2026-04-21,GOLD
2026-04-21 06:00:00,4806.985000000001,4807.77,4792.639999999999,4797.245,0.0,0.0,0.00035987818946320467,11186,0.0,0.0,-0.1956378056840606,2026-04-18,GOLD
2026-04-21 06:00:00,4806.985000000001,4807.77,4792.639999999999,4797.245,0.0,0.0,0.00035987818946320467,11186,0.0,0.0,-0.1956378056840606,2026-04-19,GOLD
2026-04-21 07:00:00,4797.385,4797.959999999999,4788.85,4789.285,0.0,0.0,0.00038434009590253217,7182,0.0,0.0,-0.45225027442375965,2026-04-21,GOLD
2026-04-21 07:00:00,4797.385,4797.959999999999,4788.85,4789.285,0.0,0.0,0.00038434009590253217,7182,0.0,0.0,-0.45225027442375965,2026-04-17,GOLD
2026-04-21 07:00:00,4797.385,4797.959999999999,4788.85,4789.285,0.0,0.0,0.00038434009590253217,7182,0.0,0.0,-0.45225027442375965,2026-04-20,GOLD
2026-04-21 07:00:00,4797.385,4797.959999999999,4788.85,4789.285,0.0,0.0,0.00038434009590253217,7182,0.0,0.0,-0.45225027442375965,2026-04-19,GOLD
2026-04-21 07:00:00,4797.385,4797.959999999999,4788.85,4789.285,0.0,0.0,0.00038434009590253217,7182,0.0,0.0,-0.45225027442375965,2026-04-18,GOLD
2026-04-21 08:00:00,4789.4,4797.165,4783.325,4784.225,0.0,0.0,0.00047531314225109696,12324,0.0,0.0,-0.4349710982658572,2026-04-18,GOLD
2026-04-21 08:00:00,4789.4,4797.165,4783.325,4784.225,0.0,0.0,0.00047531314225109696,12324,0.0,0.0,-0.4349710982658572,2026-04-17,GOLD
2026-04-21 08:00:00,4789.4,4797.165,4783.325,4784.225,0.0,0.0,0.00047531314225109696,12324,0.0,0.0,-0.4349710982658572,2026-04-20,GOLD
2026-04-21 08:00:00,4789.4,4797.165,4783.325,4784.225,0.0,0.0,0.00047531314225109696,12324,0.0,0.0,-0.4349710982658572,2026-04-19,GOLD
2026-04-21 08:00:00,4789.4,4797.165,4783.325,4784.225,0.0,0.0,0.00047531314225109696,12324,0.0,0.0,-0.4349710982658572,2026-04-21,GOLD
2026-04-21 09:00:00,4784.205,4790.745,4774.6900000000005,4778.76,0.0,0.0,0.0005064996411722571,16743,0.0,0.0,-0.24649641856123258,2026-04-18,GOLD
2026-04-21 09:00:00,4784.205,4790.745,4774.6900000000005,4778.76,0.0,0.0,0.0005064996411722571,16743,0.0,0.0,-0.24649641856123258,2026-04-20,GOLD
2026-04-21 09:00:00,4784.205,4790.745,4774.6900000000005,4778.76,0.0,0.0,0.0005064996411722571,16743,0.0,0.0,-0.24649641856123258,2026-04-19,GOLD
2026-04-21 09:00:00,4784.205,4790.745,4774.6900000000005,4778.76,0.0,0.0,0.0005064996411722571,16743,0.0,0.0,-0.24649641856123258,2026-04-17,GOLD
2026-04-21 09:00:00,4784.205,4790.745,4774.6900000000005,4778.76,0.0,0.0,0.0005064996411722571,16743,0.0,0.0,-0.24649641856123258,2026-04-21,GOLD
2026-04-21 10:00:00,4778.345,4792.755,4772.83,4786.12,0.0,0.0,0.00041057209799774756,15330,0.0,0.0,0.1670012547051592,2026-04-18,GOLD
2026-04-21 10:00:00,4778.345,4792.755,4772.83,4786.12,0.0,0.0,0.00041057209799774756,15330,0.0,0.0,0.1670012547051592,2026-04-17,GOLD
2026-04-21 10:00:00,4778.345,4792.755,4772.83,4786.12,0.0,0.0,0.00041057209799774756,15330,0.0,0.0,0.1670012547051592,2026-04-20,GOLD
2026-04-21 10:00:00,4778.345,4792.755,4772.83,4786.12,0.0,0.0,0.00041057209799774756,15330,0.0,0.0,0.1670012547051592,2026-04-21,GOLD
2026-04-21 10:00:00,4778.345,4792.755,4772.83,4786.12,0.0,0.0,0.00041057209799774756,15330,0.0,0.0,0.1670012547051592,2026-04-19,GOLD
2026-04-21 11:00:00,4785.875,4793.094999999999,4774.85,4786.0599999999995,0.0,0.0,0.00042406130765136575,12756,0.0,0.0,0.1144149081940122,2026-04-17,GOLD
2026-04-21 11:00:00,4785.875,4793.094999999999,4774.85,4786.0599999999995,0.0,0.0,0.00042406130765136575,12756,0.0,0.0,0.1144149081940122,2026-04-20,GOLD
2026-04-21 11:00:00,4785.875,4793.094999999999,4774.85,4786.0599999999995,0.0,0.0,0.00042406130765136575,12756,0.0,0.0,0.1144149081940122,2026-04-21,GOLD
2026-04-21 11:00:00,4785.875,4793.094999999999,4774.85,4786.0599999999995,0.0,0.0,0.00042406130765136575,12756,0.0,0.0,0.1144149081940122,2026-04-18,GOLD
2026-04-21 11:00:00,4785.875,4793.094999999999,4774.85,4786.0599999999995,0.0,0.0,0.00042406130765136575,12756,0.0,0.0,0.1144149081940122,2026-04-19,GOLD
2026-04-21 12:00:00,4786.05,4789.764999999999,4781.34,4783.8150000000005,0.0,0.0,0.00040509239371686734,10090,0.0,0.0,-0.20623145400586618,2026-04-21,GOLD
2026-04-21 12:00:00,4786.05,4789.764999999999,4781.34,4783.8150000000005,0.0,0.0,0.00040509239371686734,10090,0.0,0.0,-0.20623145400586618,2026-04-17,GOLD
2026-04-21 12:00:00,4786.05,4789.764999999999,4781.34,4783.8150000000005,0.0,0.0,0.00040509239371686734,10090,0.0,0.0,-0.20623145400586618,2026-04-19,GOLD
2026-04-21 12:00:00,4786.05,4789.764999999999,4781.34,4783.8150000000005,0.0,0.0,0.00040509239371686734,10090,0.0,0.0,-0.20623145400586618,2026-04-20,GOLD
2026-04-21 12:00:00,4786.05,4789.764999999999,4781.34,4783.8150000000005,0.0,0.0,0.00040509239371686734,10090,0.0,0.0,-0.20623145400586618,2026-04-18,GOLD
2026-04-21 13:00:00,4783.96,4790.495,4780.88,4789.84,0.0,0.0,0.0003295838770940084,8424,0.0,0.0,0.4318772750910286,2026-04-17,GOLD
2026-04-21 13:00:00,4783.96,4790.495,4780.88,4789.84,0.0,0.0,0.0003295838770940084,8424,0.0,0.0,0.4318772750910286,2026-04-20,GOLD
2026-04-21 13:00:00,4783.96,4790.495,4780.88,4789.84,0.0,0.0,0.0003295838770940084,8424,0.0,0.0,0.4318772750910286,2026-04-19,GOLD
2026-04-21 13:00:00,4783.96,4790.495,4780.88,4789.84,0.0,0.0,0.0003295838770940084,8424,0.0,0.0,0.4318772750910286,2026-04-21,GOLD
2026-04-21 13:00:00,4783.96,4790.495,4780.88,4789.84,0.0,0.0,0.0003295838770940084,8424,0.0,0.0,0.4318772750910286,2026-04-18,GOLD
2026-04-21 14:00:00,4789.85,4798.1,4775.5,4794.73,0.0,0.0,0.0004649025357632407,12154,0.0,0.0,0.3508849557521794,2026-04-18,GOLD
2026-04-21 14:00:00,4789.85,4798.1,4775.5,4794.73,0.0,0.0,0.0004649025357632407,12154,0.0,0.0,0.3508849557521794,2026-04-17,GOLD
2026-04-21 14:00:00,4789.85,4798.1,4775.5,4794.73,0.0,0.0,0.0004649025357632407,12154,0.0,0.0,0.3508849557521794,2026-04-21,GOLD
2026-04-21 14:00:00,4789.85,4798.1,4775.5,4794.73,0.0,0.0,0.0004649025357632407,12154,0.0,0.0,0.3508849557521794,2026-04-20,GOLD
2026-04-21 14:00:00,4789.85,4798.1,4775.5,4794.73,0.0,0.0,0.0004649025357632407,12154,0.0,0.0,0.3508849557521794,2026-04-19,GOLD
2026-04-21 15:00:00,4794.76,4797.0650000000005,4766.54,4778.875,0.0,0.0,0.0005699387201872606,18730,0.0,0.0,-0.09590499590498704,2026-04-17,GOLD
2026-04-21 15:00:00,4794.76,4797.0650000000005,4766.54,4778.875,0.0,0.0,0.0005699387201872606,18730,0.0,0.0,-0.09590499590498704,2026-04-18,GOLD
2026-04-21 15:00:00,4794.76,4797.0650000000005,4766.54,4778.875,0.0,0.0,0.0005699387201872606,18730,0.0,0.0,-0.09590499590498704,2026-04-21,GOLD
2026-04-21 15:00:00,4794.76,4797.0650000000005,4766.54,4778.875,0.0,0.0,0.0005699387201872606,18730,0.0,0.0,-0.09590499590498704,2026-04-19,GOLD
2026-04-21 15:00:00,4794.76,4797.0650000000005,4766.54,4778.875,0.0,0.0,0.0005699387201872606,18730,0.0,0.0,-0.09590499590498704,2026-04-20,GOLD
2026-04-21 16:00:00,4778.82,4794.455,4761.715,4779.17,0.0,0.0,0.0006663882392945314,25127,0.0,0.0,0.03313989004276248,2026-04-20,GOLD
2026-04-21 16:00:00,4778.82,4794.455,4761.715,4779.17,0.0,0.0,0.0006663882392945314,25127,0.0,0.0,0.03313989004276248,2026-04-17,GOLD
2026-04-21 16:00:00,4778.82,4794.455,4761.715,4779.17,0.0,0.0,0.0006663882392945314,25127,0.0,0.0,0.03313989004276248,2026-04-18,GOLD
2026-04-21 16:00:00,4778.82,4794.455,4761.715,4779.17,0.0,0.0,0.0006663882392945314,25127,0.0,0.0,0.03313989004276248,2026-04-19,GOLD
2026-04-21 16:00:00,4778.82,4794.455,4761.715,4779.17,0.0,0.0,0.0006663882392945314,25127,0.0,0.0,0.03313989004276248,2026-04-21,GOLD
2026-04-21 17:00:00,4779.035,4782.665,4723.790000000001,4739.055,0.0,0.0,0.0008354174418069525,26774,0.0,0.0,-0.24072186836519407,2026-04-18,GOLD
2026-04-21 17:00:00,4779.035,4782.665,4723.790000000001,4739.055,0.0,0.0,0.0008354174418069525,26774,0.0,0.0,-0.24072186836519407,2026-04-21,GOLD
2026-04-21 17:00:00,4779.035,4782.665,4723.790000000001,4739.055,0.0,0.0,0.0008354174418069525,26774,0.0,0.0,-0.24072186836519407,2026-04-17,GOLD
2026-04-21 17:00:00,4779.035,4782.665,4723.790000000001,4739.055,0.0,0.0,0.0008354174418069525,26774,0.0,0.0,-0.24072186836519407,2026-04-20,GOLD
2026-04-21 17:00:00,4779.035,4782.665,4723.790000000001,4739.055,0.0,0.0,0.0008354174418069525,26774,0.0,0.0,-0.24072186836519407,2026-04-19,GOLD
2026-04-21 18:00:00,4739.57,4757.735,4727.83,4741.635,0.0,0.0,0.0007498596486689654,27683,0.0,0.0,-0.03837150978094421,2026-04-17,GOLD
2026-04-21 18:00:00,4739.57,4757.735,4727.83,4741.635,0.0,0.0,0.0007498596486689654,27683,0.0,0.0,-0.03837150978094421,2026-04-19,GOLD
2026-04-21 18:00:00,4739.57,4757.735,4727.83,4741.635,0.0,0.0,0.0007498596486689654,27683,0.0,0.0,-0.03837150978094421,2026-04-18,GOLD
2026-04-21 18:00:00,4739.57,4757.735,4727.83,4741.635,0.0,0.0,0.0007498596486689654,27683,0.0,0.0,-0.03837150978094421,2026-04-20,GOLD
2026-04-21 18:00:00,4739.57,4757.735,4727.83,4741.635,0.0,0.0,0.0007498596486689654,27683,0.0,0.0,-0.03837150978094421,2026-04-21,GOLD
2026-04-21 19:00:00,4741.889999999999,4747.129999999999,4708.35,4711.155,0.0,0.0,0.0006001364463322548,23237,0.0,0.0,-0.4276689014956301,2026-04-17,GOLD
2026-04-21 19:00:00,4741.889999999999,4747.129999999999,4708.35,4711.155,0.0,0.0,0.0006001364463322548,23237,0.0,0.0,-0.4276689014956301,2026-04-21,GOLD
2026-04-21 19:00:00,4741.889999999999,4747.129999999999,4708.35,4711.155,0.0,0.0,0.0006001364463322548,23237,0.0,0.0,-0.4276689014956301,2026-04-18,GOLD
2026-04-21 19:00:00,4741.889999999999,4747.129999999999,4708.35,4711.155,0.0,0.0,0.0006001364463322548,23237,0.0,0.0,-0.4276689014956301,2026-04-19,GOLD
2026-04-21 19:00:00,4741.889999999999,4747.129999999999,4708.35,4711.155,0.0,0.0,0.0006001364463322548,23237,0.0,0.0,-0.4276689014956301,2026-04-20,GOLD
2026-04-21 20:00:00,4711.219999999999,4722.27,4697.0,4711.030000000001,0.0,0.0,0.0007049017313596079,25412,0.0,0.0,0.055203798971128315,2026-04-20,GOLD
2026-04-21 20:00:00,4711.219999999999,4722.27,4697.0,4711.030000000001,0.0,0.0,0.0007049017313596079,25412,0.0,0.0,0.055203798971128315,2026-04-21,GOLD
2026-04-21 20:00:00,4711.219999999999,4722.27,4697.0,4711.030000000001,0.0,0.0,0.0007049017313596079,25412,0.0,0.0,0.055203798971128315,2026-04-17,GOLD
2026-04-21 20:00:00,4711.219999999999,4722.27,4697.0,4711.030000000001,0.0,0.0,0.0007049017313596079,25412,0.0,0.0,0.055203798971128315,2026-04-19,GOLD
2026-04-21 20:00:00,4711.219999999999,4722.27,4697.0,4711.030000000001,0.0,0.0,0.0007049017313596079,25412,0.0,0.0,0.055203798971128315,2026-04-18,GOLD
2026-04-21 21:00:00,4710.959999999999,4714.715,4692.305,4709.325,0.0,0.0,0.0005868070441115309,21860,0.0,0.0,0.2594823739401891,2026-04-19,GOLD
2026-04-21 21:00:00,4710.959999999999,4714.715,4692.305,4709.325,0.0,0.0,0.0005868070441115309,21860,0.0,0.0,0.2594823739401891,2026-04-18,GOLD
2026-04-21 21:00:00,4710.959999999999,4714.715,4692.305,4709.325,0.0,0.0,0.0005868070441115309,21860,0.0,0.0,0.2594823739401891,2026-04-21,GOLD
2026-04-21 21:00:00,4710.959999999999,4714.715,4692.305,4709.325,0.0,0.0,0.0005868070441115309,21860,0.0,0.0,0.2594823739401891,2026-04-17,GOLD
2026-04-21 21:00:00,4710.959999999999,4714.715,4692.305,4709.325,0.0,0.0,0.0005868070441115309,21860,0.0,0.0,0.2594823739401891,2026-04-20,GOLD
2026-04-21 22:00:00,4709.385,4715.23,4668.545,4679.459999999999,0.0,0.0,0.0007707087249386798,24825,0.0,0.0,-0.26619899325266844,2026-04-20,GOLD
2026-04-21 22:00:00,4709.385,4715.23,4668.545,4679.459999999999,0.0,0.0,0.0007707087249386798,24825,0.0,0.0,-0.26619899325266844,2026-04-21,GOLD
2026-04-21 22:00:00,4709.385,4715.23,4668.545,4679.459999999999,0.0,0.0,0.0007707087249386798,24825,0.0,0.0,-0.26619899325266844,2026-04-19,GOLD
2026-04-21 22:00:00,4709.385,4715.23,4668.545,4679.459999999999,0.0,0.0,0.0007707087249386798,24825,0.0,0.0,-0.26619899325266844,2026-04-18,GOLD
2026-04-21 22:00:00,4709.385,4715.23,4668.545,4679.459999999999,0.0,0.0,0.0007707087249386798,24825,0.0,0.0,-0.26619899325266844,2026-04-17,GOLD
2026-04-21 23:00:00,4679.49,4720.3150000000005,4669.01,4720.145,0.0,0.0,0.0007929975970099245,17526,0.0,0.0,0.49668648279894606,2026-04-20,GOLD
2026-04-21 23:00:00,4679.49,4720.3150000000005,4669.01,4720.145,0.0,0.0,0.0007929975970099245,17526,0.0,0.0,0.49668648279894606,2026-04-18,GOLD
2026-04-21 23:00:00,4679.49,4720.3150000000005,4669.01,4720.145,0.0,0.0,0.0007929975970099245,17526,0.0,0.0,0.49668648279894606,2026-04-21,GOLD
2026-04-21 23:00:00,4679.49,4711.305,4669.01,4706.67,0.0,0.0,0.0010198290971443627,10263,0.0,0.0,0.39041257831894527,2026-04-17,GOLD
2026-04-21 23:00:00,4679.49,4720.3150000000005,4669.01,4720.145,0.0,0.0,0.0007929975970099245,17526,0.0,0.0,0.49668648279894606,2026-04-19,GOLD
2026-04-22 01:00:00,4721.195,4729.775,4715.725,4719.665,0.0,0.0,0.000666260387340897,8104,0.0,0.0,-0.21957295373666877,2026-04-20,GOLD
2026-04-22 01:00:00,4721.195,4729.775,4715.725,4719.665,0.0,0.0,0.000666260387340897,8104,0.0,0.0,-0.21957295373666877,2026-04-18,GOLD
2026-04-22 01:00:00,4721.195,4729.775,4715.725,4719.665,0.0,0.0,0.000666260387340897,8104,0.0,0.0,-0.21957295373666877,2026-04-21,GOLD
2026-04-22 01:00:00,4721.195,4729.775,4715.725,4719.665,0.0,0.0,0.000666260387340897,8104,0.0,0.0,-0.21957295373666877,2026-04-19,GOLD
2026-04-22 02:00:00,4719.545,4740.7,4718.21,4738.155,0.0,0.0,0.00043093929843270105,8558,0.0,0.0,0.38683859493107614,2026-04-18,GOLD
2026-04-22 02:00:00,4719.545,4740.7,4718.21,4738.155,0.0,0.0,0.00043093929843270105,8558,0.0,0.0,0.38683859493107614,2026-04-21,GOLD
2026-04-22 02:00:00,4719.545,4740.7,4718.21,4738.155,0.0,0.0,0.00043093929843270105,8558,0.0,0.0,0.38683859493107614,2026-04-19,GOLD
2026-04-22 02:00:00,4719.545,4740.7,4718.21,4738.155,0.0,0.0,0.00043093929843270105,8558,0.0,0.0,0.38683859493107614,2026-04-20,GOLD
2026-04-22 03:00:00,4738.32,4747.575,4738.32,4740.02,0.0,0.0,0.000412691490115046,12328,0.0,0.0,-0.3163155051323336,2026-04-21,GOLD
2026-04-22 03:00:00,4738.32,4747.575,4738.32,4740.02,0.0,0.0,0.000412691490115046,12328,0.0,0.0,-0.3163155051323336,2026-04-20,GOLD
2026-04-22 03:00:00,4738.32,4747.575,4738.32,4740.02,0.0,0.0,0.000412691490115046,12328,0.0,0.0,-0.3163155051323336,2026-04-19,GOLD
2026-04-22 03:00:00,4738.32,4747.575,4738.32,4740.02,0.0,0.0,0.000412691490115046,12328,0.0,0.0,-0.3163155051323336,2026-04-18,GOLD
2026-04-22 04:00:00,4740.005,4754.76,4736.12,4752.305,0.0,0.0,0.00048256286393133345,16100,0.0,0.0,0.3682939914162908,2026-04-21,GOLD
2026-04-22 04:00:00,4740.005,4754.76,4736.12,4752.305,0.0,0.0,0.00048256286393133345,16100,0.0,0.0,0.3682939914162908,2026-04-18,GOLD
2026-04-22 04:00:00,4740.005,4754.76,4736.12,4752.305,0.0,0.0,0.00048256286393133345,16100,0.0,0.0,0.3682939914162908,2026-04-20,GOLD
2026-04-22 04:00:00,4740.005,4754.76,4736.12,4752.305,0.0,0.0,0.00048256286393133345,16100,0.0,0.0,0.3682939914162908,2026-04-19,GOLD
2026-04-22 05:00:00,4752.475,4758.865,4750.365,4755.865,0.0,0.0,0.00036810348069813873,10604,0.0,0.0,0.14705882352941177,2026-04-21,GOLD
2026-04-22 05:00:00,4752.475,4758.865,4750.365,4755.865,0.0,0.0,0.00036810348069813873,10604,0.0,0.0,0.14705882352941177,2026-04-18,GOLD
2026-04-22 05:00:00,4752.475,4758.865,4750.365,4755.865,0.0,0.0,0.00036810348069813873,10604,0.0,0.0,0.14705882352941177,2026-04-20,GOLD
2026-04-22 05:00:00,4752.475,4758.865,4750.365,4755.865,0.0,0.0,0.00036810348069813873,10604,0.0,0.0,0.14705882352941177,2026-04-19,GOLD
2026-04-22 05:00:00,4752.475,4758.865,4750.365,4755.865,0.0,0.0,0.0003681254119715991,10604,0.0,0.0,0.14705882352941177,2026-04-22,GOLD
2026-04-22 06:00:00,4755.915,4765.174999999999,4753.145,4758.375,0.0,0.0,0.0003641943936802732,9196,0.0,0.0,-0.06525353283457444,2026-04-18,GOLD
2026-04-22 06:00:00,4755.915,4765.174999999999,4753.145,4758.375,0.0,0.0,0.0003641943936802732,9196,0.0,0.0,-0.06525353283457444,2026-04-22,GOLD
2026-04-22 06:00:00,4755.915,4765.174999999999,4753.145,4758.375,0.0,0.0,0.0003641943936802732,9196,0.0,0.0,-0.06525353283457444,2026-04-20,GOLD
2026-04-22 06:00:00,4755.915,4765.174999999999,4753.145,4758.375,0.0,0.0,0.0003641943936802732,9196,0.0,0.0,-0.06525353283457444,2026-04-19,GOLD
2026-04-22 06:00:00,4755.915,4765.174999999999,4753.145,4758.375,0.0,0.0,0.0003641943936802732,9196,0.0,0.0,-0.06525353283457444,2026-04-21,GOLD
2026-04-22 07:00:00,4758.389999999999,4759.75,4752.395,4754.6849999999995,0.0,0.0,0.0003510070464614085,6939,0.0,0.0,-0.18864717879004894,2026-04-21,GOLD
2026-04-22 07:00:00,4758.389999999999,4759.75,4752.395,4754.6849999999995,0.0,0.0,0.0003510070464614085,6939,0.0,0.0,-0.18864717879004894,2026-04-20,GOLD
2026-04-22 07:00:00,4758.389999999999,4759.75,4752.395,4754.6849999999995,0.0,0.0,0.0003510070464614085,6939,0.0,0.0,-0.18864717879004894,2026-04-18,GOLD
2026-04-22 07:00:00,4758.389999999999,4759.75,4752.395,4754.6849999999995,0.0,0.0,0.0003510070464614085,6939,0.0,0.0,-0.18864717879004894,2026-04-22,GOLD
2026-04-22 07:00:00,4758.389999999999,4759.75,4752.395,4754.6849999999995,0.0,0.0,0.0003510070464614085,6939,0.0,0.0,-0.18864717879004894,2026-04-19,GOLD
2026-04-22 08:00:00,4754.6849999999995,4772.18,4752.345,4767.85,0.0,0.0,0.000472013380598461,14115,0.0,0.0,0.2816990168893182,2026-04-21,GOLD
2026-04-22 08:00:00,4754.6849999999995,4772.18,4752.345,4767.85,0.0,0.0,0.000472013380598461,14115,0.0,0.0,0.2816990168893182,2026-04-22,GOLD
2026-04-22 08:00:00,4754.6849999999995,4772.18,4752.345,4767.85,0.0,0.0,0.000472013380598461,14115,0.0,0.0,0.2816990168893182,2026-04-19,GOLD
2026-04-22 08:00:00,4754.6849999999995,4772.18,4752.345,4767.85,0.0,0.0,0.000472013380598461,14115,0.0,0.0,0.2816990168893182,2026-04-18,GOLD
2026-04-22 08:00:00,4754.6849999999995,4772.18,4752.345,4767.85,0.0,0.0,0.000472013380598461,14115,0.0,0.0,0.2816990168893182,2026-04-20,GOLD
2026-04-22 09:00:00,4767.8150000000005,4767.96,4758.97,4767.75,0.0,0.0,0.0003345641373659338,12966,0.0,0.0,0.4766407119021088,2026-04-22,GOLD
2026-04-22 09:00:00,4767.8150000000005,4767.96,4758.97,4767.75,0.0,0.0,0.0003345641373659338,12966,0.0,0.0,0.4766407119021088,2026-04-21,GOLD
2026-04-22 09:00:00,4767.8150000000005,4767.96,4758.97,4767.75,0.0,0.0,0.0003345641373659338,12966,0.0,0.0,0.4766407119021088,2026-04-18,GOLD
2026-04-22 09:00:00,4767.8150000000005,4767.96,4758.97,4767.75,0.0,0.0,0.0003345641373659338,12966,0.0,0.0,0.4766407119021088,2026-04-20,GOLD
2026-04-22 09:00:00,4767.8150000000005,4767.96,4758.97,4767.75,0.0,0.0,0.0003345641373659338,12966,0.0,0.0,0.4766407119021088,2026-04-19,GOLD
2026-04-22 10:00:00,4767.645,4772.38,4759.735000000001,4760.635,0.0,0.0,0.0003819396680211081,10947,0.0,0.0,-0.4288256227758628,2026-04-21,GOLD
2026-04-22 10:00:00,4767.645,4772.38,4759.735000000001,4760.635,0.0,0.0,0.0003819396680211081,10947,0.0,0.0,-0.4288256227758628,2026-04-22,GOLD
2026-04-22 10:00:00,4767.645,4772.38,4759.735000000001,4760.635,0.0,0.0,0.0003819396680211081,10947,0.0,0.0,-0.4288256227758628,2026-04-19,GOLD
2026-04-22 10:00:00,4767.645,4772.38,4759.735000000001,4760.635,0.0,0.0,0.0003819396680211081,10947,0.0,0.0,-0.4288256227758628,2026-04-18,GOLD
2026-04-22 10:00:00,4767.645,4772.38,4759.735000000001,4760.635,0.0,0.0,0.0003819396680211081,10947,0.0,0.0,-0.4288256227758628,2026-04-20,GOLD
2026-04-22 11:00:00,4760.755,4762.360000000001,4751.889999999999,4757.1,0.0,0.0,0.00035785653480881695,11633,0.0,0.0,-0.002387774594043307,2026-04-18,GOLD
2026-04-22 11:00:00,4760.755,4762.360000000001,4751.889999999999,4757.1,0.0,0.0,0.00035785653480881695,11633,0.0,0.0,-0.002387774594043307,2026-04-21,GOLD
2026-04-22 11:00:00,4760.755,4762.360000000001,4751.889999999999,4757.1,0.0,0.0,0.00035785653480881695,11633,0.0,0.0,-0.002387774594043307,2026-04-19,GOLD
2026-04-22 11:00:00,4760.755,4762.360000000001,4751.889999999999,4757.1,0.0,0.0,0.00035785653480881695,11633,0.0,0.0,-0.002387774594043307,2026-04-22,GOLD
2026-04-22 11:00:00,4760.755,4762.360000000001,4751.889999999999,4757.1,0.0,0.0,0.00035785653480881695,11633,0.0,0.0,-0.002387774594043307,2026-04-20,GOLD
2026-04-22 12:00:00,4757.09,4762.549999999999,4752.4,4755.305,0.0,0.0,0.00036837185383060034,9603,0.0,0.0,-0.2137931034482011,2026-04-21,GOLD
2026-04-22 12:00:00,4757.09,4762.549999999999,4752.4,4755.305,0.0,0.0,0.00036837185383060034,9603,0.0,0.0,-0.2137931034482011,2026-04-18,GOLD
2026-04-22 12:00:00,4757.09,4762.549999999999,4752.4,4755.305,0.0,0.0,0.00036837185383060034,9603,0.0,0.0,-0.2137931034482011,2026-04-19,GOLD
2026-04-22 12:00:00,4757.09,4762.549999999999,4752.4,4755.305,0.0,0.0,0.00036837185383060034,9603,0.0,0.0,-0.2137931034482011,2026-04-20,GOLD
2026-04-22 12:00:00,4757.09,4762.549999999999,4752.4,4755.305,0.0,0.0,0.00036837185383060034,9603,0.0,0.0,-0.2137931034482011,2026-04-22,GOLD
2026-04-22 13:00:00,4755.34,4760.215,4745.915,4759.33,0.0,0.0,0.00036787649117688264,9968,0.0,0.0,0.4381118881118418,2026-04-22,GOLD
2026-04-22 13:00:00,4755.34,4760.215,4745.915,4759.33,0.0,0.0,0.00036787649117688264,9968,0.0,0.0,0.4381118881118418,2026-04-20,GOLD
2026-04-22 13:00:00,4755.34,4760.215,4745.915,4759.33,0.0,0.0,0.00036787649117688264,9968,0.0,0.0,0.4381118881118418,2026-04-21,GOLD
2026-04-22 13:00:00,4755.34,4760.215,4745.915,4759.33,0.0,0.0,0.00036787649117688264,9968,0.0,0.0,0.4381118881118418,2026-04-18,GOLD
2026-04-22 13:00:00,4755.34,4760.215,4745.915,4759.33,0.0,0.0,0.00036787649117688264,9968,0.0,0.0,0.4381118881118418,2026-04-19,GOLD
2026-04-22 14:00:00,4759.42,4760.835,4747.975,4750.505,0.0,0.0,0.0003728899556100768,10976,0.0,0.0,-0.30326594090207193,2026-04-20,GOLD
2026-04-22 14:00:00,4759.42,4760.835,4747.975,4750.505,0.0,0.0,0.0003728899556100768,10976,0.0,0.0,-0.30326594090207193,2026-04-22,GOLD
2026-04-22 14:00:00,4759.42,4760.835,4747.975,4750.505,0.0,0.0,0.0003728899556100768,10976,0.0,0.0,-0.30326594090207193,2026-04-19,GOLD
2026-04-22 14:00:00,4759.42,4760.835,4747.975,4750.505,0.0,0.0,0.0003728899556100768,10976,0.0,0.0,-0.30326594090207193,2026-04-18,GOLD
2026-04-22 14:00:00,4759.42,4760.835,4747.975,4750.505,0.0,0.0,0.0003728899556100768,10976,0.0,0.0,-0.30326594090207193,2026-04-21,GOLD
2026-04-22 15:00:00,4750.805,4760.209999999999,4743.005,4744.335,0.0,0.0,0.0004566413302646016,14149,0.0,0.0,-0.42269689043885217,2026-04-20,GOLD
2026-04-22 15:00:00,4750.805,4760.209999999999,4743.005,4744.335,0.0,0.0,0.0004566413302646016,14149,0.0,0.0,-0.42269689043885217,2026-04-21,GOLD
2026-04-22 15:00:00,4750.805,4760.209999999999,4743.005,4744.335,0.0,0.0,0.0004566413302646016,14149,0.0,0.0,-0.42269689043885217,2026-04-19,GOLD
2026-04-22 15:00:00,4750.805,4760.209999999999,4743.005,4744.335,0.0,0.0,0.0004566413302646016,14149,0.0,0.0,-0.42269689043885217,2026-04-18,GOLD
2026-04-22 15:00:00,4750.805,4760.209999999999,4743.005,4744.335,0.0,0.0,0.0004566413302646016,14149,0.0,0.0,-0.42269689043885217,2026-04-22,GOLD
2026-04-22 16:00:00,4744.375,4761.035,4736.45,4753.1,0.0,0.0,0.000595671096644298,24212,0.0,0.0,0.17724222086638464,2026-04-21,GOLD
2026-04-22 16:00:00,4744.375,4761.035,4736.45,4753.1,0.0,0.0,0.000595671096644298,24212,0.0,0.0,0.17724222086638464,2026-04-19,GOLD
2026-04-22 16:00:00,4744.375,4761.035,4736.45,4753.1,0.0,0.0,0.000595671096644298,24212,0.0,0.0,0.17724222086638464,2026-04-20,GOLD
2026-04-22 16:00:00,4744.375,4761.035,4736.45,4753.1,0.0,0.0,0.000595671096644298,24212,0.0,0.0,0.17724222086638464,2026-04-18,GOLD
2026-04-22 16:00:00,4744.375,4761.035,4736.45,4753.1,0.0,0.0,0.000595671096644298,24212,0.0,0.0,0.17724222086638464,2026-04-22,GOLD
2026-04-22 17:00:00,4753.075,4757.68,4730.07,4736.094999999999,0.0,0.0,0.0005427869196051086,24945,0.0,0.0,-0.28178196305688125,2026-04-18,GOLD
2026-04-22 17:00:00,4753.075,4757.68,4730.07,4736.094999999999,0.0,0.0,0.0005427869196051086,24945,0.0,0.0,-0.28178196305688125,2026-04-19,GOLD
2026-04-22 17:00:00,4753.075,4757.68,4730.07,4736.094999999999,0.0,0.0,0.0005427869196051086,24945,0.0,0.0,-0.28178196305688125,2026-04-20,GOLD
2026-04-22 17:00:00,4753.075,4757.68,4730.07,4736.094999999999,0.0,0.0,0.0005427869196051086,24945,0.0,0.0,-0.28178196305688125,2026-04-21,GOLD
2026-04-22 17:00:00,4753.075,4757.68,4730.07,4736.094999999999,0.0,0.0,0.0005427869196051086,24945,0.0,0.0,-0.28178196305688125,2026-04-22,GOLD
2026-04-22 18:00:00,4736.105,4740.195,4725.12,4727.799999999999,0.0,0.0,0.0004409878983430227,20194,0.0,0.0,-0.32222222222223096,2026-04-20,GOLD
2026-04-22 18:00:00,4736.105,4740.195,4725.12,4727.799999999999,0.0,0.0,0.0004409878983430227,20194,0.0,0.0,-0.32222222222223096,2026-04-21,GOLD
2026-04-22 18:00:00,4736.105,4740.195,4725.12,4727.799999999999,0.0,0.0,0.0004409878983430227,20194,0.0,0.0,-0.32222222222223096,2026-04-18,GOLD
2026-04-22 18:00:00,4736.105,4740.195,4725.12,4727.799999999999,0.0,0.0,0.0004409878983430227,20194,0.0,0.0,-0.32222222222223096,2026-04-19,GOLD
2026-04-22 18:00:00,4736.105,4740.195,4725.12,4727.799999999999,0.0,0.0,0.0004409878983430227,20194,0.0,0.0,-0.32222222222223096,2026-04-22,GOLD
2026-04-22 19:00:00,4727.735000000001,4735.1,4723.950000000001,4728.75,0.0,0.0,0.0003975707566522117,14798,0.0,0.0,-0.06950672645745032,2026-04-22,GOLD
2026-04-22 19:00:00,4727.735000000001,4735.1,4723.950000000001,4728.75,0.0,0.0,0.0003975707566522117,14798,0.0,0.0,-0.06950672645745032,2026-04-18,GOLD
2026-04-22 19:00:00,4727.735000000001,4735.1,4723.950000000001,4728.75,0.0,0.0,0.0003975707566522117,14798,0.0,0.0,-0.06950672645745032,2026-04-19,GOLD
2026-04-22 19:00:00,4727.735000000001,4735.1,4723.950000000001,4728.75,0.0,0.0,0.0003975707566522117,14798,0.0,0.0,-0.06950672645745032,2026-04-21,GOLD
2026-04-22 19:00:00,4727.735000000001,4735.1,4723.950000000001,4728.75,0.0,0.0,0.0003975707566522117,14798,0.0,0.0,-0.06950672645745032,2026-04-20,GOLD
2026-04-22 20:00:00,4728.76,4739.65,4728.615,4737.305,0.0,0.0,0.00036386533049486514,13495,0.0,0.0,0.28749433620304704,2026-04-18,GOLD
2026-04-22 20:00:00,4728.76,4739.65,4728.615,4737.305,0.0,0.0,0.00036386533049486514,13495,0.0,0.0,0.28749433620304704,2026-04-20,GOLD
2026-04-22 20:00:00,4728.76,4739.65,4728.615,4737.305,0.0,0.0,0.00036386533049486514,13495,0.0,0.0,0.28749433620304704,2026-04-21,GOLD
2026-04-22 20:00:00,4728.76,4739.65,4728.615,4737.305,0.0,0.0,0.00036386533049486514,13495,0.0,0.0,0.28749433620304704,2026-04-19,GOLD
2026-04-22 20:00:00,4728.76,4739.65,4728.615,4737.305,0.0,0.0,0.00036386533049486514,13495,0.0,0.0,0.28749433620304704,2026-04-22,GOLD
2026-04-22 21:00:00,4737.34,4749.5,4729.9,4741.855,0.0,0.0,0.00035114303079400563,11242,0.0,0.0,0.1099489795918217,2026-04-19,GOLD
2026-04-22 21:00:00,4737.34,4749.5,4729.9,4741.855,0.0,0.0,0.00035114303079400563,11242,0.0,0.0,0.1099489795918217,2026-04-21,GOLD
2026-04-22 21:00:00,4737.34,4749.5,4729.9,4741.855,0.0,0.0,0.00035114303079400563,11242,0.0,0.0,0.1099489795918217,2026-04-20,GOLD
2026-04-22 21:00:00,4737.34,4749.5,4729.9,4741.855,0.0,0.0,0.00035114303079400563,11242,0.0,0.0,0.1099489795918217,2026-04-18,GOLD
2026-04-22 21:00:00,4737.34,4749.5,4729.9,4741.855,0.0,0.0,0.00035114303079400563,11242,0.0,0.0,0.1099489795918217,2026-04-22,GOLD
2026-04-22 22:00:00,4741.865,4745.46,4736.975,4740.255,0.0,0.0,0.00033478922082766924,13369,0.0,0.0,-0.11343547436659786,2026-04-22,GOLD
2026-04-22 22:00:00,4741.865,4745.46,4736.975,4740.255,0.0,0.0,0.00033478922082766924,13369,0.0,0.0,-0.11343547436659786,2026-04-19,GOLD
2026-04-22 22:00:00,4741.865,4745.46,4736.975,4740.255,0.0,0.0,0.00033478922082766924,13369,0.0,0.0,-0.11343547436659786,2026-04-21,GOLD
2026-04-22 22:00:00,4741.865,4745.46,4736.975,4740.255,0.0,0.0,0.00033478922082766924,13369,0.0,0.0,-0.11343547436659786,2026-04-18,GOLD
2026-04-22 22:00:00,4741.865,4745.46,4736.975,4740.255,0.0,0.0,0.00033478922082766924,13369,0.0,0.0,-0.11343547436659786,2026-04-20,GOLD
2026-04-22 23:00:00,4740.395,4740.745,4734.5,4740.225,0.0,0.0,0.00028549193855528077,6947,0.0,0.0,0.4167333867095146,2026-04-20,GOLD
2026-04-22 23:00:00,4740.395,4740.535,4739.27,4739.325000000001,0.0,0.0,0.0004422249575252082,98,0.0,0.0,-0.45652173913018473,2026-04-19,GOLD
2026-04-22 23:00:00,4740.395,4740.745,4734.5,4740.225,0.0,0.0,0.00028549193855528077,6947,0.0,0.0,0.4167333867095146,2026-04-21,GOLD
2026-04-22 23:00:00,4740.395,4740.745,4734.5,4740.225,0.0,0.0,0.00028549193855528077,6947,0.0,0.0,0.4167333867095146,2026-04-22,GOLD
2026-04-22 23:00:00,4740.395,4740.535,4739.27,4739.325000000001,0.0,0.0,0.0004422249575252082,98,0.0,0.0,-0.45652173913018473,2026-04-18,GOLD
2026-04-23 01:00:00,4742.014999999999,4746.705,4725.825,4726.095,0.0,0.0,0.0004713736227524386,7131,0.0,0.0,-0.48706896551719875,2026-04-21,GOLD
2026-04-23 01:00:00,4742.014999999999,4746.705,4725.825,4726.095,0.0,0.0,0.0004713736227524386,7131,0.0,0.0,-0.48706896551719875,2026-04-22,GOLD
2026-04-23 01:00:00,4742.014999999999,4746.705,4725.825,4726.095,0.0,0.0,0.0004713736227524386,7131,0.0,0.0,-0.48706896551719875,2026-04-20,GOLD
2026-04-23 02:00:00,4726.14,4729.96,4723.645,4727.925,0.0,0.0,0.00036170600770143123,6527,0.0,0.0,0.17775138558994003,2026-04-20,GOLD
2026-04-23 02:00:00,4726.14,4729.96,4723.645,4727.925,0.0,0.0,0.00036170600770143123,6527,0.0,0.0,0.17775138558994003,2026-04-22,GOLD
2026-04-23 02:00:00,4726.14,4729.96,4723.645,4727.925,0.0,0.0,0.00036170600770143123,6527,0.0,0.0,0.17775138558994003,2026-04-21,GOLD
2026-04-23 03:00:00,4728.0,4753.62,4694.14,4748.205,0.0,0.0,0.0007803539174652221,23599,0.0,0.0,0.40896099529253527,2026-04-21,GOLD
2026-04-23 03:00:00,4728.0,4753.62,4694.14,4748.205,0.0,0.0,0.0007803539174652221,23599,0.0,0.0,0.40896099529253527,2026-04-22,GOLD
2026-04-23 03:00:00,4728.0,4753.62,4694.14,4748.205,0.0,0.0,0.0007803539174652221,23599,0.0,0.0,0.40896099529253527,2026-04-20,GOLD
2026-04-23 04:00:00,4747.87,4750.0,4722.65,4723.4349999999995,0.0,0.0,0.0005067132150455728,20903,0.0,0.0,-0.47129798903108433,2026-04-20,GOLD
2026-04-23 04:00:00,4747.87,4750.0,4722.65,4723.4349999999995,0.0,0.0,0.0005067132150455728,20903,0.0,0.0,-0.47129798903108433,2026-04-22,GOLD
2026-04-23 04:00:00,4747.87,4750.0,4722.65,4723.4349999999995,0.0,0.0,0.0005067132150455728,20903,0.0,0.0,-0.47129798903108433,2026-04-21,GOLD
2026-04-23 05:00:00,4723.455,4724.81,4704.99,4709.085,0.0,0.0,0.0006329435307161423,5629,0.0,0.0,-0.29339051463165583,2026-04-20,GOLD
2026-04-23 05:00:00,4723.455,4724.81,4698.275,4698.95,0.0,0.0,0.0005997564791253444,19627,0.0,0.0,-0.4745618993781565,2026-04-22,GOLD
2026-04-23 05:00:00,4723.455,4724.81,4698.275,4698.95,0.0,0.0,0.0005997833989209062,19627,0.0,0.0,-0.4745618993781565,2026-04-23,GOLD
2026-04-23 05:00:00,4723.455,4724.81,4698.275,4698.95,0.0,0.0,0.0005997564791253444,19627,0.0,0.0,-0.4745618993781565,2026-04-21,GOLD
2026-04-23 06:00:00,4698.975,4708.705,4698.29,4704.015,0.0,0.0,0.0005193796843129446,15325,0.0,0.0,0.049687950072092035,2026-04-23,GOLD
2026-04-23 06:00:00,4698.975,4708.705,4698.29,4704.015,0.0,0.0,0.0005193796843129446,15325,0.0,0.0,0.049687950072092035,2026-04-22,GOLD
2026-04-23 06:00:00,4698.975,4708.705,4698.29,4704.015,0.0,0.0,0.0005193796843129446,15325,0.0,0.0,0.049687950072092035,2026-04-21,GOLD
2026-04-23 07:00:00,4704.02,4707.32,4698.875,4704.4400000000005,0.0,0.0,0.00036493882994017624,8501,0.0,0.0,0.15896980461820026,2026-04-21,GOLD
2026-04-23 07:00:00,4704.02,4707.32,4698.875,4704.4400000000005,0.0,0.0,0.00036493882994017624,8501,0.0,0.0,0.15896980461820026,2026-04-23,GOLD
2026-04-23 07:00:00,4704.02,4707.32,4698.875,4704.4400000000005,0.0,0.0,0.00036493882994017624,8501,0.0,0.0,0.15896980461820026,2026-04-22,GOLD
2026-04-23 08:00:00,4704.41,4715.32,4692.6900000000005,4713.549999999999,0.0,0.0,0.0004733969218383478,13660,0.0,0.0,0.4217852408307336,2026-04-23,GOLD
2026-04-23 08:00:00,4704.41,4715.32,4692.6900000000005,4713.549999999999,0.0,0.0,0.0004733969218383478,13660,0.0,0.0,0.4217852408307336,2026-04-21,GOLD
2026-04-23 08:00:00,4704.41,4715.32,4692.6900000000005,4713.549999999999,0.0,0.0,0.0004733969218383478,13660,0.0,0.0,0.4217852408307336,2026-04-22,GOLD
2026-04-23 09:00:00,4713.5650000000005,4721.055,4708.66,4713.1,0.0,0.0,0.0004312199199326976,14562,0.0,0.0,-0.14179104477609092,2026-04-21,GOLD
2026-04-23 09:00:00,4713.5650000000005,4721.055,4708.66,4713.1,0.0,0.0,0.0004312199199326976,14562,0.0,0.0,-0.14179104477609092,2026-04-23,GOLD
2026-04-23 09:00:00,4713.5650000000005,4721.055,4708.66,4713.1,0.0,0.0,0.0004312199199326976,14562,0.0,0.0,-0.14179104477609092,2026-04-22,GOLD
2026-04-23 10:00:00,4713.08,4720.645,4703.280000000001,4719.23,0.0,0.0,0.0004777799012421692,14396,0.0,0.0,0.41851425280731985,2026-04-23,GOLD
2026-04-23 10:00:00,4713.08,4720.645,4703.280000000001,4719.23,0.0,0.0,0.0004777799012421692,14396,0.0,0.0,0.41851425280731985,2026-04-21,GOLD
2026-04-23 10:00:00,4713.08,4720.645,4703.280000000001,4719.23,0.0,0.0,0.0004777799012421692,14396,0.0,0.0,0.41851425280731985,2026-04-22,GOLD
2026-04-23 11:00:00,4719.219999999999,4724.99,4701.93,4703.42,0.0,0.0,0.0004164477872265533,11794,0.0,0.0,-0.4353859496964521,2026-04-22,GOLD
2026-04-23 11:00:00,4719.219999999999,4724.99,4701.93,4703.42,0.0,0.0,0.0004164477872265533,11794,0.0,0.0,-0.4353859496964521,2026-04-21,GOLD
2026-04-23 11:00:00,4719.219999999999,4724.99,4701.93,4703.42,0.0,0.0,0.0004164477872265533,11794,0.0,0.0,-0.4353859496964521,2026-04-23,GOLD
2026-04-23 12:00:00,4703.389999999999,4703.75,4694.780000000001,4697.66,0.0,0.0,0.0004377591142452614,11954,0.0,0.0,-0.17892976588635343,2026-04-22,GOLD
2026-04-23 12:00:00,4703.389999999999,4703.75,4694.780000000001,4697.66,0.0,0.0,0.0004377591142452614,11954,0.0,0.0,-0.17892976588635343,2026-04-21,GOLD
2026-04-23 12:00:00,4703.389999999999,4703.75,4694.780000000001,4697.66,0.0,0.0,0.0004377591142452614,11954,0.0,0.0,-0.17892976588635343,2026-04-23,GOLD
2026-04-23 13:00:00,4697.465,4701.75,4684.3150000000005,4696.66,0.0,0.0,0.0004511412253320981,12131,0.0,0.0,0.20805850301116752,2026-04-22,GOLD
2026-04-23 13:00:00,4697.465,4701.75,4684.3150000000005,4696.66,0.0,0.0,0.0004511412253320981,12131,0.0,0.0,0.20805850301116752,2026-04-21,GOLD
2026-04-23 13:00:00,4697.465,4701.75,4684.3150000000005,4696.66,0.0,0.0,0.0004511412253320981,12131,0.0,0.0,0.20805850301116752,2026-04-23,GOLD
2026-04-23 14:00:00,4696.75,4720.985,4695.73,4720.719999999999,0.0,0.0,0.00043678930897466306,12365,0.0,0.0,0.4895070283111946,2026-04-23,GOLD
2026-04-23 14:00:00,4696.75,4720.985,4695.73,4720.719999999999,0.0,0.0,0.00043678930897466306,12365,0.0,0.0,0.4895070283111946,2026-04-21,GOLD
2026-04-23 14:00:00,4696.75,4720.985,4695.73,4720.719999999999,0.0,0.0,0.00043678930897466306,12365,0.0,0.0,0.4895070283111946,2026-04-22,GOLD
2026-04-23 15:00:00,4720.674999999999,4743.21,4719.674999999999,4740.17,0.0,0.0,0.0006168271513218762,19356,0.0,0.0,0.37083067771406797,2026-04-23,GOLD
2026-04-23 15:00:00,4720.674999999999,4743.21,4719.674999999999,4740.17,0.0,0.0,0.0006168271513218762,19356,0.0,0.0,0.37083067771406797,2026-04-21,GOLD
2026-04-23 15:00:00,4720.674999999999,4743.21,4719.674999999999,4740.17,0.0,0.0,0.0006168271513218762,19356,0.0,0.0,0.37083067771406797,2026-04-22,GOLD
2026-04-23 16:00:00,4740.295,4741.34,4724.145,4724.48,0.0,0.0,0.0005433047381720871,21718,0.0,0.0,-0.48051759232340024,2026-04-22,GOLD
2026-04-23 16:00:00,4740.295,4741.34,4724.145,4724.48,0.0,0.0,0.0005433047381720871,21718,0.0,0.0,-0.48051759232340024,2026-04-21,GOLD
2026-04-23 16:00:00,4740.295,4741.34,4724.145,4724.48,0.0,0.0,0.0005433047381720871,21718,0.0,0.0,-0.48051759232340024,2026-04-23,GOLD
2026-04-23 17:00:00,4724.475,4736.719999999999,4717.139999999999,4733.700000000001,0.0,0.0,0.0005546107102743133,22549,0.0,0.0,0.3457609805925113,2026-04-22,GOLD
2026-04-23 17:00:00,4724.475,4736.719999999999,4717.139999999999,4733.700000000001,0.0,0.0,0.0005546107102743133,22549,0.0,0.0,0.3457609805925113,2026-04-23,GOLD
2026-04-23 17:00:00,4724.475,4736.719999999999,4717.139999999999,4733.700000000001,0.0,0.0,0.0005546107102743133,22549,0.0,0.0,0.3457609805925113,2026-04-21,GOLD
2026-04-23 18:00:00,4733.73,4741.045,4716.625,4720.475,0.0,0.0,0.0004745825425955573,18639,0.0,0.0,-0.3423423423423279,2026-04-22,GOLD
2026-04-23 18:00:00,4733.73,4741.045,4716.625,4720.475,0.0,0.0,0.0004745825425955573,18639,0.0,0.0,-0.3423423423423279,2026-04-23,GOLD
2026-04-23 18:00:00,4733.73,4741.045,4716.625,4720.475,0.0,0.0,0.0004745825425955573,18639,0.0,0.0,-0.3423423423423279,2026-04-21,GOLD
2026-04-23 19:00:00,4720.515,4737.235000000001,4715.655000000001,4733.1,0.0,0.0,0.0004002176463252937,16660,0.0,0.0,0.3083873957367826,2026-04-22,GOLD
2026-04-23 19:00:00,4720.515,4737.235000000001,4715.655000000001,4733.1,0.0,0.0,0.0004002176463252937,16660,0.0,0.0,0.3083873957367826,2026-04-23,GOLD
2026-04-23 19:00:00,4720.515,4737.235000000001,4715.655000000001,4733.1,0.0,0.0,0.0004002176463252937,16660,0.0,0.0,0.3083873957367826,2026-04-21,GOLD
2026-04-23 20:00:00,4733.155000000001,4734.635,4664.32,4709.335,0.0,0.0,0.0009963265937308952,30935,0.0,0.0,0.14019057100191995,2026-04-23,GOLD
2026-04-23 20:00:00,4733.155000000001,4734.635,4664.32,4709.335,0.0,0.0,0.0009963265937308952,30935,0.0,0.0,0.14019057100191995,2026-04-22,GOLD
2026-04-23 20:00:00,4733.155000000001,4734.635,4664.32,4709.335,0.0,0.0,0.0009963265937308952,30935,0.0,0.0,0.14019057100191995,2026-04-21,GOLD
2026-04-23 21:00:00,4709.57,4722.295,4699.49,4701.24,0.0,0.0,0.0006555007799866807,22827,0.0,0.0,-0.4232624424468328,2026-04-22,GOLD
2026-04-23 21:00:00,4709.57,4722.295,4699.49,4701.24,0.0,0.0,0.0006555007799866807,22827,0.0,0.0,-0.4232624424468328,2026-04-23,GOLD
2026-04-23 21:00:00,4709.57,4722.295,4699.49,4701.24,0.0,0.0,0.0006555007799866807,22827,0.0,0.0,-0.4232624424468328,2026-04-21,GOLD
2026-04-23 22:00:00,4701.055,4704.54,4689.59,4696.16,0.0,0.0,0.00048455156503782176,21710,0.0,0.0,-0.06053511705690073,2026-04-21,GOLD
2026-04-23 22:00:00,4701.055,4704.54,4689.59,4696.16,0.0,0.0,0.00048455156503782176,21710,0.0,0.0,-0.06053511705690073,2026-04-22,GOLD
2026-04-23 22:00:00,4701.055,4704.54,4689.59,4696.16,0.0,0.0,0.00048455156503782176,21710,0.0,0.0,-0.06053511705690073,2026-04-23,GOLD
2026-04-23 23:00:00,4695.969999999999,4698.225,4686.59,4694.555,0.0,0.0,0.0003731155819979577,8987,0.0,0.0,0.18457241082939374,2026-04-22,GOLD
2026-04-23 23:00:00,4695.969999999999,4698.225,4686.59,4694.555,0.0,0.0,0.0003731155819979577,8987,0.0,0.0,0.18457241082939374,2026-04-23,GOLD
2026-04-23 23:00:00,4695.969999999999,4698.225,4686.59,4694.555,0.0,0.0,0.0003731155819979577,8987,0.0,0.0,0.18457241082939374,2026-04-21,GOLD
2026-04-24 01:00:00,4701.175,4703.245,4690.145,4693.389999999999,0.0,0.0,0.00047320026102159644,7008,0.0,0.0,-0.2522900763359106,2026-04-22,GOLD
2026-04-24 01:00:00,4701.175,4703.245,4694.925,4696.825,0.0,0.0,0.001624837691229421,392,0.0,0.0,-0.2716346153846511,2026-04-21,GOLD
2026-04-24 01:00:00,4701.175,4703.245,4690.145,4693.389999999999,0.0,0.0,0.00047320026102159644,7008,0.0,0.0,-0.2522900763359106,2026-04-23,GOLD
2026-04-24 02:00:00,4693.245,4700.9,4686.99,4695.525,0.0,0.0,0.00037659234800498055,9304,0.0,0.0,0.113587347232203,2026-04-23,GOLD
2026-04-24 02:00:00,4693.245,4700.9,4686.99,4695.525,0.0,0.0,0.00037659234800498055,9304,0.0,0.0,0.113587347232203,2026-04-22,GOLD
2026-04-24 03:00:00,4695.46,4707.95,4691.030000000001,4704.6900000000005,0.0,0.0,0.0004910369166891598,15140,0.0,0.0,0.3073286052010038,2026-04-23,GOLD
2026-04-24 03:00:00,4695.46,4707.95,4691.030000000001,4704.6900000000005,0.0,0.0,0.0004910369166891598,15140,0.0,0.0,0.3073286052010038,2026-04-22,GOLD
2026-04-24 04:00:00,4704.705,4711.16,4690.385,4699.58,0.0,0.0,0.0005194966670656085,18319,0.0,0.0,-0.057400722021666906,2026-04-23,GOLD
2026-04-24 04:00:00,4704.705,4711.16,4690.385,4699.58,0.0,0.0,0.0005194966670656085,18319,0.0,0.0,-0.057400722021666906,2026-04-22,GOLD
2026-04-24 05:00:00,4699.59,4700.73,4673.255,4676.9349999999995,0.0,0.0,0.00047514478136766636,15933,0.0,0.0,-0.36606005459512286,2026-04-23,GOLD
2026-04-24 05:00:00,4699.59,4700.73,4673.255,4676.9349999999995,0.0,0.0,0.00047514478136766636,15933,0.0,0.0,-0.36606005459512286,2026-04-22,GOLD
2026-04-24 05:00:00,4699.59,4700.73,4673.255,4676.9349999999995,0.0,0.0,0.00047517254673900216,15933,0.0,0.0,-0.36606005459512286,2026-04-24,GOLD
2026-04-24 06:00:00,4676.889999999999,4678.355,4668.83,4672.23,0.0,0.0,0.00044206298064193583,10429,0.0,0.0,-0.14304461942259675,2026-04-22,GOLD
2026-04-24 06:00:00,4676.889999999999,4678.355,4668.83,4672.23,0.0,0.0,0.00044206298064193583,10429,0.0,0.0,-0.14304461942259675,2026-04-23,GOLD
2026-04-24 06:00:00,4676.889999999999,4678.355,4668.83,4672.23,0.0,0.0,0.00044206298064193583,10429,0.0,0.0,-0.14304461942259675,2026-04-24,GOLD
2026-04-24 07:00:00,4672.105,4676.915,4657.73,4674.585,0.0,0.0,0.0004652329085368807,9227,0.0,0.0,0.37855095126399096,2026-04-22,GOLD
2026-04-24 07:00:00,4672.105,4676.915,4657.73,4674.585,0.0,0.0,0.0004652329085368807,9227,0.0,0.0,0.37855095126399096,2026-04-24,GOLD
2026-04-24 07:00:00,4672.105,4676.915,4657.73,4674.585,0.0,0.0,0.0004652329085368807,9227,0.0,0.0,0.37855095126399096,2026-04-23,GOLD
2026-04-24 08:00:00,4674.625,4687.42,4669.639999999999,4686.360000000001,0.0,0.0,0.0004326868196172738,9834,0.0,0.0,0.44038245219350663,2026-04-24,GOLD
2026-04-24 08:00:00,4674.625,4687.42,4669.639999999999,4686.360000000001,0.0,0.0,0.0004326868196172738,9834,0.0,0.0,0.44038245219350663,2026-04-22,GOLD
2026-04-24 08:00:00,4674.625,4687.42,4669.639999999999,4686.360000000001,0.0,0.0,0.0004326868196172738,9834,0.0,0.0,0.44038245219350663,2026-04-23,GOLD
2026-04-24 09:00:00,4686.41,4687.99,4666.91,4672.030000000001,0.0,0.0,0.00037329880864491003,14194,0.0,0.0,-0.2571157495255779,2026-04-24,GOLD
2026-04-24 09:00:00,4686.41,4687.99,4666.91,4672.030000000001,0.0,0.0,0.00037329880864491003,14194,0.0,0.0,-0.2571157495255779,2026-04-23,GOLD
2026-04-24 09:00:00,4686.41,4687.99,4666.91,4672.030000000001,0.0,0.0,0.00037329880864491003,14194,0.0,0.0,-0.2571157495255779,2026-04-22,GOLD
2026-04-24 10:00:00,4671.73,4695.34,4671.110000000001,4694.545,0.0,0.0,0.000341566106730357,11612,0.0,0.0,0.46718943458522133,2026-04-24,GOLD
2026-04-24 10:00:00,4671.73,4695.34,4671.110000000001,4694.545,0.0,0.0,0.000341566106730357,11612,0.0,0.0,0.46718943458522133,2026-04-22,GOLD
2026-04-24 10:00:00,4671.73,4695.34,4671.110000000001,4694.545,0.0,0.0,0.000341566106730357,11612,0.0,0.0,0.46718943458522133,2026-04-23,GOLD
2026-04-24 11:00:00,4694.629999999999,4697.485000000001,4685.155000000001,4690.915,0.0,0.0,0.00036602607096740316,12587,0.0,0.0,-0.03284671532852046,2026-04-23,GOLD
2026-04-24 11:00:00,4694.629999999999,4697.485000000001,4685.155000000001,4690.915,0.0,0.0,0.00036602607096740316,12587,0.0,0.0,-0.03284671532852046,2026-04-22,GOLD
2026-04-24 11:00:00,4694.629999999999,4697.485000000001,4685.155000000001,4690.915,0.0,0.0,0.00036602607096740316,12587,0.0,0.0,-0.03284671532852046,2026-04-24,GOLD
2026-04-24 12:00:00,4690.969999999999,4696.82,4679.5,4682.1849999999995,0.0,0.0,0.00041130320856563895,12503,0.0,0.0,-0.3449769053118051,2026-04-23,GOLD
2026-04-24 12:00:00,4690.969999999999,4696.82,4679.5,4682.1849999999995,0.0,0.0,0.00041130320856563895,12503,0.0,0.0,-0.3449769053118051,2026-04-22,GOLD
2026-04-24 12:00:00,4690.969999999999,4696.82,4679.5,4682.1849999999995,0.0,0.0,0.00041130320856563895,12503,0.0,0.0,-0.3449769053118051,2026-04-24,GOLD
2026-04-24 13:00:00,4682.18,4686.3099999999995,4674.674999999999,4677.84,0.0,0.0,0.0003408865462042442,10379,0.0,0.0,-0.22797593467977537,2026-04-23,GOLD
2026-04-24 13:00:00,4682.18,4686.3099999999995,4674.674999999999,4677.84,0.0,0.0,0.0003408865462042442,10379,0.0,0.0,-0.22797593467977537,2026-04-22,GOLD
2026-04-24 13:00:00,4682.18,4686.3099999999995,4674.674999999999,4677.84,0.0,0.0,0.0003408865462042442,10379,0.0,0.0,-0.22797593467977537,2026-04-24,GOLD
2026-04-24 14:00:00,4677.825000000001,4717.52,4677.825000000001,4707.02,0.0,0.0,0.0007105599432191148,19644,0.0,0.0,0.2354830583196857,2026-04-23,GOLD
2026-04-24 14:00:00,4677.825000000001,4717.52,4677.825000000001,4707.02,0.0,0.0,0.0007105599432191148,19644,0.0,0.0,0.2354830583196857,2026-04-24,GOLD
2026-04-24 14:00:00,4677.825000000001,4717.52,4677.825000000001,4707.02,0.0,0.0,0.0007105599432191148,19644,0.0,0.0,0.2354830583196857,2026-04-22,GOLD
2026-04-24 15:00:00,4707.04,4711.905000000001,4690.48,4700.780000000001,0.0,0.0,0.0004972238792641491,16437,0.0,0.0,-0.01925320886811824,2026-04-24,GOLD
2026-04-24 15:00:00,4707.04,4711.905000000001,4690.48,4700.780000000001,0.0,0.0,0.0004972238792641491,16437,0.0,0.0,-0.01925320886811824,2026-04-22,GOLD
2026-04-24 15:00:00,4707.04,4711.905000000001,4690.48,4700.780000000001,0.0,0.0,0.0004972238792641491,16437,0.0,0.0,-0.01925320886811824,2026-04-23,GOLD
2026-04-24 16:00:00,4701.0650000000005,4717.55,4689.855,4712.075000000001,0.0,0.0,0.0005511217523490084,22681,0.0,0.0,0.3023108864416365,2026-04-22,GOLD
2026-04-24 16:00:00,4701.0650000000005,4717.55,4689.855,4712.075000000001,0.0,0.0,0.0005511217523490084,22681,0.0,0.0,0.3023108864416365,2026-04-23,GOLD
2026-04-24 16:00:00,4701.0650000000005,4717.55,4689.855,4712.075000000001,0.0,0.0,0.0005511217523490084,22681,0.0,0.0,0.3023108864416365,2026-04-24,GOLD
2026-04-24 17:00:00,4711.635,4740.4400000000005,4707.02,4726.485,0.0,0.0,0.0006035580187505809,25800,0.0,0.0,0.08243566726508658,2026-04-23,GOLD
2026-04-24 17:00:00,4711.635,4740.4400000000005,4707.02,4726.485,0.0,0.0,0.0006035580187505809,25800,0.0,0.0,0.08243566726508658,2026-04-22,GOLD
2026-04-24 17:00:00,4711.635,4740.4400000000005,4707.02,4726.485,0.0,0.0,0.0006035580187505809,25800,0.0,0.0,0.08243566726508658,2026-04-24,GOLD
2026-04-24 18:00:00,4726.52,4733.485,4714.96,4727.285,0.0,0.0,0.0005189960285855845,21445,0.0,0.0,0.16531713900135278,2026-04-24,GOLD
2026-04-24 18:00:00,4726.52,4733.485,4714.96,4727.285,0.0,0.0,0.0005189960285855845,21445,0.0,0.0,0.16531713900135278,2026-04-23,GOLD
2026-04-24 18:00:00,4726.52,4733.485,4714.96,4727.285,0.0,0.0,0.0005189960285855845,21445,0.0,0.0,0.16531713900135278,2026-04-22,GOLD
2026-04-24 19:00:00,4726.8,4729.82,4719.165,4726.845,0.0,0.0,0.0004029874801440945,18789,0.0,0.0,0.22078836227123602,2026-04-24,GOLD
2026-04-24 19:00:00,4726.8,4729.82,4719.165,4726.845,0.0,0.0,0.0004029874801440945,18789,0.0,0.0,0.22078836227123602,2026-04-23,GOLD
2026-04-24 19:00:00,4726.8,4729.82,4719.165,4726.845,0.0,0.0,0.0004029874801440945,18789,0.0,0.0,0.22078836227123602,2026-04-22,GOLD
2026-04-24 20:00:00,4726.85,4730.1,4719.08,4723.47,0.0,0.0,0.00038366659959114877,16335,0.0,0.0,-0.10163339382938716,2026-04-24,GOLD
2026-04-24 20:00:00,4726.85,4730.1,4719.08,4723.47,0.0,0.0,0.00038366659959114877,16335,0.0,0.0,-0.10163339382938716,2026-04-23,GOLD
2026-04-24 20:00:00,4726.85,4730.1,4719.08,4723.47,0.0,0.0,0.00038366659959114877,16335,0.0,0.0,-0.10163339382938716,2026-04-22,GOLD
2026-04-24 21:00:00,4723.505,4724.905,4716.865,4722.825,0.0,0.0,0.0002765176661231505,11703,0.0,0.0,0.2412935323382598,2026-04-22,GOLD
2026-04-24 21:00:00,4723.505,4724.905,4716.865,4722.825,0.0,0.0,0.0002765176661231505,11703,0.0,0.0,0.2412935323382598,2026-04-24,GOLD
2026-04-24 21:00:00,4723.505,4724.905,4716.865,4722.825,0.0,0.0,0.0002765176661231505,11703,0.0,0.0,0.2412935323382598,2026-04-23,GOLD
2026-04-24 22:00:00,4722.845,4726.135,4713.795,4716.780000000001,0.0,0.0,0.0002914209281551398,13025,0.0,0.0,-0.25810372771470447,2026-04-22,GOLD
2026-04-24 22:00:00,4722.845,4726.135,4713.795,4716.780000000001,0.0,0.0,0.0002914209281551398,13025,0.0,0.0,-0.25810372771470447,2026-04-24,GOLD
2026-04-24 22:00:00,4722.845,4726.135,4713.795,4716.780000000001,0.0,0.0,0.0002914209281551398,13025,0.0,0.0,-0.25810372771470447,2026-04-23,GOLD
2026-04-24 23:00:00,4716.61,4717.465,4705.285,4708.3150000000005,0.0,0.0,0.0003536924651018572,8401,0.0,0.0,-0.25123152709354823,2026-04-22,GOLD
2026-04-24 23:00:00,4716.61,4717.465,4705.285,4708.3150000000005,0.0,0.0,0.0003536924651018572,8401,0.0,0.0,-0.25123152709354823,2026-04-24,GOLD
2026-04-24 23:00:00,4716.61,4717.465,4705.285,4708.3150000000005,0.0,0.0,0.0003536924651018572,8401,0.0,0.0,-0.25123152709354823,2026-04-23,GOLD
2026-04-27 01:00:00,4699.110000000001,4704.67,4680.07,4684.74,0.0,0.0,0.0005895980727588997,13038,0.0,0.0,-0.3101626016260161,2026-04-26,GOLD
2026-04-27 01:00:00,4699.110000000001,4704.67,4680.07,4684.74,0.0,0.0,0.0005895528552465368,13038,0.0,0.0,-0.3101626016260161,2026-04-24,GOLD
2026-04-27 01:00:00,4699.110000000001,4704.67,4680.07,4684.74,0.0,0.0,0.0005895980727588997,13038,0.0,0.0,-0.3101626016260161,2026-04-25,GOLD
2026-04-27 01:00:00,4699.110000000001,4704.67,4680.07,4684.74,0.0,0.0,0.0005895528552465368,13038,0.0,0.0,-0.3101626016260161,2026-04-23,GOLD
2026-04-27 01:00:00,4699.110000000001,4704.67,4680.07,4684.74,0.0,0.0,0.0005895528552465368,13038,0.0,0.0,-0.3101626016260161,2026-04-22,GOLD
2026-04-27 02:00:00,4684.514999999999,4685.07,4675.110000000001,4680.025,0.0,0.0,0.00032311176949323964,9928,0.0,0.0,-0.006526104417722391,2026-04-22,GOLD
2026-04-27 02:00:00,4684.514999999999,4685.07,4675.110000000001,4680.025,0.0,0.0,0.00032311176949323964,9928,0.0,0.0,-0.006526104417722391,2026-04-25,GOLD
2026-04-27 02:00:00,4684.514999999999,4685.07,4675.110000000001,4680.025,0.0,0.0,0.00032311176949323964,9928,0.0,0.0,-0.006526104417722391,2026-04-23,GOLD
2026-04-27 02:00:00,4684.514999999999,4685.07,4675.110000000001,4680.025,0.0,0.0,0.00032311176949323964,9928,0.0,0.0,-0.006526104417722391,2026-04-24,GOLD
2026-04-27 02:00:00,4684.514999999999,4685.07,4675.110000000001,4680.025,0.0,0.0,0.00032311176949323964,9928,0.0,0.0,-0.006526104417722391,2026-04-26,GOLD
2026-04-27 03:00:00,4680.075,4698.13,4672.205,4697.924999999999,0.0,0.0,0.0003772437426488392,14793,0.0,0.0,0.4920925747347973,2026-04-23,GOLD
2026-04-27 03:00:00,4680.075,4698.13,4672.205,4697.924999999999,0.0,0.0,0.0003772437426488392,14793,0.0,0.0,0.4920925747347973,2026-04-24,GOLD
2026-04-27 03:00:00,4680.075,4698.13,4672.205,4697.924999999999,0.0,0.0,0.0003772437426488392,14793,0.0,0.0,0.4920925747347973,2026-04-26,GOLD
2026-04-27 03:00:00,4680.075,4698.13,4672.205,4697.924999999999,0.0,0.0,0.0003772437426488392,14793,0.0,0.0,0.4920925747347973,2026-04-22,GOLD
2026-04-27 03:00:00,4680.075,4698.13,4672.205,4697.924999999999,0.0,0.0,0.0003772437426488392,14793,0.0,0.0,0.4920925747347973,2026-04-25,GOLD
2026-04-27 04:00:00,4697.975,4709.860000000001,4690.96,4702.84,0.0,0.0,0.0004990009142793301,21737,0.0,0.0,0.12857142857144027,2026-04-26,GOLD
2026-04-27 04:00:00,4697.975,4709.860000000001,4694.7,4701.2,0.0,0.0,0.0007128607539718787,5358,0.0,0.0,-0.0712401055409487,2026-04-22,GOLD
2026-04-27 04:00:00,4697.975,4709.860000000001,4690.96,4702.84,0.0,0.0,0.0004990009142793301,21737,0.0,0.0,0.12857142857144027,2026-04-25,GOLD
2026-04-27 04:00:00,4697.975,4709.860000000001,4690.96,4702.84,0.0,0.0,0.0004990009142793301,21737,0.0,0.0,0.12857142857144027,2026-04-23,GOLD
2026-04-27 04:00:00,4697.975,4709.860000000001,4690.96,4702.84,0.0,0.0,0.0004990009142793301,21737,0.0,0.0,0.12857142857144027,2026-04-24,GOLD
2026-04-27 05:00:00,4702.85,4723.585,4696.360000000001,4718.1900000000005,0.0,0.0,0.00041277508183663826,13401,0.0,0.0,0.30183654729112286,2026-04-27,GOLD
2026-04-27 05:00:00,4702.85,4723.585,4696.360000000001,4718.1900000000005,0.0,0.0,0.0004127516682719159,13401,0.0,0.0,0.30183654729112286,2026-04-23,GOLD
2026-04-27 05:00:00,4702.85,4723.585,4696.360000000001,4718.1900000000005,0.0,0.0,0.0004127516682719159,13401,0.0,0.0,0.30183654729112286,2026-04-25,GOLD
2026-04-27 05:00:00,4702.85,4723.585,4696.360000000001,4718.1900000000005,0.0,0.0,0.0004127516682719159,13401,0.0,0.0,0.30183654729112286,2026-04-24,GOLD
2026-04-27 05:00:00,4702.85,4723.585,4696.360000000001,4718.1900000000005,0.0,0.0,0.0004127516682719159,13401,0.0,0.0,0.30183654729112286,2026-04-26,GOLD
2026-04-27 06:00:00,4718.125,4729.635,4714.55,4724.27,0.0,0.0,0.0003790727157463974,10722,0.0,0.0,0.14434869075238824,2026-04-23,GOLD
2026-04-27 06:00:00,4718.125,4729.635,4714.55,4724.27,0.0,0.0,0.0003790727157463974,10722,0.0,0.0,0.14434869075238824,2026-04-25,GOLD
2026-04-27 06:00:00,4718.125,4729.635,4714.55,4724.27,0.0,0.0,0.0003790727157463974,10722,0.0,0.0,0.14434869075238824,2026-04-24,GOLD
2026-04-27 06:00:00,4718.125,4729.635,4714.55,4724.27,0.0,0.0,0.0003790727157463974,10722,0.0,0.0,0.14434869075238824,2026-04-26,GOLD
2026-04-27 06:00:00,4718.125,4729.635,4714.55,4724.27,0.0,0.0,0.0003790727157463974,10722,0.0,0.0,0.14434869075238824,2026-04-27,GOLD
2026-04-27 07:00:00,4724.12,4730.04,4722.745,4725.030000000001,0.0,0.0,0.000313483939726176,6860,0.0,0.0,-0.18677176148036448,2026-04-25,GOLD
2026-04-27 07:00:00,4724.12,4730.04,4722.745,4725.030000000001,0.0,0.0,0.000313483939726176,6860,0.0,0.0,-0.18677176148036448,2026-04-24,GOLD
2026-04-27 07:00:00,4724.12,4730.04,4722.745,4725.030000000001,0.0,0.0,0.000313483939726176,6860,0.0,0.0,-0.18677176148036448,2026-04-27,GOLD
2026-04-27 07:00:00,4724.12,4730.04,4722.745,4725.030000000001,0.0,0.0,0.000313483939726176,6860,0.0,0.0,-0.18677176148036448,2026-04-23,GOLD
2026-04-27 07:00:00,4724.12,4730.04,4722.745,4725.030000000001,0.0,0.0,0.000313483939726176,6860,0.0,0.0,-0.18677176148036448,2026-04-26,GOLD
2026-04-27 08:00:00,4725.09,4725.545,4708.860000000001,4710.235000000001,0.0,0.0,0.0003531783872151972,10920,0.0,0.0,-0.41759065028468434,2026-04-23,GOLD
2026-04-27 08:00:00,4725.09,4725.545,4708.860000000001,4710.235000000001,0.0,0.0,0.0003531783872151972,10920,0.0,0.0,-0.41759065028468434,2026-04-25,GOLD
2026-04-27 08:00:00,4725.09,4725.545,4708.860000000001,4710.235000000001,0.0,0.0,0.0003531783872151972,10920,0.0,0.0,-0.41759065028468434,2026-04-26,GOLD
2026-04-27 08:00:00,4725.09,4725.545,4708.860000000001,4710.235000000001,0.0,0.0,0.0003531783872151972,10920,0.0,0.0,-0.41759065028468434,2026-04-24,GOLD
2026-04-27 08:00:00,4725.09,4725.545,4708.860000000001,4710.235000000001,0.0,0.0,0.0003531783872151972,10920,0.0,0.0,-0.41759065028468434,2026-04-27,GOLD
2026-04-27 09:00:00,4710.23,4715.66,4709.355,4712.950000000001,0.0,0.0,0.00034939975468512057,12997,0.0,0.0,0.07018239492482128,2026-04-26,GOLD
2026-04-27 09:00:00,4710.23,4715.66,4709.355,4712.950000000001,0.0,0.0,0.00034939975468512057,12997,0.0,0.0,0.07018239492482128,2026-04-25,GOLD
2026-04-27 09:00:00,4710.23,4715.66,4709.355,4712.950000000001,0.0,0.0,0.00034939975468512057,12997,0.0,0.0,0.07018239492482128,2026-04-27,GOLD
2026-04-27 09:00:00,4710.23,4715.66,4709.355,4712.950000000001,0.0,0.0,0.00034939975468512057,12997,0.0,0.0,0.07018239492482128,2026-04-23,GOLD
2026-04-27 09:00:00,4710.23,4715.66,4709.355,4712.950000000001,0.0,0.0,0.00034939975468512057,12997,0.0,0.0,0.07018239492482128,2026-04-24,GOLD
2026-04-27 10:00:00,4712.9400000000005,4718.405000000001,4710.135,4713.415,0.0,0.0,0.0003288704077022981,12419,0.0,0.0,-0.10338573155990663,2026-04-26,GOLD
2026-04-27 10:00:00,4712.9400000000005,4718.405000000001,4710.135,4713.415,0.0,0.0,0.0003288704077022981,12419,0.0,0.0,-0.10338573155990663,2026-04-27,GOLD
2026-04-27 10:00:00,4712.9400000000005,4718.405000000001,4710.135,4713.415,0.0,0.0,0.0003288704077022981,12419,0.0,0.0,-0.10338573155990663,2026-04-24,GOLD
2026-04-27 10:00:00,4712.9400000000005,4718.405000000001,4710.135,4713.415,0.0,0.0,0.0003288704077022981,12419,0.0,0.0,-0.10338573155990663,2026-04-23,GOLD
2026-04-27 10:00:00,4712.9400000000005,4718.405000000001,4710.135,4713.415,0.0,0.0,0.0003288704077022981,12419,0.0,0.0,-0.10338573155990663,2026-04-25,GOLD
2026-04-27 11:00:00,4713.4349999999995,4714.805,4705.475,4706.885,0.0,0.0,0.0003237784028071853,12544,0.0,0.0,-0.348874598070754,2026-04-26,GOLD
2026-04-27 11:00:00,4713.4349999999995,4714.805,4705.475,4706.885,0.0,0.0,0.0003237784028071853,12544,0.0,0.0,-0.348874598070754,2026-04-23,GOLD
2026-04-27 11:00:00,4713.4349999999995,4714.805,4705.475,4706.885,0.0,0.0,0.0003237784028071853,12544,0.0,0.0,-0.348874598070754,2026-04-25,GOLD
2026-04-27 11:00:00,4713.4349999999995,4714.805,4705.475,4706.885,0.0,0.0,0.0003237784028071853,12544,0.0,0.0,-0.348874598070754,2026-04-27,GOLD
2026-04-27 11:00:00,4713.4349999999995,4714.805,4705.475,4706.885,0.0,0.0,0.0003237784028071853,12544,0.0,0.0,-0.348874598070754,2026-04-24,GOLD
2026-04-27 12:00:00,4706.905000000001,4708.264999999999,4699.55,4703.66,0.0,0.0,0.0003248714916834615,9383,0.0,0.0,-0.0283993115317857,2026-04-25,GOLD
2026-04-27 12:00:00,4706.905000000001,4708.264999999999,4699.55,4703.66,0.0,0.0,0.0003248714916834615,9383,0.0,0.0,-0.0283993115317857,2026-04-23,GOLD
2026-04-27 12:00:00,4706.905000000001,4708.264999999999,4699.55,4703.66,0.0,0.0,0.0003248714916834615,9383,0.0,0.0,-0.0283993115317857,2026-04-27,GOLD
2026-04-27 12:00:00,4706.905000000001,4708.264999999999,4699.55,4703.66,0.0,0.0,0.0003248714916834615,9383,0.0,0.0,-0.0283993115317857,2026-04-26,GOLD
2026-04-27 12:00:00,4706.905000000001,4708.264999999999,4699.55,4703.66,0.0,0.0,0.0003248714916834615,9383,0.0,0.0,-0.0283993115317857,2026-04-24,GOLD
2026-04-27 13:00:00,4703.755,4710.889999999999,4699.639999999999,4708.83,0.0,0.0,0.0002783113418961945,7057,0.0,0.0,0.3168888888889342,2026-04-25,GOLD
2026-04-27 13:00:00,4703.755,4710.889999999999,4699.639999999999,4708.83,0.0,0.0,0.0002783113418961945,7057,0.0,0.0,0.3168888888889342,2026-04-27,GOLD
2026-04-27 13:00:00,4703.755,4710.889999999999,4699.639999999999,4708.83,0.0,0.0,0.0002783113418961945,7057,0.0,0.0,0.3168888888889342,2026-04-26,GOLD
2026-04-27 13:00:00,4703.755,4710.889999999999,4699.639999999999,4708.83,0.0,0.0,0.0002783113418961945,7057,0.0,0.0,0.3168888888889342,2026-04-23,GOLD
2026-04-27 13:00:00,4703.755,4710.889999999999,4699.639999999999,4708.83,0.0,0.0,0.0002783113418961945,7057,0.0,0.0,0.3168888888889342,2026-04-24,GOLD
2026-04-27 14:00:00,4708.879999999999,4709.200000000001,4700.145,4704.885,0.0,0.0,0.00031675841060411255,9618,0.0,0.0,0.023467697404707825,2026-04-26,GOLD
2026-04-27 14:00:00,4708.879999999999,4709.200000000001,4700.145,4704.885,0.0,0.0,0.00031675841060411255,9618,0.0,0.0,0.023467697404707825,2026-04-23,GOLD
2026-04-27 14:00:00,4708.879999999999,4709.200000000001,4700.145,4704.885,0.0,0.0,0.00031675841060411255,9618,0.0,0.0,0.023467697404707825,2026-04-27,GOLD
2026-04-27 14:00:00,4708.879999999999,4709.200000000001,4700.145,4704.885,0.0,0.0,0.00031675841060411255,9618,0.0,0.0,0.023467697404707825,2026-04-25,GOLD
2026-04-27 14:00:00,4708.879999999999,4709.200000000001,4700.145,4704.885,0.0,0.0,0.00031675841060411255,9618,0.0,0.0,0.023467697404707825,2026-04-24,GOLD
2026-04-27 15:00:00,4704.9349999999995,4712.719999999999,4696.9,4699.255,0.0,0.0,0.00040064515428847646,14441,0.0,0.0,-0.3511378002528119,2026-04-27,GOLD
2026-04-27 15:00:00,4704.9349999999995,4712.719999999999,4696.9,4699.255,0.0,0.0,0.00040064515428847646,14441,0.0,0.0,-0.3511378002528119,2026-04-23,GOLD
2026-04-27 15:00:00,4704.9349999999995,4712.719999999999,4696.9,4699.255,0.0,0.0,0.00040064515428847646,14441,0.0,0.0,-0.3511378002528119,2026-04-25,GOLD
2026-04-27 15:00:00,4704.9349999999995,4712.719999999999,4696.9,4699.255,0.0,0.0,0.00040064515428847646,14441,0.0,0.0,-0.3511378002528119,2026-04-26,GOLD
2026-04-27 15:00:00,4704.9349999999995,4712.719999999999,4696.9,4699.255,0.0,0.0,0.00040064515428847646,14441,0.0,0.0,-0.3511378002528119,2026-04-24,GOLD
2026-04-27 16:00:00,4699.24,4703.514999999999,4689.280000000001,4696.29,0.0,0.0,0.00048275729330856526,21449,0.0,0.0,-0.007551808921677703,2026-04-25,GOLD
2026-04-27 16:00:00,4699.24,4703.514999999999,4689.280000000001,4696.29,0.0,0.0,0.00048275729330856526,21449,0.0,0.0,-0.007551808921677703,2026-04-26,GOLD
2026-04-27 16:00:00,4699.24,4703.514999999999,4689.280000000001,4696.29,0.0,0.0,0.00048275729330856526,21449,0.0,0.0,-0.007551808921677703,2026-04-23,GOLD
2026-04-27 16:00:00,4699.24,4703.514999999999,4689.280000000001,4696.29,0.0,0.0,0.00048275729330856526,21449,0.0,0.0,-0.007551808921677703,2026-04-27,GOLD
2026-04-27 16:00:00,4699.24,4703.514999999999,4689.280000000001,4696.29,0.0,0.0,0.00048275729330856526,21449,0.0,0.0,-0.007551808921677703,2026-04-24,GOLD
2026-04-27 17:00:00,4696.335,4696.805,4676.6849999999995,4678.21,0.0,0.0,0.0004494590311668328,24613,0.0,0.0,-0.4242047713717453,2026-04-23,GOLD
2026-04-27 17:00:00,4696.335,4696.805,4676.6849999999995,4678.21,0.0,0.0,0.0004494590311668328,24613,0.0,0.0,-0.4242047713717453,2026-04-24,GOLD
2026-04-27 17:00:00,4696.335,4696.805,4676.6849999999995,4678.21,0.0,0.0,0.0004494590311668328,24613,0.0,0.0,-0.4242047713717453,2026-04-27,GOLD
2026-04-27 17:00:00,4696.335,4696.805,4676.6849999999995,4678.21,0.0,0.0,0.0004494590311668328,24613,0.0,0.0,-0.4242047713717453,2026-04-25,GOLD
2026-04-27 17:00:00,4696.335,4696.805,4676.6849999999995,4678.21,0.0,0.0,0.0004494590311668328,24613,0.0,0.0,-0.4242047713717453,2026-04-26,GOLD
2026-04-27 18:00:00,4678.27,4682.6,4667.29,4670.125,0.0,0.0,0.0004491371919410923,19375,0.0,0.0,-0.3148269105159754,2026-04-26,GOLD
2026-04-27 18:00:00,4678.27,4682.6,4667.29,4670.125,0.0,0.0,0.0004491371919410923,19375,0.0,0.0,-0.3148269105159754,2026-04-27,GOLD
2026-04-27 18:00:00,4678.27,4682.6,4667.29,4670.125,0.0,0.0,0.0004491371919410923,19375,0.0,0.0,-0.3148269105159754,2026-04-25,GOLD
2026-04-27 18:00:00,4678.27,4682.6,4667.29,4670.125,0.0,0.0,0.0004491371919410923,19375,0.0,0.0,-0.3148269105159754,2026-04-24,GOLD
2026-04-27 18:00:00,4678.27,4682.6,4667.29,4670.125,0.0,0.0,0.0004491371919410923,19375,0.0,0.0,-0.3148269105159754,2026-04-23,GOLD
2026-04-27 19:00:00,4670.13,4679.605,4667.41,4676.719999999999,0.0,0.0,0.0003093676189838825,15100,0.0,0.0,0.2634276342763192,2026-04-23,GOLD
2026-04-27 19:00:00,4670.13,4679.605,4667.41,4676.719999999999,0.0,0.0,0.0003093676189838825,15100,0.0,0.0,0.2634276342763192,2026-04-26,GOLD
2026-04-27 19:00:00,4670.13,4679.605,4667.41,4676.719999999999,0.0,0.0,0.0003093676189838825,15100,0.0,0.0,0.2634276342763192,2026-04-25,GOLD
2026-04-27 19:00:00,4670.13,4679.605,4667.41,4676.719999999999,0.0,0.0,0.0003093676189838825,15100,0.0,0.0,0.2634276342763192,2026-04-24,GOLD
2026-04-27 19:00:00,4670.13,4679.605,4667.41,4676.719999999999,0.0,0.0,0.0003093676189838825,15100,0.0,0.0,0.2634276342763192,2026-04-27,GOLD
2026-04-27 20:00:00,4676.79,4686.25,4668.355,4682.275,0.0,0.0,0.0003331012159700273,16427,0.0,0.0,0.27787091366301947,2026-04-25,GOLD
2026-04-27 20:00:00,4676.79,4686.25,4668.355,4682.275,0.0,0.0,0.0003331012159700273,16427,0.0,0.0,0.27787091366301947,2026-04-26,GOLD
2026-04-27 20:00:00,4676.79,4686.25,4668.355,4682.275,0.0,0.0,0.0003331012159700273,16427,0.0,0.0,0.27787091366301947,2026-04-24,GOLD
2026-04-27 20:00:00,4676.79,4686.25,4668.355,4682.275,0.0,0.0,0.0003331012159700273,16427,0.0,0.0,0.27787091366301947,2026-04-27,GOLD
2026-04-27 20:00:00,4676.79,4686.25,4668.355,4682.275,0.0,0.0,0.0003331012159700273,16427,0.0,0.0,0.27787091366301947,2026-04-23,GOLD
2026-04-27 21:00:00,4682.25,4685.575,4679.07,4680.76,0.0,0.0,0.00026238473900291366,11348,0.0,0.0,-0.24019984627209437,2026-04-25,GOLD
2026-04-27 21:00:00,4682.25,4685.575,4679.07,4680.76,0.0,0.0,0.00026238473900291366,11348,0.0,0.0,-0.24019984627209437,2026-04-26,GOLD
2026-04-27 21:00:00,4682.25,4685.575,4679.07,4680.76,0.0,0.0,0.00026238473900291366,11348,0.0,0.0,-0.24019984627209437,2026-04-27,GOLD
2026-04-27 21:00:00,4682.25,4685.575,4679.07,4680.76,0.0,0.0,0.00026238473900291366,11348,0.0,0.0,-0.24019984627209437,2026-04-23,GOLD
2026-04-27 21:00:00,4682.25,4685.575,4679.07,4680.76,0.0,0.0,0.00026238473900291366,11348,0.0,0.0,-0.24019984627209437,2026-04-24,GOLD
2026-04-27 22:00:00,4680.715,4682.75,4676.79,4680.870000000001,0.0,0.0,0.0002579427353053865,10603,0.0,0.0,0.18456375838932165,2026-04-23,GOLD
2026-04-27 22:00:00,4680.715,4682.75,4676.79,4680.870000000001,0.0,0.0,0.0002579427353053865,10603,0.0,0.0,0.18456375838932165,2026-04-27,GOLD
2026-04-27 22:00:00,4680.715,4682.75,4676.79,4680.870000000001,0.0,0.0,0.0002579427353053865,10603,0.0,0.0,0.18456375838932165,2026-04-25,GOLD
2026-04-27 22:00:00,4680.715,4682.75,4676.79,4680.870000000001,0.0,0.0,0.0002579427353053865,10603,0.0,0.0,0.18456375838932165,2026-04-26,GOLD
2026-04-27 22:00:00,4680.715,4682.75,4676.79,4680.870000000001,0.0,0.0,0.0002579427353053865,10603,0.0,0.0,0.18456375838932165,2026-04-24,GOLD
2026-04-27 23:00:00,4680.75,4681.9349999999995,4677.595,4681.9349999999995,0.0,0.0,0.0002072313406267322,4575,0.0,0.0,0.5000000000001048,2026-04-23,GOLD
2026-04-27 23:00:00,4680.75,4681.9349999999995,4677.595,4681.9349999999995,0.0,0.0,0.0002072313406267322,4575,0.0,0.0,0.5000000000001048,2026-04-26,GOLD
2026-04-27 23:00:00,4680.75,4681.9349999999995,4677.595,4681.9349999999995,0.0,0.0,0.0002072313406267322,4575,0.0,0.0,0.5000000000001048,2026-04-27,GOLD
2026-04-27 23:00:00,4680.75,4681.9349999999995,4677.595,4681.9349999999995,0.0,0.0,0.0002072313406267322,4575,0.0,0.0,0.5000000000001048,2026-04-25,GOLD
2026-04-27 23:00:00,4680.75,4681.9349999999995,4677.595,4681.9349999999995,0.0,0.0,0.0002072313406267322,4575,0.0,0.0,0.5000000000001048,2026-04-24,GOLD
2026-04-28 01:00:00,4683.905,4691.360000000001,4682.555,4688.0,0.0,0.0,0.00041668677319460544,6897,0.0,0.0,0.11839863713793629,2026-04-23,GOLD
2026-04-28 01:00:00,4683.905,4691.360000000001,4682.555,4688.0,0.0,0.0,0.00041668677319460544,6897,0.0,0.0,0.11839863713793629,2026-04-27,GOLD
2026-04-28 01:00:00,4683.905,4691.360000000001,4682.555,4688.0,0.0,0.0,0.00041668677319460544,6897,0.0,0.0,0.11839863713793629,2026-04-26,GOLD
2026-04-28 01:00:00,4683.905,4691.360000000001,4682.555,4688.0,0.0,0.0,0.00041668677319460544,6897,0.0,0.0,0.11839863713793629,2026-04-24,GOLD
2026-04-28 01:00:00,4683.905,4691.360000000001,4682.555,4688.0,0.0,0.0,0.00041668677319460544,6897,0.0,0.0,0.11839863713793629,2026-04-25,GOLD
2026-04-28 02:00:00,4687.965,4695.12,4687.32,4692.0,0.0,0.0,0.00025641744997776154,5727,0.0,0.0,0.10000000000008162,2026-04-25,GOLD
2026-04-28 02:00:00,4687.965,4695.12,4687.32,4692.0,0.0,0.0,0.00025641744997776154,5727,0.0,0.0,0.10000000000008162,2026-04-23,GOLD
2026-04-28 02:00:00,4687.965,4695.12,4687.32,4692.0,0.0,0.0,0.00025641744997776154,5727,0.0,0.0,0.10000000000008162,2026-04-27,GOLD
2026-04-28 02:00:00,4687.965,4695.12,4687.32,4692.0,0.0,0.0,0.00025641744997776154,5727,0.0,0.0,0.10000000000008162,2026-04-26,GOLD
2026-04-28 02:00:00,4687.965,4695.12,4687.32,4692.0,0.0,0.0,0.00025641744997776154,5727,0.0,0.0,0.10000000000008162,2026-04-24,GOLD
2026-04-28 03:00:00,4692.08,4701.344999999999,4690.6,4690.7,0.0,0.0,0.0003094909009432398,12970,0.0,0.0,-0.4906933457422556,2026-04-26,GOLD
2026-04-28 03:00:00,4692.08,4701.344999999999,4690.6,4690.7,0.0,0.0,0.0003094909009432398,12970,0.0,0.0,-0.4906933457422556,2026-04-23,GOLD
2026-04-28 03:00:00,4692.08,4701.344999999999,4690.6,4690.7,0.0,0.0,0.0003094909009432398,12970,0.0,0.0,-0.4906933457422556,2026-04-27,GOLD
2026-04-28 03:00:00,4692.08,4701.344999999999,4690.6,4690.7,0.0,0.0,0.0003094909009432398,12970,0.0,0.0,-0.4906933457422556,2026-04-25,GOLD
2026-04-28 03:00:00,4692.08,4701.344999999999,4690.6,4690.7,0.0,0.0,0.0003094909009432398,12970,0.0,0.0,-0.4906933457422556,2026-04-24,GOLD
2026-04-28 04:00:00,4690.62,4691.555,4669.74,4670.895,0.0,0.0,0.00039955156458580383,17060,0.0,0.0,-0.44705477882188277,2026-04-27,GOLD
2026-04-28 04:00:00,4690.62,4691.555,4669.74,4670.895,0.0,0.0,0.00039955156458580383,17060,0.0,0.0,-0.44705477882188277,2026-04-25,GOLD
2026-04-28 04:00:00,4690.62,4691.555,4669.74,4670.895,0.0,0.0,0.00039955156458580383,17060,0.0,0.0,-0.44705477882188277,2026-04-23,GOLD
2026-04-28 04:00:00,4690.62,4691.555,4669.74,4670.895,0.0,0.0,0.00039955156458580383,17060,0.0,0.0,-0.44705477882188277,2026-04-24,GOLD
2026-04-28 04:00:00,4690.62,4691.555,4669.74,4670.895,0.0,0.0,0.00039955156458580383,17060,0.0,0.0,-0.44705477882188277,2026-04-26,GOLD
2026-04-28 05:00:00,4670.9349999999995,4679.889999999999,4666.385,4676.52,0.0,0.0,0.00040008908896429487,5573,0.0,0.0,0.2504627915587426,2026-04-23,GOLD
2026-04-28 05:00:00,4670.9349999999995,4679.889999999999,4666.385,4669.295,0.0,0.0,0.0003832129426064787,12391,0.0,0.0,-0.2845242502776729,2026-04-26,GOLD
2026-04-28 05:00:00,4670.9349999999995,4679.889999999999,4666.385,4669.295,0.0,0.0,0.0003832129426064787,12391,0.0,0.0,-0.2845242502776729,2026-04-25,GOLD
2026-04-28 05:00:00,4670.9349999999995,4679.889999999999,4666.385,4669.295,0.0,0.0,0.0003832129426064787,12391,0.0,0.0,-0.2845242502776729,2026-04-24,GOLD
2026-04-28 05:00:00,4670.9349999999995,4679.889999999999,4666.385,4669.295,0.0,0.0,0.0003832129426064787,12391,0.0,0.0,-0.2845242502776729,2026-04-27,GOLD
2026-04-28 05:00:00,4670.9349999999995,4679.889999999999,4666.385,4669.295,0.0,0.0,0.00038323130991231114,12391,0.0,0.0,-0.2845242502776729,2026-04-28,GOLD
2026-04-28 06:00:00,4669.325,4675.94,4668.52,4671.115,0.0,0.0,0.00032841100340434383,7418,0.0,0.0,-0.15026954177896326,2026-04-25,GOLD
2026-04-28 06:00:00,4669.325,4675.94,4668.52,4671.115,0.0,0.0,0.00032841100340434383,7418,0.0,0.0,-0.15026954177896326,2026-04-28,GOLD
2026-04-28 06:00:00,4669.325,4675.94,4668.52,4671.115,0.0,0.0,0.00032841100340434383,7418,0.0,0.0,-0.15026954177896326,2026-04-26,GOLD
2026-04-28 06:00:00,4669.325,4675.94,4668.52,4671.115,0.0,0.0,0.00032841100340434383,7418,0.0,0.0,-0.15026954177896326,2026-04-24,GOLD
2026-04-28 06:00:00,4669.325,4675.94,4668.52,4671.115,0.0,0.0,0.00032841100340434383,7418,0.0,0.0,-0.15026954177896326,2026-04-27,GOLD
2026-04-28 07:00:00,4671.1,4671.355,4666.63,4667.73,0.0,0.0,0.0002900292741335793,6254,0.0,0.0,-0.26719576719595206,2026-04-25,GOLD
2026-04-28 07:00:00,4671.1,4671.355,4666.63,4667.73,0.0,0.0,0.0002900292741335793,6254,0.0,0.0,-0.26719576719595206,2026-04-24,GOLD
2026-04-28 07:00:00,4671.1,4671.355,4666.63,4667.73,0.0,0.0,0.0002900292741335793,6254,0.0,0.0,-0.26719576719595206,2026-04-28,GOLD
2026-04-28 07:00:00,4671.1,4671.355,4666.63,4667.73,0.0,0.0,0.0002900292741335793,6254,0.0,0.0,-0.26719576719595206,2026-04-26,GOLD
2026-04-28 07:00:00,4671.1,4671.355,4666.63,4667.73,0.0,0.0,0.0002900292741335793,6254,0.0,0.0,-0.26719576719595206,2026-04-27,GOLD
2026-04-28 08:00:00,4667.77,4668.08,4624.0,4632.37,0.0,0.0,0.0006653835588763356,16973,0.0,0.0,-0.3101179673321256,2026-04-25,GOLD
2026-04-28 08:00:00,4667.77,4668.08,4624.0,4632.37,0.0,0.0,0.0006653835588763356,16973,0.0,0.0,-0.3101179673321256,2026-04-24,GOLD
2026-04-28 08:00:00,4667.77,4668.08,4624.0,4632.37,0.0,0.0,0.0006653835588763356,16973,0.0,0.0,-0.3101179673321256,2026-04-28,GOLD
2026-04-28 08:00:00,4667.77,4668.08,4624.0,4632.37,0.0,0.0,0.0006653835588763356,16973,0.0,0.0,-0.3101179673321256,2026-04-26,GOLD
2026-04-28 08:00:00,4667.77,4668.08,4624.0,4632.37,0.0,0.0,0.0006653835588763356,16973,0.0,0.0,-0.3101179673321256,2026-04-27,GOLD
2026-04-28 09:00:00,4632.37,4643.08,4623.41,4629.1,0.0,0.0,0.0004952500772130761,17296,0.0,0.0,-0.2107269954244795,2026-04-27,GOLD
2026-04-28 09:00:00,4632.37,4643.08,4623.41,4629.1,0.0,0.0,0.0004952500772130761,17296,0.0,0.0,-0.2107269954244795,2026-04-25,GOLD
2026-04-28 09:00:00,4632.37,4643.08,4623.41,4629.1,0.0,0.0,0.0004952500772130761,17296,0.0,0.0,-0.2107269954244795,2026-04-24,GOLD
2026-04-28 09:00:00,4632.37,4643.08,4623.41,4629.1,0.0,0.0,0.0004952500772130761,17296,0.0,0.0,-0.2107269954244795,2026-04-28,GOLD
2026-04-28 09:00:00,4632.37,4643.08,4623.41,4629.1,0.0,0.0,0.0004952500772130761,17296,0.0,0.0,-0.2107269954244795,2026-04-26,GOLD
2026-04-28 10:00:00,4629.094999999999,4639.41,4620.73,4633.265,0.0,0.0,0.0004840738867032061,14547,0.0,0.0,0.1710385438972467,2026-04-26,GOLD
2026-04-28 10:00:00,4629.094999999999,4639.41,4620.73,4633.265,0.0,0.0,0.0004840738867032061,14547,0.0,0.0,0.1710385438972467,2026-04-24,GOLD
2026-04-28 10:00:00,4629.094999999999,4639.41,4620.73,4633.265,0.0,0.0,0.0004840738867032061,14547,0.0,0.0,0.1710385438972467,2026-04-27,GOLD
2026-04-28 10:00:00,4629.094999999999,4639.41,4620.73,4633.265,0.0,0.0,0.0004840738867032061,14547,0.0,0.0,0.1710385438972467,2026-04-28,GOLD
2026-04-28 10:00:00,4629.094999999999,4639.41,4620.73,4633.265,0.0,0.0,0.0004840738867032061,14547,0.0,0.0,0.1710385438972467,2026-04-25,GOLD
2026-04-28 11:00:00,4633.1849999999995,4635.455,4614.965,4629.73,0.0,0.0,0.0004880099064887974,16941,0.0,0.0,0.22059541239627015,2026-04-26,GOLD
2026-04-28 11:00:00,4633.1849999999995,4635.455,4614.965,4629.73,0.0,0.0,0.0004880099064887974,16941,0.0,0.0,0.22059541239627015,2026-04-24,GOLD
2026-04-28 11:00:00,4633.1849999999995,4635.455,4614.965,4629.73,0.0,0.0,0.0004880099064887974,16941,0.0,0.0,0.22059541239627015,2026-04-25,GOLD
2026-04-28 11:00:00,4633.1849999999995,4635.455,4614.965,4629.73,0.0,0.0,0.0004880099064887974,16941,0.0,0.0,0.22059541239627015,2026-04-28,GOLD
2026-04-28 11:00:00,4633.1849999999995,4635.455,4614.965,4629.73,0.0,0.0,0.0004880099064887974,16941,0.0,0.0,0.22059541239627015,2026-04-27,GOLD
2026-04-28 12:00:00,4629.695,4630.085,4604.695,4604.9,0.0,0.0,0.00043160124693007696,16318,0.0,0.0,-0.4919259551004183,2026-04-26,GOLD
2026-04-28 12:00:00,4629.695,4630.085,4604.695,4604.9,0.0,0.0,0.00043160124693007696,16318,0.0,0.0,-0.4919259551004183,2026-04-27,GOLD
2026-04-28 12:00:00,4629.695,4630.085,4604.695,4604.9,0.0,0.0,0.00043160124693007696,16318,0.0,0.0,-0.4919259551004183,2026-04-28,GOLD
2026-04-28 12:00:00,4629.695,4630.085,4604.695,4604.9,0.0,0.0,0.00043160124693007696,16318,0.0,0.0,-0.4919259551004183,2026-04-25,GOLD
2026-04-28 12:00:00,4629.695,4630.085,4604.695,4604.9,0.0,0.0,0.00043160124693007696,16318,0.0,0.0,-0.4919259551004183,2026-04-24,GOLD
2026-04-28 13:00:00,4604.49,4616.59,4603.37,4603.375,0.0,0.0,0.00035173268214091027,13394,0.0,0.0,-0.4996217851739362,2026-04-25,GOLD
2026-04-28 13:00:00,4604.49,4616.59,4603.37,4603.375,0.0,0.0,0.00035173268214091027,13394,0.0,0.0,-0.4996217851739362,2026-04-27,GOLD
2026-04-28 13:00:00,4604.49,4616.59,4603.37,4603.375,0.0,0.0,0.00035173268214091027,13394,0.0,0.0,-0.4996217851739362,2026-04-26,GOLD
2026-04-28 13:00:00,4604.49,4616.59,4603.37,4603.375,0.0,0.0,0.00035173268214091027,13394,0.0,0.0,-0.4996217851739362,2026-04-28,GOLD
2026-04-28 13:00:00,4604.49,4616.59,4603.37,4603.375,0.0,0.0,0.00035173268214091027,13394,0.0,0.0,-0.4996217851739362,2026-04-24,GOLD
2026-04-28 14:00:00,4602.4349999999995,4608.855,4555.5650000000005,4562.83,0.0,0.0,0.0006273129484693989,20785,0.0,0.0,-0.36367048226685034,2026-04-28,GOLD
2026-04-28 14:00:00,4602.4349999999995,4608.855,4555.5650000000005,4562.83,0.0,0.0,0.0006273129484693989,20785,0.0,0.0,-0.36367048226685034,2026-04-27,GOLD
2026-04-28 14:00:00,4602.4349999999995,4608.855,4555.5650000000005,4562.83,0.0,0.0,0.0006273129484693989,20785,0.0,0.0,-0.36367048226685034,2026-04-25,GOLD
2026-04-28 14:00:00,4602.4349999999995,4608.855,4555.5650000000005,4562.83,0.0,0.0,0.0006273129484693989,20785,0.0,0.0,-0.36367048226685034,2026-04-24,GOLD
2026-04-28 14:00:00,4602.4349999999995,4608.855,4555.5650000000005,4562.83,0.0,0.0,0.0006273129484693989,20785,0.0,0.0,-0.36367048226685034,2026-04-26,GOLD
2026-04-28 15:00:00,4562.985,4600.175,4554.98,4593.875,0.0,0.0,0.0006608199484908338,22884,0.0,0.0,0.3606040491204859,2026-04-28,GOLD
2026-04-28 15:00:00,4562.985,4600.175,4554.98,4593.875,0.0,0.0,0.0006608199484908338,22884,0.0,0.0,0.3606040491204859,2026-04-27,GOLD
2026-04-28 15:00:00,4562.985,4600.175,4554.98,4593.875,0.0,0.0,0.0006608199484908338,22884,0.0,0.0,0.3606040491204859,2026-04-26,GOLD
2026-04-28 15:00:00,4562.985,4600.175,4554.98,4593.875,0.0,0.0,0.0006608199484908338,22884,0.0,0.0,0.3606040491204859,2026-04-24,GOLD
2026-04-28 15:00:00,4562.985,4600.175,4554.98,4593.875,0.0,0.0,0.0006608199484908338,22884,0.0,0.0,0.3606040491204859,2026-04-25,GOLD
2026-04-28 16:00:00,4593.835,4594.745,4570.9349999999995,4580.555,0.0,0.0,0.0007225697891616243,27149,0.0,0.0,-0.09596808063837951,2026-04-26,GOLD
2026-04-28 16:00:00,4593.835,4594.745,4570.9349999999995,4580.555,0.0,0.0,0.0007225697891616243,27149,0.0,0.0,-0.09596808063837951,2026-04-24,GOLD
2026-04-28 16:00:00,4593.835,4594.745,4570.9349999999995,4580.555,0.0,0.0,0.0007225697891616243,27149,0.0,0.0,-0.09596808063837951,2026-04-28,GOLD
2026-04-28 16:00:00,4593.835,4594.745,4570.9349999999995,4580.555,0.0,0.0,0.0007225697891616243,27149,0.0,0.0,-0.09596808063837951,2026-04-25,GOLD
2026-04-28 16:00:00,4593.835,4594.745,4570.9349999999995,4580.555,0.0,0.0,0.0007225697891616243,27149,0.0,0.0,-0.09596808063837951,2026-04-27,GOLD
2026-04-28 17:00:00,4580.535,4580.73,4557.425,4574.63,0.0,0.0,0.000681559051684722,29257,0.0,0.0,0.23825359364946744,2026-04-26,GOLD
2026-04-28 17:00:00,4580.535,4580.73,4557.425,4574.63,0.0,0.0,0.000681559051684722,29257,0.0,0.0,0.23825359364946744,2026-04-25,GOLD
2026-04-28 17:00:00,4580.535,4580.73,4557.425,4574.63,0.0,0.0,0.000681559051684722,29257,0.0,0.0,0.23825359364946744,2026-04-28,GOLD
2026-04-28 17:00:00,4580.535,4580.73,4557.425,4574.63,0.0,0.0,0.000681559051684722,29257,0.0,0.0,0.23825359364946744,2026-04-24,GOLD
2026-04-28 17:00:00,4580.535,4580.73,4557.425,4574.63,0.0,0.0,0.000681559051684722,29257,0.0,0.0,0.23825359364946744,2026-04-27,GOLD
2026-04-28 18:00:00,4574.635,4586.575000000001,4567.135,4586.54,0.0,0.0,0.0005174473049113309,25607,0.0,0.0,0.498199588477327,2026-04-28,GOLD
2026-04-28 18:00:00,4574.635,4586.575000000001,4567.135,4586.54,0.0,0.0,0.0005174473049113309,25607,0.0,0.0,0.498199588477327,2026-04-24,GOLD
2026-04-28 18:00:00,4574.635,4586.575000000001,4567.135,4586.54,0.0,0.0,0.0005174473049113309,25607,0.0,0.0,0.498199588477327,2026-04-25,GOLD
2026-04-28 18:00:00,4574.635,4586.575000000001,4567.135,4586.54,0.0,0.0,0.0005174473049113309,25607,0.0,0.0,0.498199588477327,2026-04-26,GOLD
2026-04-28 18:00:00,4574.635,4586.575000000001,4567.135,4586.54,0.0,0.0,0.0005174473049113309,25607,0.0,0.0,0.498199588477327,2026-04-27,GOLD
2026-04-28 19:00:00,4586.62,4594.98,4577.9349999999995,4592.355,0.0,0.0,0.00045378950647956306,19842,0.0,0.0,0.34599589322381996,2026-04-24,GOLD
2026-04-28 19:00:00,4586.62,4594.98,4577.9349999999995,4592.355,0.0,0.0,0.00045378950647956306,19842,0.0,0.0,0.34599589322381996,2026-04-28,GOLD
2026-04-28 19:00:00,4586.62,4594.98,4577.9349999999995,4592.355,0.0,0.0,0.00045378950647956306,19842,0.0,0.0,0.34599589322381996,2026-04-25,GOLD
2026-04-28 19:00:00,4586.62,4594.98,4577.9349999999995,4592.355,0.0,0.0,0.00045378950647956306,19842,0.0,0.0,0.34599589322381996,2026-04-26,GOLD
2026-04-28 19:00:00,4586.62,4594.98,4577.9349999999995,4592.355,0.0,0.0,0.00045378950647956306,19842,0.0,0.0,0.34599589322381996,2026-04-27,GOLD
2026-04-28 20:00:00,4592.32,4601.55,4587.37,4594.765,0.0,0.0,0.0003981735104697119,18223,0.0,0.0,0.021509167842051112,2026-04-27,GOLD
2026-04-28 20:00:00,4592.32,4601.55,4587.37,4594.765,0.0,0.0,0.0003981735104697119,18223,0.0,0.0,0.021509167842051112,2026-04-25,GOLD
2026-04-28 20:00:00,4592.32,4601.55,4587.37,4594.765,0.0,0.0,0.0003981735104697119,18223,0.0,0.0,0.021509167842051112,2026-04-24,GOLD
2026-04-28 20:00:00,4592.32,4601.55,4587.37,4594.765,0.0,0.0,0.0003981735104697119,18223,0.0,0.0,0.021509167842051112,2026-04-28,GOLD
2026-04-28 20:00:00,4592.32,4601.55,4587.37,4594.765,0.0,0.0,0.0003981735104697119,18223,0.0,0.0,0.021509167842051112,2026-04-26,GOLD
2026-04-28 21:00:00,4594.8150000000005,4600.735,4592.2,4594.375,0.0,0.0,0.0003097932055702003,15274,0.0,0.0,-0.24516695957818171,2026-04-25,GOLD
2026-04-28 21:00:00,4594.8150000000005,4600.735,4592.2,4594.375,0.0,0.0,0.0003097932055702003,15274,0.0,0.0,-0.24516695957818171,2026-04-27,GOLD
2026-04-28 21:00:00,4594.8150000000005,4600.735,4592.2,4594.375,0.0,0.0,0.0003097932055702003,15274,0.0,0.0,-0.24516695957818171,2026-04-24,GOLD
2026-04-28 21:00:00,4594.8150000000005,4600.735,4592.2,4594.375,0.0,0.0,0.0003097932055702003,15274,0.0,0.0,-0.24516695957818171,2026-04-26,GOLD
2026-04-28 21:00:00,4594.8150000000005,4600.735,4592.2,4594.375,0.0,0.0,0.0003097932055702003,15274,0.0,0.0,-0.24516695957818171,2026-04-28,GOLD
2026-04-28 22:00:00,4594.35,4599.995,4593.41,4595.745,0.0,0.0,0.00028626793169396887,14427,0.0,0.0,-0.14540622627175728,2026-04-28,GOLD
2026-04-28 22:00:00,4594.35,4599.995,4593.41,4595.745,0.0,0.0,0.00028626793169396887,14427,0.0,0.0,-0.14540622627175728,2026-04-24,GOLD
2026-04-28 22:00:00,4594.35,4599.995,4593.41,4595.745,0.0,0.0,0.00028626793169396887,14427,0.0,0.0,-0.14540622627175728,2026-04-25,GOLD
2026-04-28 22:00:00,4594.35,4599.995,4593.41,4595.745,0.0,0.0,0.00028626793169396887,14427,0.0,0.0,-0.14540622627175728,2026-04-26,GOLD
2026-04-28 22:00:00,4594.35,4599.995,4593.41,4595.745,0.0,0.0,0.00028626793169396887,14427,0.0,0.0,-0.14540622627175728,2026-04-27,GOLD
2026-04-28 23:00:00,4595.735,4598.84,4591.25,4597.1900000000005,0.0,0.0,0.0002577690166982119,6995,0.0,0.0,0.282608695652226,2026-04-28,GOLD
2026-04-28 23:00:00,4595.735,4598.84,4591.25,4597.1900000000005,0.0,0.0,0.0002577690166982119,6995,0.0,0.0,0.282608695652226,2026-04-24,GOLD
2026-04-28 23:00:00,4595.735,4598.84,4591.25,4597.1900000000005,0.0,0.0,0.0002577690166982119,6995,0.0,0.0,0.282608695652226,2026-04-25,GOLD
2026-04-28 23:00:00,4595.735,4598.84,4591.25,4597.1900000000005,0.0,0.0,0.0002577690166982119,6995,0.0,0.0,0.282608695652226,2026-04-26,GOLD
2026-04-28 23:00:00,4595.735,4598.84,4591.25,4597.1900000000005,0.0,0.0,0.0002577690166982119,6995,0.0,0.0,0.282608695652226,2026-04-27,GOLD
2026-04-29 01:00:00,4598.105,4600.0650000000005,4592.48,4594.17,0.0,0.0,0.00043053065895523894,4792,0.0,0.0,-0.27719182597227443,2026-04-28,GOLD
2026-04-29 01:00:00,4598.105,4600.0650000000005,4592.48,4594.17,0.0,0.0,0.00043053065895523894,4792,0.0,0.0,-0.27719182597227443,2026-04-27,GOLD
2026-04-29 01:00:00,4598.105,4600.0650000000005,4592.48,4594.17,0.0,0.0,0.00043053065895523894,4792,0.0,0.0,-0.27719182597227443,2026-04-26,GOLD
2026-04-29 01:00:00,4598.105,4600.0650000000005,4592.48,4594.17,0.0,0.0,0.00043053065895523894,4792,0.0,0.0,-0.27719182597227443,2026-04-24,GOLD
2026-04-29 01:00:00,4598.105,4600.0650000000005,4592.48,4594.17,0.0,0.0,0.00043053065895523894,4792,0.0,0.0,-0.27719182597227443,2026-04-25,GOLD
2026-04-29 02:00:00,4594.235000000001,4596.21,4588.085,4595.71,0.0,0.0,0.0002843555368047014,6900,0.0,0.0,0.43846153846153846,2026-04-27,GOLD
2026-04-29 02:00:00,4594.235000000001,4596.21,4588.085,4595.71,0.0,0.0,0.0002843555368047014,6900,0.0,0.0,0.43846153846153846,2026-04-28,GOLD
2026-04-29 02:00:00,4594.235000000001,4596.21,4588.085,4595.71,0.0,0.0,0.0002843555368047014,6900,0.0,0.0,0.43846153846153846,2026-04-26,GOLD
2026-04-29 02:00:00,4594.235000000001,4596.21,4588.085,4595.71,0.0,0.0,0.0002843555368047014,6900,0.0,0.0,0.43846153846153846,2026-04-24,GOLD
2026-04-29 02:00:00,4594.235000000001,4596.21,4588.085,4595.71,0.0,0.0,0.0002843555368047014,6900,0.0,0.0,0.43846153846153846,2026-04-25,GOLD
2026-04-29 03:00:00,4595.755,4610.495,4595.005,4600.345,0.0,0.0,0.00043898919810619343,11791,0.0,0.0,-0.15526145900579594,2026-04-26,GOLD
2026-04-29 03:00:00,4595.755,4610.495,4595.005,4600.345,0.0,0.0,0.00043898919810619343,11791,0.0,0.0,-0.15526145900579594,2026-04-28,GOLD
2026-04-29 03:00:00,4595.755,4610.495,4595.005,4600.345,0.0,0.0,0.00043898919810619343,11791,0.0,0.0,-0.15526145900579594,2026-04-27,GOLD
2026-04-29 03:00:00,4595.755,4610.495,4595.005,4600.345,0.0,0.0,0.00043898919810619343,11791,0.0,0.0,-0.15526145900579594,2026-04-24,GOLD
2026-04-29 03:00:00,4595.755,4610.495,4595.005,4600.345,0.0,0.0,0.00043898919810619343,11791,0.0,0.0,-0.15526145900579594,2026-04-25,GOLD
2026-04-29 04:00:00,4600.35,4600.545,4575.8150000000005,4584.975,0.0,0.0,0.000583334814151634,20215,0.0,0.0,-0.12959967650626703,2026-04-25,GOLD
2026-04-29 04:00:00,4600.35,4600.545,4575.8150000000005,4584.975,0.0,0.0,0.000583334814151634,20215,0.0,0.0,-0.12959967650626703,2026-04-26,GOLD
2026-04-29 04:00:00,4600.35,4600.545,4575.8150000000005,4584.975,0.0,0.0,0.000583334814151634,20215,0.0,0.0,-0.12959967650626703,2026-04-28,GOLD
2026-04-29 04:00:00,4600.35,4600.545,4575.8150000000005,4584.975,0.0,0.0,0.000583334814151634,20215,0.0,0.0,-0.12959967650626703,2026-04-27,GOLD
2026-04-29 04:00:00,4600.35,4600.545,4575.8150000000005,4584.975,0.0,0.0,0.000583334814151634,20215,0.0,0.0,-0.12959967650626703,2026-04-24,GOLD
2026-04-29 05:00:00,4585.02,4604.3099999999995,4585.01,4593.875,0.0,0.0,0.00043870713007507196,14065,0.0,0.0,-0.04067357512952767,2026-04-28,GOLD
2026-04-29 05:00:00,4585.02,4604.3099999999995,4585.01,4593.875,0.0,0.0,0.00043870713007507196,14065,0.0,0.0,-0.04067357512952767,2026-04-27,GOLD
2026-04-29 05:00:00,4585.02,4604.3099999999995,4585.01,4600.45,0.0,0.0,0.00046829737410941435,7367,0.0,0.0,0.3000000000000094,2026-04-24,GOLD
2026-04-29 05:00:00,4585.02,4604.3099999999995,4585.01,4593.875,0.0,0.0,0.00043870713007507196,14065,0.0,0.0,-0.04067357512952767,2026-04-25,GOLD
2026-04-29 05:00:00,4585.02,4604.3099999999995,4585.01,4593.875,0.0,0.0,0.00043870713007507196,14065,0.0,0.0,-0.04067357512952767,2026-04-26,GOLD
2026-04-29 05:00:00,4585.02,4604.3099999999995,4585.01,4593.875,0.0,0.0,0.0004387348757911388,14065,0.0,0.0,-0.04067357512952767,2026-04-29,GOLD
2026-04-29 06:00:00,4593.879999999999,4603.344999999999,4592.23,4595.635,0.0,0.0,0.00036868146711432816,8231,0.0,0.0,-0.19365721997294452,2026-04-25,GOLD
2026-04-29 06:00:00,4593.879999999999,4603.344999999999,4592.23,4595.635,0.0,0.0,0.00036868146711432816,8231,0.0,0.0,-0.19365721997294452,2026-04-28,GOLD
2026-04-29 06:00:00,4593.879999999999,4603.344999999999,4592.23,4595.635,0.0,0.0,0.00036868146711432816,8231,0.0,0.0,-0.19365721997294452,2026-04-26,GOLD
2026-04-29 06:00:00,4593.879999999999,4603.344999999999,4592.23,4595.635,0.0,0.0,0.00036868146711432816,8231,0.0,0.0,-0.19365721997294452,2026-04-29,GOLD
2026-04-29 06:00:00,4593.879999999999,4603.344999999999,4592.23,4595.635,0.0,0.0,0.00036868146711432816,8231,0.0,0.0,-0.19365721997294452,2026-04-27,GOLD
2026-04-29 07:00:00,4595.805,4605.745,4595.475,4604.875,0.0,0.0,0.0003222653948175048,6756,0.0,0.0,0.4152872444011309,2026-04-25,GOLD
2026-04-29 07:00:00,4595.805,4605.745,4595.475,4604.875,0.0,0.0,0.0003222653948175048,6756,0.0,0.0,0.4152872444011309,2026-04-26,GOLD
2026-04-29 07:00:00,4595.805,4605.745,4595.475,4604.875,0.0,0.0,0.0003222653948175048,6756,0.0,0.0,0.4152872444011309,2026-04-29,GOLD
2026-04-29 07:00:00,4595.805,4605.745,4595.475,4604.875,0.0,0.0,0.0003222653948175048,6756,0.0,0.0,0.4152872444011309,2026-04-27,GOLD
2026-04-29 07:00:00,4595.805,4605.745,4595.475,4604.875,0.0,0.0,0.0003222653948175048,6756,0.0,0.0,0.4152872444011309,2026-04-28,GOLD
2026-04-29 08:00:00,4604.844999999999,4607.79,4590.755,4591.165,0.0,0.0,0.00039819183446200725,8451,0.0,0.0,-0.47593190490168136,2026-04-26,GOLD
2026-04-29 08:00:00,4604.844999999999,4607.79,4590.755,4591.165,0.0,0.0,0.00039819183446200725,8451,0.0,0.0,-0.47593190490168136,2026-04-29,GOLD
2026-04-29 08:00:00,4604.844999999999,4607.79,4590.755,4591.165,0.0,0.0,0.00039819183446200725,8451,0.0,0.0,-0.47593190490168136,2026-04-28,GOLD
2026-04-29 08:00:00,4604.844999999999,4607.79,4590.755,4591.165,0.0,0.0,0.00039819183446200725,8451,0.0,0.0,-0.47593190490168136,2026-04-25,GOLD
2026-04-29 08:00:00,4604.844999999999,4607.79,4590.755,4591.165,0.0,0.0,0.00039819183446200725,8451,0.0,0.0,-0.47593190490168136,2026-04-27,GOLD
2026-04-29 09:00:00,4591.0,4598.795,4580.95,4584.665,0.0,0.0,0.0004235925960460842,15018,0.0,0.0,-0.2918184365368144,2026-04-27,GOLD
2026-04-29 09:00:00,4591.0,4598.795,4580.95,4584.665,0.0,0.0,0.0004235925960460842,15018,0.0,0.0,-0.2918184365368144,2026-04-29,GOLD
2026-04-29 09:00:00,4591.0,4598.795,4580.95,4584.665,0.0,0.0,0.0004235925960460842,15018,0.0,0.0,-0.2918184365368144,2026-04-25,GOLD
2026-04-29 09:00:00,4591.0,4598.795,4580.95,4584.665,0.0,0.0,0.0004235925960460842,15018,0.0,0.0,-0.2918184365368144,2026-04-28,GOLD
2026-04-29 09:00:00,4591.0,4598.795,4580.95,4584.665,0.0,0.0,0.0004235925960460842,15018,0.0,0.0,-0.2918184365368144,2026-04-26,GOLD
2026-04-29 10:00:00,4584.57,4588.96,4567.455,4568.035,0.0,0.0,0.0004538700206838285,16357,0.0,0.0,-0.47302952801676496,2026-04-28,GOLD
2026-04-29 10:00:00,4584.57,4588.96,4567.455,4568.035,0.0,0.0,0.0004538700206838285,16357,0.0,0.0,-0.47302952801676496,2026-04-29,GOLD
2026-04-29 10:00:00,4584.57,4588.96,4567.455,4568.035,0.0,0.0,0.0004538700206838285,16357,0.0,0.0,-0.47302952801676496,2026-04-27,GOLD
2026-04-29 10:00:00,4584.57,4588.96,4567.455,4568.035,0.0,0.0,0.0004538700206838285,16357,0.0,0.0,-0.47302952801676496,2026-04-26,GOLD
2026-04-29 10:00:00,4584.57,4588.96,4567.455,4568.035,0.0,0.0,0.0004538700206838285,16357,0.0,0.0,-0.47302952801676496,2026-04-25,GOLD
2026-04-29 11:00:00,4568.01,4576.83,4557.33,4573.25,0.0,0.0,0.0004365144283485336,16668,0.0,0.0,0.31641025641026016,2026-04-29,GOLD
2026-04-29 11:00:00,4568.01,4576.83,4557.33,4573.25,0.0,0.0,0.0004365144283485336,16668,0.0,0.0,0.31641025641026016,2026-04-28,GOLD
2026-04-29 11:00:00,4568.01,4576.83,4557.33,4573.25,0.0,0.0,0.0004365144283485336,16668,0.0,0.0,0.31641025641026016,2026-04-25,GOLD
2026-04-29 11:00:00,4568.01,4576.83,4557.33,4573.25,0.0,0.0,0.0004365144283485336,16668,0.0,0.0,0.31641025641026016,2026-04-27,GOLD
2026-04-29 11:00:00,4568.01,4576.83,4557.33,4573.25,0.0,0.0,0.0004365144283485336,16668,0.0,0.0,0.31641025641026016,2026-04-26,GOLD
2026-04-29 12:00:00,4573.285,4580.95,4551.745,4555.845,0.0,0.0,0.00042099134887147366,15870,0.0,0.0,-0.3596130799520502,2026-04-26,GOLD
2026-04-29 12:00:00,4573.285,4580.95,4551.745,4555.845,0.0,0.0,0.00042099134887147366,15870,0.0,0.0,-0.3596130799520502,2026-04-25,GOLD
2026-04-29 12:00:00,4573.285,4580.95,4551.745,4555.845,0.0,0.0,0.00042099134887147366,15870,0.0,0.0,-0.3596130799520502,2026-04-29,GOLD
2026-04-29 12:00:00,4573.285,4580.95,4551.745,4555.845,0.0,0.0,0.00042099134887147366,15870,0.0,0.0,-0.3596130799520502,2026-04-28,GOLD
2026-04-29 12:00:00,4573.285,4580.95,4551.745,4555.845,0.0,0.0,0.00042099134887147366,15870,0.0,0.0,-0.3596130799520502,2026-04-27,GOLD
2026-04-29 13:00:00,4555.755,4576.625,4555.145,4569.945,0.0,0.0,0.00035482785059645666,12185,0.0,0.0,0.1890130353817306,2026-04-26,GOLD
2026-04-29 13:00:00,4555.755,4576.625,4555.145,4569.945,0.0,0.0,0.00035482785059645666,12185,0.0,0.0,0.1890130353817306,2026-04-27,GOLD
2026-04-29 13:00:00,4555.755,4576.625,4555.145,4569.945,0.0,0.0,0.00035482785059645666,12185,0.0,0.0,0.1890130353817306,2026-04-28,GOLD
2026-04-29 13:00:00,4555.755,4576.625,4555.145,4569.945,0.0,0.0,0.00035482785059645666,12185,0.0,0.0,0.1890130353817306,2026-04-29,GOLD
2026-04-29 13:00:00,4555.755,4576.625,4555.145,4569.945,0.0,0.0,0.00035482785059645666,12185,0.0,0.0,0.1890130353817306,2026-04-25,GOLD
2026-04-29 14:00:00,4569.9349999999995,4572.040000000001,4559.280000000001,4561.82,0.0,0.0,0.00038967663760661273,12482,0.0,0.0,-0.30094043887155086,2026-04-25,GOLD
2026-04-29 14:00:00,4569.9349999999995,4572.040000000001,4559.280000000001,4561.82,0.0,0.0,0.00038967663760661273,12482,0.0,0.0,-0.30094043887155086,2026-04-28,GOLD
2026-04-29 14:00:00,4569.9349999999995,4572.040000000001,4559.280000000001,4561.82,0.0,0.0,0.00038967663760661273,12482,0.0,0.0,-0.30094043887155086,2026-04-26,GOLD
2026-04-29 14:00:00,4569.9349999999995,4572.040000000001,4559.280000000001,4561.82,0.0,0.0,0.00038967663760661273,12482,0.0,0.0,-0.30094043887155086,2026-04-29,GOLD
2026-04-29 14:00:00,4569.9349999999995,4572.040000000001,4559.280000000001,4561.82,0.0,0.0,0.00038967663760661273,12482,0.0,0.0,-0.30094043887155086,2026-04-27,GOLD
2026-04-29 15:00:00,4561.79,4569.094999999999,4542.29,4545.02,0.0,0.0,0.0004994040417303393,14687,0.0,0.0,-0.3981533296026491,2026-04-29,GOLD
2026-04-29 15:00:00,4561.79,4569.094999999999,4542.29,4545.02,0.0,0.0,0.0004994040417303393,14687,0.0,0.0,-0.3981533296026491,2026-04-26,GOLD
2026-04-29 15:00:00,4561.79,4569.094999999999,4542.29,4545.02,0.0,0.0,0.0004994040417303393,14687,0.0,0.0,-0.3981533296026491,2026-04-28,GOLD
2026-04-29 15:00:00,4561.79,4569.094999999999,4542.29,4545.02,0.0,0.0,0.0004994040417303393,14687,0.0,0.0,-0.3981533296026491,2026-04-25,GOLD
2026-04-29 15:00:00,4561.79,4569.094999999999,4542.29,4545.02,0.0,0.0,0.0004994040417303393,14687,0.0,0.0,-0.3981533296026491,2026-04-27,GOLD
2026-04-29 16:00:00,4545.17,4553.415,4510.24,4522.025,0.0,0.0,0.000644063464892553,24704,0.0,0.0,-0.22704111175448155,2026-04-29,GOLD
2026-04-29 16:00:00,4545.17,4553.415,4510.24,4522.025,0.0,0.0,0.000644063464892553,24704,0.0,0.0,-0.22704111175448155,2026-04-28,GOLD
2026-04-29 16:00:00,4545.17,4553.415,4510.24,4522.025,0.0,0.0,0.000644063464892553,24704,0.0,0.0,-0.22704111175448155,2026-04-25,GOLD
2026-04-29 16:00:00,4545.17,4553.415,4510.24,4522.025,0.0,0.0,0.000644063464892553,24704,0.0,0.0,-0.22704111175448155,2026-04-26,GOLD
2026-04-29 16:00:00,4545.17,4553.415,4510.24,4522.025,0.0,0.0,0.000644063464892553,24704,0.0,0.0,-0.22704111175448155,2026-04-27,GOLD
2026-04-29 17:00:00,4521.915,4542.915,4517.91,4539.4349999999995,0.0,0.0,0.0005617313364199665,23327,0.0,0.0,0.36082783443307687,2026-04-28,GOLD
2026-04-29 17:00:00,4521.915,4542.915,4517.91,4539.4349999999995,0.0,0.0,0.0005617313364199665,23327,0.0,0.0,0.36082783443307687,2026-04-29,GOLD
2026-04-29 17:00:00,4521.915,4542.915,4517.91,4539.4349999999995,0.0,0.0,0.0005617313364199665,23327,0.0,0.0,0.36082783443307687,2026-04-27,GOLD
2026-04-29 17:00:00,4521.915,4542.915,4517.91,4539.4349999999995,0.0,0.0,0.0005617313364199665,23327,0.0,0.0,0.36082783443307687,2026-04-25,GOLD
2026-04-29 17:00:00,4521.915,4542.915,4517.91,4539.4349999999995,0.0,0.0,0.0005617313364199665,23327,0.0,0.0,0.36082783443307687,2026-04-26,GOLD
2026-04-29 18:00:00,4539.415,4559.005,4536.32,4547.8099999999995,0.0,0.0,0.0005627608077148309,21098,0.0,0.0,0.0065020938946054345,2026-04-25,GOLD
2026-04-29 18:00:00,4539.415,4559.005,4536.32,4547.8099999999995,0.0,0.0,0.0005627608077148309,21098,0.0,0.0,0.0065020938946054345,2026-04-29,GOLD
2026-04-29 18:00:00,4539.415,4559.005,4536.32,4547.8099999999995,0.0,0.0,0.0005627608077148309,21098,0.0,0.0,0.0065020938946054345,2026-04-27,GOLD
2026-04-29 18:00:00,4539.415,4559.005,4536.32,4547.8099999999995,0.0,0.0,0.0005627608077148309,21098,0.0,0.0,0.0065020938946054345,2026-04-28,GOLD
2026-04-29 18:00:00,4539.415,4559.005,4536.32,4547.8099999999995,0.0,0.0,0.0005627608077148309,21098,0.0,0.0,0.0065020938946054345,2026-04-26,GOLD
2026-04-29 19:00:00,4547.905,4564.9400000000005,4543.475,4545.615,0.0,0.0,0.0004590981090913132,22468,0.0,0.0,-0.40030281854184,2026-04-26,GOLD
2026-04-29 19:00:00,4547.905,4564.9400000000005,4543.475,4545.615,0.0,0.0,0.0004590981090913132,22468,0.0,0.0,-0.40030281854184,2026-04-25,GOLD
2026-04-29 19:00:00,4547.905,4564.9400000000005,4543.475,4545.615,0.0,0.0,0.0004590981090913132,22468,0.0,0.0,-0.40030281854184,2026-04-29,GOLD
2026-04-29 19:00:00,4547.905,4564.9400000000005,4543.475,4545.615,0.0,0.0,0.0004590981090913132,22468,0.0,0.0,-0.40030281854184,2026-04-27,GOLD
2026-04-29 19:00:00,4547.905,4564.9400000000005,4543.475,4545.615,0.0,0.0,0.0004590981090913132,22468,0.0,0.0,-0.40030281854184,2026-04-28,GOLD
2026-04-29 20:00:00,4545.65,4554.610000000001,4541.65,4547.025,0.0,0.0,0.00042905157620953626,21039,0.0,0.0,-0.08526234567904262,2026-04-29,GOLD
2026-04-29 20:00:00,4545.65,4554.610000000001,4541.65,4547.025,0.0,0.0,0.00042905157620953626,21039,0.0,0.0,-0.08526234567904262,2026-04-25,GOLD
2026-04-29 20:00:00,4545.65,4554.610000000001,4541.65,4547.025,0.0,0.0,0.00042905157620953626,21039,0.0,0.0,-0.08526234567904262,2026-04-26,GOLD
2026-04-29 20:00:00,4545.65,4554.610000000001,4541.65,4547.025,0.0,0.0,0.00042905157620953626,21039,0.0,0.0,-0.08526234567904262,2026-04-28,GOLD
2026-04-29 20:00:00,4545.65,4554.610000000001,4541.65,4547.025,0.0,0.0,0.00042905157620953626,21039,0.0,0.0,-0.08526234567904262,2026-04-27,GOLD
2026-04-29 21:00:00,4547.775,4552.889999999999,4518.305,4538.06,0.0,0.0,0.0007753590730641007,27715,0.0,0.0,0.07120138788493878,2026-04-28,GOLD
2026-04-29 21:00:00,4547.775,4552.889999999999,4518.305,4538.06,0.0,0.0,0.0007753590730641007,27715,0.0,0.0,0.07120138788493878,2026-04-26,GOLD
2026-04-29 21:00:00,4547.775,4552.889999999999,4518.305,4538.06,0.0,0.0,0.0007753590730641007,27715,0.0,0.0,0.07120138788493878,2026-04-29,GOLD
2026-04-29 21:00:00,4547.775,4552.889999999999,4518.305,4538.06,0.0,0.0,0.0007753590730641007,27715,0.0,0.0,0.07120138788493878,2026-04-27,GOLD
2026-04-29 21:00:00,4547.775,4552.889999999999,4518.305,4538.06,0.0,0.0,0.0007753590730641007,27715,0.0,0.0,0.07120138788493878,2026-04-25,GOLD
2026-04-29 22:00:00,4538.055,4550.645,4533.215,4547.0,0.0,0.0,0.000535417713367603,22580,0.0,0.0,0.2908777969018717,2026-04-28,GOLD
2026-04-29 22:00:00,4538.055,4550.645,4533.215,4547.27,0.0,0.0,0.0006436175320589365,7204,0.0,0.0,0.30636833046471923,2026-04-25,GOLD
2026-04-29 22:00:00,4538.055,4550.645,4533.215,4547.0,0.0,0.0,0.000535417713367603,22580,0.0,0.0,0.2908777969018717,2026-04-29,GOLD
2026-04-29 22:00:00,4538.055,4550.645,4533.215,4547.0,0.0,0.0,0.000535417713367603,22580,0.0,0.0,0.2908777969018717,2026-04-27,GOLD
2026-04-29 22:00:00,4538.055,4550.645,4533.215,4547.27,0.0,0.0,0.0006436175320589365,7204,0.0,0.0,0.30636833046471923,2026-04-26,GOLD
2026-04-29 23:00:00,4546.955,4553.625,4541.505,4543.665,0.0,0.0,0.0004675773368740004,17231,0.0,0.0,-0.3217821782178697,2026-04-29,GOLD
2026-04-29 23:00:00,4546.955,4553.625,4541.505,4543.665,0.0,0.0,0.0004675773368740004,17231,0.0,0.0,-0.3217821782178697,2026-04-27,GOLD
2026-04-29 23:00:00,4546.955,4553.625,4541.505,4543.665,0.0,0.0,0.0004675773368740004,17231,0.0,0.0,-0.3217821782178697,2026-04-28,GOLD
2026-04-30 01:00:00,4545.705,4552.785,4539.485000000001,4552.205,0.0,0.0,0.0003910767113674625,9878,0.0,0.0,0.4563909774436121,2026-04-29,GOLD
2026-04-30 01:00:00,4545.705,4552.785,4539.485000000001,4552.205,0.0,0.0,0.0003910767113674625,9878,0.0,0.0,0.4563909774436121,2026-04-28,GOLD
2026-04-30 01:00:00,4545.705,4552.785,4539.485000000001,4552.205,0.0,0.0,0.0003910767113674625,9878,0.0,0.0,0.4563909774436121,2026-04-27,GOLD
2026-04-30 02:00:00,4552.215,4562.075,4549.725,4561.77,0.0,0.0,0.00026160291969732323,10646,0.0,0.0,0.4753036437247822,2026-04-28,GOLD
2026-04-30 02:00:00,4552.215,4562.075,4549.725,4561.77,0.0,0.0,0.00026160291969732323,10646,0.0,0.0,0.4753036437247822,2026-04-29,GOLD
2026-04-30 02:00:00,4552.215,4562.075,4549.725,4561.77,0.0,0.0,0.00026160291969732323,10646,0.0,0.0,0.4753036437247822,2026-04-27,GOLD
2026-04-30 03:00:00,4561.885,4574.325,4556.445,4570.015,0.0,0.0,0.00045719466307172997,16404,0.0,0.0,0.25894854586130206,2026-04-29,GOLD
2026-04-30 03:00:00,4561.885,4568.66,4556.445,4563.055,0.0,0.0,0.000522471908465643,6365,0.0,0.0,0.04113794514944767,2026-04-27,GOLD
2026-04-30 03:00:00,4561.885,4574.325,4556.445,4570.015,0.0,0.0,0.00045719466307172997,16404,0.0,0.0,0.25894854586130206,2026-04-28,GOLD
2026-04-30 04:00:00,4569.975,4582.615,4564.805,4579.395,0.0,0.0,0.0004633226593010675,17917,0.0,0.0,0.3192026951151355,2026-04-29,GOLD
2026-04-30 04:00:00,4569.975,4582.615,4564.805,4579.395,0.0,0.0,0.0004633226593010675,17917,0.0,0.0,0.3192026951151355,2026-04-28,GOLD
2026-04-30 05:00:00,4579.375,4582.015,4560.02,4565.05,0.0,0.0,0.00045097878251258055,14405,0.0,0.0,-0.2713116617412946,2026-04-30,GOLD
2026-04-30 05:00:00,4579.375,4582.015,4560.02,4565.05,0.0,0.0,0.0004509608254775093,14405,0.0,0.0,-0.2713116617412946,2026-04-29,GOLD
2026-04-30 05:00:00,4579.375,4582.015,4560.02,4565.05,0.0,0.0,0.0004509608254775093,14405,0.0,0.0,-0.2713116617412946,2026-04-28,GOLD
2026-04-30 06:00:00,4564.995,4569.155000000001,4555.68,4555.959999999999,0.0,0.0,0.0003623775088052774,10867,0.0,0.0,-0.4792207792208662,2026-04-29,GOLD
2026-04-30 06:00:00,4564.995,4569.155000000001,4555.68,4555.959999999999,0.0,0.0,0.0003623775088052774,10867,0.0,0.0,-0.4792207792208662,2026-04-30,GOLD
2026-04-30 06:00:00,4564.995,4569.155000000001,4555.68,4555.959999999999,0.0,0.0,0.0003623775088052774,10867,0.0,0.0,-0.4792207792208662,2026-04-28,GOLD
2026-04-30 07:00:00,4556.040000000001,4557.094999999999,4541.11,4542.115,0.0,0.0,0.00039172530047524207,12905,0.0,0.0,-0.4371285580231101,2026-04-30,GOLD
2026-04-30 07:00:00,4556.040000000001,4557.094999999999,4541.11,4542.115,0.0,0.0,0.00039172530047524207,12905,0.0,0.0,-0.4371285580231101,2026-04-28,GOLD
2026-04-30 07:00:00,4556.040000000001,4557.094999999999,4541.11,4542.115,0.0,0.0,0.00039172530047524207,12905,0.0,0.0,-0.4371285580231101,2026-04-29,GOLD
2026-04-30 08:00:00,4542.095,4569.825,4541.9400000000005,4562.8150000000005,0.0,0.0,0.0003923979314792504,13750,0.0,0.0,0.24861036399501424,2026-04-28,GOLD
2026-04-30 08:00:00,4542.095,4569.825,4541.9400000000005,4562.8150000000005,0.0,0.0,0.0003923979314792504,13750,0.0,0.0,0.24861036399501424,2026-04-29,GOLD
2026-04-30 08:00:00,4542.095,4569.825,4541.9400000000005,4562.8150000000005,0.0,0.0,0.0003923979314792504,13750,0.0,0.0,0.24861036399501424,2026-04-30,GOLD
2026-04-30 09:00:00,4562.895,4591.615,4560.275,4589.575,0.0,0.0,0.000466613051498393,17365,0.0,0.0,0.4349074664964916,2026-04-29,GOLD
2026-04-30 09:00:00,4562.895,4591.615,4560.275,4589.575,0.0,0.0,0.000466613051498393,17365,0.0,0.0,0.4349074664964916,2026-04-30,GOLD
2026-04-30 09:00:00,4562.895,4591.615,4560.275,4589.575,0.0,0.0,0.000466613051498393,17365,0.0,0.0,0.4349074664964916,2026-04-28,GOLD
2026-04-30 10:00:00,4589.625,4605.535,4584.885,4598.5650000000005,0.0,0.0,0.00039331555824738575,16575,0.0,0.0,0.1624697336562001,2026-04-30,GOLD
2026-04-30 10:00:00,4589.625,4605.535,4584.885,4598.5650000000005,0.0,0.0,0.00039331555824738575,16575,0.0,0.0,0.1624697336562001,2026-04-29,GOLD
2026-04-30 10:00:00,4589.625,4605.535,4584.885,4598.5650000000005,0.0,0.0,0.00039331555824738575,16575,0.0,0.0,0.1624697336562001,2026-04-28,GOLD
2026-04-30 11:00:00,4598.575000000001,4629.715,4597.51,4616.385,0.0,0.0,0.0005275128661445956,18894,0.0,0.0,0.08608911659680306,2026-04-28,GOLD
2026-04-30 11:00:00,4598.575000000001,4629.715,4597.51,4616.385,0.0,0.0,0.0005275128661445956,18894,0.0,0.0,0.08608911659680306,2026-04-29,GOLD
2026-04-30 11:00:00,4598.575000000001,4629.715,4597.51,4616.385,0.0,0.0,0.0005275128661445956,18894,0.0,0.0,0.08608911659680306,2026-04-30,GOLD
2026-04-30 12:00:00,4616.505,4631.865,4614.455,4625.305,0.0,0.0,0.0004744181878836807,18078,0.0,0.0,0.1232050545663673,2026-04-30,GOLD
2026-04-30 12:00:00,4616.505,4631.865,4614.455,4625.305,0.0,0.0,0.0004744181878836807,18078,0.0,0.0,0.1232050545663673,2026-04-28,GOLD
2026-04-30 12:00:00,4616.505,4631.865,4614.455,4625.305,0.0,0.0,0.0004744181878836807,18078,0.0,0.0,0.1232050545663673,2026-04-29,GOLD
2026-04-30 13:00:00,4625.295,4647.15,4623.74,4639.895,0.0,0.0,0.0004573703780221905,18211,0.0,0.0,0.19008970525419716,2026-04-30,GOLD
2026-04-30 13:00:00,4625.295,4647.15,4623.74,4639.895,0.0,0.0,0.0004573703780221905,18211,0.0,0.0,0.19008970525419716,2026-04-29,GOLD
2026-04-30 13:00:00,4625.295,4647.15,4623.74,4639.895,0.0,0.0,0.0004573703780221905,18211,0.0,0.0,0.19008970525419716,2026-04-28,GOLD
2026-04-30 14:00:00,4639.9349999999995,4645.715,4626.845,4630.33,0.0,0.0,0.0004990474280471392,19121,0.0,0.0,-0.31531531531535567,2026-04-28,GOLD
2026-04-30 14:00:00,4639.9349999999995,4645.715,4626.845,4630.33,0.0,0.0,0.0004990474280471392,19121,0.0,0.0,-0.31531531531535567,2026-04-30,GOLD
2026-04-30 14:00:00,4639.9349999999995,4645.715,4626.845,4630.33,0.0,0.0,0.0004990474280471392,19121,0.0,0.0,-0.31531531531535567,2026-04-29,GOLD
2026-04-30 15:00:00,4630.34,4640.175,4624.7,4639.65,0.0,0.0,0.0005270497422164536,18280,0.0,0.0,0.46607431340868927,2026-04-29,GOLD
2026-04-30 15:00:00,4630.34,4640.175,4624.7,4639.65,0.0,0.0,0.0005270497422164536,18280,0.0,0.0,0.46607431340868927,2026-04-28,GOLD
2026-04-30 15:00:00,4630.34,4640.175,4624.7,4639.65,0.0,0.0,0.0005270497422164536,18280,0.0,0.0,0.46607431340868927,2026-04-30,GOLD
2026-04-30 16:00:00,4639.675,4646.01,4610.73,4610.985,0.0,0.0,0.0006015814339191326,24503,0.0,0.0,-0.49277210884353445,2026-04-29,GOLD
2026-04-30 16:00:00,4639.675,4646.01,4610.73,4610.985,0.0,0.0,0.0006015814339191326,24503,0.0,0.0,-0.49277210884353445,2026-04-30,GOLD
2026-04-30 16:00:00,4639.675,4646.01,4610.73,4610.985,0.0,0.0,0.0006015814339191326,24503,0.0,0.0,-0.49277210884353445,2026-04-28,GOLD
2026-04-30 17:00:00,4611.0650000000005,4626.055,4609.29,4620.005,0.0,0.0,0.0005713119714701104,27404,0.0,0.0,0.13912913808526584,2026-04-29,GOLD
2026-04-30 17:00:00,4611.0650000000005,4626.055,4609.29,4620.005,0.0,0.0,0.0005713119714701104,27404,0.0,0.0,0.13912913808526584,2026-04-28,GOLD
2026-04-30 17:00:00,4611.0650000000005,4626.055,4609.29,4620.005,0.0,0.0,0.0005713119714701104,27404,0.0,0.0,0.13912913808526584,2026-04-30,GOLD
2026-04-30 18:00:00,4619.93,4625.5650000000005,4611.4349999999995,4615.405,0.0,0.0,0.0004445193851607383,22695,0.0,0.0,-0.21903750884642828,2026-04-28,GOLD
2026-04-30 18:00:00,4619.93,4625.5650000000005,4611.4349999999995,4615.405,0.0,0.0,0.0004445193851607383,22695,0.0,0.0,-0.21903750884642828,2026-04-29,GOLD
2026-04-30 18:00:00,4619.93,4625.5650000000005,4611.4349999999995,4615.405,0.0,0.0,0.0004445193851607383,22695,0.0,0.0,-0.21903750884642828,2026-04-30,GOLD
2026-04-30 19:00:00,4615.365,4617.825000000001,4605.475,4607.585,0.0,0.0,0.00040415756608936515,18750,0.0,0.0,-0.32914979757088175,2026-04-30,GOLD
2026-04-30 19:00:00,4615.365,4617.51,4610.129999999999,4611.345,0.0,0.0,0.00035116920969729563,5497,0.0,0.0,-0.33536585365841637,2026-04-28,GOLD
2026-04-30 19:00:00,4615.365,4617.825000000001,4605.475,4607.585,0.0,0.0,0.00040415756608936515,18750,0.0,0.0,-0.32914979757088175,2026-04-29,GOLD
2026-04-30 20:00:00,4607.73,4621.765,4607.6900000000005,4616.905,0.0,0.0,0.00042278315793301853,18037,0.0,0.0,0.15470692717576556,2026-04-29,GOLD
2026-04-30 20:00:00,4607.73,4621.765,4607.6900000000005,4616.905,0.0,0.0,0.00042278315793301853,18037,0.0,0.0,0.15470692717576556,2026-04-30,GOLD
2026-04-30 21:00:00,4616.915,4625.28,4616.875,4622.505,0.0,0.0,0.0003126297360561631,14677,0.0,0.0,0.16983938132072987,2026-04-30,GOLD
2026-04-30 21:00:00,4616.915,4625.28,4616.875,4622.505,0.0,0.0,0.0003126297360561631,14677,0.0,0.0,0.16983938132072987,2026-04-29,GOLD
2026-04-30 22:00:00,4622.495,4627.49,4614.610000000001,4617.0650000000005,0.0,0.0,0.0003130211742441455,17104,0.0,0.0,-0.30939440993788203,2026-04-30,GOLD
2026-04-30 22:00:00,4622.495,4627.49,4614.610000000001,4617.0650000000005,0.0,0.0,0.0003130211742441455,17104,0.0,0.0,-0.30939440993788203,2026-04-29,GOLD
2026-04-30 23:00:00,4617.25,4622.02,4615.5650000000005,4621.875,0.0,0.0,0.0003029009266367643,8958,0.0,0.0,0.4775367931835107,2026-04-30,GOLD
2026-04-30 23:00:00,4617.25,4622.02,4615.5650000000005,4621.875,0.0,0.0,0.0003029009266367643,8958,0.0,0.0,0.4775367931835107,2026-04-29,GOLD
2026-05-01 01:00:00,4625.825,4636.295,4625.705,4630.475,0.0,0.0,0.0004304827412660623,8672,0.0,0.0,-0.04957507082149471,2026-04-29,GOLD
2026-05-01 01:00:00,4625.825,4636.295,4625.705,4630.475,0.0,0.0,0.0004304827412660623,8672,0.0,0.0,-0.04957507082149471,2026-04-30,GOLD
2026-05-01 02:00:00,4630.535,4634.165,4626.515,4626.63,0.0,0.0,0.0002961457954389399,9724,0.0,0.0,-0.4849673202614657,2026-04-29,GOLD
2026-05-01 02:00:00,4630.535,4634.165,4626.515,4626.63,0.0,0.0,0.0002961457954389399,9724,0.0,0.0,-0.4849673202614657,2026-04-30,GOLD
2026-05-01 03:00:00,4626.56,4631.145,4618.545,4619.745,0.0,0.0,0.00035018112274936875,16046,0.0,0.0,-0.404761904761922,2026-04-30,GOLD
2026-05-01 03:00:00,4626.56,4631.145,4618.545,4619.745,0.0,0.0,0.00035018112274936875,16046,0.0,0.0,-0.404761904761922,2026-04-29,GOLD
2026-05-01 04:00:00,4619.79,4622.39,4614.115,4621.11,0.0,0.0,0.0003229110324583802,11630,0.0,0.0,0.34531722054368275,2026-04-30,GOLD
2026-05-01 04:00:00,4619.79,4622.39,4614.115,4621.11,0.0,0.0,0.0003229110324583802,11630,0.0,0.0,0.34531722054368275,2026-04-29,GOLD
2026-05-01 05:00:00,4620.795,4636.105,4616.8150000000005,4619.345,0.0,0.0,0.00034022124094322325,11264,0.0,0.0,-0.3688439606013546,2026-04-30,GOLD
2026-05-01 05:00:00,4620.795,4636.105,4616.8150000000005,4619.345,0.0,0.0,0.00034014046506121535,11264,0.0,0.0,-0.3688439606013546,2026-05-01,GOLD
2026-05-01 05:00:00,4620.795,4636.105,4616.8150000000005,4619.345,0.0,0.0,0.00034022124094322325,11264,0.0,0.0,-0.3688439606013546,2026-04-29,GOLD
2026-05-01 06:00:00,4619.275,4632.115,4617.9349999999995,4626.805,0.0,0.0,0.0003201102320149287,10014,0.0,0.0,0.12552891396337224,2026-05-01,GOLD
2026-05-01 06:00:00,4619.275,4632.115,4617.9349999999995,4626.805,0.0,0.0,0.0003201102320149287,10014,0.0,0.0,0.12552891396337224,2026-04-30,GOLD
2026-05-01 06:00:00,4619.275,4632.115,4617.9349999999995,4626.805,0.0,0.0,0.0003201102320149287,10014,0.0,0.0,0.12552891396337224,2026-04-29,GOLD
2026-05-01 07:00:00,4626.835,4628.93,4609.24,4609.27,0.0,0.0,0.0003403438841819432,10316,0.0,0.0,-0.4984763839512111,2026-05-01,GOLD
2026-05-01 07:00:00,4626.835,4628.93,4609.24,4609.27,0.0,0.0,0.0003403438841819432,10316,0.0,0.0,-0.4984763839512111,2026-04-30,GOLD
2026-05-01 07:00:00,4626.835,4628.93,4609.24,4609.27,0.0,0.0,0.0003403438841819432,10316,0.0,0.0,-0.4984763839512111,2026-04-29,GOLD
2026-05-01 08:00:00,4609.255,4616.265,4603.075,4605.005,0.0,0.0,0.0002999594222260123,10944,0.0,0.0,-0.3536770280515378,2026-05-01,GOLD
2026-05-01 08:00:00,4609.255,4616.265,4603.075,4605.005,0.0,0.0,0.0002999594222260123,10944,0.0,0.0,-0.3536770280515378,2026-04-30,GOLD
2026-05-01 08:00:00,4609.255,4616.265,4603.075,4605.005,0.0,0.0,0.0002999594222260123,10944,0.0,0.0,-0.3536770280515378,2026-04-29,GOLD
2026-05-01 09:00:00,4605.025,4607.955,4590.995,4594.775,0.0,0.0,0.0003890780168245921,14929,0.0,0.0,-0.27712264150947624,2026-04-30,GOLD
2026-05-01 09:00:00,4605.025,4607.955,4590.995,4594.775,0.0,0.0,0.0003890780168245921,14929,0.0,0.0,-0.27712264150947624,2026-04-29,GOLD
2026-05-01 09:00:00,4605.025,4607.955,4590.995,4594.775,0.0,0.0,0.0003890780168245921,14929,0.0,0.0,-0.27712264150947624,2026-05-01,GOLD
2026-05-01 10:00:00,4594.605,4598.139999999999,4576.025,4578.325,0.0,0.0,0.0004024308857872274,12499,0.0,0.0,-0.39599819127288244,2026-05-01,GOLD
2026-05-01 10:00:00,4594.605,4598.139999999999,4576.025,4578.325,0.0,0.0,0.0004024308857872274,12499,0.0,0.0,-0.39599819127288244,2026-04-30,GOLD
2026-05-01 10:00:00,4594.605,4598.139999999999,4576.025,4578.325,0.0,0.0,0.0004024308857872274,12499,0.0,0.0,-0.39599819127288244,2026-04-29,GOLD
2026-05-01 11:00:00,4578.3,4582.67,4565.219999999999,4568.9349999999995,0.0,0.0,0.00040427398833842935,10699,0.0,0.0,-0.2871060171919776,2026-04-29,GOLD
2026-05-01 11:00:00,4578.3,4582.67,4565.219999999999,4568.9349999999995,0.0,0.0,0.00040427398833842935,10699,0.0,0.0,-0.2871060171919776,2026-05-01,GOLD
2026-05-01 11:00:00,4578.3,4582.67,4565.219999999999,4568.9349999999995,0.0,0.0,0.00040427398833842935,10699,0.0,0.0,-0.2871060171919776,2026-04-30,GOLD
2026-05-01 12:00:00,4569.135,4572.985,4560.265,4562.8150000000005,0.0,0.0,0.00036063158076798626,10807,0.0,0.0,-0.2995283018867678,2026-04-29,GOLD
2026-05-01 12:00:00,4569.135,4572.985,4560.265,4562.8150000000005,0.0,0.0,0.00036063158076798626,10807,0.0,0.0,-0.2995283018867678,2026-05-01,GOLD
2026-05-01 12:00:00,4569.135,4572.985,4560.265,4562.8150000000005,0.0,0.0,0.00036063158076798626,10807,0.0,0.0,-0.2995283018867678,2026-04-30,GOLD
2026-05-01 13:00:00,4562.835,4576.09,4561.535,4566.969999999999,0.0,0.0,0.0002996557055533555,9534,0.0,0.0,-0.12658880109932105,2026-04-30,GOLD
2026-05-01 13:00:00,4562.835,4576.09,4561.535,4566.969999999999,0.0,0.0,0.0002996557055533555,9534,0.0,0.0,-0.12658880109932105,2026-04-29,GOLD
2026-05-01 13:00:00,4562.835,4576.09,4561.535,4566.969999999999,0.0,0.0,0.0002996557055533555,9534,0.0,0.0,-0.12658880109932105,2026-05-01,GOLD
2026-05-01 14:00:00,4566.955,4579.775,4562.635,4578.76,0.0,0.0,0.00032127555383858935,13804,0.0,0.0,0.44078179696619296,2026-05-01,GOLD
2026-05-01 14:00:00,4566.955,4579.775,4562.635,4578.76,0.0,0.0,0.00032127555383858935,13804,0.0,0.0,0.44078179696619296,2026-04-29,GOLD
2026-05-01 14:00:00,4566.955,4579.775,4562.635,4578.76,0.0,0.0,0.00032127555383858935,13804,0.0,0.0,0.44078179696619296,2026-04-30,GOLD
2026-05-01 15:00:00,4578.735,4607.635,4575.025,4591.200000000001,0.0,0.0,0.0005110785372262095,17197,0.0,0.0,-0.003986507206353797,2026-05-01,GOLD
2026-05-01 15:00:00,4578.735,4607.635,4575.025,4591.200000000001,0.0,0.0,0.0005110785372262095,17197,0.0,0.0,-0.003986507206353797,2026-04-29,GOLD
2026-05-01 15:00:00,4578.735,4607.635,4575.025,4591.200000000001,0.0,0.0,0.0005110785372262095,17197,0.0,0.0,-0.003986507206353797,2026-04-30,GOLD
2026-05-01 16:00:00,4591.1849999999995,4628.9349999999995,4586.655,4625.835,0.0,0.0,0.0005884105305736713,19537,0.0,0.0,0.42667928098391844,2026-04-30,GOLD
2026-05-01 16:00:00,4591.1849999999995,4628.9349999999995,4586.655,4625.835,0.0,0.0,0.0005884105305736713,19537,0.0,0.0,0.42667928098391844,2026-05-01,GOLD
2026-05-01 16:00:00,4591.1849999999995,4628.9349999999995,4586.655,4625.835,0.0,0.0,0.0005884105305736713,19537,0.0,0.0,0.42667928098391844,2026-04-29,GOLD
2026-05-01 17:00:00,4625.945,4660.385,4625.945,4632.28,0.0,0.0,0.0007258444259866597,26149,0.0,0.0,-0.31605691056910734,2026-04-30,GOLD
2026-05-01 17:00:00,4625.945,4660.385,4625.945,4632.28,0.0,0.0,0.0007258444259866597,26149,0.0,0.0,-0.31605691056910734,2026-05-01,GOLD
2026-05-01 17:00:00,4625.945,4660.385,4625.945,4632.28,0.0,0.0,0.0007258444259866597,26149,0.0,0.0,-0.31605691056910734,2026-04-29,GOLD
2026-05-01 18:00:00,4632.245,4648.195,4619.16,4643.38,0.0,0.0,0.0005682537649172342,17376,0.0,0.0,0.3341656621319227,2026-04-30,GOLD
2026-05-01 18:00:00,4632.245,4648.195,4619.16,4643.38,0.0,0.0,0.0005682537649172342,17376,0.0,0.0,0.3341656621319227,2026-05-01,GOLD
2026-05-01 18:00:00,4632.245,4648.195,4619.16,4643.38,0.0,0.0,0.0005682537649172342,17376,0.0,0.0,0.3341656621319227,2026-04-29,GOLD
2026-05-01 19:00:00,4643.3150000000005,4650.23,4633.985000000001,4638.955,0.0,0.0,0.00047926463839074817,16773,0.0,0.0,-0.19405971068023042,2026-04-29,GOLD
2026-05-01 19:00:00,4643.3150000000005,4650.23,4633.985000000001,4638.955,0.0,0.0,0.00047926463839074817,16773,0.0,0.0,-0.19405971068023042,2026-05-01,GOLD
2026-05-01 19:00:00,4643.3150000000005,4650.23,4633.985000000001,4638.955,0.0,0.0,0.00047926463839074817,16773,0.0,0.0,-0.19405971068023042,2026-04-30,GOLD
2026-05-01 20:00:00,4638.985000000001,4642.805,4626.93,4629.610000000001,0.0,0.0,0.0003919818341841526,13998,0.0,0.0,-0.3311811023621864,2026-05-01,GOLD
2026-05-01 20:00:00,4638.985000000001,4642.805,4626.93,4629.610000000001,0.0,0.0,0.0003919818341841526,13998,0.0,0.0,-0.3311811023621864,2026-04-30,GOLD
2026-05-01 20:00:00,4638.985000000001,4642.805,4626.93,4629.610000000001,0.0,0.0,0.0003919818341841526,13998,0.0,0.0,-0.3311811023621864,2026-04-29,GOLD
2026-05-01 21:00:00,4629.605,4630.805,4613.835,4624.405,0.0,0.0,0.0003391234518754785,17315,0.0,0.0,0.12286387743076047,2026-04-29,GOLD
2026-05-01 21:00:00,4629.605,4630.805,4613.835,4624.405,0.0,0.0,0.0003391234518754785,17315,0.0,0.0,0.12286387743076047,2026-04-30,GOLD
2026-05-01 21:00:00,4629.605,4630.805,4613.835,4624.405,0.0,0.0,0.0003391234518754785,17315,0.0,0.0,0.12286387743076047,2026-05-01,GOLD
2026-05-01 22:00:00,4624.41,4627.57,4620.57,4626.719999999999,0.0,0.0,0.0002882037193027474,4417,0.0,0.0,0.3785714285713766,2026-04-29,GOLD
2026-05-01 22:00:00,4624.41,4627.8099999999995,4608.955,4610.82,0.0,0.0,0.0003148541926153,15709,0.0,0.0,-0.4010872447626717,2026-04-30,GOLD
2026-05-01 22:00:00,4624.41,4627.8099999999995,4608.955,4610.82,0.0,0.0,0.0003148541926153,15709,0.0,0.0,-0.4010872447626717,2026-05-01,GOLD
2026-05-01 23:00:00,4610.87,4617.145,4607.09,4613.785,0.0,0.0,0.00033582769060534594,9846,0.0,0.0,0.16583789159617257,2026-04-30,GOLD
2026-05-01 23:00:00,4610.87,4617.145,4607.09,4613.785,0.0,0.0,0.00033582769060534594,9846,0.0,0.0,0.16583789159617257,2026-05-01,GOLD
2026-05-04 01:00:00,4633.005,4637.91,4612.68,4618.995,0.0,0.0,0.0006695556611245305,11141,0.0,0.0,-0.24970273483948835,2026-05-03,GOLD
2026-05-04 01:00:00,4633.005,4637.91,4612.68,4618.995,0.0,0.0,0.0006695556611245305,11141,0.0,0.0,-0.24970273483948835,2026-05-02,GOLD
2026-05-04 01:00:00,4633.005,4637.91,4612.68,4618.995,0.0,0.0,0.0006694955725527075,11141,0.0,0.0,-0.24970273483948835,2026-05-01,GOLD
2026-05-04 01:00:00,4633.005,4637.91,4612.68,4618.995,0.0,0.0,0.0006694955725527075,11141,0.0,0.0,-0.24970273483948835,2026-04-30,GOLD
2026-05-04 02:00:00,4618.955,4620.965,4611.385,4613.995,0.0,0.0,0.0004364460028433931,11067,0.0,0.0,-0.22755741127351853,2026-05-01,GOLD
2026-05-04 02:00:00,4618.955,4620.965,4611.385,4613.995,0.0,0.0,0.0004364460028433931,11067,0.0,0.0,-0.22755741127351853,2026-05-02,GOLD
2026-05-04 02:00:00,4618.955,4620.965,4611.385,4613.995,0.0,0.0,0.0004364460028433931,11067,0.0,0.0,-0.22755741127351853,2026-05-03,GOLD
2026-05-04 02:00:00,4618.955,4620.965,4611.385,4613.995,0.0,0.0,0.0004364460028433931,11067,0.0,0.0,-0.22755741127351853,2026-04-30,GOLD
2026-05-04 03:00:00,4613.965,4616.719999999999,4601.6849999999995,4613.085,0.0,0.0,0.0004671847080044246,17540,0.0,0.0,0.2582307948121487,2026-04-30,GOLD
2026-05-04 03:00:00,4613.965,4616.719999999999,4601.6849999999995,4613.085,0.0,0.0,0.0004671847080044246,17540,0.0,0.0,0.2582307948121487,2026-05-03,GOLD
2026-05-04 03:00:00,4613.965,4616.719999999999,4601.6849999999995,4613.085,0.0,0.0,0.0004671847080044246,17540,0.0,0.0,0.2582307948121487,2026-05-01,GOLD
2026-05-04 03:00:00,4613.965,4616.719999999999,4601.6849999999995,4613.085,0.0,0.0,0.0004671847080044246,17540,0.0,0.0,0.2582307948121487,2026-05-02,GOLD
2026-05-04 04:00:00,4613.025,4614.135,4592.87,4613.139999999999,0.0,0.0,0.00043124261507343915,14051,0.0,0.0,0.4532094991769932,2026-05-03,GOLD
2026-05-04 04:00:00,4613.025,4614.135,4592.87,4613.139999999999,0.0,0.0,0.00043124261507343915,14051,0.0,0.0,0.4532094991769932,2026-05-01,GOLD
2026-05-04 04:00:00,4613.025,4614.135,4592.87,4613.139999999999,0.0,0.0,0.00043124261507343915,14051,0.0,0.0,0.4532094991769932,2026-05-02,GOLD
2026-05-04 04:00:00,4613.025,4614.135,4592.87,4613.139999999999,0.0,0.0,0.00043124261507343915,14051,0.0,0.0,0.4532094991769932,2026-04-30,GOLD
2026-05-04 05:00:00,4613.045,4618.635,4591.245,4606.085,0.0,0.0,0.0004957072057429499,10377,0.0,0.0,0.04180357794813849,2026-05-04,GOLD
2026-05-04 05:00:00,4613.045,4618.635,4591.245,4606.085,0.0,0.0,0.0004956693977084533,10377,0.0,0.0,0.04180357794813849,2026-05-03,GOLD
2026-05-04 05:00:00,4613.045,4618.635,4591.245,4606.085,0.0,0.0,0.0004956693977084533,10377,0.0,0.0,0.04180357794813849,2026-05-01,GOLD
2026-05-04 05:00:00,4613.045,4618.635,4591.245,4606.085,0.0,0.0,0.0004956693977084533,10377,0.0,0.0,0.04180357794813849,2026-05-02,GOLD
2026-05-04 05:00:00,4613.045,4618.635,4591.245,4606.085,0.0,0.0,0.0004956693977084533,10377,0.0,0.0,0.04180357794813849,2026-04-30,GOLD
2026-05-04 06:00:00,4605.975,4617.1900000000005,4598.595,4615.1,0.0,0.0,0.00046504357254533715,11175,0.0,0.0,0.3876041946760063,2026-05-01,GOLD
2026-05-04 06:00:00,4605.975,4617.1900000000005,4598.595,4615.1,0.0,0.0,0.00046504357254533715,11175,0.0,0.0,0.3876041946760063,2026-05-04,GOLD
2026-05-04 06:00:00,4605.975,4617.1900000000005,4598.595,4615.1,0.0,0.0,0.00046504357254533715,11175,0.0,0.0,0.3876041946760063,2026-05-03,GOLD
2026-05-04 06:00:00,4605.975,4617.1900000000005,4598.595,4615.1,0.0,0.0,0.00046504357254533715,11175,0.0,0.0,0.3876041946760063,2026-05-02,GOLD
2026-05-04 06:00:00,4605.975,4617.1900000000005,4598.595,4615.1,0.0,0.0,0.00046504357254533715,11175,0.0,0.0,0.3876041946760063,2026-04-30,GOLD
2026-05-04 07:00:00,4615.139999999999,4615.495,4605.41,4606.205,0.0,0.0,0.00037805893973414344,8790,0.0,0.0,-0.4211700545363882,2026-05-04,GOLD
2026-05-04 07:00:00,4615.139999999999,4615.495,4605.41,4606.205,0.0,0.0,0.00037805893973414344,8790,0.0,0.0,-0.4211700545363882,2026-05-02,GOLD
2026-05-04 07:00:00,4615.139999999999,4615.495,4605.41,4606.205,0.0,0.0,0.00037805893973414344,8790,0.0,0.0,-0.4211700545363882,2026-05-03,GOLD
2026-05-04 07:00:00,4615.139999999999,4615.495,4605.41,4606.205,0.0,0.0,0.00037805893973414344,8790,0.0,0.0,-0.4211700545363882,2026-05-01,GOLD
2026-05-04 07:00:00,4615.139999999999,4615.495,4605.41,4606.205,0.0,0.0,0.00037805893973414344,8790,0.0,0.0,-0.4211700545363882,2026-04-30,GOLD
2026-05-04 08:00:00,4606.235,4613.264999999999,4592.3099999999995,4599.08,0.0,0.0,0.0005074378650755727,14192,0.0,0.0,-0.17692674779286757,2026-05-04,GOLD
2026-05-04 08:00:00,4606.235,4613.264999999999,4592.3099999999995,4599.08,0.0,0.0,0.0005074378650755727,14192,0.0,0.0,-0.17692674779286757,2026-05-01,GOLD
2026-05-04 08:00:00,4606.235,4613.264999999999,4592.3099999999995,4599.08,0.0,0.0,0.0005074378650755727,14192,0.0,0.0,-0.17692674779286757,2026-04-30,GOLD
2026-05-04 08:00:00,4606.235,4613.264999999999,4592.3099999999995,4599.08,0.0,0.0,0.0005074378650755727,14192,0.0,0.0,-0.17692674779286757,2026-05-02,GOLD
2026-05-04 08:00:00,4606.235,4613.264999999999,4592.3099999999995,4599.08,0.0,0.0,0.0005074378650755727,14192,0.0,0.0,-0.17692674779286757,2026-05-03,GOLD
2026-05-04 09:00:00,4599.235,4600.8150000000005,4583.8150000000005,4588.765,0.0,0.0,0.0004812952274379339,14561,0.0,0.0,-0.2088235294117754,2026-05-03,GOLD
2026-05-04 09:00:00,4599.235,4600.8150000000005,4583.8150000000005,4588.765,0.0,0.0,0.0004812952274379339,14561,0.0,0.0,-0.2088235294117754,2026-05-01,GOLD
2026-05-04 09:00:00,4599.235,4600.8150000000005,4583.8150000000005,4588.765,0.0,0.0,0.0004812952274379339,14561,0.0,0.0,-0.2088235294117754,2026-04-30,GOLD
2026-05-04 09:00:00,4599.235,4600.8150000000005,4583.8150000000005,4588.765,0.0,0.0,0.0004812952274379339,14561,0.0,0.0,-0.2088235294117754,2026-05-02,GOLD
2026-05-04 09:00:00,4599.235,4600.8150000000005,4583.8150000000005,4588.765,0.0,0.0,0.0004812952274379339,14561,0.0,0.0,-0.2088235294117754,2026-05-04,GOLD
2026-05-04 10:00:00,4588.71,4593.485,4578.175,4579.115,0.0,0.0,0.0004060213573461888,15031,0.0,0.0,-0.43860222077076216,2026-05-03,GOLD
2026-05-04 10:00:00,4588.71,4593.485,4578.175,4579.115,0.0,0.0,0.0004060213573461888,15031,0.0,0.0,-0.43860222077076216,2026-05-02,GOLD
2026-05-04 10:00:00,4588.71,4593.485,4578.175,4579.115,0.0,0.0,0.0004060213573461888,15031,0.0,0.0,-0.43860222077076216,2026-05-04,GOLD
2026-05-04 10:00:00,4588.71,4593.485,4578.175,4579.115,0.0,0.0,0.0004060213573461888,15031,0.0,0.0,-0.43860222077076216,2026-04-30,GOLD
2026-05-04 10:00:00,4588.71,4593.485,4578.175,4579.115,0.0,0.0,0.0004060213573461888,15031,0.0,0.0,-0.43860222077076216,2026-05-01,GOLD
2026-05-04 11:00:00,4579.045,4581.54,4573.915,4577.105,0.0,0.0,0.00037077939460203405,14610,0.0,0.0,-0.08163934426234756,2026-05-01,GOLD
2026-05-04 11:00:00,4579.045,4581.54,4573.915,4577.105,0.0,0.0,0.00037077939460203405,14610,0.0,0.0,-0.08163934426234756,2026-05-02,GOLD
2026-05-04 11:00:00,4579.045,4581.54,4573.915,4577.105,0.0,0.0,0.00037077939460203405,14610,0.0,0.0,-0.08163934426234756,2026-04-30,GOLD
2026-05-04 11:00:00,4579.045,4581.54,4573.915,4577.105,0.0,0.0,0.00037077939460203405,14610,0.0,0.0,-0.08163934426234756,2026-05-04,GOLD
2026-05-04 11:00:00,4579.045,4581.54,4573.915,4577.105,0.0,0.0,0.00037077939460203405,14610,0.0,0.0,-0.08163934426234756,2026-05-03,GOLD
2026-05-04 12:00:00,4577.02,4584.585,4572.459999999999,4575.535,0.0,0.0,0.00029690955473100705,10673,0.0,0.0,-0.2463917525772411,2026-05-02,GOLD
2026-05-04 12:00:00,4577.02,4584.585,4572.459999999999,4575.535,0.0,0.0,0.00029690955473100705,10673,0.0,0.0,-0.2463917525772411,2026-04-30,GOLD
2026-05-04 12:00:00,4577.02,4584.585,4572.459999999999,4575.535,0.0,0.0,0.00029690955473100705,10673,0.0,0.0,-0.2463917525772411,2026-05-03,GOLD
2026-05-04 12:00:00,4577.02,4584.585,4572.459999999999,4575.535,0.0,0.0,0.00029690955473100705,10673,0.0,0.0,-0.2463917525772411,2026-05-01,GOLD
2026-05-04 12:00:00,4577.02,4584.585,4572.459999999999,4575.535,0.0,0.0,0.00029690955473100705,10673,0.0,0.0,-0.2463917525772411,2026-05-04,GOLD
2026-05-04 13:00:00,4575.5,4575.955,4526.11,4562.665,0.0,0.0,0.0007522881168030237,25130,0.0,0.0,0.2333734577189399,2026-05-03,GOLD
2026-05-04 13:00:00,4575.5,4575.955,4526.11,4562.665,0.0,0.0,0.0007522881168030237,25130,0.0,0.0,0.2333734577189399,2026-05-04,GOLD
2026-05-04 13:00:00,4575.5,4575.955,4526.11,4562.665,0.0,0.0,0.0007522881168030237,25130,0.0,0.0,0.2333734577189399,2026-04-30,GOLD
2026-05-04 13:00:00,4575.5,4575.955,4526.11,4562.665,0.0,0.0,0.0007522881168030237,25130,0.0,0.0,0.2333734577189399,2026-05-02,GOLD
2026-05-04 13:00:00,4575.5,4575.955,4526.11,4562.665,0.0,0.0,0.0007522881168030237,25130,0.0,0.0,0.2333734577189399,2026-05-01,GOLD
2026-05-04 14:00:00,4562.845,4570.85,4551.615,4560.49,0.0,0.0,0.0005190775096636077,17954,0.0,0.0,-0.038601507668326936,2026-05-01,GOLD
2026-05-04 14:00:00,4562.845,4570.85,4551.615,4560.49,0.0,0.0,0.0005190775096636077,17954,0.0,0.0,-0.038601507668326936,2026-04-30,GOLD
2026-05-04 14:00:00,4562.845,4570.85,4551.615,4560.49,0.0,0.0,0.0005190775096636077,17954,0.0,0.0,-0.038601507668326936,2026-05-02,GOLD
2026-05-04 14:00:00,4562.845,4570.85,4551.615,4560.49,0.0,0.0,0.0005190775096636077,17954,0.0,0.0,-0.038601507668326936,2026-05-04,GOLD
2026-05-04 14:00:00,4562.845,4570.85,4551.615,4560.49,0.0,0.0,0.0005190775096636077,17954,0.0,0.0,-0.038601507668326936,2026-05-03,GOLD
2026-05-04 15:00:00,4560.469999999999,4579.395,4559.370000000001,4568.455,0.0,0.0,0.0004949438296815042,18131,0.0,0.0,-0.04631710362050977,2026-05-01,GOLD
2026-05-04 15:00:00,4560.469999999999,4579.395,4559.370000000001,4568.455,0.0,0.0,0.0004949438296815042,18131,0.0,0.0,-0.04631710362050977,2026-04-30,GOLD
2026-05-04 15:00:00,4560.469999999999,4579.395,4559.370000000001,4568.455,0.0,0.0,0.0004949438296815042,18131,0.0,0.0,-0.04631710362050977,2026-05-02,GOLD
2026-05-04 15:00:00,4560.469999999999,4579.395,4559.370000000001,4568.455,0.0,0.0,0.0004949438296815042,18131,0.0,0.0,-0.04631710362050977,2026-05-04,GOLD
2026-05-04 15:00:00,4560.469999999999,4579.395,4559.370000000001,4568.455,0.0,0.0,0.0004949438296815042,18131,0.0,0.0,-0.04631710362050977,2026-05-03,GOLD
2026-05-04 16:00:00,4568.4349999999995,4575.6900000000005,4555.775,4564.145,0.0,0.0,0.0006724944370142171,23073,0.0,0.0,-0.07971378358019415,2026-05-02,GOLD
2026-05-04 16:00:00,4568.4349999999995,4575.6900000000005,4555.775,4564.145,0.0,0.0,0.0006724944370142171,23073,0.0,0.0,-0.07971378358019415,2026-04-30,GOLD
2026-05-04 16:00:00,4568.4349999999995,4575.6900000000005,4555.775,4564.145,0.0,0.0,0.0006724944370142171,23073,0.0,0.0,-0.07971378358019415,2026-05-04,GOLD
2026-05-04 16:00:00,4568.4349999999995,4575.6900000000005,4555.775,4564.145,0.0,0.0,0.0006724944370142171,23073,0.0,0.0,-0.07971378358019415,2026-05-03,GOLD
2026-05-04 16:00:00,4568.4349999999995,4575.6900000000005,4555.775,4564.145,0.0,0.0,0.0006724944370142171,23073,0.0,0.0,-0.07971378358019415,2026-05-01,GOLD
2026-05-04 17:00:00,4564.155000000001,4583.305,4553.6900000000005,4561.755,0.0,0.0,0.000644683313277524,21280,0.0,0.0,-0.22767178794530948,2026-05-01,GOLD
2026-05-04 17:00:00,4564.155000000001,4583.305,4553.6900000000005,4561.755,0.0,0.0,0.000644683313277524,21280,0.0,0.0,-0.22767178794530948,2026-05-03,GOLD
2026-05-04 17:00:00,4564.155000000001,4583.305,4553.6900000000005,4561.755,0.0,0.0,0.000644683313277524,21280,0.0,0.0,-0.22767178794530948,2026-04-30,GOLD
2026-05-04 17:00:00,4564.155000000001,4583.305,4553.6900000000005,4561.755,0.0,0.0,0.000644683313277524,21280,0.0,0.0,-0.22767178794530948,2026-05-04,GOLD
2026-05-04 17:00:00,4564.155000000001,4583.305,4553.6900000000005,4561.755,0.0,0.0,0.000644683313277524,21280,0.0,0.0,-0.22767178794530948,2026-05-02,GOLD
2026-05-04 18:00:00,4561.764999999999,4566.125,4512.405000000001,4521.665,0.0,0.0,0.0009468203733479897,26632,0.0,0.0,-0.32762472077439647,2026-05-04,GOLD
2026-05-04 18:00:00,4561.764999999999,4566.125,4512.405000000001,4521.665,0.0,0.0,0.0009468203733479897,26632,0.0,0.0,-0.32762472077439647,2026-04-30,GOLD
2026-05-04 18:00:00,4561.764999999999,4566.125,4512.405000000001,4521.665,0.0,0.0,0.0009468203733479897,26632,0.0,0.0,-0.32762472077439647,2026-05-02,GOLD
2026-05-04 18:00:00,4561.764999999999,4566.125,4512.405000000001,4521.665,0.0,0.0,0.0009468203733479897,26632,0.0,0.0,-0.32762472077439647,2026-05-01,GOLD
2026-05-04 18:00:00,4561.764999999999,4566.125,4512.405000000001,4521.665,0.0,0.0,0.0009468203733479897,26632,0.0,0.0,-0.32762472077439647,2026-05-03,GOLD
2026-05-04 19:00:00,4521.459999999999,4527.055,4500.795,4510.785,0.0,0.0,0.000813833014274285,24490,0.0,0.0,-0.11957349581113105,2026-05-01,GOLD
2026-05-04 19:00:00,4521.459999999999,4527.055,4500.795,4510.785,0.0,0.0,0.000813833014274285,24490,0.0,0.0,-0.11957349581113105,2026-04-30,GOLD
2026-05-04 19:00:00,4521.459999999999,4527.055,4500.795,4510.785,0.0,0.0,0.000813833014274285,24490,0.0,0.0,-0.11957349581113105,2026-05-02,GOLD
2026-05-04 19:00:00,4521.459999999999,4527.055,4500.795,4510.785,0.0,0.0,0.000813833014274285,24490,0.0,0.0,-0.11957349581113105,2026-05-04,GOLD
2026-05-04 19:00:00,4521.459999999999,4527.055,4500.795,4510.785,0.0,0.0,0.000813833014274285,24490,0.0,0.0,-0.11957349581113105,2026-05-03,GOLD
2026-05-04 20:00:00,4510.755,4531.715,4510.755,4522.515,0.0,0.0,0.0005257586922465322,16072,0.0,0.0,0.06106870229006408,2026-05-02,GOLD
2026-05-04 20:00:00,4510.755,4531.715,4510.755,4522.515,0.0,0.0,0.0005257586922465322,16072,0.0,0.0,0.06106870229006408,2026-05-03,GOLD
2026-05-04 20:00:00,4510.755,4531.715,4510.755,4522.515,0.0,0.0,0.0005257586922465322,16072,0.0,0.0,0.06106870229006408,2026-05-01,GOLD
2026-05-04 20:00:00,4510.755,4531.715,4510.755,4522.515,0.0,0.0,0.0005257586922465322,16072,0.0,0.0,0.06106870229006408,2026-04-30,GOLD
2026-05-04 20:00:00,4510.755,4531.715,4510.755,4522.515,0.0,0.0,0.0005257586922465322,16072,0.0,0.0,0.06106870229006408,2026-05-04,GOLD
2026-05-04 21:00:00,4522.52,4525.39,4509.91,4516.485,0.0,0.0,0.0003939343220254094,12429,0.0,0.0,-0.07525839793281189,2026-05-04,GOLD
2026-05-04 21:00:00,4522.52,4525.39,4509.91,4516.485,0.0,0.0,0.0003939343220254094,12429,0.0,0.0,-0.07525839793281189,2026-05-03,GOLD
2026-05-04 21:00:00,4522.52,4525.39,4509.91,4516.485,0.0,0.0,0.0003939343220254094,12429,0.0,0.0,-0.07525839793281189,2026-05-02,GOLD
2026-05-04 21:00:00,4522.52,4525.39,4509.91,4516.485,0.0,0.0,0.0003939343220254094,12429,0.0,0.0,-0.07525839793281189,2026-05-01,GOLD
2026-05-04 21:00:00,4522.52,4525.39,4509.91,4516.485,0.0,0.0,0.0003939343220254094,12429,0.0,0.0,-0.07525839793281189,2026-04-30,GOLD
2026-05-04 22:00:00,4516.44,4527.29,4511.445,4517.85,0.0,0.0,0.00046629399997913536,12329,0.0,0.0,-0.09577153676237948,2026-05-04,GOLD
2026-05-04 22:00:00,4516.44,4527.29,4511.445,4517.85,0.0,0.0,0.00046629399997913536,12329,0.0,0.0,-0.09577153676237948,2026-05-03,GOLD
2026-05-04 22:00:00,4516.44,4527.29,4511.445,4517.85,0.0,0.0,0.00046629399997913536,12329,0.0,0.0,-0.09577153676237948,2026-04-30,GOLD
2026-05-04 22:00:00,4516.44,4527.29,4511.445,4517.85,0.0,0.0,0.00046629399997913536,12329,0.0,0.0,-0.09577153676237948,2026-05-02,GOLD
2026-05-04 22:00:00,4516.44,4527.29,4511.445,4517.85,0.0,0.0,0.00046629399997913536,12329,0.0,0.0,-0.09577153676237948,2026-05-01,GOLD
2026-05-04 23:00:00,4517.879999999999,4524.01,4511.84,4523.87,0.0,0.0,0.00037386191566786387,4039,0.0,0.0,0.48849630238288194,2026-05-03,GOLD
2026-05-04 23:00:00,4517.879999999999,4522.58,4511.84,4521.92,0.0,0.0,0.00037444302455808025,3911,0.0,0.0,0.43854748603353183,2026-04-30,GOLD
2026-05-04 23:00:00,4517.879999999999,4524.01,4511.84,4523.87,0.0,0.0,0.00037386191566786387,4039,0.0,0.0,0.48849630238288194,2026-05-02,GOLD
2026-05-04 23:00:00,4517.879999999999,4524.01,4511.84,4523.87,0.0,0.0,0.00037386191566786387,4039,0.0,0.0,0.48849630238288194,2026-05-04,GOLD
2026-05-04 23:00:00,4517.879999999999,4524.01,4511.84,4523.87,0.0,0.0,0.00037386191566786387,4039,0.0,0.0,0.48849630238288194,2026-05-01,GOLD
2026-05-05 01:00:00,4523.945,4525.764999999999,4515.73,4517.64,0.0,0.0,0.0005146550584386455,3687,0.0,0.0,-0.3096661684104841,2026-05-03,GOLD
2026-05-05 01:00:00,4523.945,4525.764999999999,4515.73,4517.64,0.0,0.0,0.0005146550584386455,3687,0.0,0.0,-0.3096661684104841,2026-05-04,GOLD
2026-05-05 01:00:00,4523.945,4525.764999999999,4515.73,4517.64,0.0,0.0,0.0005146550584386455,3687,0.0,0.0,-0.3096661684104841,2026-05-01,GOLD
2026-05-05 01:00:00,4523.945,4525.764999999999,4515.73,4517.64,0.0,0.0,0.0005146550584386455,3687,0.0,0.0,-0.3096661684104841,2026-05-02,GOLD
2026-05-05 02:00:00,4517.585,4521.76,4516.33,4519.085,0.0,0.0,0.0003493761825294328,3786,0.0,0.0,0.007366482504596957,2026-05-03,GOLD
2026-05-05 02:00:00,4517.585,4521.76,4516.33,4519.085,0.0,0.0,0.0003493761825294328,3786,0.0,0.0,0.007366482504596957,2026-05-02,GOLD
2026-05-05 02:00:00,4517.585,4521.76,4516.33,4519.085,0.0,0.0,0.0003493761825294328,3786,0.0,0.0,0.007366482504596957,2026-05-04,GOLD
2026-05-05 02:00:00,4517.585,4521.76,4516.33,4519.085,0.0,0.0,0.0003493761825294328,3786,0.0,0.0,0.007366482504596957,2026-05-01,GOLD
2026-05-05 03:00:00,4519.145,4530.375,4513.675,4530.015,0.0,0.0,0.000447661419225091,9925,0.0,0.0,0.4784431137725017,2026-05-04,GOLD
2026-05-05 03:00:00,4519.145,4530.375,4513.675,4530.015,0.0,0.0,0.000447661419225091,9925,0.0,0.0,0.4784431137725017,2026-05-01,GOLD
2026-05-05 03:00:00,4519.145,4530.375,4513.675,4530.015,0.0,0.0,0.000447661419225091,9925,0.0,0.0,0.4784431137725017,2026-05-02,GOLD
2026-05-05 03:00:00,4519.145,4530.375,4513.675,4530.015,0.0,0.0,0.000447661419225091,9925,0.0,0.0,0.4784431137725017,2026-05-03,GOLD
2026-05-05 04:00:00,4529.785,4542.19,4525.62,4541.15,0.0,0.0,0.00040294446010390736,12935,0.0,0.0,0.4372359686179854,2026-05-02,GOLD
2026-05-05 04:00:00,4529.785,4542.19,4525.62,4541.15,0.0,0.0,0.00040294446010390736,12935,0.0,0.0,0.4372359686179854,2026-05-01,GOLD
2026-05-05 04:00:00,4529.785,4542.19,4525.62,4541.15,0.0,0.0,0.00040294446010390736,12935,0.0,0.0,0.4372359686179854,2026-05-03,GOLD
2026-05-05 04:00:00,4529.785,4542.19,4525.62,4541.15,0.0,0.0,0.00040294446010390736,12935,0.0,0.0,0.4372359686179854,2026-05-04,GOLD
2026-05-05 05:00:00,4541.139999999999,4546.95,4534.615,4539.285,0.0,0.0,0.00036688773012110424,7458,0.0,0.0,-0.12140251317385377,2026-05-04,GOLD
2026-05-05 05:00:00,4541.139999999999,4546.95,4534.615,4539.285,0.0,0.0,0.00036692714208696043,7458,0.0,0.0,-0.12140251317385377,2026-05-05,GOLD
2026-05-05 05:00:00,4541.139999999999,4546.95,4534.615,4539.285,0.0,0.0,0.00036688773012110424,7458,0.0,0.0,-0.12140251317385377,2026-05-01,GOLD
2026-05-05 05:00:00,4541.139999999999,4546.95,4534.615,4539.285,0.0,0.0,0.00036688773012110424,7458,0.0,0.0,-0.12140251317385377,2026-05-03,GOLD
2026-05-05 05:00:00,4541.139999999999,4546.95,4534.615,4539.285,0.0,0.0,0.00036688773012110424,7458,0.0,0.0,-0.12140251317385377,2026-05-02,GOLD
2026-05-05 06:00:00,4539.18,4542.745,4532.370000000001,4534.755,0.0,0.0,0.0003346433382394465,5748,0.0,0.0,-0.27012048192780114,2026-05-02,GOLD
2026-05-05 06:00:00,4539.18,4542.745,4532.370000000001,4534.755,0.0,0.0,0.0003346433382394465,5748,0.0,0.0,-0.27012048192780114,2026-05-04,GOLD
2026-05-05 06:00:00,4539.18,4542.745,4532.370000000001,4534.755,0.0,0.0,0.0003346433382394465,5748,0.0,0.0,-0.27012048192780114,2026-05-03,GOLD
2026-05-05 06:00:00,4539.18,4542.745,4532.370000000001,4534.755,0.0,0.0,0.0003346433382394465,5748,0.0,0.0,-0.27012048192780114,2026-05-01,GOLD
2026-05-05 06:00:00,4539.18,4542.745,4532.370000000001,4534.755,0.0,0.0,0.0003346433382394465,5748,0.0,0.0,-0.27012048192780114,2026-05-05,GOLD
2026-05-05 07:00:00,4534.715,4536.555,4528.095,4533.62,0.0,0.0,0.0003462389107954042,5832,0.0,0.0,0.1530732860519099,2026-05-05,GOLD
2026-05-05 07:00:00,4534.715,4536.555,4528.095,4533.62,0.0,0.0,0.0003462389107954042,5832,0.0,0.0,0.1530732860519099,2026-05-03,GOLD
2026-05-05 07:00:00,4534.715,4536.555,4528.095,4533.62,0.0,0.0,0.0003462389107954042,5832,0.0,0.0,0.1530732860519099,2026-05-04,GOLD
2026-05-05 07:00:00,4534.715,4536.555,4528.095,4533.62,0.0,0.0,0.0003462389107954042,5832,0.0,0.0,0.1530732860519099,2026-05-02,GOLD
2026-05-05 07:00:00,4534.715,4536.555,4528.095,4533.62,0.0,0.0,0.0003462389107954042,5832,0.0,0.0,0.1530732860519099,2026-05-01,GOLD
2026-05-05 08:00:00,4533.54,4551.68,4531.38,4545.775,0.0,0.0,0.00043334997328316606,10620,0.0,0.0,0.20911330049255877,2026-05-04,GOLD
2026-05-05 08:00:00,4533.54,4551.68,4531.38,4545.775,0.0,0.0,0.00043334997328316606,10620,0.0,0.0,0.20911330049255877,2026-05-01,GOLD
2026-05-05 08:00:00,4533.54,4551.68,4531.38,4545.775,0.0,0.0,0.00043334997328316606,10620,0.0,0.0,0.20911330049255877,2026-05-02,GOLD
2026-05-05 08:00:00,4533.54,4551.68,4531.38,4545.775,0.0,0.0,0.00043334997328316606,10620,0.0,0.0,0.20911330049255877,2026-05-03,GOLD
2026-05-05 08:00:00,4533.54,4551.68,4531.38,4545.775,0.0,0.0,0.00043334997328316606,10620,0.0,0.0,0.20911330049255877,2026-05-05,GOLD
2026-05-05 09:00:00,4545.825000000001,4552.165,4533.805,4548.09,0.0,0.0,0.00043515318303953625,12051,0.0,0.0,0.27805010893244303,2026-05-02,GOLD
2026-05-05 09:00:00,4545.825000000001,4552.165,4533.805,4548.09,0.0,0.0,0.00043515318303953625,12051,0.0,0.0,0.27805010893244303,2026-05-05,GOLD
2026-05-05 09:00:00,4545.825000000001,4552.165,4533.805,4548.09,0.0,0.0,0.00043515318303953625,12051,0.0,0.0,0.27805010893244303,2026-05-03,GOLD
2026-05-05 09:00:00,4545.825000000001,4552.165,4533.805,4548.09,0.0,0.0,0.00043515318303953625,12051,0.0,0.0,0.27805010893244303,2026-05-04,GOLD
2026-05-05 09:00:00,4545.825000000001,4552.165,4533.805,4548.09,0.0,0.0,0.00043515318303953625,12051,0.0,0.0,0.27805010893244303,2026-05-01,GOLD
2026-05-05 10:00:00,4548.02,4558.505,4543.41,4545.620000000001,0.0,0.0,0.00040034645384980246,11074,0.0,0.0,-0.3535939052666145,2026-05-05,GOLD
2026-05-05 10:00:00,4548.02,4558.505,4543.41,4545.620000000001,0.0,0.0,0.00040034645384980246,11074,0.0,0.0,-0.3535939052666145,2026-05-03,GOLD
2026-05-05 10:00:00,4548.02,4558.505,4543.41,4545.620000000001,0.0,0.0,0.00040034645384980246,11074,0.0,0.0,-0.3535939052666145,2026-05-02,GOLD
2026-05-05 10:00:00,4548.02,4558.505,4543.41,4545.620000000001,0.0,0.0,0.00040034645384980246,11074,0.0,0.0,-0.3535939052666145,2026-05-04,GOLD
2026-05-05 10:00:00,4548.02,4558.505,4543.41,4545.620000000001,0.0,0.0,0.00040034645384980246,11074,0.0,0.0,-0.3535939052666145,2026-05-01,GOLD
2026-05-05 11:00:00,4545.65,4559.735000000001,4545.52,4558.5650000000005,0.0,0.0,0.0003974222157911256,10117,0.0,0.0,0.4176925782623946,2026-05-03,GOLD
2026-05-05 11:00:00,4545.65,4559.735000000001,4545.52,4558.5650000000005,0.0,0.0,0.0003974222157911256,10117,0.0,0.0,0.4176925782623946,2026-05-05,GOLD
2026-05-05 11:00:00,4545.65,4559.735000000001,4545.52,4558.5650000000005,0.0,0.0,0.0003974222157911256,10117,0.0,0.0,0.4176925782623946,2026-05-04,GOLD
2026-05-05 11:00:00,4545.65,4559.735000000001,4545.52,4558.5650000000005,0.0,0.0,0.0003974222157911256,10117,0.0,0.0,0.4176925782623946,2026-05-02,GOLD
2026-05-05 11:00:00,4545.65,4559.735000000001,4545.52,4558.5650000000005,0.0,0.0,0.0003974222157911256,10117,0.0,0.0,0.4176925782623946,2026-05-01,GOLD
2026-05-05 12:00:00,4558.805,4560.57,4551.225,4556.360000000001,0.0,0.0,0.0004061666586541791,9039,0.0,0.0,0.049491706795139444,2026-05-02,GOLD
2026-05-05 12:00:00,4558.805,4560.57,4551.225,4556.360000000001,0.0,0.0,0.0004061666586541791,9039,0.0,0.0,0.049491706795139444,2026-05-04,GOLD
2026-05-05 12:00:00,4558.805,4560.57,4551.225,4556.360000000001,0.0,0.0,0.0004061666586541791,9039,0.0,0.0,0.049491706795139444,2026-05-03,GOLD
2026-05-05 12:00:00,4558.805,4560.57,4551.225,4556.360000000001,0.0,0.0,0.0004061666586541791,9039,0.0,0.0,0.049491706795139444,2026-05-05,GOLD
2026-05-05 12:00:00,4558.805,4560.57,4551.225,4556.360000000001,0.0,0.0,0.0004061666586541791,9039,0.0,0.0,0.049491706795139444,2026-05-01,GOLD
2026-05-05 13:00:00,4556.389999999999,4556.93,4540.299999999999,4543.75,0.0,0.0,0.0003583233038891979,8180,0.0,0.0,-0.2925435959109732,2026-05-03,GOLD
2026-05-05 13:00:00,4556.389999999999,4556.93,4540.299999999999,4543.75,0.0,0.0,0.0003583233038891979,8180,0.0,0.0,-0.2925435959109732,2026-05-05,GOLD
2026-05-05 13:00:00,4556.389999999999,4556.93,4540.299999999999,4543.75,0.0,0.0,0.0003583233038891979,8180,0.0,0.0,-0.2925435959109732,2026-05-02,GOLD
2026-05-05 13:00:00,4556.389999999999,4556.93,4540.299999999999,4543.75,0.0,0.0,0.0003583233038891979,8180,0.0,0.0,-0.2925435959109732,2026-05-04,GOLD
2026-05-05 13:00:00,4556.389999999999,4556.93,4540.299999999999,4543.75,0.0,0.0,0.0003583233038891979,8180,0.0,0.0,-0.2925435959109732,2026-05-01,GOLD
2026-05-05 14:00:00,4543.780000000001,4565.02,4540.0599999999995,4562.955,0.0,0.0,0.0003637793238471,12835,0.0,0.0,0.41726762820511093,2026-05-02,GOLD
2026-05-05 14:00:00,4543.780000000001,4565.02,4540.0599999999995,4562.955,0.0,0.0,0.0003637793238471,12835,0.0,0.0,0.41726762820511093,2026-05-04,GOLD
2026-05-05 14:00:00,4543.780000000001,4565.02,4540.0599999999995,4562.955,0.0,0.0,0.0003637793238471,12835,0.0,0.0,0.41726762820511093,2026-05-03,GOLD
2026-05-05 14:00:00,4543.780000000001,4565.02,4540.0599999999995,4562.955,0.0,0.0,0.0003637793238471,12835,0.0,0.0,0.41726762820511093,2026-05-05,GOLD
2026-05-05 14:00:00,4543.780000000001,4565.02,4540.0599999999995,4562.955,0.0,0.0,0.0003637793238471,12835,0.0,0.0,0.41726762820511093,2026-05-01,GOLD
2026-05-05 15:00:00,4562.96,4574.655000000001,4554.25,4564.695,0.0,0.0,0.00046553836887763947,15455,0.0,0.0,0.011884342072990628,2026-05-03,GOLD
2026-05-05 15:00:00,4562.96,4574.655000000001,4554.25,4564.695,0.0,0.0,0.00046553836887763947,15455,0.0,0.0,0.011884342072990628,2026-05-01,GOLD
2026-05-05 15:00:00,4562.96,4574.655000000001,4554.25,4564.695,0.0,0.0,0.00046553836887763947,15455,0.0,0.0,0.011884342072990628,2026-05-04,GOLD
2026-05-05 15:00:00,4562.96,4574.655000000001,4554.25,4564.695,0.0,0.0,0.00046553836887763947,15455,0.0,0.0,0.011884342072990628,2026-05-05,GOLD
2026-05-05 15:00:00,4562.96,4574.655000000001,4554.25,4564.695,0.0,0.0,0.00046553836887763947,15455,0.0,0.0,0.011884342072990628,2026-05-02,GOLD
2026-05-05 16:00:00,4564.424999999999,4585.125,4564.415,4579.424999999999,0.0,0.0,0.0004752712298169062,18416,0.0,0.0,0.22477064220177825,2026-05-01,GOLD
2026-05-05 16:00:00,4564.424999999999,4585.125,4564.415,4579.424999999999,0.0,0.0,0.0004752712298169062,18416,0.0,0.0,0.22477064220177825,2026-05-04,GOLD
2026-05-05 16:00:00,4564.424999999999,4585.125,4564.415,4579.424999999999,0.0,0.0,0.0004752712298169062,18416,0.0,0.0,0.22477064220177825,2026-05-05,GOLD
2026-05-05 16:00:00,4564.424999999999,4585.125,4564.415,4579.424999999999,0.0,0.0,0.0004752712298169062,18416,0.0,0.0,0.22477064220177825,2026-05-02,GOLD
2026-05-05 16:00:00,4564.424999999999,4585.125,4564.415,4579.424999999999,0.0,0.0,0.0004752712298169062,18416,0.0,0.0,0.22477064220177825,2026-05-03,GOLD
2026-05-05 17:00:00,4581.985000000001,4586.700000000001,4565.955,4582.525,0.0,0.0,0.0005134558385089569,21128,0.0,0.0,0.29874668594837644,2026-05-02,GOLD
2026-05-05 17:00:00,4581.985000000001,4586.700000000001,4565.955,4582.525,0.0,0.0,0.0005134558385089569,21128,0.0,0.0,0.29874668594837644,2026-05-04,GOLD
2026-05-05 17:00:00,4581.985000000001,4586.700000000001,4565.955,4582.525,0.0,0.0,0.0005134558385089569,21128,0.0,0.0,0.29874668594837644,2026-05-01,GOLD
2026-05-05 17:00:00,4581.985000000001,4586.700000000001,4565.955,4582.525,0.0,0.0,0.0005134558385089569,21128,0.0,0.0,0.29874668594837644,2026-05-05,GOLD
2026-05-05 17:00:00,4581.985000000001,4586.700000000001,4565.955,4582.525,0.0,0.0,0.0005134558385089569,21128,0.0,0.0,0.29874668594837644,2026-05-03,GOLD
2026-05-05 18:00:00,4582.54,4583.9349999999995,4568.485000000001,4568.605,0.0,0.0,0.000372501846018529,12472,0.0,0.0,-0.49223300970880324,2026-05-05,GOLD
2026-05-05 18:00:00,4582.54,4583.9349999999995,4568.485000000001,4568.605,0.0,0.0,0.000372501846018529,12472,0.0,0.0,-0.49223300970880324,2026-05-04,GOLD
2026-05-05 18:00:00,4582.54,4583.9349999999995,4568.485000000001,4568.605,0.0,0.0,0.000372501846018529,12472,0.0,0.0,-0.49223300970880324,2026-05-01,GOLD
2026-05-05 18:00:00,4582.54,4583.9349999999995,4568.485000000001,4568.605,0.0,0.0,0.000372501846018529,12472,0.0,0.0,-0.49223300970880324,2026-05-02,GOLD
2026-05-05 18:00:00,4582.54,4583.9349999999995,4568.485000000001,4568.605,0.0,0.0,0.000372501846018529,12472,0.0,0.0,-0.49223300970880324,2026-05-03,GOLD
2026-05-05 19:00:00,4568.610000000001,4569.1,4553.905,4561.3150000000005,0.0,0.0,0.00038492484953211905,13273,0.0,0.0,-0.012339585389930395,2026-05-02,GOLD
2026-05-05 19:00:00,4568.610000000001,4569.1,4553.905,4561.3150000000005,0.0,0.0,0.00038492484953211905,13273,0.0,0.0,-0.012339585389930395,2026-05-05,GOLD
2026-05-05 19:00:00,4568.610000000001,4569.1,4553.905,4561.3150000000005,0.0,0.0,0.00038492484953211905,13273,0.0,0.0,-0.012339585389930395,2026-05-03,GOLD
2026-05-05 19:00:00,4568.610000000001,4569.1,4553.905,4561.3150000000005,0.0,0.0,0.00038492484953211905,13273,0.0,0.0,-0.012339585389930395,2026-05-01,GOLD
2026-05-05 19:00:00,4568.610000000001,4569.1,4553.905,4561.3150000000005,0.0,0.0,0.00038492484953211905,13273,0.0,0.0,-0.012339585389930395,2026-05-04,GOLD
2026-05-05 20:00:00,4561.325,4562.82,4553.385,4559.98,0.0,0.0,0.0003096438607835282,12928,0.0,0.0,0.19899311075778497,2026-05-02,GOLD
2026-05-05 20:00:00,4561.325,4562.82,4553.385,4559.98,0.0,0.0,0.0003096438607835282,12928,0.0,0.0,0.19899311075778497,2026-05-03,GOLD
2026-05-05 20:00:00,4561.325,4562.82,4553.385,4559.98,0.0,0.0,0.0003096438607835282,12928,0.0,0.0,0.19899311075778497,2026-05-05,GOLD
2026-05-05 20:00:00,4561.325,4562.82,4553.385,4559.98,0.0,0.0,0.0003096438607835282,12928,0.0,0.0,0.19899311075778497,2026-05-01,GOLD
2026-05-05 20:00:00,4561.325,4562.82,4553.385,4559.98,0.0,0.0,0.0003096438607835282,12928,0.0,0.0,0.19899311075778497,2026-05-04,GOLD
2026-05-05 21:00:00,4559.969999999999,4565.9400000000005,4557.77,4561.15,0.0,0.0,0.00025542920545288045,8514,0.0,0.0,-0.0862913096696243,2026-05-03,GOLD
2026-05-05 21:00:00,4559.969999999999,4565.9400000000005,4557.77,4561.15,0.0,0.0,0.00025542920545288045,8514,0.0,0.0,-0.0862913096696243,2026-05-04,GOLD
2026-05-05 21:00:00,4559.969999999999,4565.9400000000005,4557.77,4561.15,0.0,0.0,0.00025542920545288045,8514,0.0,0.0,-0.0862913096696243,2026-05-05,GOLD
2026-05-05 21:00:00,4559.969999999999,4565.9400000000005,4557.77,4561.15,0.0,0.0,0.00025542920545288045,8514,0.0,0.0,-0.0862913096696243,2026-05-02,GOLD
2026-05-05 21:00:00,4559.969999999999,4565.9400000000005,4557.77,4561.15,0.0,0.0,0.00025542920545288045,8514,0.0,0.0,-0.0862913096696243,2026-05-01,GOLD
2026-05-05 22:00:00,4561.305,4561.645,4551.700000000001,4554.799999999999,0.0,0.0,0.0002728849585473033,8000,0.0,0.0,-0.188285570638649,2026-05-05,GOLD
2026-05-05 22:00:00,4561.305,4561.645,4551.700000000001,4554.799999999999,0.0,0.0,0.0002728849585473033,8000,0.0,0.0,-0.188285570638649,2026-05-04,GOLD
2026-05-05 22:00:00,4561.305,4561.645,4551.700000000001,4554.799999999999,0.0,0.0,0.0002728849585473033,8000,0.0,0.0,-0.188285570638649,2026-05-02,GOLD
2026-05-05 22:00:00,4561.305,4561.645,4551.700000000001,4554.799999999999,0.0,0.0,0.0002728849585473033,8000,0.0,0.0,-0.188285570638649,2026-05-03,GOLD
2026-05-05 22:00:00,4561.305,4561.645,4551.700000000001,4554.799999999999,0.0,0.0,0.0002728849585473033,8000,0.0,0.0,-0.188285570638649,2026-05-01,GOLD
2026-05-05 23:00:00,4555.1900000000005,4560.075000000001,4554.120000000001,4557.585,0.0,0.0,0.0002907294184500447,3228,0.0,0.0,0.08186397984874531,2026-05-05,GOLD
2026-05-05 23:00:00,4555.1900000000005,4560.075000000001,4554.120000000001,4557.585,0.0,0.0,0.0002907294184500447,3228,0.0,0.0,0.08186397984874531,2026-05-02,GOLD
2026-05-05 23:00:00,4555.1900000000005,4560.075000000001,4554.120000000001,4557.585,0.0,0.0,0.0002907294184500447,3228,0.0,0.0,0.08186397984874531,2026-05-01,GOLD
2026-05-05 23:00:00,4555.1900000000005,4560.075000000001,4554.120000000001,4557.585,0.0,0.0,0.0002907294184500447,3228,0.0,0.0,0.08186397984874531,2026-05-03,GOLD
2026-05-05 23:00:00,4555.1900000000005,4560.075000000001,4554.120000000001,4557.585,0.0,0.0,0.0002907294184500447,3228,0.0,0.0,0.08186397984874531,2026-05-04,GOLD
2026-05-06 01:00:00,4560.405,4577.35,4546.385,4573.535,0.0,0.0,0.0005681095997997355,9490,0.0,0.0,0.3767963830130634,2026-05-02,GOLD
2026-05-06 01:00:00,4560.405,4577.35,4546.385,4573.535,0.0,0.0,0.0005681095997997355,9490,0.0,0.0,0.3767963830130634,2026-05-04,GOLD
2026-05-06 01:00:00,4560.405,4577.35,4546.385,4573.535,0.0,0.0,0.0005681095997997355,9490,0.0,0.0,0.3767963830130634,2026-05-05,GOLD
2026-05-06 01:00:00,4560.405,4577.35,4546.385,4573.535,0.0,0.0,0.0005681095997997355,9490,0.0,0.0,0.3767963830130634,2026-05-03,GOLD
2026-05-06 01:00:00,4560.405,4577.35,4546.385,4573.535,0.0,0.0,0.0005681095997997355,9490,0.0,0.0,0.3767963830130634,2026-05-01,GOLD
2026-05-06 02:00:00,4573.5650000000005,4595.83,4569.764999999999,4594.075000000001,0.0,0.0,0.0005076065440814915,15654,0.0,0.0,0.43266832917708936,2026-05-02,GOLD
2026-05-06 02:00:00,4573.5650000000005,4595.83,4569.764999999999,4594.075000000001,0.0,0.0,0.0005076065440814915,15654,0.0,0.0,0.43266832917708936,2026-05-05,GOLD
2026-05-06 02:00:00,4573.5650000000005,4595.83,4569.764999999999,4594.075000000001,0.0,0.0,0.0005076065440814915,15654,0.0,0.0,0.43266832917708936,2026-05-04,GOLD
2026-05-06 02:00:00,4573.5650000000005,4595.83,4569.764999999999,4594.075000000001,0.0,0.0,0.0005076065440814915,15654,0.0,0.0,0.43266832917708936,2026-05-03,GOLD
2026-05-06 02:00:00,4573.5650000000005,4595.83,4569.764999999999,4594.075000000001,0.0,0.0,0.0005076065440814915,15654,0.0,0.0,0.43266832917708936,2026-05-01,GOLD
2026-05-06 03:00:00,4593.91,4620.215,4588.255,4618.855,0.0,0.0,0.0004528287067272637,19072,0.0,0.0,0.45744680851060593,2026-05-02,GOLD
2026-05-06 03:00:00,4593.91,4620.215,4588.255,4618.855,0.0,0.0,0.0004528287067272637,19072,0.0,0.0,0.45744680851060593,2026-05-05,GOLD
2026-05-06 03:00:00,4593.91,4620.215,4588.255,4618.855,0.0,0.0,0.0004528287067272637,19072,0.0,0.0,0.45744680851060593,2026-05-04,GOLD
2026-05-06 03:00:00,4593.91,4620.215,4588.255,4618.855,0.0,0.0,0.0004528287067272637,19072,0.0,0.0,0.45744680851060593,2026-05-03,GOLD
2026-05-06 03:00:00,4593.91,4620.215,4588.255,4618.855,0.0,0.0,0.0004528287067272637,19072,0.0,0.0,0.45744680851060593,2026-05-01,GOLD
2026-05-06 04:00:00,4618.845,4628.805,4609.52,4626.32,0.0,0.0,0.0005462941051479066,16013,0.0,0.0,0.3711433756805496,2026-05-05,GOLD
2026-05-06 04:00:00,4618.845,4628.805,4609.52,4626.32,0.0,0.0,0.0005462941051479066,16013,0.0,0.0,0.3711433756805496,2026-05-04,GOLD
2026-05-06 04:00:00,4618.845,4628.805,4609.52,4626.32,0.0,0.0,0.0005462941051479066,16013,0.0,0.0,0.3711433756805496,2026-05-02,GOLD
2026-05-06 04:00:00,4618.845,4628.805,4609.52,4626.32,0.0,0.0,0.0005462941051479066,16013,0.0,0.0,0.3711433756805496,2026-05-01,GOLD
2026-05-06 04:00:00,4618.845,4628.805,4609.52,4626.32,0.0,0.0,0.0005462941051479066,16013,0.0,0.0,0.3711433756805496,2026-05-03,GOLD
2026-05-06 05:00:00,4626.195,4642.12,4625.615,4640.825,0.0,0.0,0.0003977439789536361,12025,0.0,0.0,0.4215389275976662,2026-05-06,GOLD
2026-05-06 05:00:00,4626.195,4642.12,4625.615,4640.825,0.0,0.0,0.00039771886805647677,12025,0.0,0.0,0.4215389275976662,2026-05-02,GOLD
2026-05-06 05:00:00,4626.195,4642.12,4625.615,4640.825,0.0,0.0,0.00039771886805647677,12025,0.0,0.0,0.4215389275976662,2026-05-05,GOLD
2026-05-06 05:00:00,4626.195,4642.12,4625.615,4640.825,0.0,0.0,0.00039771886805647677,12025,0.0,0.0,0.4215389275976662,2026-05-03,GOLD
2026-05-06 05:00:00,4626.195,4642.12,4625.615,4640.825,0.0,0.0,0.00039771886805647677,12025,0.0,0.0,0.4215389275976662,2026-05-04,GOLD
2026-05-06 05:00:00,4626.195,4642.12,4625.615,4640.825,0.0,0.0,0.00039771886805647677,12025,0.0,0.0,0.4215389275976662,2026-05-01,GOLD
2026-05-06 06:00:00,4640.78,4651.959999999999,4638.605,4643.795,0.0,0.0,0.00042897166808645074,9883,0.0,0.0,-0.11138150505423594,2026-05-02,GOLD
2026-05-06 06:00:00,4640.78,4651.959999999999,4638.605,4643.795,0.0,0.0,0.00042897166808645074,9883,0.0,0.0,-0.11138150505423594,2026-05-05,GOLD
2026-05-06 06:00:00,4640.78,4651.959999999999,4638.605,4643.795,0.0,0.0,0.00042897166808645074,9883,0.0,0.0,-0.11138150505423594,2026-05-04,GOLD
2026-05-06 06:00:00,4640.78,4651.959999999999,4638.605,4643.795,0.0,0.0,0.00042897166808645074,9883,0.0,0.0,-0.11138150505423594,2026-05-01,GOLD
2026-05-06 06:00:00,4640.78,4651.959999999999,4638.605,4643.795,0.0,0.0,0.00042897166808645074,9883,0.0,0.0,-0.11138150505423594,2026-05-06,GOLD
2026-05-06 06:00:00,4640.78,4651.959999999999,4638.605,4643.795,0.0,0.0,0.00042897166808645074,9883,0.0,0.0,-0.11138150505423594,2026-05-03,GOLD
2026-05-06 07:00:00,4643.775,4653.68,4643.395,4648.88,0.0,0.0,0.0004440180807601152,8989,0.0,0.0,0.03330092367523094,2026-05-03,GOLD
2026-05-06 07:00:00,4643.775,4653.68,4643.395,4648.88,0.0,0.0,0.0004440180807601152,8989,0.0,0.0,0.03330092367523094,2026-05-01,GOLD
2026-05-06 07:00:00,4643.775,4653.68,4643.395,4648.88,0.0,0.0,0.0004440180807601152,8989,0.0,0.0,0.03330092367523094,2026-05-02,GOLD
2026-05-06 07:00:00,4643.775,4653.68,4643.395,4648.88,0.0,0.0,0.0004440180807601152,8989,0.0,0.0,0.03330092367523094,2026-05-05,GOLD
2026-05-06 07:00:00,4643.775,4653.68,4643.395,4648.88,0.0,0.0,0.0004440180807601152,8989,0.0,0.0,0.03330092367523094,2026-05-06,GOLD
2026-05-06 07:00:00,4643.775,4653.68,4643.395,4648.88,0.0,0.0,0.0004440180807601152,8989,0.0,0.0,0.03330092367523094,2026-05-04,GOLD
2026-05-06 08:00:00,4648.985000000001,4664.0,4644.705,4663.16,0.0,0.0,0.00045132524403103126,9815,0.0,0.0,0.4564654055454707,2026-05-05,GOLD
2026-05-06 08:00:00,4648.985000000001,4664.0,4644.705,4663.16,0.0,0.0,0.00045132524403103126,9815,0.0,0.0,0.4564654055454707,2026-05-04,GOLD
2026-05-06 08:00:00,4648.985000000001,4664.0,4644.705,4663.16,0.0,0.0,0.00045132524403103126,9815,0.0,0.0,0.4564654055454707,2026-05-06,GOLD
2026-05-06 08:00:00,4648.985000000001,4664.0,4644.705,4663.16,0.0,0.0,0.00045132524403103126,9815,0.0,0.0,0.4564654055454707,2026-05-03,GOLD
2026-05-06 08:00:00,4648.985000000001,4664.0,4644.705,4663.16,0.0,0.0,0.00045132524403103126,9815,0.0,0.0,0.4564654055454707,2026-05-01,GOLD
2026-05-06 08:00:00,4648.985000000001,4664.0,4644.705,4663.16,0.0,0.0,0.00045132524403103126,9815,0.0,0.0,0.4564654055454707,2026-05-02,GOLD
2026-05-06 09:00:00,4663.145,4669.645,4657.135,4669.51,0.0,0.0,0.00041728693460347914,12404,0.0,0.0,0.4892086330935079,2026-05-06,GOLD
2026-05-06 09:00:00,4663.145,4669.645,4657.135,4669.51,0.0,0.0,0.00041728693460347914,12404,0.0,0.0,0.4892086330935079,2026-05-01,GOLD
2026-05-06 09:00:00,4663.145,4669.645,4657.135,4669.51,0.0,0.0,0.00041728693460347914,12404,0.0,0.0,0.4892086330935079,2026-05-04,GOLD
2026-05-06 09:00:00,4663.145,4669.645,4657.135,4669.51,0.0,0.0,0.00041728693460347914,12404,0.0,0.0,0.4892086330935079,2026-05-03,GOLD
2026-05-06 09:00:00,4663.145,4669.645,4657.135,4669.51,0.0,0.0,0.00041728693460347914,12404,0.0,0.0,0.4892086330935079,2026-05-05,GOLD
2026-05-06 09:00:00,4663.145,4669.645,4657.135,4669.51,0.0,0.0,0.00041728693460347914,12404,0.0,0.0,0.4892086330935079,2026-05-02,GOLD
2026-05-06 10:00:00,4669.54,4681.995,4657.525,4681.495,0.0,0.0,0.0004509841524825842,11915,0.0,0.0,0.4795668165099939,2026-05-02,GOLD
2026-05-06 10:00:00,4669.54,4681.995,4657.525,4681.495,0.0,0.0,0.0004509841524825842,11915,0.0,0.0,0.4795668165099939,2026-05-04,GOLD
2026-05-06 10:00:00,4669.54,4681.995,4657.525,4681.495,0.0,0.0,0.0004509841524825842,11915,0.0,0.0,0.4795668165099939,2026-05-01,GOLD
2026-05-06 10:00:00,4669.54,4681.995,4657.525,4681.495,0.0,0.0,0.0004509841524825842,11915,0.0,0.0,0.4795668165099939,2026-05-03,GOLD
2026-05-06 10:00:00,4669.54,4681.995,4657.525,4681.495,0.0,0.0,0.0004509841524825842,11915,0.0,0.0,0.4795668165099939,2026-05-06,GOLD
2026-05-06 10:00:00,4669.54,4681.995,4657.525,4681.495,0.0,0.0,0.0004509841524825842,11915,0.0,0.0,0.4795668165099939,2026-05-05,GOLD
2026-05-06 11:00:00,4681.525,4702.805,4671.74,4700.235000000001,0.0,0.0,0.0006414248982791721,13837,0.0,0.0,0.41727023981974354,2026-05-01,GOLD
2026-05-06 11:00:00,4681.525,4702.805,4671.74,4700.235000000001,0.0,0.0,0.0006414248982791721,13837,0.0,0.0,0.41727023981974354,2026-05-04,GOLD
2026-05-06 11:00:00,4681.525,4702.805,4671.74,4700.235000000001,0.0,0.0,0.0006414248982791721,13837,0.0,0.0,0.41727023981974354,2026-05-02,GOLD
2026-05-06 11:00:00,4681.525,4702.805,4671.74,4700.235000000001,0.0,0.0,0.0006414248982791721,13837,0.0,0.0,0.41727023981974354,2026-05-05,GOLD
2026-05-06 11:00:00,4681.525,4702.805,4671.74,4700.235000000001,0.0,0.0,0.0006414248982791721,13837,0.0,0.0,0.41727023981974354,2026-05-03,GOLD
2026-05-06 11:00:00,4681.525,4702.805,4671.74,4700.235000000001,0.0,0.0,0.0006414248982791721,13837,0.0,0.0,0.41727023981974354,2026-05-06,GOLD
2026-05-06 12:00:00,4700.585,4708.5650000000005,4689.1849999999995,4701.825000000001,0.0,0.0,0.0005717622175632753,17849,0.0,0.0,0.15221878224977153,2026-05-06,GOLD
2026-05-06 12:00:00,4700.585,4708.5650000000005,4689.1849999999995,4701.825000000001,0.0,0.0,0.0005717622175632753,17849,0.0,0.0,0.15221878224977153,2026-05-03,GOLD
2026-05-06 12:00:00,4700.585,4708.5650000000005,4689.1849999999995,4701.825000000001,0.0,0.0,0.0005717622175632753,17849,0.0,0.0,0.15221878224977153,2026-05-05,GOLD
2026-05-06 12:00:00,4700.585,4708.5650000000005,4700.54,4701.9,0.0,0.0,0.001066184886041005,725,0.0,0.0,-0.330529595015572,2026-05-01,GOLD
2026-05-06 12:00:00,4700.585,4708.5650000000005,4689.1849999999995,4701.825000000001,0.0,0.0,0.0005717622175632753,17849,0.0,0.0,0.15221878224977153,2026-05-04,GOLD
2026-05-06 12:00:00,4700.585,4708.5650000000005,4689.1849999999995,4701.825000000001,0.0,0.0,0.0005717622175632753,17849,0.0,0.0,0.15221878224977153,2026-05-02,GOLD
2026-05-06 13:00:00,4701.83,4723.09,4695.575000000001,4718.01,0.0,0.0,0.0005184848639424954,17017,0.0,0.0,0.31537343267308615,2026-05-06,GOLD
2026-05-06 13:00:00,4701.83,4723.09,4695.575000000001,4718.01,0.0,0.0,0.0005184848639424954,17017,0.0,0.0,0.31537343267308615,2026-05-03,GOLD
2026-05-06 13:00:00,4701.83,4723.09,4695.575000000001,4718.01,0.0,0.0,0.0005184848639424954,17017,0.0,0.0,0.31537343267308615,2026-05-05,GOLD
2026-05-06 13:00:00,4701.83,4723.09,4695.575000000001,4718.01,0.0,0.0,0.0005184848639424954,17017,0.0,0.0,0.31537343267308615,2026-05-04,GOLD
2026-05-06 13:00:00,4701.83,4723.09,4695.575000000001,4718.01,0.0,0.0,0.0005184848639424954,17017,0.0,0.0,0.31537343267308615,2026-05-02,GOLD
2026-05-06 14:00:00,4718.04,4721.35,4690.96,4692.23,0.0,0.0,0.0005156186008538504,18262,0.0,0.0,-0.458209937479465,2026-05-02,GOLD
2026-05-06 14:00:00,4718.04,4721.35,4690.96,4692.23,0.0,0.0,0.0005156186008538504,18262,0.0,0.0,-0.458209937479465,2026-05-06,GOLD
2026-05-06 14:00:00,4718.04,4721.35,4690.96,4692.23,0.0,0.0,0.0005156186008538504,18262,0.0,0.0,-0.458209937479465,2026-05-04,GOLD
2026-05-06 14:00:00,4718.04,4721.35,4690.96,4692.23,0.0,0.0,0.0005156186008538504,18262,0.0,0.0,-0.458209937479465,2026-05-05,GOLD
2026-05-06 14:00:00,4718.04,4721.35,4690.96,4692.23,0.0,0.0,0.0005156186008538504,18262,0.0,0.0,-0.458209937479465,2026-05-03,GOLD
2026-05-06 15:00:00,4692.27,4693.22,4660.42,4683.375,0.0,0.0,0.0006889141926211029,19883,0.0,0.0,0.1998475609756175,2026-05-05,GOLD
2026-05-06 15:00:00,4692.27,4693.22,4660.42,4683.375,0.0,0.0,0.0006889141926211029,19883,0.0,0.0,0.1998475609756175,2026-05-04,GOLD
2026-05-06 15:00:00,4692.27,4693.22,4660.42,4683.375,0.0,0.0,0.0006889141926211029,19883,0.0,0.0,0.1998475609756175,2026-05-02,GOLD
2026-05-06 15:00:00,4692.27,4693.22,4660.42,4683.375,0.0,0.0,0.0006889141926211029,19883,0.0,0.0,0.1998475609756175,2026-05-03,GOLD
2026-05-06 15:00:00,4692.27,4693.22,4660.42,4683.375,0.0,0.0,0.0006889141926211029,19883,0.0,0.0,0.1998475609756175,2026-05-06,GOLD
2026-05-06 16:00:00,4683.344999999999,4708.03,4668.735,4702.24,0.0,0.0,0.0006914885221281338,22604,0.0,0.0,0.3526530092887148,2026-05-04,GOLD
2026-05-06 16:00:00,4683.344999999999,4708.03,4668.735,4702.24,0.0,0.0,0.0006914885221281338,22604,0.0,0.0,0.3526530092887148,2026-05-06,GOLD
2026-05-06 16:00:00,4683.344999999999,4708.03,4668.735,4702.24,0.0,0.0,0.0006914885221281338,22604,0.0,0.0,0.3526530092887148,2026-05-02,GOLD
2026-05-06 16:00:00,4683.344999999999,4708.03,4668.735,4702.24,0.0,0.0,0.0006914885221281338,22604,0.0,0.0,0.3526530092887148,2026-05-03,GOLD
2026-05-06 16:00:00,4683.344999999999,4708.03,4668.735,4702.24,0.0,0.0,0.0006914885221281338,22604,0.0,0.0,0.3526530092887148,2026-05-05,GOLD
2026-05-06 17:00:00,4702.23,4717.5650000000005,4697.969999999999,4703.265,0.0,0.0,0.0005626935343732981,22277,0.0,0.0,-0.22977800459297434,2026-05-02,GOLD
2026-05-06 17:00:00,4702.23,4717.5650000000005,4697.969999999999,4703.265,0.0,0.0,0.0005626935343732981,22277,0.0,0.0,-0.22977800459297434,2026-05-05,GOLD
2026-05-06 17:00:00,4702.23,4717.5650000000005,4697.969999999999,4703.265,0.0,0.0,0.0005626935343732981,22277,0.0,0.0,-0.22977800459297434,2026-05-04,GOLD
2026-05-06 17:00:00,4702.23,4717.5650000000005,4697.969999999999,4703.265,0.0,0.0,0.0005626935343732981,22277,0.0,0.0,-0.22977800459297434,2026-05-06,GOLD
2026-05-06 17:00:00,4702.23,4717.5650000000005,4697.969999999999,4703.265,0.0,0.0,0.0005626935343732981,22277,0.0,0.0,-0.22977800459297434,2026-05-03,GOLD
2026-05-06 18:00:00,4703.21,4705.875,4687.855,4687.92,0.0,0.0,0.0004169966153526962,16206,0.0,0.0,-0.49639289678132587,2026-05-06,GOLD
2026-05-06 18:00:00,4703.21,4705.875,4687.855,4687.92,0.0,0.0,0.0004169966153526962,16206,0.0,0.0,-0.49639289678132587,2026-05-05,GOLD
2026-05-06 18:00:00,4703.21,4705.875,4687.855,4687.92,0.0,0.0,0.0004169966153526962,16206,0.0,0.0,-0.49639289678132587,2026-05-02,GOLD
2026-05-06 18:00:00,4703.21,4705.875,4687.855,4687.92,0.0,0.0,0.0004169966153526962,16206,0.0,0.0,-0.49639289678132587,2026-05-04,GOLD
2026-05-06 18:00:00,4703.21,4705.875,4687.855,4687.92,0.0,0.0,0.0004169966153526962,16206,0.0,0.0,-0.49639289678132587,2026-05-03,GOLD
2026-05-06 19:00:00,4687.79,4692.219999999999,4679.7,4683.235,0.0,0.0,0.0003895333620975379,16328,0.0,0.0,-0.21765175718846305,2026-05-03,GOLD
2026-05-06 19:00:00,4687.79,4692.219999999999,4679.7,4683.235,0.0,0.0,0.0003895333620975379,16328,0.0,0.0,-0.21765175718846305,2026-05-04,GOLD
2026-05-06 19:00:00,4687.79,4692.219999999999,4679.7,4683.235,0.0,0.0,0.0003895333620975379,16328,0.0,0.0,-0.21765175718846305,2026-05-05,GOLD
2026-05-06 19:00:00,4687.79,4692.219999999999,4679.7,4683.235,0.0,0.0,0.0003895333620975379,16328,0.0,0.0,-0.21765175718846305,2026-05-06,GOLD
2026-05-06 19:00:00,4687.79,4692.219999999999,4679.7,4683.235,0.0,0.0,0.0003895333620975379,16328,0.0,0.0,-0.21765175718846305,2026-05-02,GOLD
2026-05-06 20:00:00,4683.23,4688.115,4678.955,4684.1,0.0,0.0,0.00035309674976616046,13293,0.0,0.0,0.061681222707480166,2026-05-02,GOLD
2026-05-06 20:00:00,4683.23,4688.115,4678.955,4684.1,0.0,0.0,0.00035309674976616046,13293,0.0,0.0,0.061681222707480166,2026-05-03,GOLD
2026-05-06 20:00:00,4683.23,4688.115,4678.955,4684.1,0.0,0.0,0.00035309674976616046,13293,0.0,0.0,0.061681222707480166,2026-05-05,GOLD
2026-05-06 20:00:00,4683.23,4688.115,4678.955,4684.1,0.0,0.0,0.00035309674976616046,13293,0.0,0.0,0.061681222707480166,2026-05-06,GOLD
2026-05-06 20:00:00,4683.23,4688.115,4678.955,4684.1,0.0,0.0,0.00035309674976616046,13293,0.0,0.0,0.061681222707480166,2026-05-04,GOLD
2026-05-06 21:00:00,4684.155,4690.6,4682.01,4686.07,0.0,0.0,0.0003055076824209752,8440,0.0,0.0,-0.027357392316714562,2026-05-06,GOLD
2026-05-06 21:00:00,4684.155,4690.6,4682.01,4686.07,0.0,0.0,0.0003055076824209752,8440,0.0,0.0,-0.027357392316714562,2026-05-03,GOLD
2026-05-06 21:00:00,4684.155,4690.6,4682.01,4686.07,0.0,0.0,0.0003055076824209752,8440,0.0,0.0,-0.027357392316714562,2026-05-04,GOLD
2026-05-06 21:00:00,4684.155,4690.6,4682.01,4686.07,0.0,0.0,0.0003055076824209752,8440,0.0,0.0,-0.027357392316714562,2026-05-05,GOLD
2026-05-06 21:00:00,4684.155,4690.6,4682.01,4686.07,0.0,0.0,0.0003055076824209752,8440,0.0,0.0,-0.027357392316714562,2026-05-02,GOLD
2026-05-06 22:00:00,4686.1,4700.1849999999995,4686.1,4692.63,0.0,0.0,0.00031963495664603394,10564,0.0,0.0,-0.03638622648206247,2026-05-04,GOLD
2026-05-06 22:00:00,4686.1,4700.1849999999995,4686.1,4692.63,0.0,0.0,0.00031963495664603394,10564,0.0,0.0,-0.03638622648206247,2026-05-06,GOLD
2026-05-06 22:00:00,4686.1,4700.1849999999995,4686.1,4692.63,0.0,0.0,0.00031963495664603394,10564,0.0,0.0,-0.03638622648206247,2026-05-02,GOLD
2026-05-06 22:00:00,4686.1,4700.1849999999995,4686.1,4692.63,0.0,0.0,0.00031963495664603394,10564,0.0,0.0,-0.03638622648206247,2026-05-05,GOLD
2026-05-06 22:00:00,4686.1,4700.1849999999995,4686.1,4692.63,0.0,0.0,0.00031963495664603394,10564,0.0,0.0,-0.03638622648206247,2026-05-03,GOLD
2026-05-06 23:00:00,4692.49,4699.5650000000005,4685.325000000001,4691.0650000000005,0.0,0.0,0.0002976065617326597,6682,0.0,0.0,-0.09691011235955971,2026-05-04,GOLD
2026-05-06 23:00:00,4692.49,4699.5650000000005,4685.325000000001,4691.0650000000005,0.0,0.0,0.0002976065617326597,6682,0.0,0.0,-0.09691011235955971,2026-05-06,GOLD
2026-05-06 23:00:00,4692.49,4699.5650000000005,4685.325000000001,4691.0650000000005,0.0,0.0,0.0002976065617326597,6682,0.0,0.0,-0.09691011235955971,2026-05-02,GOLD
2026-05-06 23:00:00,4692.49,4699.5650000000005,4685.325000000001,4691.0650000000005,0.0,0.0,0.0002976065617326597,6682,0.0,0.0,-0.09691011235955971,2026-05-05,GOLD
2026-05-06 23:00:00,4692.49,4699.5650000000005,4685.325000000001,4691.0650000000005,0.0,0.0,0.0002976065617326597,6682,0.0,0.0,-0.09691011235955971,2026-05-03,GOLD
2026-05-07 01:00:00,4693.295,4700.07,4689.585,4694.9400000000005,0.0,0.0,0.0005864465273820564,4887,0.0,0.0,0.010729613734010006,2026-05-05,GOLD
2026-05-07 01:00:00,4693.295,4700.07,4689.585,4694.9400000000005,0.0,0.0,0.0005864465273820564,4887,0.0,0.0,0.010729613734010006,2026-05-06,GOLD
2026-05-07 01:00:00,4693.295,4700.07,4689.585,4694.9400000000005,0.0,0.0,0.0005864465273820564,4887,0.0,0.0,0.010729613734010006,2026-05-04,GOLD
2026-05-07 01:00:00,4693.295,4700.07,4689.585,4694.9400000000005,0.0,0.0,0.0005864465273820564,4887,0.0,0.0,0.010729613734010006,2026-05-03,GOLD
2026-05-07 01:00:00,4693.295,4700.07,4689.585,4694.9400000000005,0.0,0.0,0.0005864465273820564,4887,0.0,0.0,0.010729613734010006,2026-05-02,GOLD
2026-05-07 02:00:00,4694.93,4699.6849999999995,4690.34,4698.969999999999,0.0,0.0,0.0004258414179698624,4195,0.0,0.0,0.42348849652218346,2026-05-06,GOLD
2026-05-07 02:00:00,4694.93,4699.6849999999995,4690.34,4698.969999999999,0.0,0.0,0.0004258414179698624,4195,0.0,0.0,0.42348849652218346,2026-05-05,GOLD
2026-05-07 02:00:00,4694.93,4699.6849999999995,4690.34,4698.969999999999,0.0,0.0,0.0004258414179698624,4195,0.0,0.0,0.42348849652218346,2026-05-02,GOLD
2026-05-07 02:00:00,4694.93,4699.6849999999995,4690.34,4698.969999999999,0.0,0.0,0.0004258414179698624,4195,0.0,0.0,0.42348849652218346,2026-05-03,GOLD
2026-05-07 02:00:00,4694.93,4699.6849999999995,4690.34,4698.969999999999,0.0,0.0,0.0004258414179698624,4195,0.0,0.0,0.42348849652218346,2026-05-04,GOLD
2026-05-07 03:00:00,4698.99,4701.3099999999995,4685.610000000001,4688.615,0.0,0.0,0.0005083869441974057,11789,0.0,0.0,-0.30859872611468736,2026-05-04,GOLD
2026-05-07 03:00:00,4698.99,4701.3099999999995,4685.610000000001,4688.615,0.0,0.0,0.0005083869441974057,11789,0.0,0.0,-0.30859872611468736,2026-05-05,GOLD
2026-05-07 03:00:00,4698.99,4701.3099999999995,4685.610000000001,4688.615,0.0,0.0,0.0005083869441974057,11789,0.0,0.0,-0.30859872611468736,2026-05-03,GOLD
2026-05-07 03:00:00,4698.99,4701.3099999999995,4685.610000000001,4688.615,0.0,0.0,0.0005083869441974057,11789,0.0,0.0,-0.30859872611468736,2026-05-06,GOLD
2026-05-07 03:00:00,4698.99,4701.3099999999995,4685.610000000001,4688.615,0.0,0.0,0.0005083869441974057,11789,0.0,0.0,-0.30859872611468736,2026-05-02,GOLD
2026-05-07 04:00:00,4688.625,4721.585,4685.23,4714.995,0.0,0.0,0.0005498325373031944,15894,0.0,0.0,0.3187319488378599,2026-05-02,GOLD
2026-05-07 04:00:00,4688.625,4721.585,4685.23,4714.995,0.0,0.0,0.0005498325373031944,15894,0.0,0.0,0.3187319488378599,2026-05-03,GOLD
2026-05-07 04:00:00,4688.625,4721.585,4685.23,4714.995,0.0,0.0,0.0005498325373031944,15894,0.0,0.0,0.3187319488378599,2026-05-05,GOLD
2026-05-07 04:00:00,4688.625,4721.585,4685.23,4714.995,0.0,0.0,0.0005498325373031944,15894,0.0,0.0,0.3187319488378599,2026-05-06,GOLD
2026-05-07 04:00:00,4688.625,4721.585,4685.23,4714.995,0.0,0.0,0.0005498325373031944,15894,0.0,0.0,0.3187319488378599,2026-05-04,GOLD
2026-05-07 05:00:00,4714.99,4718.72,4700.015,4707.125,0.0,0.0,0.0004676923241033603,11685,0.0,0.0,-0.11988773055334401,2026-05-06,GOLD
2026-05-07 05:00:00,4714.99,4718.72,4700.015,4707.125,0.0,0.0,0.00046773149667474873,11685,0.0,0.0,-0.11988773055334401,2026-05-07,GOLD
2026-05-07 05:00:00,4714.99,4718.72,4700.015,4707.125,0.0,0.0,0.0004676923241033603,11685,0.0,0.0,-0.11988773055334401,2026-05-05,GOLD
2026-05-07 05:00:00,4714.99,4718.72,4700.015,4707.125,0.0,0.0,0.0004676923241033603,11685,0.0,0.0,-0.11988773055334401,2026-05-04,GOLD
2026-05-07 05:00:00,4714.99,4718.72,4700.015,4707.125,0.0,0.0,0.0004676923241033603,11685,0.0,0.0,-0.11988773055334401,2026-05-03,GOLD
2026-05-07 05:00:00,4714.99,4718.72,4700.015,4707.125,0.0,0.0,0.0004676923241033603,11685,0.0,0.0,-0.11988773055334401,2026-05-02,GOLD
2026-05-07 06:00:00,4707.110000000001,4709.9,4699.07,4699.219999999999,0.0,0.0,0.0003971715039822782,6844,0.0,0.0,-0.4861495844875681,2026-05-07,GOLD
2026-05-07 06:00:00,4707.110000000001,4709.9,4699.07,4699.219999999999,0.0,0.0,0.0003971715039822782,6844,0.0,0.0,-0.4861495844875681,2026-05-05,GOLD
2026-05-07 06:00:00,4707.110000000001,4709.9,4699.07,4699.219999999999,0.0,0.0,0.0003971715039822782,6844,0.0,0.0,-0.4861495844875681,2026-05-04,GOLD
2026-05-07 06:00:00,4707.110000000001,4709.9,4699.07,4699.219999999999,0.0,0.0,0.0003971715039822782,6844,0.0,0.0,-0.4861495844875681,2026-05-06,GOLD
2026-05-07 06:00:00,4707.110000000001,4709.9,4699.07,4699.219999999999,0.0,0.0,0.0003971715039822782,6844,0.0,0.0,-0.4861495844875681,2026-05-03,GOLD
2026-05-07 06:00:00,4707.110000000001,4709.9,4699.07,4699.219999999999,0.0,0.0,0.0003971715039822782,6844,0.0,0.0,-0.4861495844875681,2026-05-02,GOLD
2026-05-07 07:00:00,4699.25,4700.9400000000005,4692.4,4696.469999999999,0.0,0.0,0.00035939954206469634,8373,0.0,0.0,-0.023419203747155403,2026-05-04,GOLD
2026-05-07 07:00:00,4699.25,4700.9400000000005,4692.4,4696.469999999999,0.0,0.0,0.00035939954206469634,8373,0.0,0.0,-0.023419203747155403,2026-05-02,GOLD
2026-05-07 07:00:00,4699.25,4700.9400000000005,4692.4,4696.469999999999,0.0,0.0,0.00035939954206469634,8373,0.0,0.0,-0.023419203747155403,2026-05-03,GOLD
2026-05-07 07:00:00,4699.25,4700.9400000000005,4692.4,4696.469999999999,0.0,0.0,0.00035939954206469634,8373,0.0,0.0,-0.023419203747155403,2026-05-06,GOLD
2026-05-07 07:00:00,4699.25,4700.9400000000005,4692.4,4696.469999999999,0.0,0.0,0.00035939954206469634,8373,0.0,0.0,-0.023419203747155403,2026-05-07,GOLD
2026-05-07 07:00:00,4699.25,4700.9400000000005,4692.4,4696.469999999999,0.0,0.0,0.00035939954206469634,8373,0.0,0.0,-0.023419203747155403,2026-05-05,GOLD
2026-05-07 08:00:00,4696.43,4706.71,4694.8,4701.19,0.0,0.0,0.00037554808410596304,9340,0.0,0.0,0.03652392947099043,2026-05-02,GOLD
2026-05-07 08:00:00,4696.43,4706.71,4694.8,4701.19,0.0,0.0,0.00037554808410596304,9340,0.0,0.0,0.03652392947099043,2026-05-06,GOLD
2026-05-07 08:00:00,4696.43,4706.71,4694.8,4701.19,0.0,0.0,0.00037554808410596304,9340,0.0,0.0,0.03652392947099043,2026-05-04,GOLD
2026-05-07 08:00:00,4696.43,4706.71,4694.8,4701.19,0.0,0.0,0.00037554808410596304,9340,0.0,0.0,0.03652392947099043,2026-05-07,GOLD
2026-05-07 08:00:00,4696.43,4706.71,4694.8,4701.19,0.0,0.0,0.00037554808410596304,9340,0.0,0.0,0.03652392947099043,2026-05-05,GOLD
2026-05-07 08:00:00,4696.43,4706.71,4694.8,4701.19,0.0,0.0,0.00037554808410596304,9340,0.0,0.0,0.03652392947099043,2026-05-03,GOLD
2026-05-07 09:00:00,4701.21,4750.1,4701.21,4739.39,0.0,0.0,0.0005223829999797299,15157,0.0,0.0,0.2809367968909712,2026-05-05,GOLD
2026-05-07 09:00:00,4701.21,4750.1,4701.21,4739.39,0.0,0.0,0.0005223829999797299,15157,0.0,0.0,0.2809367968909712,2026-05-07,GOLD
2026-05-07 09:00:00,4701.21,4724.5599999999995,4701.21,4722.89,0.0,0.0,0.0004166565079858694,7023,0.0,0.0,0.42847965738759497,2026-05-03,GOLD
2026-05-07 09:00:00,4701.21,4750.1,4701.21,4739.39,0.0,0.0,0.0005223829999797299,15157,0.0,0.0,0.2809367968909712,2026-05-04,GOLD
2026-05-07 09:00:00,4701.21,4750.1,4701.21,4739.39,0.0,0.0,0.0005223829999797299,15157,0.0,0.0,0.2809367968909712,2026-05-06,GOLD
2026-05-07 09:00:00,4701.21,4724.5599999999995,4701.21,4722.89,0.0,0.0,0.0004166565079858694,7023,0.0,0.0,0.42847965738759497,2026-05-02,GOLD
2026-05-07 10:00:00,4738.735000000001,4750.625,4731.66,4743.085,0.0,0.0,0.0005165481115530958,17191,0.0,0.0,0.10242552069602395,2026-05-05,GOLD
2026-05-07 10:00:00,4738.735000000001,4750.625,4731.66,4743.085,0.0,0.0,0.0005165481115530958,17191,0.0,0.0,0.10242552069602395,2026-05-06,GOLD
2026-05-07 10:00:00,4738.735000000001,4750.625,4731.66,4743.085,0.0,0.0,0.0005165481115530958,17191,0.0,0.0,0.10242552069602395,2026-05-07,GOLD
2026-05-07 10:00:00,4738.735000000001,4750.625,4731.66,4743.085,0.0,0.0,0.0005165481115530958,17191,0.0,0.0,0.10242552069602395,2026-05-04,GOLD
2026-05-07 11:00:00,4743.1,4753.5,4730.92,4731.12,0.0,0.0,0.00045862775047704165,15780,0.0,0.0,-0.4911426040744101,2026-05-05,GOLD
2026-05-07 11:00:00,4743.1,4753.5,4730.92,4731.12,0.0,0.0,0.00045862775047704165,15780,0.0,0.0,-0.4911426040744101,2026-05-06,GOLD
2026-05-07 11:00:00,4743.1,4753.5,4730.92,4731.12,0.0,0.0,0.00045862775047704165,15780,0.0,0.0,-0.4911426040744101,2026-05-04,GOLD
2026-05-07 11:00:00,4743.1,4753.5,4730.92,4731.12,0.0,0.0,0.00045862775047704165,15780,0.0,0.0,-0.4911426040744101,2026-05-07,GOLD
2026-05-07 12:00:00,4731.16,4739.645,4721.8,4729.145,0.0,0.0,0.0004075245798103693,13472,0.0,0.0,-0.08840011207617794,2026-05-05,GOLD
2026-05-07 12:00:00,4731.16,4739.645,4721.8,4729.145,0.0,0.0,0.0004075245798103693,13472,0.0,0.0,-0.08840011207617794,2026-05-06,GOLD
2026-05-07 12:00:00,4731.16,4739.645,4721.8,4729.145,0.0,0.0,0.0004075245798103693,13472,0.0,0.0,-0.08840011207617794,2026-05-07,GOLD
2026-05-07 12:00:00,4731.16,4739.645,4721.8,4731.045,0.0,0.0,0.00039816578824719166,12694,0.0,0.0,0.018072289156638482,2026-05-04,GOLD
2026-05-07 13:00:00,4728.924999999999,4739.795,4726.745,4735.655,0.0,0.0,0.0003686837370197532,10475,0.0,0.0,0.18275862068959967,2026-05-06,GOLD
2026-05-07 13:00:00,4728.924999999999,4739.795,4726.745,4735.655,0.0,0.0,0.0003686837370197532,10475,0.0,0.0,0.18275862068959967,2026-05-07,GOLD
2026-05-07 13:00:00,4728.924999999999,4739.795,4726.745,4735.655,0.0,0.0,0.0003686837370197532,10475,0.0,0.0,0.18275862068959967,2026-05-05,GOLD
2026-05-07 14:00:00,4735.68,4743.735,4727.42,4742.96,0.0,0.0,0.00037329211834103316,11909,0.0,0.0,0.4524977015017346,2026-05-06,GOLD
2026-05-07 14:00:00,4735.68,4743.735,4727.42,4742.96,0.0,0.0,0.00037329211834103316,11909,0.0,0.0,0.4524977015017346,2026-05-07,GOLD
2026-05-07 14:00:00,4735.68,4743.735,4727.42,4742.96,0.0,0.0,0.00037329211834103316,11909,0.0,0.0,0.4524977015017346,2026-05-05,GOLD
2026-05-07 15:00:00,4742.98,4752.695,4733.625,4750.14,0.0,0.0,0.0004860147058002313,15862,0.0,0.0,0.3660199265862915,2026-05-06,GOLD
2026-05-07 15:00:00,4742.98,4752.695,4733.625,4750.14,0.0,0.0,0.0004860147058002313,15862,0.0,0.0,0.3660199265862915,2026-05-07,GOLD
2026-05-07 15:00:00,4742.98,4752.695,4733.625,4750.14,0.0,0.0,0.0004860147058002313,15862,0.0,0.0,0.3660199265862915,2026-05-05,GOLD
2026-05-07 16:00:00,4750.17,4758.110000000001,4731.360000000001,4746.48,0.0,0.0,0.0005721774627605356,22940,0.0,0.0,0.06523364485977501,2026-05-07,GOLD
2026-05-07 16:00:00,4750.17,4758.110000000001,4731.360000000001,4746.48,0.0,0.0,0.0005721774627605356,22940,0.0,0.0,0.06523364485977501,2026-05-06,GOLD
2026-05-07 16:00:00,4750.17,4758.110000000001,4731.360000000001,4746.48,0.0,0.0,0.0005721774627605356,22940,0.0,0.0,0.06523364485977501,2026-05-05,GOLD
2026-05-07 17:00:00,4746.344999999999,4763.485000000001,4741.38,4762.855,0.0,0.0,0.0005068528051312358,22080,0.0,0.0,0.4714996607101805,2026-05-05,GOLD
2026-05-07 17:00:00,4746.344999999999,4763.485000000001,4741.38,4762.855,0.0,0.0,0.0005068528051312358,22080,0.0,0.0,0.4714996607101805,2026-05-07,GOLD
2026-05-07 17:00:00,4746.344999999999,4763.485000000001,4741.38,4762.855,0.0,0.0,0.0005068528051312358,22080,0.0,0.0,0.4714996607101805,2026-05-06,GOLD
2026-05-07 18:00:00,4762.875,4764.860000000001,4726.27,4729.305,0.0,0.0,0.0005238568495928209,23019,0.0,0.0,-0.42135268204198384,2026-05-05,GOLD
2026-05-07 18:00:00,4762.875,4764.860000000001,4726.27,4729.305,0.0,0.0,0.0005238568495928209,23019,0.0,0.0,-0.42135268204198384,2026-05-07,GOLD
2026-05-07 18:00:00,4762.875,4764.860000000001,4726.27,4729.305,0.0,0.0,0.0005238568495928209,23019,0.0,0.0,-0.42135268204198384,2026-05-06,GOLD
2026-05-07 19:00:00,4729.29,4729.745,4704.71,4715.139999999999,0.0,0.0,0.0005812440180259674,23691,0.0,0.0,-0.0833832634312186,2026-05-06,GOLD
2026-05-07 19:00:00,4729.29,4729.745,4704.71,4715.139999999999,0.0,0.0,0.0005812440180259674,23691,0.0,0.0,-0.0833832634312186,2026-05-07,GOLD
2026-05-07 19:00:00,4729.29,4729.745,4704.71,4715.139999999999,0.0,0.0,0.0005812440180259674,23691,0.0,0.0,-0.0833832634312186,2026-05-05,GOLD
2026-05-07 20:00:00,4715.18,4719.71,4687.85,4711.54,0.0,0.0,0.000709158726059656,23433,0.0,0.0,0.2435655994977837,2026-05-06,GOLD
2026-05-07 20:00:00,4715.18,4719.71,4687.85,4711.54,0.0,0.0,0.000709158726059656,23433,0.0,0.0,0.2435655994977837,2026-05-07,GOLD
2026-05-07 20:00:00,4715.18,4719.71,4687.85,4711.54,0.0,0.0,0.000709158726059656,23433,0.0,0.0,0.2435655994977837,2026-05-05,GOLD
2026-05-07 21:00:00,4711.55,4716.08,4695.61,4709.83,0.0,0.0,0.0005766263517820089,19001,0.0,0.0,0.1946751343429669,2026-05-06,GOLD
2026-05-07 21:00:00,4711.55,4716.08,4695.61,4709.83,0.0,0.0,0.0005766263517820089,19001,0.0,0.0,0.1946751343429669,2026-05-07,GOLD
2026-05-07 21:00:00,4711.55,4716.08,4695.61,4709.83,0.0,0.0,0.0005766263517820089,19001,0.0,0.0,0.1946751343429669,2026-05-05,GOLD
2026-05-07 22:00:00,4709.85,4712.93,4697.995,4703.1,0.0,0.0,0.0004976397918898208,18225,0.0,0.0,-0.15818547037155736,2026-05-05,GOLD
2026-05-07 22:00:00,4709.85,4712.93,4697.995,4703.1,0.0,0.0,0.0004976397918898208,18225,0.0,0.0,-0.15818547037155736,2026-05-06,GOLD
2026-05-07 22:00:00,4709.85,4712.93,4697.995,4703.1,0.0,0.0,0.0004976397918898208,18225,0.0,0.0,-0.15818547037155736,2026-05-07,GOLD
2026-05-07 23:00:00,4703.105,4719.24,4686.495,4687.275,0.0,0.0,0.0006338275992352427,11179,0.0,0.0,-0.47617956939992995,2026-05-07,GOLD
2026-05-07 23:00:00,4703.105,4719.24,4686.495,4687.275,0.0,0.0,0.0006338275992352427,11179,0.0,0.0,-0.47617956939992995,2026-05-05,GOLD
2026-05-07 23:00:00,4703.105,4719.24,4686.495,4687.275,0.0,0.0,0.0006338275992352427,11179,0.0,0.0,-0.47617956939992995,2026-05-06,GOLD
2026-05-08 01:00:00,4680.555,4699.280000000001,4677.195,4685.99,0.0,0.0,0.0006942247213196307,11903,0.0,0.0,-0.10176590446005451,2026-05-05,GOLD
2026-05-08 01:00:00,4680.555,4699.280000000001,4677.195,4685.99,0.0,0.0,0.0006942247213196307,11903,0.0,0.0,-0.10176590446005451,2026-05-07,GOLD
2026-05-08 01:00:00,4680.555,4699.280000000001,4677.195,4685.99,0.0,0.0,0.0006942247213196307,11903,0.0,0.0,-0.10176590446005451,2026-05-06,GOLD
2026-05-08 02:00:00,4685.98,4705.629999999999,4684.629999999999,4704.290000000001,0.0,0.0,0.0003504472940164844,10459,0.0,0.0,0.4361904761905559,2026-05-07,GOLD
2026-05-08 02:00:00,4685.98,4705.629999999999,4684.629999999999,4704.290000000001,0.0,0.0,0.0003504472940164844,10459,0.0,0.0,0.4361904761905559,2026-05-05,GOLD
2026-05-08 02:00:00,4685.98,4705.629999999999,4684.629999999999,4704.290000000001,0.0,0.0,0.0003504472940164844,10459,0.0,0.0,0.4361904761905559,2026-05-06,GOLD
2026-05-08 03:00:00,4704.3099999999995,4709.59,4693.805,4701.38,0.0,0.0,0.0005079571571667305,11640,0.0,0.0,-0.02011403230916136,2026-05-05,GOLD
2026-05-08 03:00:00,4704.3099999999995,4709.59,4693.805,4701.38,0.0,0.0,0.0005079571571667305,11640,0.0,0.0,-0.02011403230916136,2026-05-07,GOLD
2026-05-08 03:00:00,4704.3099999999995,4709.59,4693.805,4701.38,0.0,0.0,0.0005079571571667305,11640,0.0,0.0,-0.02011403230916136,2026-05-06,GOLD
2026-05-08 04:00:00,4701.275,4725.719999999999,4700.57,4723.03,0.0,0.0,0.000566404585636984,15024,0.0,0.0,0.3930417495029965,2026-05-06,GOLD
2026-05-08 04:00:00,4701.275,4725.719999999999,4700.57,4723.03,0.0,0.0,0.000566404585636984,15024,0.0,0.0,0.3930417495029965,2026-05-05,GOLD
2026-05-08 04:00:00,4701.275,4725.719999999999,4700.57,4723.03,0.0,0.0,0.000566404585636984,15024,0.0,0.0,0.3930417495029965,2026-05-07,GOLD
2026-05-08 05:00:00,4723.04,4732.88,4707.3,4713.48,0.0,0.0,0.0005089327695998424,14796,0.0,0.0,-0.25840500390932764,2026-05-06,GOLD
2026-05-08 05:00:00,4723.04,4732.88,4707.3,4713.48,0.0,0.0,0.0005089327695998424,14796,0.0,0.0,-0.25840500390932764,2026-05-05,GOLD
2026-05-08 05:00:00,4723.04,4732.88,4707.3,4713.48,0.0,0.0,0.0005089599007852346,14796,0.0,0.0,-0.25840500390932764,2026-05-08,GOLD
2026-05-08 05:00:00,4723.04,4732.88,4707.3,4713.48,0.0,0.0,0.0005089327695998424,14796,0.0,0.0,-0.25840500390932764,2026-05-07,GOLD
2026-05-08 06:00:00,4713.469999999999,4731.21,4711.375,4719.6849999999995,0.0,0.0,0.0004378189700791225,9257,0.0,0.0,-0.08104360978069422,2026-05-06,GOLD
2026-05-08 06:00:00,4713.469999999999,4731.21,4711.375,4719.6849999999995,0.0,0.0,0.0004378189700791225,9257,0.0,0.0,-0.08104360978069422,2026-05-07,GOLD
2026-05-08 06:00:00,4713.469999999999,4731.21,4711.375,4719.6849999999995,0.0,0.0,0.0004378189700791225,9257,0.0,0.0,-0.08104360978069422,2026-05-05,GOLD
2026-05-08 06:00:00,4713.469999999999,4731.21,4711.375,4719.6849999999995,0.0,0.0,0.0004378189700791225,9257,0.0,0.0,-0.08104360978069422,2026-05-08,GOLD
2026-05-08 07:00:00,4719.72,4723.28,4709.11,4711.12,0.0,0.0,0.0003995830904542599,8428,0.0,0.0,-0.3581510232886233,2026-05-07,GOLD
2026-05-08 07:00:00,4719.72,4723.28,4709.11,4711.12,0.0,0.0,0.0003995830904542599,8428,0.0,0.0,-0.3581510232886233,2026-05-08,GOLD
2026-05-08 07:00:00,4719.72,4723.28,4709.11,4711.12,0.0,0.0,0.0003995830904542599,8428,0.0,0.0,-0.3581510232886233,2026-05-06,GOLD
2026-05-08 07:00:00,4719.72,4723.28,4709.11,4711.12,0.0,0.0,0.0003995830904542599,8428,0.0,0.0,-0.3581510232886233,2026-05-05,GOLD
2026-05-08 08:00:00,4711.1,4731.38,4709.595,4727.62,0.0,0.0,0.0004334419440391543,11242,0.0,0.0,0.3274041771861261,2026-05-08,GOLD
2026-05-08 08:00:00,4711.1,4731.38,4709.595,4727.62,0.0,0.0,0.0004334419440391543,11242,0.0,0.0,0.3274041771861261,2026-05-05,GOLD
2026-05-08 08:00:00,4711.1,4731.38,4709.595,4727.62,0.0,0.0,0.0004334419440391543,11242,0.0,0.0,0.3274041771861261,2026-05-06,GOLD
2026-05-08 08:00:00,4711.1,4731.38,4709.595,4727.62,0.0,0.0,0.0004334419440391543,11242,0.0,0.0,0.3274041771861261,2026-05-07,GOLD
2026-05-08 09:00:00,4727.755,4734.8,4712.7,4725.775,0.0,0.0,0.0005545452443568291,13656,0.0,0.0,0.09162895927600014,2026-05-06,GOLD
2026-05-08 09:00:00,4727.755,4734.8,4712.7,4725.775,0.0,0.0,0.0005545452443568291,13656,0.0,0.0,0.09162895927600014,2026-05-08,GOLD
2026-05-08 09:00:00,4727.755,4734.8,4712.7,4725.775,0.0,0.0,0.0005545452443568291,13656,0.0,0.0,0.09162895927600014,2026-05-07,GOLD
2026-05-08 09:00:00,4727.755,4734.8,4712.7,4725.775,0.0,0.0,0.0005545452443568291,13656,0.0,0.0,0.09162895927600014,2026-05-05,GOLD
2026-05-08 10:00:00,4725.745,4726.505,4697.27,4707.975,0.0,0.0,0.0005805036533622027,15350,0.0,0.0,-0.133829314178225,2026-05-08,GOLD
2026-05-08 10:00:00,4725.745,4726.505,4697.27,4707.975,0.0,0.0,0.0005805036533622027,15350,0.0,0.0,-0.133829314178225,2026-05-06,GOLD
2026-05-08 10:00:00,4725.745,4726.505,4697.27,4707.975,0.0,0.0,0.0005805036533622027,15350,0.0,0.0,-0.133829314178225,2026-05-05,GOLD
2026-05-08 10:00:00,4725.745,4726.505,4697.27,4707.975,0.0,0.0,0.0005805036533622027,15350,0.0,0.0,-0.133829314178225,2026-05-07,GOLD
2026-05-08 11:00:00,4707.96,4723.6,4706.825,4715.73,0.0,0.0,0.0004055570756941518,11531,0.0,0.0,0.030849478390456656,2026-05-06,GOLD
2026-05-08 11:00:00,4707.96,4722.75,4706.825,4718.85,0.0,0.0,0.00043752594110133106,6954,0.0,0.0,0.2551020408163236,2026-05-05,GOLD
2026-05-08 11:00:00,4707.96,4723.6,4706.825,4715.73,0.0,0.0,0.0004055570756941518,11531,0.0,0.0,0.030849478390456656,2026-05-08,GOLD
2026-05-08 11:00:00,4707.96,4723.6,4706.825,4715.73,0.0,0.0,0.0004055570756941518,11531,0.0,0.0,0.030849478390456656,2026-05-07,GOLD
2026-05-08 12:00:00,4715.74,4722.85,4707.53,4712.02,0.0,0.0,0.00040159928740157285,11510,0.0,0.0,-0.20691906005221572,2026-05-06,GOLD
2026-05-08 12:00:00,4715.74,4722.85,4707.53,4712.02,0.0,0.0,0.00040159928740157285,11510,0.0,0.0,-0.20691906005221572,2026-05-08,GOLD
2026-05-08 12:00:00,4715.74,4722.85,4707.53,4712.02,0.0,0.0,0.00040159928740157285,11510,0.0,0.0,-0.20691906005221572,2026-05-07,GOLD
2026-05-08 13:00:00,4712.07,4727.875,4711.275,4719.885,0.0,0.0,0.0003966192030092831,8888,0.0,0.0,0.01867469879520442,2026-05-07,GOLD
2026-05-08 13:00:00,4712.07,4727.875,4711.275,4719.885,0.0,0.0,0.0003966192030092831,8888,0.0,0.0,0.01867469879520442,2026-05-08,GOLD
2026-05-08 13:00:00,4712.07,4727.875,4711.275,4719.885,0.0,0.0,0.0003966192030092831,8888,0.0,0.0,0.01867469879520442,2026-05-06,GOLD
2026-05-08 14:00:00,4719.889999999999,4727.45,4713.74,4717.915,0.0,0.0,0.0003658566361725115,10550,0.0,0.0,-0.19547775346457874,2026-05-06,GOLD
2026-05-08 14:00:00,4719.889999999999,4727.45,4713.74,4717.915,0.0,0.0,0.0003658566361725115,10550,0.0,0.0,-0.19547775346457874,2026-05-08,GOLD
2026-05-08 14:00:00,4719.889999999999,4727.45,4713.74,4717.915,0.0,0.0,0.0003658566361725115,10550,0.0,0.0,-0.19547775346457874,2026-05-07,GOLD
2026-05-08 15:00:00,4717.955,4732.110000000001,4703.015,4724.49,0.0,0.0,0.0006422941182997395,17908,0.0,0.0,0.23809932978173987,2026-05-06,GOLD
2026-05-08 15:00:00,4717.955,4732.110000000001,4703.015,4724.49,0.0,0.0,0.0006422941182997395,17908,0.0,0.0,0.23809932978173987,2026-05-08,GOLD
2026-05-08 15:00:00,4717.955,4732.110000000001,4703.015,4724.49,0.0,0.0,0.0006422941182997395,17908,0.0,0.0,0.23809932978173987,2026-05-07,GOLD
2026-05-08 16:00:00,4724.16,4748.155,4716.645,4748.155,0.0,0.0,0.0005929265807377754,21437,0.0,0.0,0.5000000000000144,2026-05-06,GOLD
2026-05-08 16:00:00,4724.16,4748.155,4716.645,4748.155,0.0,0.0,0.0005929265807377754,21437,0.0,0.0,0.5000000000000144,2026-05-08,GOLD
2026-05-08 16:00:00,4724.16,4748.155,4716.645,4748.155,0.0,0.0,0.0005929265807377754,21437,0.0,0.0,0.5000000000000144,2026-05-07,GOLD
2026-05-08 17:00:00,4747.950000000001,4749.625,4713.46,4716.04,0.0,0.0,0.0006095226710391277,22419,0.0,0.0,-0.42866030692657586,2026-05-08,GOLD
2026-05-08 17:00:00,4747.950000000001,4749.625,4713.46,4716.04,0.0,0.0,0.0006095226710391277,22419,0.0,0.0,-0.42866030692657586,2026-05-07,GOLD
2026-05-08 17:00:00,4747.950000000001,4749.625,4713.46,4716.04,0.0,0.0,0.0006095226710391277,22419,0.0,0.0,-0.42866030692657586,2026-05-06,GOLD
2026-05-08 18:00:00,4715.99,4720.969999999999,4701.995,4707.105,0.0,0.0,0.0004655771413797333,21736,0.0,0.0,-0.23069828722005983,2026-05-07,GOLD
2026-05-08 18:00:00,4715.99,4720.969999999999,4701.995,4707.105,0.0,0.0,0.0004655771413797333,21736,0.0,0.0,-0.23069828722005983,2026-05-06,GOLD
2026-05-08 18:00:00,4715.99,4720.969999999999,4701.995,4707.105,0.0,0.0,0.0004655771413797333,21736,0.0,0.0,-0.23069828722005983,2026-05-08,GOLD
2026-05-08 19:00:00,4707.08,4720.325000000001,4705.48,4712.49,0.0,0.0,0.00034512920152777126,13958,0.0,0.0,-0.0277871337150779,2026-05-07,GOLD
2026-05-08 19:00:00,4707.08,4720.325000000001,4705.48,4712.49,0.0,0.0,0.00034512920152777126,13958,0.0,0.0,-0.0277871337150779,2026-05-06,GOLD
2026-05-08 19:00:00,4707.08,4720.325000000001,4705.48,4712.49,0.0,0.0,0.00034512920152777126,13958,0.0,0.0,-0.0277871337150779,2026-05-08,GOLD
2026-05-08 20:00:00,4712.52,4722.82,4712.26,4720.965,0.0,0.0,0.00033022777496979146,11493,0.0,0.0,0.3243371212121541,2026-05-07,GOLD
2026-05-08 20:00:00,4712.52,4722.82,4712.26,4720.965,0.0,0.0,0.00033022777496979146,11493,0.0,0.0,0.3243371212121541,2026-05-06,GOLD
2026-05-08 20:00:00,4712.52,4722.82,4712.26,4720.965,0.0,0.0,0.00033022777496979146,11493,0.0,0.0,0.3243371212121541,2026-05-08,GOLD
2026-05-08 21:00:00,4721.035,4729.085,4720.0,4722.0,0.0,0.0,0.0003074749277518334,11967,0.0,0.0,-0.279856906989494,2026-05-08,GOLD
2026-05-08 21:00:00,4721.035,4729.085,4720.0,4722.0,0.0,0.0,0.0003074749277518334,11967,0.0,0.0,-0.279856906989494,2026-05-07,GOLD
2026-05-08 21:00:00,4721.035,4729.085,4720.0,4722.0,0.0,0.0,0.0003074749277518334,11967,0.0,0.0,-0.279856906989494,2026-05-06,GOLD
2026-05-08 22:00:00,4721.92,4726.92,4721.085,4724.085,0.0,0.0,0.00025980560480082563,10270,0.0,0.0,0.014138817480638654,2026-05-07,GOLD
2026-05-08 22:00:00,4721.92,4726.92,4721.085,4724.085,0.0,0.0,0.00025980560480082563,10270,0.0,0.0,0.014138817480638654,2026-05-08,GOLD
2026-05-08 22:00:00,4721.92,4726.92,4721.085,4724.085,0.0,0.0,0.00025980560480082563,10270,0.0,0.0,0.014138817480638654,2026-05-06,GOLD
2026-05-08 23:00:00,4724.110000000001,4724.41,4714.57,4715.495,0.0,0.0,0.0002566434902995449,6797,0.0,0.0,-0.4059959349593325,2026-05-06,GOLD
2026-05-08 23:00:00,4724.110000000001,4724.41,4714.57,4715.495,0.0,0.0,0.0002566434902995449,6797,0.0,0.0,-0.4059959349593325,2026-05-07,GOLD
2026-05-08 23:00:00,4724.110000000001,4724.41,4714.57,4715.495,0.0,0.0,0.0002566434902995449,6797,0.0,0.0,-0.4059959349593325,2026-05-08,GOLD
2026-05-11 01:00:00,4682.87,4700.74,4679.045,4691.969999999999,0.0,0.0,0.0007565648397011235,11666,0.0,0.0,0.09575939156485115,2026-05-07,GOLD
2026-05-11 01:00:00,4682.87,4700.74,4679.045,4691.969999999999,0.0,0.0,0.0007566296815374581,11666,0.0,0.0,0.09575939156485115,2026-05-09,GOLD
2026-05-11 01:00:00,4682.87,4700.74,4679.045,4691.969999999999,0.0,0.0,0.0007565648397011235,11666,0.0,0.0,0.09575939156485115,2026-05-08,GOLD
2026-05-11 01:00:00,4682.87,4700.74,4679.045,4691.969999999999,0.0,0.0,0.0007565648397011235,11666,0.0,0.0,0.09575939156485115,2026-05-06,GOLD
2026-05-11 01:00:00,4682.87,4700.74,4679.045,4691.969999999999,0.0,0.0,0.0007566296815374581,11666,0.0,0.0,0.09575939156485115,2026-05-10,GOLD
2026-05-11 02:00:00,4691.959999999999,4698.67,4689.030000000001,4691.66,0.0,0.0,0.0003350570264218204,10778,0.0,0.0,-0.22717842323658108,2026-05-08,GOLD
2026-05-11 02:00:00,4691.959999999999,4698.67,4689.030000000001,4691.66,0.0,0.0,0.0003350570264218204,10778,0.0,0.0,-0.22717842323658108,2026-05-06,GOLD
2026-05-11 02:00:00,4691.959999999999,4698.67,4689.030000000001,4691.66,0.0,0.0,0.0003350570264218204,10778,0.0,0.0,-0.22717842323658108,2026-05-09,GOLD
2026-05-11 02:00:00,4691.959999999999,4698.67,4689.030000000001,4691.66,0.0,0.0,0.0003350570264218204,10778,0.0,0.0,-0.22717842323658108,2026-05-07,GOLD
2026-05-11 02:00:00,4691.959999999999,4698.67,4689.030000000001,4691.66,0.0,0.0,0.0003350570264218204,10778,0.0,0.0,-0.22717842323658108,2026-05-10,GOLD
2026-05-11 03:00:00,4691.68,4693.44,4670.389999999999,4683.6,0.0,0.0,0.000585596723596262,17929,0.0,0.0,0.0731019522777135,2026-05-09,GOLD
2026-05-11 03:00:00,4691.68,4693.44,4670.389999999999,4683.6,0.0,0.0,0.000585596723596262,17929,0.0,0.0,0.0731019522777135,2026-05-06,GOLD
2026-05-11 03:00:00,4691.68,4693.44,4670.389999999999,4683.6,0.0,0.0,0.000585596723596262,17929,0.0,0.0,0.0731019522777135,2026-05-07,GOLD
2026-05-11 03:00:00,4691.68,4693.44,4670.389999999999,4683.6,0.0,0.0,0.000585596723596262,17929,0.0,0.0,0.0731019522777135,2026-05-10,GOLD
2026-05-11 03:00:00,4691.68,4693.44,4670.389999999999,4683.6,0.0,0.0,0.000585596723596262,17929,0.0,0.0,0.0731019522777135,2026-05-08,GOLD
2026-05-11 04:00:00,4683.68,4705.700000000001,4674.780000000001,4685.790000000001,0.0,0.0,0.000741732776048997,21391,0.0,0.0,-0.14391979301422406,2026-05-06,GOLD
2026-05-11 04:00:00,4683.68,4705.700000000001,4674.780000000001,4685.790000000001,0.0,0.0,0.000741732776048997,21391,0.0,0.0,-0.14391979301422406,2026-05-07,GOLD
2026-05-11 04:00:00,4683.68,4705.700000000001,4674.780000000001,4685.790000000001,0.0,0.0,0.000741732776048997,21391,0.0,0.0,-0.14391979301422406,2026-05-09,GOLD
2026-05-11 04:00:00,4683.68,4705.700000000001,4674.780000000001,4685.790000000001,0.0,0.0,0.000741732776048997,21391,0.0,0.0,-0.14391979301422406,2026-05-10,GOLD
2026-05-11 04:00:00,4683.68,4705.700000000001,4674.780000000001,4685.790000000001,0.0,0.0,0.000741732776048997,21391,0.0,0.0,-0.14391979301422406,2026-05-08,GOLD
2026-05-11 05:00:00,4685.76,4700.280000000001,4676.645,4681.82,0.0,0.0,0.0005199654390879501,18572,0.0,0.0,-0.28104506029197274,2026-05-08,GOLD
2026-05-11 05:00:00,4685.76,4700.280000000001,4676.645,4681.82,0.0,0.0,0.0005199910195768547,18572,0.0,0.0,-0.28104506029197274,2026-05-11,GOLD
2026-05-11 05:00:00,4685.76,4700.280000000001,4676.645,4681.82,0.0,0.0,0.0005199654390879501,18572,0.0,0.0,-0.28104506029197274,2026-05-10,GOLD
2026-05-11 05:00:00,4685.76,4700.280000000001,4676.645,4681.82,0.0,0.0,0.0005199654390879501,18572,0.0,0.0,-0.28104506029197274,2026-05-09,GOLD
2026-05-11 05:00:00,4685.76,4700.280000000001,4676.645,4681.82,0.0,0.0,0.0005199654390879501,18572,0.0,0.0,-0.28104506029197274,2026-05-06,GOLD
2026-05-11 05:00:00,4685.76,4700.280000000001,4676.645,4681.82,0.0,0.0,0.0005199654390879501,18572,0.0,0.0,-0.28104506029197274,2026-05-07,GOLD
2026-05-11 06:00:00,4681.65,4690.514999999999,4675.125,4681.155000000001,0.0,0.0,0.0004063442280472007,12751,0.0,0.0,-0.10818713450286661,2026-05-06,GOLD
2026-05-11 06:00:00,4681.65,4690.514999999999,4675.125,4678.879999999999,0.0,0.0,0.0004083304696076241,14526,0.0,0.0,-0.25601039636131634,2026-05-08,GOLD
2026-05-11 06:00:00,4681.65,4690.514999999999,4675.125,4678.879999999999,0.0,0.0,0.0004083304696076241,14526,0.0,0.0,-0.25601039636131634,2026-05-10,GOLD
2026-05-11 06:00:00,4681.65,4690.514999999999,4675.125,4678.879999999999,0.0,0.0,0.0004083304696076241,14526,0.0,0.0,-0.25601039636131634,2026-05-11,GOLD
2026-05-11 06:00:00,4681.65,4690.514999999999,4675.125,4678.879999999999,0.0,0.0,0.0004083304696076241,14526,0.0,0.0,-0.25601039636131634,2026-05-07,GOLD
2026-05-11 06:00:00,4681.65,4690.514999999999,4675.125,4678.879999999999,0.0,0.0,0.0004083304696076241,14526,0.0,0.0,-0.25601039636131634,2026-05-09,GOLD
2026-05-11 07:00:00,4678.780000000001,4679.875,4668.59,4672.200000000001,0.0,0.0,0.00038912936534722534,11262,0.0,0.0,-0.18010633584398505,2026-05-09,GOLD
2026-05-11 07:00:00,4678.780000000001,4679.875,4668.59,4672.200000000001,0.0,0.0,0.00038912936534722534,11262,0.0,0.0,-0.18010633584398505,2026-05-07,GOLD
2026-05-11 07:00:00,4678.780000000001,4679.875,4668.59,4672.200000000001,0.0,0.0,0.00038912936534722534,11262,0.0,0.0,-0.18010633584398505,2026-05-10,GOLD
2026-05-11 07:00:00,4678.780000000001,4679.875,4668.59,4672.200000000001,0.0,0.0,0.00038912936534722534,11262,0.0,0.0,-0.18010633584398505,2026-05-08,GOLD
2026-05-11 07:00:00,4678.780000000001,4679.875,4668.59,4672.200000000001,0.0,0.0,0.00038912936534722534,11262,0.0,0.0,-0.18010633584398505,2026-05-11,GOLD
2026-05-11 08:00:00,4672.1900000000005,4680.790000000001,4648.24,4652.475,0.0,0.0,0.0004967326323262164,15915,0.0,0.0,-0.36989247311826606,2026-05-09,GOLD
2026-05-11 08:00:00,4672.1900000000005,4680.790000000001,4648.24,4652.475,0.0,0.0,0.0004967326323262164,15915,0.0,0.0,-0.36989247311826606,2026-05-07,GOLD
2026-05-11 08:00:00,4672.1900000000005,4680.790000000001,4648.24,4652.475,0.0,0.0,0.0004967326323262164,15915,0.0,0.0,-0.36989247311826606,2026-05-11,GOLD
2026-05-11 08:00:00,4672.1900000000005,4680.790000000001,4648.24,4652.475,0.0,0.0,0.0004967326323262164,15915,0.0,0.0,-0.36989247311826606,2026-05-10,GOLD
2026-05-11 08:00:00,4672.1900000000005,4680.790000000001,4648.24,4652.475,0.0,0.0,0.0004967326323262164,15915,0.0,0.0,-0.36989247311826606,2026-05-08,GOLD
2026-05-11 09:00:00,4652.4349999999995,4680.53,4649.415,4678.605,0.0,0.0,0.0004140496631773124,15528,0.0,0.0,0.43813273340831765,2026-05-09,GOLD
2026-05-11 09:00:00,4652.4349999999995,4680.53,4649.415,4678.605,0.0,0.0,0.0004140496631773124,15528,0.0,0.0,0.43813273340831765,2026-05-07,GOLD
2026-05-11 09:00:00,4652.4349999999995,4680.53,4649.415,4678.605,0.0,0.0,0.0004140496631773124,15528,0.0,0.0,0.43813273340831765,2026-05-10,GOLD
2026-05-11 09:00:00,4652.4349999999995,4680.53,4649.415,4678.605,0.0,0.0,0.0004140496631773124,15528,0.0,0.0,0.43813273340831765,2026-05-11,GOLD
2026-05-11 09:00:00,4652.4349999999995,4680.53,4649.415,4678.605,0.0,0.0,0.0004140496631773124,15528,0.0,0.0,0.43813273340831765,2026-05-08,GOLD
2026-05-11 10:00:00,4678.735000000001,4680.424999999999,4664.415,4667.9,0.0,0.0,0.0003328376461870825,11419,0.0,0.0,-0.2823235477826753,2026-05-11,GOLD
2026-05-11 10:00:00,4678.735000000001,4680.424999999999,4664.415,4667.9,0.0,0.0,0.0003328376461870825,11419,0.0,0.0,-0.2823235477826753,2026-05-10,GOLD
2026-05-11 10:00:00,4678.735000000001,4680.424999999999,4664.415,4667.9,0.0,0.0,0.0003328376461870825,11419,0.0,0.0,-0.2823235477826753,2026-05-09,GOLD
2026-05-11 10:00:00,4678.735000000001,4680.424999999999,4664.415,4667.9,0.0,0.0,0.0003328376461870825,11419,0.0,0.0,-0.2823235477826753,2026-05-08,GOLD
2026-05-11 10:00:00,4678.735000000001,4680.424999999999,4664.415,4667.9,0.0,0.0,0.0003328376461870825,11419,0.0,0.0,-0.2823235477826753,2026-05-07,GOLD
2026-05-11 11:00:00,4667.74,4678.915,4664.255,4667.645,0.0,0.0,0.00032281193020614643,11945,0.0,0.0,-0.2687585266029767,2026-05-07,GOLD
2026-05-11 11:00:00,4667.74,4678.915,4664.255,4667.645,0.0,0.0,0.00032281193020614643,11945,0.0,0.0,-0.2687585266029767,2026-05-11,GOLD
2026-05-11 11:00:00,4667.74,4678.915,4664.255,4667.645,0.0,0.0,0.00032281193020614643,11945,0.0,0.0,-0.2687585266029767,2026-05-10,GOLD
2026-05-11 11:00:00,4667.74,4678.915,4664.255,4667.645,0.0,0.0,0.00032281193020614643,11945,0.0,0.0,-0.2687585266029767,2026-05-08,GOLD
2026-05-11 11:00:00,4667.74,4678.915,4664.255,4667.645,0.0,0.0,0.00032281193020614643,11945,0.0,0.0,-0.2687585266029767,2026-05-09,GOLD
2026-05-11 12:00:00,4667.66,4670.05,4650.620000000001,4656.775,0.0,0.0,0.00036233776854344976,10804,0.0,0.0,-0.1832218219249317,2026-05-10,GOLD
2026-05-11 12:00:00,4667.66,4670.05,4650.620000000001,4656.775,0.0,0.0,0.00036233776854344976,10804,0.0,0.0,-0.1832218219249317,2026-05-09,GOLD
2026-05-11 12:00:00,4667.66,4670.05,4650.620000000001,4656.775,0.0,0.0,0.00036233776854344976,10804,0.0,0.0,-0.1832218219249317,2026-05-11,GOLD
2026-05-11 12:00:00,4667.66,4670.05,4650.620000000001,4656.775,0.0,0.0,0.00036233776854344976,10804,0.0,0.0,-0.1832218219249317,2026-05-08,GOLD
2026-05-11 12:00:00,4667.66,4670.05,4650.620000000001,4656.775,0.0,0.0,0.00036233776854344976,10804,0.0,0.0,-0.1832218219249317,2026-05-07,GOLD
2026-05-11 13:00:00,4656.745,4667.585,4656.389999999999,4664.055,0.0,0.0,0.00029296329090149547,9962,0.0,0.0,0.18468066100945998,2026-05-09,GOLD
2026-05-11 13:00:00,4656.745,4667.585,4656.389999999999,4664.055,0.0,0.0,0.00029296329090149547,9962,0.0,0.0,0.18468066100945998,2026-05-11,GOLD
2026-05-11 13:00:00,4656.745,4667.585,4656.389999999999,4664.055,0.0,0.0,0.00029296329090149547,9962,0.0,0.0,0.18468066100945998,2026-05-08,GOLD
2026-05-11 13:00:00,4656.745,4667.585,4656.389999999999,4664.055,0.0,0.0,0.00029296329090149547,9962,0.0,0.0,0.18468066100945998,2026-05-10,GOLD
2026-05-11 13:00:00,4656.745,4667.585,4656.389999999999,4664.055,0.0,0.0,0.00029296329090149547,9962,0.0,0.0,0.18468066100945998,2026-05-07,GOLD
2026-05-11 14:00:00,4664.135,4677.44,4664.135,4674.605,0.0,0.0,0.00029463389991243524,11518,0.0,0.0,0.2869222096955563,2026-05-07,GOLD
2026-05-11 14:00:00,4664.135,4677.44,4664.135,4674.605,0.0,0.0,0.00029463389991243524,11518,0.0,0.0,0.2869222096955563,2026-05-10,GOLD
2026-05-11 14:00:00,4664.135,4677.44,4664.135,4674.605,0.0,0.0,0.00029463389991243524,11518,0.0,0.0,0.2869222096955563,2026-05-08,GOLD
2026-05-11 14:00:00,4664.135,4677.44,4664.135,4674.605,0.0,0.0,0.00029463389991243524,11518,0.0,0.0,0.2869222096955563,2026-05-11,GOLD
2026-05-11 14:00:00,4664.135,4677.44,4664.135,4674.605,0.0,0.0,0.00029463389991243524,11518,0.0,0.0,0.2869222096955563,2026-05-09,GOLD
2026-05-11 15:00:00,4674.8,4701.05,4667.530000000001,4700.045,0.0,0.0,0.0005039074112411116,18809,0.0,0.0,0.47001789976131925,2026-05-10,GOLD
2026-05-11 15:00:00,4674.8,4701.05,4667.530000000001,4700.045,0.0,0.0,0.0005039074112411116,18809,0.0,0.0,0.47001789976131925,2026-05-08,GOLD
2026-05-11 15:00:00,4674.8,4701.05,4667.530000000001,4700.045,0.0,0.0,0.0005039074112411116,18809,0.0,0.0,0.47001789976131925,2026-05-11,GOLD
2026-05-11 15:00:00,4674.8,4701.05,4667.530000000001,4700.045,0.0,0.0,0.0005039074112411116,18809,0.0,0.0,0.47001789976131925,2026-05-09,GOLD
2026-05-11 15:00:00,4674.8,4701.05,4667.530000000001,4700.045,0.0,0.0,0.0005039074112411116,18809,0.0,0.0,0.47001789976131925,2026-05-07,GOLD
2026-05-11 16:00:00,4700.365,4748.6900000000005,4698.82,4736.335,0.0,0.0,0.000562920593426271,25777,0.0,0.0,0.2522558652496436,2026-05-08,GOLD
2026-05-11 16:00:00,4700.365,4748.6900000000005,4698.82,4736.335,0.0,0.0,0.000562920593426271,25777,0.0,0.0,0.2522558652496436,2026-05-11,GOLD
2026-05-11 16:00:00,4700.365,4748.6900000000005,4698.82,4736.335,0.0,0.0,0.000562920593426271,25777,0.0,0.0,0.2522558652496436,2026-05-07,GOLD
2026-05-11 16:00:00,4700.365,4748.6900000000005,4698.82,4736.335,0.0,0.0,0.000562920593426271,25777,0.0,0.0,0.2522558652496436,2026-05-09,GOLD
2026-05-11 16:00:00,4700.365,4748.6900000000005,4698.82,4736.335,0.0,0.0,0.000562920593426271,25777,0.0,0.0,0.2522558652496436,2026-05-10,GOLD
2026-05-11 17:00:00,4736.360000000001,4738.629999999999,4715.405000000001,4725.735000000001,0.0,0.0,0.00046664646051897097,22968,0.0,0.0,-0.05522066738425944,2026-05-10,GOLD
2026-05-11 17:00:00,4736.360000000001,4738.629999999999,4715.405000000001,4725.735000000001,0.0,0.0,0.00046664646051897097,22968,0.0,0.0,-0.05522066738425944,2026-05-09,GOLD
2026-05-11 17:00:00,4736.360000000001,4738.629999999999,4715.405000000001,4725.735000000001,0.0,0.0,0.00046664646051897097,22968,0.0,0.0,-0.05522066738425944,2026-05-08,GOLD
2026-05-11 17:00:00,4736.360000000001,4738.629999999999,4715.405000000001,4725.735000000001,0.0,0.0,0.00046664646051897097,22968,0.0,0.0,-0.05522066738425944,2026-05-11,GOLD
2026-05-11 17:00:00,4736.360000000001,4738.629999999999,4715.405000000001,4725.735000000001,0.0,0.0,0.00046664646051897097,22968,0.0,0.0,-0.05522066738425944,2026-05-07,GOLD
2026-05-11 18:00:00,4725.71,4738.389999999999,4723.01,4732.26,0.0,0.0,0.00034259207010633314,17231,0.0,0.0,0.10143042912876991,2026-05-09,GOLD
2026-05-11 18:00:00,4725.71,4738.389999999999,4723.01,4732.26,0.0,0.0,0.00034259207010633314,17231,0.0,0.0,0.10143042912876991,2026-05-10,GOLD
2026-05-11 18:00:00,4725.71,4738.389999999999,4723.01,4732.26,0.0,0.0,0.00034259207010633314,17231,0.0,0.0,0.10143042912876991,2026-05-11,GOLD
2026-05-11 18:00:00,4725.71,4738.389999999999,4723.01,4732.26,0.0,0.0,0.00034259207010633314,17231,0.0,0.0,0.10143042912876991,2026-05-08,GOLD
2026-05-11 18:00:00,4725.71,4738.389999999999,4723.01,4732.26,0.0,0.0,0.00034259207010633314,17231,0.0,0.0,0.10143042912876991,2026-05-07,GOLD
2026-05-11 19:00:00,4732.25,4733.57,4708.08,4716.5650000000005,0.0,0.0,0.00036952822522882446,15693,0.0,0.0,-0.16712436249507043,2026-05-07,GOLD
2026-05-11 19:00:00,4732.25,4733.57,4708.08,4716.5650000000005,0.0,0.0,0.00036952822522882446,15693,0.0,0.0,-0.16712436249507043,2026-05-10,GOLD
2026-05-11 19:00:00,4732.25,4733.57,4708.08,4716.5650000000005,0.0,0.0,0.00036952822522882446,15693,0.0,0.0,-0.16712436249507043,2026-05-08,GOLD
2026-05-11 19:00:00,4732.25,4733.57,4708.08,4716.5650000000005,0.0,0.0,0.00036952822522882446,15693,0.0,0.0,-0.16712436249507043,2026-05-11,GOLD
2026-05-11 19:00:00,4732.25,4733.57,4708.08,4716.5650000000005,0.0,0.0,0.00036952822522882446,15693,0.0,0.0,-0.16712436249507043,2026-05-09,GOLD
2026-05-11 20:00:00,4716.555,4724.695,4716.030000000001,4723.745,0.0,0.0,0.0002451427395453311,12547,0.0,0.0,0.3903635314483645,2026-05-08,GOLD
2026-05-11 20:00:00,4716.555,4724.695,4716.030000000001,4723.745,0.0,0.0,0.0002451427395453311,12547,0.0,0.0,0.3903635314483645,2026-05-09,GOLD
2026-05-11 20:00:00,4716.555,4724.695,4716.030000000001,4723.745,0.0,0.0,0.0002451427395453311,12547,0.0,0.0,0.3903635314483645,2026-05-11,GOLD
2026-05-11 20:00:00,4716.555,4724.695,4716.030000000001,4723.745,0.0,0.0,0.0002451427395453311,12547,0.0,0.0,0.3903635314483645,2026-05-10,GOLD
2026-05-11 20:00:00,4716.555,4724.695,4716.030000000001,4723.745,0.0,0.0,0.0002451427395453311,12547,0.0,0.0,0.3903635314483645,2026-05-07,GOLD
2026-05-11 21:00:00,4723.764999999999,4729.5,4721.04,4725.030000000001,0.0,0.0,0.0002277109144472079,10935,0.0,0.0,-0.02836879432621521,2026-05-08,GOLD
2026-05-11 21:00:00,4723.764999999999,4729.5,4721.04,4725.030000000001,0.0,0.0,0.0002277109144472079,10935,0.0,0.0,-0.02836879432621521,2026-05-09,GOLD
2026-05-11 21:00:00,4723.764999999999,4729.5,4721.04,4725.030000000001,0.0,0.0,0.0002277109144472079,10935,0.0,0.0,-0.02836879432621521,2026-05-07,GOLD
2026-05-11 21:00:00,4723.764999999999,4729.5,4721.04,4725.030000000001,0.0,0.0,0.0002277109144472079,10935,0.0,0.0,-0.02836879432621521,2026-05-10,GOLD
2026-05-11 21:00:00,4723.764999999999,4729.5,4721.04,4725.030000000001,0.0,0.0,0.0002277109144472079,10935,0.0,0.0,-0.02836879432621521,2026-05-11,GOLD
2026-05-11 22:00:00,4725.17,4736.265,4722.545,4733.67,0.0,0.0,0.00024488465494394284,11499,0.0,0.0,0.3108600583089897,2026-05-11,GOLD
2026-05-11 22:00:00,4725.17,4736.265,4722.545,4733.67,0.0,0.0,0.00024488465494394284,11499,0.0,0.0,0.3108600583089897,2026-05-07,GOLD
2026-05-11 22:00:00,4725.17,4736.265,4722.545,4733.67,0.0,0.0,0.00024488465494394284,11499,0.0,0.0,0.3108600583089897,2026-05-10,GOLD
2026-05-11 22:00:00,4725.17,4736.265,4722.545,4733.67,0.0,0.0,0.00024488465494394284,11499,0.0,0.0,0.3108600583089897,2026-05-08,GOLD
2026-05-11 22:00:00,4725.17,4736.265,4722.545,4733.67,0.0,0.0,0.00024488465494394284,11499,0.0,0.0,0.3108600583089897,2026-05-09,GOLD
2026-05-11 23:00:00,4733.775,4738.674999999999,4730.09,4734.844999999999,0.0,0.0,0.0002450264618094272,5653,0.0,0.0,0.053873034362222856,2026-05-07,GOLD
2026-05-11 23:00:00,4733.775,4738.674999999999,4730.09,4734.844999999999,0.0,0.0,0.0002450264618094272,5653,0.0,0.0,0.053873034362222856,2026-05-10,GOLD
2026-05-11 23:00:00,4733.775,4738.674999999999,4730.09,4734.844999999999,0.0,0.0,0.0002450264618094272,5653,0.0,0.0,0.053873034362222856,2026-05-08,GOLD
2026-05-11 23:00:00,4733.775,4738.674999999999,4730.09,4734.844999999999,0.0,0.0,0.0002450264618094272,5653,0.0,0.0,0.053873034362222856,2026-05-09,GOLD
2026-05-11 23:00:00,4733.775,4738.674999999999,4730.09,4734.844999999999,0.0,0.0,0.0002450264618094272,5653,0.0,0.0,0.053873034362222856,2026-05-11,GOLD
2026-05-12 01:00:00,4737.8150000000005,4755.110000000001,4737.405,4750.950000000001,0.0,0.0,0.0004652246793146456,8386,0.0,0.0,0.2650381248235412,2026-05-07,GOLD
2026-05-12 01:00:00,4737.8150000000005,4755.110000000001,4737.405,4750.950000000001,0.0,0.0,0.0004652246793146456,8386,0.0,0.0,0.2650381248235412,2026-05-11,GOLD
2026-05-12 01:00:00,4737.8150000000005,4755.110000000001,4737.405,4750.950000000001,0.0,0.0,0.0004652246793146456,8386,0.0,0.0,0.2650381248235412,2026-05-08,GOLD
2026-05-12 01:00:00,4737.8150000000005,4755.110000000001,4737.405,4750.950000000001,0.0,0.0,0.0004652246793146456,8386,0.0,0.0,0.2650381248235412,2026-05-10,GOLD
2026-05-12 01:00:00,4737.8150000000005,4755.110000000001,4737.405,4750.950000000001,0.0,0.0,0.0004652246793146456,8386,0.0,0.0,0.2650381248235412,2026-05-09,GOLD
2026-05-12 02:00:00,4751.174999999999,4769.610000000001,4746.219999999999,4767.450000000001,0.0,0.0,0.00041191782960551724,11094,0.0,0.0,0.407652843095351,2026-05-08,GOLD
2026-05-12 02:00:00,4751.174999999999,4769.610000000001,4746.219999999999,4767.450000000001,0.0,0.0,0.00041191782960551724,11094,0.0,0.0,0.407652843095351,2026-05-10,GOLD
2026-05-12 02:00:00,4751.174999999999,4769.610000000001,4746.219999999999,4767.450000000001,0.0,0.0,0.00041191782960551724,11094,0.0,0.0,0.407652843095351,2026-05-07,GOLD
2026-05-12 02:00:00,4751.174999999999,4769.610000000001,4746.219999999999,4767.450000000001,0.0,0.0,0.00041191782960551724,11094,0.0,0.0,0.407652843095351,2026-05-09,GOLD
2026-05-12 02:00:00,4751.174999999999,4769.610000000001,4746.219999999999,4767.450000000001,0.0,0.0,0.00041191782960551724,11094,0.0,0.0,0.407652843095351,2026-05-11,GOLD
2026-05-12 03:00:00,4767.405000000001,4773.575,4748.709999999999,4749.370000000001,0.0,0.0,0.0005267343158056168,15998,0.0,0.0,-0.4734566659963322,2026-05-09,GOLD
2026-05-12 03:00:00,4767.405000000001,4773.575,4748.709999999999,4749.370000000001,0.0,0.0,0.0005267343158056168,15998,0.0,0.0,-0.4734566659963322,2026-05-10,GOLD
2026-05-12 03:00:00,4767.405000000001,4773.575,4748.709999999999,4749.370000000001,0.0,0.0,0.0005267343158056168,15998,0.0,0.0,-0.4734566659963322,2026-05-07,GOLD
2026-05-12 03:00:00,4767.405000000001,4773.575,4748.709999999999,4749.370000000001,0.0,0.0,0.0005267343158056168,15998,0.0,0.0,-0.4734566659963322,2026-05-08,GOLD
2026-05-12 03:00:00,4767.405000000001,4773.575,4748.709999999999,4749.370000000001,0.0,0.0,0.0005267343158056168,15998,0.0,0.0,-0.4734566659963322,2026-05-11,GOLD
2026-05-12 04:00:00,4749.41,4755.58,4720.405000000001,4727.23,0.0,0.0,0.0006266202828002569,22332,0.0,0.0,-0.30597014925375837,2026-05-10,GOLD
2026-05-12 04:00:00,4749.41,4755.58,4720.405000000001,4727.23,0.0,0.0,0.0006266202828002569,22332,0.0,0.0,-0.30597014925375837,2026-05-08,GOLD
2026-05-12 04:00:00,4749.41,4755.58,4720.405000000001,4727.23,0.0,0.0,0.0006266202828002569,22332,0.0,0.0,-0.30597014925375837,2026-05-07,GOLD
2026-05-12 04:00:00,4749.41,4755.58,4720.405000000001,4727.23,0.0,0.0,0.0006266202828002569,22332,0.0,0.0,-0.30597014925375837,2026-05-11,GOLD
2026-05-12 04:00:00,4749.41,4755.58,4720.405000000001,4727.23,0.0,0.0,0.0006266202828002569,22332,0.0,0.0,-0.30597014925375837,2026-05-09,GOLD
2026-05-12 05:00:00,4727.17,4734.01,4722.34,4730.129999999999,0.0,0.0,0.0004856297659962815,15605,0.0,0.0,0.167523564695716,2026-05-08,GOLD
2026-05-12 05:00:00,4727.17,4734.01,4722.34,4730.129999999999,0.0,0.0,0.0004856297659962815,15605,0.0,0.0,0.167523564695716,2026-05-10,GOLD
2026-05-12 05:00:00,4727.17,4734.01,4722.34,4730.129999999999,0.0,0.0,0.0004856297659962815,15605,0.0,0.0,0.167523564695716,2026-05-09,GOLD
2026-05-12 05:00:00,4727.17,4734.01,4725.459999999999,4727.43,0.0,0.0,0.0004689472648481478,5988,0.0,0.0,-0.2695906432747471,2026-05-07,GOLD
2026-05-12 05:00:00,4727.17,4734.01,4722.34,4730.129999999999,0.0,0.0,0.00048565579519182887,15605,0.0,0.0,0.167523564695716,2026-05-12,GOLD
2026-05-12 05:00:00,4727.17,4734.01,4722.34,4730.129999999999,0.0,0.0,0.0004856297659962815,15605,0.0,0.0,0.167523564695716,2026-05-11,GOLD
2026-05-12 06:00:00,4730.07,4733.23,4718.27,4720.3099999999995,0.0,0.0,0.00042243765764809034,10155,0.0,0.0,-0.3636363636364189,2026-05-10,GOLD
2026-05-12 06:00:00,4730.07,4733.23,4718.27,4720.3099999999995,0.0,0.0,0.00042243765764809034,10155,0.0,0.0,-0.3636363636364189,2026-05-08,GOLD
2026-05-12 06:00:00,4730.07,4733.23,4718.27,4720.3099999999995,0.0,0.0,0.00042243765764809034,10155,0.0,0.0,-0.3636363636364189,2026-05-12,GOLD
2026-05-12 06:00:00,4730.07,4733.23,4718.27,4720.3099999999995,0.0,0.0,0.00042243765764809034,10155,0.0,0.0,-0.3636363636364189,2026-05-11,GOLD
2026-05-12 06:00:00,4730.07,4733.23,4718.27,4720.3099999999995,0.0,0.0,0.00042243765764809034,10155,0.0,0.0,-0.3636363636364189,2026-05-09,GOLD
2026-05-12 07:00:00,4720.32,4730.445,4711.285,4714.25,0.0,0.0,0.00041864661767320317,8787,0.0,0.0,-0.3452505219206593,2026-05-08,GOLD
2026-05-12 07:00:00,4720.32,4730.445,4711.285,4714.25,0.0,0.0,0.00041864661767320317,8787,0.0,0.0,-0.3452505219206593,2026-05-11,GOLD
2026-05-12 07:00:00,4720.32,4730.445,4711.285,4714.25,0.0,0.0,0.00041864661767320317,8787,0.0,0.0,-0.3452505219206593,2026-05-09,GOLD
2026-05-12 07:00:00,4720.32,4730.445,4711.285,4714.25,0.0,0.0,0.00041864661767320317,8787,0.0,0.0,-0.3452505219206593,2026-05-12,GOLD
2026-05-12 07:00:00,4720.32,4730.445,4711.285,4714.25,0.0,0.0,0.00041864661767320317,8787,0.0,0.0,-0.3452505219206593,2026-05-10,GOLD
2026-05-12 08:00:00,4714.15,4722.305,4708.719999999999,4714.42,0.0,0.0,0.00042645661073299036,17460,0.0,0.0,-0.08041958041955607,2026-05-09,GOLD
2026-05-12 08:00:00,4714.15,4722.305,4708.719999999999,4714.42,0.0,0.0,0.00042645661073299036,17460,0.0,0.0,-0.08041958041955607,2026-05-11,GOLD
2026-05-12 08:00:00,4714.15,4722.305,4708.719999999999,4714.42,0.0,0.0,0.00042645661073299036,17460,0.0,0.0,-0.08041958041955607,2026-05-10,GOLD
2026-05-12 08:00:00,4714.15,4722.305,4708.719999999999,4714.42,0.0,0.0,0.00042645661073299036,17460,0.0,0.0,-0.08041958041955607,2026-05-08,GOLD
2026-05-12 08:00:00,4714.15,4722.305,4708.719999999999,4714.42,0.0,0.0,0.00042645661073299036,17460,0.0,0.0,-0.08041958041955607,2026-05-12,GOLD
2026-05-12 09:00:00,4714.18,4714.535,4694.620000000001,4697.3099999999995,0.0,0.0,0.00041954543040122644,17146,0.0,0.0,-0.36492593522476435,2026-05-12,GOLD
2026-05-12 09:00:00,4714.18,4714.535,4694.620000000001,4697.3099999999995,0.0,0.0,0.00041954543040122644,17146,0.0,0.0,-0.36492593522476435,2026-05-10,GOLD
2026-05-12 09:00:00,4714.18,4714.535,4694.620000000001,4697.3099999999995,0.0,0.0,0.00041954543040122644,17146,0.0,0.0,-0.36492593522476435,2026-05-09,GOLD
2026-05-12 09:00:00,4714.18,4714.535,4694.620000000001,4697.3099999999995,0.0,0.0,0.00041954543040122644,17146,0.0,0.0,-0.36492593522476435,2026-05-08,GOLD
2026-05-12 09:00:00,4714.18,4714.535,4694.620000000001,4697.3099999999995,0.0,0.0,0.00041954543040122644,17146,0.0,0.0,-0.36492593522476435,2026-05-11,GOLD
2026-05-12 10:00:00,4697.23,4703.865,4687.52,4699.889999999999,0.0,0.0,0.00034210394091645685,13792,0.0,0.0,0.25680636280204816,2026-05-10,GOLD
2026-05-12 10:00:00,4697.23,4703.865,4687.52,4699.889999999999,0.0,0.0,0.00034210394091645685,13792,0.0,0.0,0.25680636280204816,2026-05-09,GOLD
2026-05-12 10:00:00,4697.23,4703.865,4687.52,4699.889999999999,0.0,0.0,0.00034210394091645685,13792,0.0,0.0,0.25680636280204816,2026-05-11,GOLD
2026-05-12 10:00:00,4697.23,4703.865,4687.52,4699.889999999999,0.0,0.0,0.00034210394091645685,13792,0.0,0.0,0.25680636280204816,2026-05-08,GOLD
2026-05-12 10:00:00,4697.23,4703.865,4687.52,4699.889999999999,0.0,0.0,0.00034210394091645685,13792,0.0,0.0,0.25680636280204816,2026-05-12,GOLD
2026-05-12 11:00:00,4699.780000000001,4706.905000000001,4697.225,4703.575000000001,0.0,0.0,0.00028583623896828475,12619,0.0,0.0,0.15599173553720794,2026-05-10,GOLD
2026-05-12 11:00:00,4699.780000000001,4706.905000000001,4697.225,4703.575000000001,0.0,0.0,0.00028583623896828475,12619,0.0,0.0,0.15599173553720794,2026-05-08,GOLD
2026-05-12 11:00:00,4699.780000000001,4706.905000000001,4697.225,4703.575000000001,0.0,0.0,0.00028583623896828475,12619,0.0,0.0,0.15599173553720794,2026-05-11,GOLD
2026-05-12 11:00:00,4699.780000000001,4706.905000000001,4697.225,4703.575000000001,0.0,0.0,0.00028583623896828475,12619,0.0,0.0,0.15599173553720794,2026-05-12,GOLD
2026-05-12 11:00:00,4699.780000000001,4706.905000000001,4697.225,4703.575000000001,0.0,0.0,0.00028583623896828475,12619,0.0,0.0,0.15599173553720794,2026-05-09,GOLD
2026-05-12 12:00:00,4703.555,4705.365,4694.395,4699.59,0.0,0.0,0.0003042764769125756,12144,0.0,0.0,-0.02643573381950601,2026-05-10,GOLD
2026-05-12 12:00:00,4703.555,4705.365,4694.395,4699.59,0.0,0.0,0.0003042764769125756,12144,0.0,0.0,-0.02643573381950601,2026-05-08,GOLD
2026-05-12 12:00:00,4703.555,4705.365,4694.395,4699.59,0.0,0.0,0.0003042764769125756,12144,0.0,0.0,-0.02643573381950601,2026-05-11,GOLD
2026-05-12 12:00:00,4703.555,4705.365,4694.395,4699.59,0.0,0.0,0.0003042764769125756,12144,0.0,0.0,-0.02643573381950601,2026-05-12,GOLD
2026-05-12 12:00:00,4703.555,4705.365,4694.395,4699.59,0.0,0.0,0.0003042764769125756,12144,0.0,0.0,-0.02643573381950601,2026-05-09,GOLD
2026-05-12 13:00:00,4699.585,4708.5,4685.29,4694.445,0.0,0.0,0.00035784859898467893,13028,0.0,0.0,-0.10555794915987608,2026-05-10,GOLD
2026-05-12 13:00:00,4699.585,4708.5,4685.29,4694.445,0.0,0.0,0.00035784859898467893,13028,0.0,0.0,-0.10555794915987608,2026-05-11,GOLD
2026-05-12 13:00:00,4699.585,4708.5,4685.29,4694.445,0.0,0.0,0.00035784859898467893,13028,0.0,0.0,-0.10555794915987608,2026-05-12,GOLD
2026-05-12 13:00:00,4699.585,4708.5,4685.29,4694.445,0.0,0.0,0.00035784859898467893,13028,0.0,0.0,-0.10555794915987608,2026-05-09,GOLD
2026-05-12 13:00:00,4699.585,4708.5,4685.29,4694.445,0.0,0.0,0.00035784859898467893,13028,0.0,0.0,-0.10555794915987608,2026-05-08,GOLD
2026-05-12 14:00:00,4694.46,4709.385,4687.295,4706.755,0.0,0.0,0.00033829997022004,13583,0.0,0.0,0.3809416025350796,2026-05-12,GOLD
2026-05-12 14:00:00,4694.46,4709.385,4687.295,4706.755,0.0,0.0,0.00033829997022004,13583,0.0,0.0,0.3809416025350796,2026-05-09,GOLD
2026-05-12 14:00:00,4694.46,4709.385,4687.295,4706.755,0.0,0.0,0.00033829997022004,13583,0.0,0.0,0.3809416025350796,2026-05-08,GOLD
2026-05-12 14:00:00,4694.46,4709.385,4687.295,4706.755,0.0,0.0,0.00033829997022004,13583,0.0,0.0,0.3809416025350796,2026-05-10,GOLD
2026-05-12 14:00:00,4694.46,4709.385,4687.295,4706.755,0.0,0.0,0.00033829997022004,13583,0.0,0.0,0.3809416025350796,2026-05-11,GOLD
2026-05-12 15:00:00,4706.764999999999,4711.725,4689.780000000001,4705.84,0.0,0.0,0.00047975353245507214,17782,0.0,0.0,0.2318295739348236,2026-05-11,GOLD
2026-05-12 15:00:00,4706.764999999999,4711.725,4689.780000000001,4705.84,0.0,0.0,0.00047975353245507214,17782,0.0,0.0,0.2318295739348236,2026-05-10,GOLD
2026-05-12 15:00:00,4706.764999999999,4711.725,4689.780000000001,4705.84,0.0,0.0,0.00047975353245507214,17782,0.0,0.0,0.2318295739348236,2026-05-12,GOLD
2026-05-12 15:00:00,4706.764999999999,4711.725,4689.780000000001,4705.84,0.0,0.0,0.00047975353245507214,17782,0.0,0.0,0.2318295739348236,2026-05-08,GOLD
2026-05-12 15:00:00,4706.764999999999,4711.725,4689.780000000001,4705.84,0.0,0.0,0.00047975353245507214,17782,0.0,0.0,0.2318295739348236,2026-05-09,GOLD
2026-05-12 16:00:00,4705.765,4709.075,4677.094999999999,4679.219999999999,0.0,0.0,0.0005402729818954694,25656,0.0,0.0,-0.4335522201375728,2026-05-12,GOLD
2026-05-12 16:00:00,4705.765,4709.075,4677.094999999999,4679.219999999999,0.0,0.0,0.0005402729818954694,25656,0.0,0.0,-0.4335522201375728,2026-05-10,GOLD
2026-05-12 16:00:00,4705.765,4709.075,4677.094999999999,4679.219999999999,0.0,0.0,0.0005402729818954694,25656,0.0,0.0,-0.4335522201375728,2026-05-08,GOLD
2026-05-12 16:00:00,4705.765,4709.075,4677.094999999999,4679.219999999999,0.0,0.0,0.0005402729818954694,25656,0.0,0.0,-0.4335522201375728,2026-05-09,GOLD
2026-05-12 16:00:00,4705.765,4709.075,4677.094999999999,4679.219999999999,0.0,0.0,0.0005402729818954694,25656,0.0,0.0,-0.4335522201375728,2026-05-11,GOLD
2026-05-12 17:00:00,4679.295,4695.17,4669.905000000001,4672.955,0.0,0.0,0.0004934164946893793,24969,0.0,0.0,-0.37927963585991126,2026-05-12,GOLD
2026-05-12 17:00:00,4679.295,4695.17,4669.905000000001,4672.955,0.0,0.0,0.0004934164946893793,24969,0.0,0.0,-0.37927963585991126,2026-05-10,GOLD
2026-05-12 17:00:00,4679.295,4695.17,4669.905000000001,4672.955,0.0,0.0,0.0004934164946893793,24969,0.0,0.0,-0.37927963585991126,2026-05-11,GOLD
2026-05-12 17:00:00,4679.295,4695.17,4669.905000000001,4672.955,0.0,0.0,0.0004934164946893793,24969,0.0,0.0,-0.37927963585991126,2026-05-08,GOLD
2026-05-12 17:00:00,4679.295,4695.17,4669.905000000001,4672.955,0.0,0.0,0.0004934164946893793,24969,0.0,0.0,-0.37927963585991126,2026-05-09,GOLD
2026-05-12 18:00:00,4672.785,4676.2,4638.41,4666.155,0.0,0.0,0.0005173208132942918,23718,0.0,0.0,0.23418893887270342,2026-05-12,GOLD
2026-05-12 18:00:00,4672.785,4676.2,4638.41,4666.155,0.0,0.0,0.0005173208132942918,23718,0.0,0.0,0.23418893887270342,2026-05-08,GOLD
2026-05-12 18:00:00,4672.785,4676.2,4638.41,4666.155,0.0,0.0,0.0005173208132942918,23718,0.0,0.0,0.23418893887270342,2026-05-11,GOLD
2026-05-12 18:00:00,4672.785,4676.2,4638.41,4666.155,0.0,0.0,0.0005173208132942918,23718,0.0,0.0,0.23418893887270342,2026-05-10,GOLD
2026-05-12 18:00:00,4672.785,4676.2,4638.41,4666.155,0.0,0.0,0.0005173208132942918,23718,0.0,0.0,0.23418893887270342,2026-05-09,GOLD
2026-05-12 19:00:00,4666.5599999999995,4675.115,4664.280000000001,4671.245,0.0,0.0,0.0003016744175166993,16432,0.0,0.0,0.14282418089522816,2026-05-12,GOLD
2026-05-12 19:00:00,4666.5599999999995,4675.115,4664.280000000001,4671.245,0.0,0.0,0.0003016744175166993,16432,0.0,0.0,0.14282418089522816,2026-05-10,GOLD
2026-05-12 19:00:00,4666.5599999999995,4675.115,4664.280000000001,4671.245,0.0,0.0,0.0003016744175166993,16432,0.0,0.0,0.14282418089522816,2026-05-08,GOLD
2026-05-12 19:00:00,4666.5599999999995,4675.115,4664.280000000001,4671.245,0.0,0.0,0.0003016744175166993,16432,0.0,0.0,0.14282418089522816,2026-05-09,GOLD
2026-05-12 19:00:00,4666.5599999999995,4675.115,4664.280000000001,4671.245,0.0,0.0,0.0003016744175166993,16432,0.0,0.0,0.14282418089522816,2026-05-11,GOLD
2026-05-12 20:00:00,4671.51,4682.505,4671.385,4678.99,0.0,0.0,0.0002806617946453163,14486,0.0,0.0,0.18390287769785008,2026-05-08,GOLD
2026-05-12 20:00:00,4671.51,4682.505,4671.385,4678.99,0.0,0.0,0.0002806617946453163,14486,0.0,0.0,0.18390287769785008,2026-05-12,GOLD
2026-05-12 20:00:00,4671.51,4682.505,4671.385,4678.99,0.0,0.0,0.0002806617946453163,14486,0.0,0.0,0.18390287769785008,2026-05-11,GOLD
2026-05-12 20:00:00,4671.51,4682.505,4671.385,4678.99,0.0,0.0,0.0002806617946453163,14486,0.0,0.0,0.18390287769785008,2026-05-09,GOLD
2026-05-12 20:00:00,4671.51,4682.505,4671.385,4678.99,0.0,0.0,0.0002806617946453163,14486,0.0,0.0,0.18390287769785008,2026-05-10,GOLD
2026-05-12 21:00:00,4679.025,4698.35,4676.35,4696.18,0.0,0.0,0.0003198972132184837,18191,0.0,0.0,0.40136363636363304,2026-05-11,GOLD
2026-05-12 21:00:00,4679.025,4698.35,4676.35,4696.18,0.0,0.0,0.0003198972132184837,18191,0.0,0.0,0.40136363636363304,2026-05-08,GOLD
2026-05-12 21:00:00,4679.025,4698.35,4676.35,4696.18,0.0,0.0,0.0003198972132184837,18191,0.0,0.0,0.40136363636363304,2026-05-12,GOLD
2026-05-12 21:00:00,4679.025,4698.35,4676.35,4696.18,0.0,0.0,0.0003198972132184837,18191,0.0,0.0,0.40136363636363304,2026-05-09,GOLD
2026-05-12 21:00:00,4679.025,4698.35,4676.35,4696.18,0.0,0.0,0.0003198972132184837,18191,0.0,0.0,0.40136363636363304,2026-05-10,GOLD
2026-05-12 22:00:00,4696.285,4715.844999999999,4696.285,4715.83,0.0,0.0,0.00027401071433955386,14425,0.0,0.0,0.4992331288343856,2026-05-10,GOLD
2026-05-12 22:00:00,4696.285,4715.844999999999,4696.285,4715.83,0.0,0.0,0.00027401071433955386,14425,0.0,0.0,0.4992331288343856,2026-05-09,GOLD
2026-05-12 22:00:00,4696.285,4715.844999999999,4696.285,4715.83,0.0,0.0,0.00027401071433955386,14425,0.0,0.0,0.4992331288343856,2026-05-08,GOLD
2026-05-12 22:00:00,4696.285,4715.844999999999,4696.285,4715.83,0.0,0.0,0.00027401071433955386,14425,0.0,0.0,0.4992331288343856,2026-05-11,GOLD
2026-05-12 22:00:00,4696.285,4715.844999999999,4696.285,4715.83,0.0,0.0,0.00027401071433955386,14425,0.0,0.0,0.4992331288343856,2026-05-12,GOLD
2026-05-12 23:00:00,4715.77,4719.395,4712.285,4715.295,0.0,0.0,0.00022061997778410875,6856,0.0,0.0,-0.07665260196906162,2026-05-10,GOLD
2026-05-12 23:00:00,4715.77,4719.395,4712.285,4715.295,0.0,0.0,0.00022061997778410875,6856,0.0,0.0,-0.07665260196906162,2026-05-08,GOLD
2026-05-12 23:00:00,4715.77,4719.395,4712.285,4715.295,0.0,0.0,0.00022061997778410875,6856,0.0,0.0,-0.07665260196906162,2026-05-09,GOLD
2026-05-12 23:00:00,4715.77,4719.395,4712.285,4715.295,0.0,0.0,0.00022061997778410875,6856,0.0,0.0,-0.07665260196906162,2026-05-11,GOLD
2026-05-12 23:00:00,4715.77,4719.395,4712.285,4715.295,0.0,0.0,0.00022061997778410875,6856,0.0,0.0,-0.07665260196906162,2026-05-12,GOLD
2026-05-13 01:00:00,4715.8150000000005,4722.48,4711.93,4717.1900000000005,0.0,0.0,0.0006734708674810721,5476,0.0,0.0,-0.0014218009478122234,2026-05-09,GOLD
2026-05-13 01:00:00,4715.8150000000005,4722.48,4711.93,4717.1900000000005,0.0,0.0,0.0006734708674810721,5476,0.0,0.0,-0.0014218009478122234,2026-05-10,GOLD
2026-05-13 01:00:00,4715.8150000000005,4722.48,4711.93,4717.1900000000005,0.0,0.0,0.0006734708674810721,5476,0.0,0.0,-0.0014218009478122234,2026-05-08,GOLD
2026-05-13 01:00:00,4715.8150000000005,4722.48,4711.93,4717.1900000000005,0.0,0.0,0.0006734708674810721,5476,0.0,0.0,-0.0014218009478122234,2026-05-11,GOLD
2026-05-13 01:00:00,4715.8150000000005,4722.48,4711.93,4717.1900000000005,0.0,0.0,0.0006734708674810721,5476,0.0,0.0,-0.0014218009478122234,2026-05-12,GOLD
2026-05-13 02:00:00,4717.25,4724.0599999999995,4715.48,4717.139999999999,0.0,0.0,0.00043254608634281524,9991,0.0,0.0,-0.30652680652682185,2026-05-08,GOLD
2026-05-13 02:00:00,4717.25,4724.0599999999995,4715.48,4717.139999999999,0.0,0.0,0.00043254608634281524,9991,0.0,0.0,-0.30652680652682185,2026-05-10,GOLD
2026-05-13 02:00:00,4717.25,4724.0599999999995,4715.48,4717.139999999999,0.0,0.0,0.00043254608634281524,9991,0.0,0.0,-0.30652680652682185,2026-05-09,GOLD
2026-05-13 02:00:00,4717.25,4724.0599999999995,4715.48,4717.139999999999,0.0,0.0,0.00043254608634281524,9991,0.0,0.0,-0.30652680652682185,2026-05-11,GOLD
2026-05-13 02:00:00,4717.25,4724.0599999999995,4715.48,4717.139999999999,0.0,0.0,0.00043254608634281524,9991,0.0,0.0,-0.30652680652682185,2026-05-12,GOLD
2026-05-13 03:00:00,4717.25,4727.0599999999995,4714.235,4714.59,0.0,0.0,0.00046981661525822665,15242,0.0,0.0,-0.4723196881090891,2026-05-10,GOLD
2026-05-13 03:00:00,4717.25,4727.0599999999995,4714.235,4714.59,0.0,0.0,0.00046981661525822665,15242,0.0,0.0,-0.4723196881090891,2026-05-09,GOLD
2026-05-13 03:00:00,4717.25,4727.0599999999995,4714.235,4714.59,0.0,0.0,0.00046981661525822665,15242,0.0,0.0,-0.4723196881090891,2026-05-11,GOLD
2026-05-13 03:00:00,4717.25,4727.0599999999995,4714.235,4714.59,0.0,0.0,0.00046981661525822665,15242,0.0,0.0,-0.4723196881090891,2026-05-08,GOLD
2026-05-13 03:00:00,4717.25,4727.0599999999995,4714.235,4714.59,0.0,0.0,0.00046981661525822665,15242,0.0,0.0,-0.4723196881090891,2026-05-12,GOLD
2026-05-13 04:00:00,4714.9,4717.1900000000005,4701.219999999999,4702.65,0.0,0.0,0.0005050339843396236,18172,0.0,0.0,-0.4104571070757554,2026-05-12,GOLD
2026-05-13 04:00:00,4714.9,4717.1900000000005,4701.219999999999,4702.65,0.0,0.0,0.0005050339843396236,18172,0.0,0.0,-0.4104571070757554,2026-05-11,GOLD
2026-05-13 04:00:00,4714.9,4717.1900000000005,4701.219999999999,4702.65,0.0,0.0,0.0005050339843396236,18172,0.0,0.0,-0.4104571070757554,2026-05-08,GOLD
2026-05-13 04:00:00,4714.9,4717.1900000000005,4701.219999999999,4702.65,0.0,0.0,0.0005050339843396236,18172,0.0,0.0,-0.4104571070757554,2026-05-10,GOLD
2026-05-13 04:00:00,4714.9,4717.1900000000005,4701.219999999999,4702.65,0.0,0.0,0.0005050339843396236,18172,0.0,0.0,-0.4104571070757554,2026-05-09,GOLD
2026-05-13 05:00:00,4702.59,4707.7,4687.6900000000005,4691.969999999999,0.0,0.0,0.00039264550498734687,15403,0.0,0.0,-0.2861069465267647,2026-05-13,GOLD
2026-05-13 05:00:00,4702.59,4707.7,4687.6900000000005,4691.969999999999,0.0,0.0,0.0003926514275649454,15403,0.0,0.0,-0.2861069465267647,2026-05-10,GOLD
2026-05-13 05:00:00,4702.59,4707.7,4687.6900000000005,4691.969999999999,0.0,0.0,0.0003926514275649454,15403,0.0,0.0,-0.2861069465267647,2026-05-12,GOLD
2026-05-13 05:00:00,4702.59,4707.7,4687.6900000000005,4691.969999999999,0.0,0.0,0.0003926514275649454,15403,0.0,0.0,-0.2861069465267647,2026-05-11,GOLD
2026-05-13 05:00:00,4702.59,4707.7,4695.110000000001,4697.0,0.0,0.0,0.0003870936768842084,8955,0.0,0.0,-0.34988085782374284,2026-05-08,GOLD
2026-05-13 05:00:00,4702.59,4707.7,4687.6900000000005,4691.969999999999,0.0,0.0,0.0003926514275649454,15403,0.0,0.0,-0.2861069465267647,2026-05-09,GOLD
2026-05-13 06:00:00,4691.82,4705.99,4688.995,4696.030000000001,0.0,0.0,0.0003358364722585547,12120,0.0,0.0,-0.08605472197703122,2026-05-12,GOLD
2026-05-13 06:00:00,4691.82,4705.99,4688.995,4696.030000000001,0.0,0.0,0.0003358364722585547,12120,0.0,0.0,-0.08605472197703122,2026-05-09,GOLD
2026-05-13 06:00:00,4691.82,4705.99,4688.995,4696.030000000001,0.0,0.0,0.0003358364722585547,12120,0.0,0.0,-0.08605472197703122,2026-05-13,GOLD
2026-05-13 06:00:00,4691.82,4705.99,4688.995,4696.030000000001,0.0,0.0,0.0003358364722585547,12120,0.0,0.0,-0.08605472197703122,2026-05-11,GOLD
2026-05-13 06:00:00,4691.82,4705.99,4688.995,4696.030000000001,0.0,0.0,0.0003358364722585547,12120,0.0,0.0,-0.08605472197703122,2026-05-10,GOLD
2026-05-13 07:00:00,4696.0,4703.465,4695.59,4699.700000000001,0.0,0.0,0.0003069275141371104,8924,0.0,0.0,0.02190476190483582,2026-05-12,GOLD
2026-05-13 07:00:00,4696.0,4703.465,4695.59,4699.700000000001,0.0,0.0,0.0003069275141371104,8924,0.0,0.0,0.02190476190483582,2026-05-13,GOLD
2026-05-13 07:00:00,4696.0,4703.465,4695.59,4699.700000000001,0.0,0.0,0.0003069275141371104,8924,0.0,0.0,0.02190476190483582,2026-05-11,GOLD
2026-05-13 07:00:00,4696.0,4703.465,4695.59,4699.700000000001,0.0,0.0,0.0003069275141371104,8924,0.0,0.0,0.02190476190483582,2026-05-10,GOLD
2026-05-13 07:00:00,4696.0,4703.465,4695.59,4699.700000000001,0.0,0.0,0.0003069275141371104,8924,0.0,0.0,0.02190476190483582,2026-05-09,GOLD
2026-05-13 08:00:00,4699.709999999999,4707.42,4693.695,4704.105,0.0,0.0,0.0003662510764217485,13999,0.0,0.0,0.25846994535516055,2026-05-12,GOLD
2026-05-13 08:00:00,4699.709999999999,4707.42,4693.695,4704.105,0.0,0.0,0.0003662510764217485,13999,0.0,0.0,0.25846994535516055,2026-05-13,GOLD
2026-05-13 08:00:00,4699.709999999999,4707.42,4693.695,4704.105,0.0,0.0,0.0003662510764217485,13999,0.0,0.0,0.25846994535516055,2026-05-11,GOLD
2026-05-13 08:00:00,4699.709999999999,4707.42,4693.695,4704.105,0.0,0.0,0.0003662510764217485,13999,0.0,0.0,0.25846994535516055,2026-05-09,GOLD
2026-05-13 08:00:00,4699.709999999999,4707.42,4693.695,4704.105,0.0,0.0,0.0003662510764217485,13999,0.0,0.0,0.25846994535516055,2026-05-10,GOLD
2026-05-13 09:00:00,4704.115,4715.48,4699.219999999999,4701.83,0.0,0.0,0.0003071084199020897,14083,0.0,0.0,-0.3394833948339147,2026-05-10,GOLD
2026-05-13 09:00:00,4704.115,4715.48,4699.219999999999,4701.83,0.0,0.0,0.0003071084199020897,14083,0.0,0.0,-0.3394833948339147,2026-05-11,GOLD
2026-05-13 09:00:00,4704.115,4715.48,4699.219999999999,4701.83,0.0,0.0,0.0003071084199020897,14083,0.0,0.0,-0.3394833948339147,2026-05-09,GOLD
2026-05-13 09:00:00,4704.115,4715.48,4699.219999999999,4701.83,0.0,0.0,0.0003071084199020897,14083,0.0,0.0,-0.3394833948339147,2026-05-13,GOLD
2026-05-13 09:00:00,4704.115,4715.48,4699.219999999999,4701.83,0.0,0.0,0.0003071084199020897,14083,0.0,0.0,-0.3394833948339147,2026-05-12,GOLD
2026-05-13 10:00:00,4701.92,4708.905000000001,4696.795,4702.985,0.0,0.0,0.0003092138375032783,11465,0.0,0.0,0.011147811725788794,2026-05-10,GOLD
2026-05-13 10:00:00,4701.92,4708.905000000001,4696.795,4702.985,0.0,0.0,0.0003092138375032783,11465,0.0,0.0,0.011147811725788794,2026-05-11,GOLD
2026-05-13 10:00:00,4701.92,4708.905000000001,4696.795,4702.985,0.0,0.0,0.0003092138375032783,11465,0.0,0.0,0.011147811725788794,2026-05-09,GOLD
2026-05-13 10:00:00,4701.92,4708.905000000001,4696.795,4702.985,0.0,0.0,0.0003092138375032783,11465,0.0,0.0,0.011147811725788794,2026-05-13,GOLD
2026-05-13 10:00:00,4701.92,4708.905000000001,4696.795,4702.985,0.0,0.0,0.0003092138375032783,11465,0.0,0.0,0.011147811725788794,2026-05-12,GOLD
2026-05-13 11:00:00,4702.725,4704.405000000001,4694.555,4700.715,0.0,0.0,0.0002658111412176203,11312,0.0,0.0,0.12538071065986062,2026-05-09,GOLD
2026-05-13 11:00:00,4702.725,4704.405000000001,4694.555,4700.715,0.0,0.0,0.0002658111412176203,11312,0.0,0.0,0.12538071065986062,2026-05-13,GOLD
2026-05-13 11:00:00,4702.725,4704.405000000001,4694.555,4700.715,0.0,0.0,0.0002658111412176203,11312,0.0,0.0,0.12538071065986062,2026-05-12,GOLD
2026-05-13 11:00:00,4702.725,4704.405000000001,4694.555,4700.715,0.0,0.0,0.0002658111412176203,11312,0.0,0.0,0.12538071065986062,2026-05-11,GOLD
2026-05-13 11:00:00,4702.725,4704.405000000001,4694.555,4700.715,0.0,0.0,0.0002658111412176203,11312,0.0,0.0,0.12538071065986062,2026-05-10,GOLD
2026-05-13 12:00:00,4700.745,4701.865,4686.12,4700.975,0.0,0.0,0.0003139276774687973,11714,0.0,0.0,0.4434741187678705,2026-05-11,GOLD
2026-05-13 12:00:00,4700.745,4701.865,4686.12,4700.975,0.0,0.0,0.0003139276774687973,11714,0.0,0.0,0.4434741187678705,2026-05-13,GOLD
2026-05-13 12:00:00,4700.745,4701.865,4686.12,4700.975,0.0,0.0,0.0003139276774687973,11714,0.0,0.0,0.4434741187678705,2026-05-10,GOLD
2026-05-13 12:00:00,4700.745,4701.865,4686.12,4700.975,0.0,0.0,0.0003139276774687973,11714,0.0,0.0,0.4434741187678705,2026-05-09,GOLD
2026-05-13 12:00:00,4700.745,4701.865,4686.12,4700.975,0.0,0.0,0.0003139276774687973,11714,0.0,0.0,0.4434741187678705,2026-05-12,GOLD
2026-05-13 13:00:00,4700.985,4710.43,4693.8,4694.17,0.0,0.0,0.00028596699993546675,11828,0.0,0.0,-0.4777510523150726,2026-05-10,GOLD
2026-05-13 13:00:00,4700.985,4710.43,4693.8,4694.17,0.0,0.0,0.00028596699993546675,11828,0.0,0.0,-0.4777510523150726,2026-05-12,GOLD
2026-05-13 13:00:00,4700.985,4710.43,4693.8,4694.17,0.0,0.0,0.00028596699993546675,11828,0.0,0.0,-0.4777510523150726,2026-05-09,GOLD
2026-05-13 13:00:00,4700.985,4710.43,4693.8,4694.17,0.0,0.0,0.00028596699993546675,11828,0.0,0.0,-0.4777510523150726,2026-05-13,GOLD
2026-05-13 13:00:00,4700.985,4710.43,4693.8,4694.17,0.0,0.0,0.00028596699993546675,11828,0.0,0.0,-0.4777510523150726,2026-05-11,GOLD
2026-05-13 14:00:00,4694.139999999999,4705.5599999999995,4691.655000000001,4697.530000000001,0.0,0.0,0.0002513926674635042,12130,0.0,0.0,-0.07749011147065862,2026-05-12,GOLD
2026-05-13 14:00:00,4694.139999999999,4705.5599999999995,4691.655000000001,4697.530000000001,0.0,0.0,0.0002513926674635042,12130,0.0,0.0,-0.07749011147065862,2026-05-10,GOLD
2026-05-13 14:00:00,4694.139999999999,4705.5599999999995,4691.655000000001,4697.530000000001,0.0,0.0,0.0002513926674635042,12130,0.0,0.0,-0.07749011147065862,2026-05-13,GOLD
2026-05-13 14:00:00,4694.139999999999,4705.5599999999995,4691.655000000001,4697.530000000001,0.0,0.0,0.0002513926674635042,12130,0.0,0.0,-0.07749011147065862,2026-05-09,GOLD
2026-05-13 14:00:00,4694.139999999999,4705.5599999999995,4691.655000000001,4697.530000000001,0.0,0.0,0.0002513926674635042,12130,0.0,0.0,-0.07749011147065862,2026-05-11,GOLD
2026-05-13 15:00:00,4697.48,4701.62,4676.219999999999,4683.855,0.0,0.0,0.00047997257460883263,18359,0.0,0.0,-0.1994094488189134,2026-05-10,GOLD
2026-05-13 15:00:00,4697.48,4701.62,4676.219999999999,4683.855,0.0,0.0,0.00047997257460883263,18359,0.0,0.0,-0.1994094488189134,2026-05-13,GOLD
2026-05-13 15:00:00,4697.48,4701.62,4676.219999999999,4683.855,0.0,0.0,0.00047997257460883263,18359,0.0,0.0,-0.1994094488189134,2026-05-11,GOLD
2026-05-13 15:00:00,4697.48,4701.62,4676.219999999999,4683.855,0.0,0.0,0.00047997257460883263,18359,0.0,0.0,-0.1994094488189134,2026-05-12,GOLD
2026-05-13 15:00:00,4697.48,4701.62,4676.219999999999,4683.855,0.0,0.0,0.00047997257460883263,18359,0.0,0.0,-0.1994094488189134,2026-05-09,GOLD
2026-05-13 16:00:00,4683.6849999999995,4694.745,4669.525,4679.44,0.0,0.0,0.00042166190230848936,22136,0.0,0.0,-0.10685963521017412,2026-05-11,GOLD
2026-05-13 16:00:00,4683.6849999999995,4694.745,4669.525,4679.44,0.0,0.0,0.00042166190230848936,22136,0.0,0.0,-0.10685963521017412,2026-05-13,GOLD
2026-05-13 16:00:00,4683.6849999999995,4694.745,4669.525,4679.44,0.0,0.0,0.00042166190230848936,22136,0.0,0.0,-0.10685963521017412,2026-05-10,GOLD
2026-05-13 16:00:00,4683.6849999999995,4694.745,4669.525,4679.44,0.0,0.0,0.00042166190230848936,22136,0.0,0.0,-0.10685963521017412,2026-05-12,GOLD
2026-05-13 16:00:00,4683.6849999999995,4694.745,4669.525,4679.44,0.0,0.0,0.00042166190230848936,22136,0.0,0.0,-0.10685963521017412,2026-05-09,GOLD
2026-05-13 17:00:00,4679.43,4691.125,4672.975,4679.92,0.0,0.0,0.0003708010430718466,21790,0.0,0.0,-0.11735537190083481,2026-05-12,GOLD
2026-05-13 17:00:00,4679.43,4691.125,4672.975,4679.92,0.0,0.0,0.0003708010430718466,21790,0.0,0.0,-0.11735537190083481,2026-05-13,GOLD
2026-05-13 17:00:00,4679.43,4691.125,4672.975,4679.92,0.0,0.0,0.0003708010430718466,21790,0.0,0.0,-0.11735537190083481,2026-05-09,GOLD
2026-05-13 17:00:00,4679.43,4691.125,4672.975,4679.92,0.0,0.0,0.0003708010430718466,21790,0.0,0.0,-0.11735537190083481,2026-05-11,GOLD
2026-05-13 17:00:00,4679.43,4691.125,4672.975,4679.92,0.0,0.0,0.0003708010430718466,21790,0.0,0.0,-0.11735537190083481,2026-05-10,GOLD
2026-05-13 18:00:00,4679.91,4700.030000000001,4679.014999999999,4695.6,0.0,0.0,0.0002932856304788949,17434,0.0,0.0,0.2891981917677835,2026-05-09,GOLD
2026-05-13 18:00:00,4679.91,4700.030000000001,4679.014999999999,4695.6,0.0,0.0,0.0002932856304788949,17434,0.0,0.0,0.2891981917677835,2026-05-13,GOLD
2026-05-13 18:00:00,4679.91,4700.030000000001,4679.014999999999,4695.6,0.0,0.0,0.0002932856304788949,17434,0.0,0.0,0.2891981917677835,2026-05-11,GOLD
2026-05-13 18:00:00,4679.91,4700.030000000001,4679.014999999999,4695.6,0.0,0.0,0.0002932856304788949,17434,0.0,0.0,0.2891981917677835,2026-05-12,GOLD
2026-05-13 18:00:00,4679.91,4700.030000000001,4679.014999999999,4695.6,0.0,0.0,0.0002932856304788949,17434,0.0,0.0,0.2891981917677835,2026-05-10,GOLD
2026-05-13 19:00:00,4695.610000000001,4710.0,4695.049999999999,4695.73,0.0,0.0,0.00030221710529380777,16603,0.0,0.0,-0.45451505016720684,2026-05-13,GOLD
2026-05-13 19:00:00,4695.610000000001,4710.0,4695.049999999999,4695.73,0.0,0.0,0.00030221710529380777,16603,0.0,0.0,-0.45451505016720684,2026-05-11,GOLD
2026-05-13 19:00:00,4695.610000000001,4710.0,4695.049999999999,4695.73,0.0,0.0,0.00030221710529380777,16603,0.0,0.0,-0.45451505016720684,2026-05-12,GOLD
2026-05-13 19:00:00,4695.610000000001,4710.0,4695.049999999999,4695.73,0.0,0.0,0.00030221710529380777,16603,0.0,0.0,-0.45451505016720684,2026-05-10,GOLD
2026-05-13 19:00:00,4695.610000000001,4710.0,4695.049999999999,4695.73,0.0,0.0,0.00030221710529380777,16603,0.0,0.0,-0.45451505016720684,2026-05-09,GOLD
2026-05-13 20:00:00,4695.780000000001,4701.395,4684.645,4685.72,0.0,0.0,0.00027089015553397044,13999,0.0,0.0,-0.43582089552239894,2026-05-10,GOLD
2026-05-13 20:00:00,4695.780000000001,4701.395,4684.645,4685.72,0.0,0.0,0.00027089015553397044,13999,0.0,0.0,-0.43582089552239894,2026-05-11,GOLD
2026-05-13 20:00:00,4695.780000000001,4701.395,4684.645,4685.72,0.0,0.0,0.00027089015553397044,13999,0.0,0.0,-0.43582089552239894,2026-05-13,GOLD
2026-05-13 20:00:00,4695.780000000001,4701.395,4684.645,4685.72,0.0,0.0,0.00027089015553397044,13999,0.0,0.0,-0.43582089552239894,2026-05-12,GOLD
2026-05-13 20:00:00,4695.780000000001,4701.395,4684.645,4685.72,0.0,0.0,0.00027089015553397044,13999,0.0,0.0,-0.43582089552239894,2026-05-09,GOLD
2026-05-13 21:00:00,4685.7,4694.155,4677.67,4685.06,0.0,0.0,0.0002571570536773144,12438,0.0,0.0,-0.05171367910221295,2026-05-12,GOLD
2026-05-13 21:00:00,4685.7,4694.155,4677.67,4685.06,0.0,0.0,0.0002571570536773144,12438,0.0,0.0,-0.05171367910221295,2026-05-09,GOLD
2026-05-13 21:00:00,4685.7,4694.155,4677.67,4685.06,0.0,0.0,0.0002571570536773144,12438,0.0,0.0,-0.05171367910221295,2026-05-13,GOLD
2026-05-13 21:00:00,4685.7,4694.155,4677.67,4685.06,0.0,0.0,0.0002571570536773144,12438,0.0,0.0,-0.05171367910221295,2026-05-11,GOLD
2026-05-13 21:00:00,4685.7,4694.155,4677.67,4685.06,0.0,0.0,0.0002571570536773144,12438,0.0,0.0,-0.05171367910221295,2026-05-10,GOLD
2026-05-13 22:00:00,4685.095,4690.610000000001,4683.455,4688.31,0.0,0.0,0.00020268858493237244,10888,0.0,0.0,0.17854647099930518,2026-05-10,GOLD
2026-05-13 22:00:00,4685.095,4690.610000000001,4683.455,4688.31,0.0,0.0,0.00020268858493237244,10888,0.0,0.0,0.17854647099930518,2026-05-11,GOLD
2026-05-13 22:00:00,4685.095,4690.610000000001,4683.455,4688.31,0.0,0.0,0.00020268858493237244,10888,0.0,0.0,0.17854647099930518,2026-05-09,GOLD
2026-05-13 22:00:00,4685.095,4690.610000000001,4683.455,4688.31,0.0,0.0,0.00020268858493237244,10888,0.0,0.0,0.17854647099930518,2026-05-13,GOLD
2026-05-13 22:00:00,4685.095,4690.610000000001,4683.455,4688.31,0.0,0.0,0.00020268858493237244,10888,0.0,0.0,0.17854647099930518,2026-05-12,GOLD
2026-05-13 23:00:00,4688.1900000000005,4693.595,4686.075,4688.895,0.0,0.0,0.00015698441361247087,5260,0.0,0.0,-0.12499999999993953,2026-05-10,GOLD
2026-05-13 23:00:00,4688.1900000000005,4693.595,4686.075,4688.895,0.0,0.0,0.00015698441361247087,5260,0.0,0.0,-0.12499999999993953,2026-05-12,GOLD
2026-05-13 23:00:00,4688.1900000000005,4693.595,4686.075,4688.895,0.0,0.0,0.00015698441361247087,5260,0.0,0.0,-0.12499999999993953,2026-05-13,GOLD
2026-05-13 23:00:00,4688.1900000000005,4693.595,4686.075,4688.895,0.0,0.0,0.00015698441361247087,5260,0.0,0.0,-0.12499999999993953,2026-05-11,GOLD
2026-05-13 23:00:00,4688.1900000000005,4693.595,4686.075,4688.895,0.0,0.0,0.00015698441361247087,5260,0.0,0.0,-0.12499999999993953,2026-05-09,GOLD
2026-05-14 01:00:00,4692.514999999999,4700.695,4689.04,4700.165,0.0,0.0,0.0003421873582566871,7260,0.0,0.0,0.45452595452593636,2026-05-13,GOLD
2026-05-14 01:00:00,4692.514999999999,4694.245,4691.1849999999995,4692.465,0.0,0.0,0.0013124162578487715,263,0.0,0.0,-0.08169934640521807,2026-05-10,GOLD
2026-05-14 01:00:00,4692.514999999999,4700.695,4689.04,4700.165,0.0,0.0,0.0003421873582566871,7260,0.0,0.0,0.45452595452593636,2026-05-11,GOLD
2026-05-14 01:00:00,4692.514999999999,4694.245,4691.1849999999995,4692.465,0.0,0.0,0.0013124162578487715,263,0.0,0.0,-0.08169934640521807,2026-05-09,GOLD
2026-05-14 01:00:00,4692.514999999999,4700.695,4689.04,4700.165,0.0,0.0,0.0003421873582566871,7260,0.0,0.0,0.45452595452593636,2026-05-12,GOLD
2026-05-14 02:00:00,4700.08,4702.24,4693.3150000000005,4696.66,0.0,0.0,0.00024953237487565456,6201,0.0,0.0,-0.12521008403365627,2026-05-12,GOLD
2026-05-14 02:00:00,4700.08,4702.24,4693.3150000000005,4696.66,0.0,0.0,0.00024953237487565456,6201,0.0,0.0,-0.12521008403365627,2026-05-13,GOLD
2026-05-14 02:00:00,4700.08,4702.24,4693.3150000000005,4696.66,0.0,0.0,0.00024953237487565456,6201,0.0,0.0,-0.12521008403365627,2026-05-11,GOLD
2026-05-14 03:00:00,4696.665,4706.855,4689.575000000001,4705.075000000001,0.0,0.0,0.00038827797261715963,14135,0.0,0.0,0.39699074074080115,2026-05-12,GOLD
2026-05-14 03:00:00,4696.665,4706.855,4689.575000000001,4705.075000000001,0.0,0.0,0.00038827797261715963,14135,0.0,0.0,0.39699074074080115,2026-05-13,GOLD
2026-05-14 03:00:00,4696.665,4706.855,4689.575000000001,4705.075000000001,0.0,0.0,0.00038827797261715963,14135,0.0,0.0,0.39699074074080115,2026-05-11,GOLD
2026-05-14 04:00:00,4705.094999999999,4707.085,4683.665,4688.8150000000005,0.0,0.0,0.0005893058775626223,22204,0.0,0.0,-0.28010247651577586,2026-05-13,GOLD
2026-05-14 04:00:00,4705.094999999999,4707.085,4683.665,4688.8150000000005,0.0,0.0,0.0005893058775626223,22204,0.0,0.0,-0.28010247651577586,2026-05-12,GOLD
2026-05-14 04:00:00,4705.094999999999,4707.085,4683.665,4688.8150000000005,0.0,0.0,0.0005893058775626223,22204,0.0,0.0,-0.28010247651577586,2026-05-11,GOLD
2026-05-14 05:00:00,4688.91,4699.73,4680.02,4686.385,0.0,0.0,0.0004249563325579343,18335,0.0,0.0,-0.17706747843733822,2026-05-12,GOLD
2026-05-14 05:00:00,4688.91,4699.73,4686.7,4691.924999999999,0.0,0.0,0.00041120897015223696,12227,0.0,0.0,-0.09900230237919404,2026-05-11,GOLD
2026-05-14 05:00:00,4688.91,4699.73,4680.02,4686.385,0.0,0.0,0.00042492820788645825,18335,0.0,0.0,-0.17706747843733822,2026-05-14,GOLD
2026-05-14 05:00:00,4688.91,4699.73,4680.02,4686.385,0.0,0.0,0.0004249563325579343,18335,0.0,0.0,-0.17706747843733822,2026-05-13,GOLD
2026-05-14 06:00:00,4686.485000000001,4693.469999999999,4674.105,4675.105,0.0,0.0,0.000406456698536917,16765,0.0,0.0,-0.44836044410018017,2026-05-13,GOLD
2026-05-14 06:00:00,4686.485000000001,4693.469999999999,4674.105,4675.105,0.0,0.0,0.000406456698536917,16765,0.0,0.0,-0.44836044410018017,2026-05-14,GOLD
2026-05-14 06:00:00,4686.485000000001,4693.469999999999,4674.105,4675.105,0.0,0.0,0.000406456698536917,16765,0.0,0.0,-0.44836044410018017,2026-05-12,GOLD
2026-05-14 07:00:00,4675.110000000001,4712.82,4668.76,4702.514999999999,0.0,0.0,0.0004651343182702366,15226,0.0,0.0,0.2661143894688967,2026-05-13,GOLD
2026-05-14 07:00:00,4675.110000000001,4712.82,4668.76,4702.514999999999,0.0,0.0,0.0004651343182702366,15226,0.0,0.0,0.2661143894688967,2026-05-12,GOLD
2026-05-14 07:00:00,4675.110000000001,4712.82,4668.76,4702.514999999999,0.0,0.0,0.0004651343182702366,15226,0.0,0.0,0.2661143894688967,2026-05-14,GOLD
2026-05-14 08:00:00,4702.545,4704.305,4689.299999999999,4689.77,0.0,0.0,0.0003915409078822274,16710,0.0,0.0,-0.4686771076307143,2026-05-12,GOLD
2026-05-14 08:00:00,4702.545,4704.305,4689.299999999999,4689.77,0.0,0.0,0.0003915409078822274,16710,0.0,0.0,-0.4686771076307143,2026-05-13,GOLD
2026-05-14 08:00:00,4702.545,4704.305,4689.299999999999,4689.77,0.0,0.0,0.0003915409078822274,16710,0.0,0.0,-0.4686771076307143,2026-05-14,GOLD
2026-05-14 09:00:00,4689.375,4702.43,4686.325,4700.3150000000005,0.0,0.0,0.00029298766544107185,15391,0.0,0.0,0.36867432474385753,2026-05-14,GOLD
2026-05-14 09:00:00,4689.375,4702.43,4686.325,4700.3150000000005,0.0,0.0,0.00029298766544107185,15391,0.0,0.0,0.36867432474385753,2026-05-13,GOLD
2026-05-14 09:00:00,4689.375,4702.43,4686.325,4700.3150000000005,0.0,0.0,0.00029298766544107185,15391,0.0,0.0,0.36867432474385753,2026-05-12,GOLD
2026-05-14 10:00:00,4700.33,4718.875,4691.08,4693.18,0.0,0.0,0.0003908300943699127,14998,0.0,0.0,-0.4244468429573535,2026-05-13,GOLD
2026-05-14 10:00:00,4700.33,4718.875,4691.08,4693.18,0.0,0.0,0.0003908300943699127,14998,0.0,0.0,-0.4244468429573535,2026-05-12,GOLD
2026-05-14 10:00:00,4700.33,4718.875,4691.08,4693.18,0.0,0.0,0.0003908300943699127,14998,0.0,0.0,-0.4244468429573535,2026-05-14,GOLD
2026-05-14 11:00:00,4693.0,4706.805,4692.34,4693.385,0.0,0.0,0.0002819826815062525,14246,0.0,0.0,-0.42775665399239116,2026-05-12,GOLD
2026-05-14 11:00:00,4693.0,4706.805,4692.34,4693.385,0.0,0.0,0.0002819826815062525,14246,0.0,0.0,-0.42775665399239116,2026-05-13,GOLD
2026-05-14 11:00:00,4693.0,4706.805,4692.34,4693.385,0.0,0.0,0.0002819826815062525,14246,0.0,0.0,-0.42775665399239116,2026-05-14,GOLD
2026-05-14 12:00:00,4693.47,4702.625,4688.5650000000005,4699.615,0.0,0.0,0.0002935191692720569,12568,0.0,0.0,0.28591749644378894,2026-05-14,GOLD
2026-05-14 12:00:00,4693.47,4702.625,4688.5650000000005,4699.615,0.0,0.0,0.0002935191692720569,12568,0.0,0.0,0.28591749644378894,2026-05-12,GOLD
2026-05-14 12:00:00,4693.47,4702.625,4688.5650000000005,4699.615,0.0,0.0,0.0002935191692720569,12568,0.0,0.0,0.28591749644378894,2026-05-13,GOLD
2026-05-14 13:00:00,4699.6849999999995,4705.424999999999,4691.360000000001,4697.125,0.0,0.0,0.00026263214406502163,12924,0.0,0.0,-0.09011731247778494,2026-05-14,GOLD
2026-05-14 13:00:00,4699.6849999999995,4705.424999999999,4691.360000000001,4697.125,0.0,0.0,0.00026263214406502163,12924,0.0,0.0,-0.09011731247778494,2026-05-13,GOLD
2026-05-14 13:00:00,4699.6849999999995,4705.424999999999,4691.360000000001,4697.125,0.0,0.0,0.00026263214406502163,12924,0.0,0.0,-0.09011731247778494,2026-05-12,GOLD
2026-05-14 14:00:00,4697.205,4704.9400000000005,4689.5,4694.465,0.0,0.0,0.00025771033142946967,12386,0.0,0.0,-0.17843264248704782,2026-05-14,GOLD
2026-05-14 14:00:00,4697.205,4704.9400000000005,4689.5,4694.465,0.0,0.0,0.00025771033142946967,12386,0.0,0.0,-0.17843264248704782,2026-05-13,GOLD
2026-05-14 14:00:00,4697.205,4704.9400000000005,4689.5,4694.465,0.0,0.0,0.00025771033142946967,12386,0.0,0.0,-0.17843264248704782,2026-05-12,GOLD
2026-05-14 15:00:00,4693.745,4710.15,4692.424999999999,4704.950000000001,0.0,0.0,0.00035788576392812286,15905,0.0,0.0,0.20662905500711978,2026-05-14,GOLD
2026-05-14 15:00:00,4693.745,4710.15,4692.424999999999,4704.950000000001,0.0,0.0,0.00035788576392812286,15905,0.0,0.0,0.20662905500711978,2026-05-13,GOLD
2026-05-14 15:00:00,4693.745,4710.15,4692.424999999999,4704.950000000001,0.0,0.0,0.00035788576392812286,15905,0.0,0.0,0.20662905500711978,2026-05-12,GOLD
2026-05-14 16:00:00,4704.9,4707.785,4666.745,4679.62,0.0,0.0,0.0005013261362999567,24916,0.0,0.0,-0.186281676413244,2026-05-12,GOLD
2026-05-14 16:00:00,4704.9,4707.785,4666.745,4679.62,0.0,0.0,0.0005013261362999567,24916,0.0,0.0,-0.186281676413244,2026-05-13,GOLD
2026-05-14 16:00:00,4704.9,4707.785,4666.745,4679.62,0.0,0.0,0.0005013261362999567,24916,0.0,0.0,-0.186281676413244,2026-05-14,GOLD
2026-05-14 17:00:00,4679.67,4701.08,4677.79,4679.585,0.0,0.0,0.00038726138198237695,23085,0.0,0.0,-0.4229282954057308,2026-05-13,GOLD
2026-05-14 17:00:00,4679.67,4701.08,4677.79,4679.585,0.0,0.0,0.00038726138198237695,23085,0.0,0.0,-0.4229282954057308,2026-05-12,GOLD
2026-05-14 17:00:00,4679.67,4701.08,4677.79,4679.585,0.0,0.0,0.00038726138198237695,23085,0.0,0.0,-0.4229282954057308,2026-05-14,GOLD
2026-05-14 18:00:00,4679.645,4689.525,4677.115,4685.985000000001,0.0,0.0,0.00029198744015229933,17497,0.0,0.0,0.21474617244165226,2026-05-13,GOLD
2026-05-14 18:00:00,4679.645,4689.525,4677.115,4685.985000000001,0.0,0.0,0.00029198744015229933,17497,0.0,0.0,0.21474617244165226,2026-05-14,GOLD
2026-05-14 18:00:00,4679.645,4689.525,4677.115,4685.985000000001,0.0,0.0,0.00029198744015229933,17497,0.0,0.0,0.21474617244165226,2026-05-12,GOLD
2026-05-14 19:00:00,4685.905000000001,4687.1,4670.39,4678.6,0.0,0.0,0.0002669990550339709,16608,0.0,0.0,-0.008677438659511445,2026-05-14,GOLD
2026-05-14 19:00:00,4685.905000000001,4687.1,4670.39,4678.6,0.0,0.0,0.0002669990550339709,16608,0.0,0.0,-0.008677438659511445,2026-05-12,GOLD
2026-05-14 19:00:00,4685.905000000001,4687.1,4670.39,4678.6,0.0,0.0,0.0002669990550339709,16608,0.0,0.0,-0.008677438659511445,2026-05-13,GOLD
2026-05-14 20:00:00,4678.59,4683.175,4676.51,4678.285,0.0,0.0,0.00022703832454216323,13951,0.0,0.0,-0.23368342085533517,2026-05-14,GOLD
2026-05-14 20:00:00,4678.59,4683.175,4676.51,4678.285,0.0,0.0,0.00022703832454216323,13951,0.0,0.0,-0.23368342085533517,2026-05-12,GOLD
2026-05-14 20:00:00,4678.59,4683.175,4676.51,4678.285,0.0,0.0,0.00022703832454216323,13951,0.0,0.0,-0.23368342085533517,2026-05-13,GOLD
2026-05-14 21:00:00,4678.38,4678.495,4667.05,4671.695,0.0,0.0,0.00023521225446168702,12126,0.0,0.0,-0.09414591524686368,2026-05-14,GOLD
2026-05-14 21:00:00,4678.38,4678.495,4667.05,4671.695,0.0,0.0,0.00023521225446168702,12126,0.0,0.0,-0.09414591524686368,2026-05-13,GOLD
2026-05-14 21:00:00,4678.38,4678.495,4667.05,4671.695,0.0,0.0,0.00023521225446168702,12126,0.0,0.0,-0.09414591524686368,2026-05-12,GOLD
2026-05-14 22:00:00,4671.885,4671.9400000000005,4653.125,4654.31,0.0,0.0,0.0002625609636110492,12470,0.0,0.0,-0.43701833643367693,2026-05-13,GOLD
2026-05-14 22:00:00,4671.885,4671.9400000000005,4653.125,4654.31,0.0,0.0,0.0002625609636110492,12470,0.0,0.0,-0.43701833643367693,2026-05-14,GOLD
2026-05-14 22:00:00,4671.885,4671.9400000000005,4653.125,4654.31,0.0,0.0,0.0002625609636110492,12470,0.0,0.0,-0.43701833643367693,2026-05-12,GOLD
2026-05-14 23:00:00,4654.35,4657.145,4644.5,4652.445,0.0,0.0,0.00022814188896950566,7731,0.0,0.0,0.12831158560691455,2026-05-14,GOLD
2026-05-14 23:00:00,4654.35,4657.145,4644.5,4652.445,0.0,0.0,0.00022814188896950566,7731,0.0,0.0,0.12831158560691455,2026-05-13,GOLD
2026-05-14 23:00:00,4654.35,4657.145,4644.5,4652.445,0.0,0.0,0.00022814188896950566,7731,0.0,0.0,0.12831158560691455,2026-05-12,GOLD
2026-05-15 01:00:00,4652.895,4662.889999999999,4646.845,4662.469999999999,0.0,0.0,0.0004765898797851975,8372,0.0,0.0,0.47382362106571835,2026-05-13,GOLD
2026-05-15 01:00:00,4652.895,4662.889999999999,4646.845,4662.469999999999,0.0,0.0,0.0004765898797851975,8372,0.0,0.0,0.47382362106571835,2026-05-12,GOLD
2026-05-15 01:00:00,4652.895,4662.889999999999,4646.845,4662.469999999999,0.0,0.0,0.0004765898797851975,8372,0.0,0.0,0.47382362106571835,2026-05-14,GOLD
2026-05-15 02:00:00,4662.459999999999,4665.385,4646.975,4652.33,0.0,0.0,0.00044938569295238965,10107,0.0,0.0,-0.2091254752851925,2026-05-14,GOLD
2026-05-15 02:00:00,4662.459999999999,4665.385,4646.975,4652.33,0.0,0.0,0.00044938569295238965,10107,0.0,0.0,-0.2091254752851925,2026-05-12,GOLD
2026-05-15 02:00:00,4662.459999999999,4665.385,4646.975,4652.33,0.0,0.0,0.00044938569295238965,10107,0.0,0.0,-0.2091254752851925,2026-05-13,GOLD
2026-05-15 03:00:00,4652.344999999999,4658.3099999999995,4613.665,4630.235000000001,0.0,0.0,0.0006517463199762959,21529,0.0,0.0,-0.128849815208842,2026-05-12,GOLD
2026-05-15 03:00:00,4652.344999999999,4658.3099999999995,4613.665,4630.235000000001,0.0,0.0,0.0006517463199762959,21529,0.0,0.0,-0.128849815208842,2026-05-13,GOLD
2026-05-15 03:00:00,4652.344999999999,4658.3099999999995,4613.665,4630.235000000001,0.0,0.0,0.0006517463199762959,21529,0.0,0.0,-0.128849815208842,2026-05-14,GOLD
2026-05-15 04:00:00,4630.405000000001,4631.620000000001,4607.195,4613.889999999999,0.0,0.0,0.0007592434635196391,27650,0.0,0.0,-0.22589559877177443,2026-05-14,GOLD
2026-05-15 04:00:00,4630.405000000001,4631.620000000001,4607.195,4613.889999999999,0.0,0.0,0.0007592434635196391,27650,0.0,0.0,-0.22589559877177443,2026-05-13,GOLD
2026-05-15 04:00:00,4630.405000000001,4631.620000000001,4607.655000000001,4616.92,0.0,0.0,0.0009394870992161043,8754,0.0,0.0,-0.11339453369499847,2026-05-12,GOLD
2026-05-15 05:00:00,4614.16,4623.575000000001,4609.465,4618.18,0.0,0.0,0.0005102642191155708,20340,0.0,0.0,0.11764705882351424,2026-05-14,GOLD
2026-05-15 05:00:00,4614.16,4623.575000000001,4609.465,4618.18,0.0,0.0,0.0005102642191155708,20340,0.0,0.0,0.11764705882351424,2026-05-13,GOLD
2026-05-15 05:00:00,4614.16,4623.575000000001,4609.465,4618.18,0.0,0.0,0.0005101146361783646,20340,0.0,0.0,0.11764705882351424,2026-05-15,GOLD
2026-05-15 06:00:00,4618.139999999999,4622.360000000001,4607.54,4615.540000000001,0.0,0.0,0.0004156873497091503,14981,0.0,0.0,0.03981106612686376,2026-05-13,GOLD
2026-05-15 06:00:00,4618.139999999999,4622.360000000001,4607.54,4615.540000000001,0.0,0.0,0.0004156873497091503,14981,0.0,0.0,0.03981106612686376,2026-05-14,GOLD
2026-05-15 06:00:00,4618.139999999999,4622.360000000001,4607.54,4615.540000000001,0.0,0.0,0.0004156873497091503,14981,0.0,0.0,0.03981106612686376,2026-05-15,GOLD
2026-05-15 07:00:00,4615.52,4621.625,4604.450000000001,4605.955,0.0,0.0,0.00041205172218650686,12477,0.0,0.0,-0.4123726346434199,2026-05-13,GOLD
2026-05-15 07:00:00,4615.52,4621.625,4604.450000000001,4605.955,0.0,0.0,0.00041205172218650686,12477,0.0,0.0,-0.4123726346434199,2026-05-14,GOLD
2026-05-15 07:00:00,4615.52,4621.625,4604.450000000001,4605.955,0.0,0.0,0.00041205172218650686,12477,0.0,0.0,-0.4123726346434199,2026-05-15,GOLD
2026-05-15 08:00:00,4606.264999999999,4606.535,4558.915,4559.030000000001,0.0,0.0,0.0007234431462688948,24787,0.0,0.0,-0.49758504829902905,2026-05-15,GOLD
2026-05-15 08:00:00,4606.264999999999,4606.535,4558.915,4559.030000000001,0.0,0.0,0.0007234431462688948,24787,0.0,0.0,-0.49758504829902905,2026-05-13,GOLD
2026-05-15 08:00:00,4606.264999999999,4606.535,4558.915,4559.030000000001,0.0,0.0,0.0007234431462688948,24787,0.0,0.0,-0.49758504829902905,2026-05-14,GOLD
2026-05-15 09:00:00,4558.825000000001,4580.549999999999,4556.485000000001,4569.8,0.0,0.0,0.0004912942985563774,22911,0.0,0.0,0.05329316434657488,2026-05-15,GOLD
2026-05-15 09:00:00,4558.825000000001,4580.549999999999,4556.485000000001,4569.8,0.0,0.0,0.0004912942985563774,22911,0.0,0.0,0.05329316434657488,2026-05-14,GOLD
2026-05-15 09:00:00,4558.825000000001,4580.549999999999,4556.485000000001,4569.8,0.0,0.0,0.0004912942985563774,22911,0.0,0.0,0.05329316434657488,2026-05-13,GOLD
2026-05-15 10:00:00,4569.955,4588.705,4566.05,4570.89,0.0,0.0,0.0004181313288817635,17788,0.0,0.0,-0.2863606267932136,2026-05-15,GOLD
2026-05-15 10:00:00,4569.955,4588.705,4566.05,4570.89,0.0,0.0,0.0004181313288817635,17788,0.0,0.0,-0.2863606267932136,2026-05-13,GOLD
2026-05-15 10:00:00,4569.955,4588.705,4566.05,4570.89,0.0,0.0,0.0004181313288817635,17788,0.0,0.0,-0.2863606267932136,2026-05-14,GOLD
2026-05-15 11:00:00,4571.145,4572.05,4550.245,4554.455,0.0,0.0,0.0004477091655302265,19794,0.0,0.0,-0.3069250171978913,2026-05-13,GOLD
2026-05-15 11:00:00,4571.145,4572.05,4550.245,4554.455,0.0,0.0,0.0004477091655302265,19794,0.0,0.0,-0.3069250171978913,2026-05-14,GOLD
2026-05-15 11:00:00,4571.145,4572.05,4550.245,4554.455,0.0,0.0,0.0004477091655302265,19794,0.0,0.0,-0.3069250171978913,2026-05-15,GOLD
2026-05-15 12:00:00,4554.370000000001,4563.865,4532.07,4545.855,0.0,0.0,0.00046680475553369,19406,0.0,0.0,-0.0664412643497461,2026-05-15,GOLD
2026-05-15 12:00:00,4554.370000000001,4563.865,4532.07,4545.855,0.0,0.0,0.00046680475553369,19406,0.0,0.0,-0.0664412643497461,2026-05-13,GOLD
2026-05-15 12:00:00,4554.370000000001,4563.865,4532.07,4545.855,0.0,0.0,0.00046680475553369,19406,0.0,0.0,-0.0664412643497461,2026-05-14,GOLD
2026-05-15 13:00:00,4545.91,4572.59,4544.209999999999,4566.094999999999,0.0,0.0,0.00047159572341820473,18604,0.0,0.0,0.2711416490486058,2026-05-15,GOLD
2026-05-15 13:00:00,4545.91,4572.59,4544.209999999999,4566.094999999999,0.0,0.0,0.00047159572341820473,18604,0.0,0.0,0.2711416490486058,2026-05-13,GOLD
2026-05-15 13:00:00,4545.91,4572.59,4544.209999999999,4566.094999999999,0.0,0.0,0.00047159572341820473,18604,0.0,0.0,0.2711416490486058,2026-05-14,GOLD
2026-05-15 14:00:00,4566.025,4570.360000000001,4549.925,4552.08,0.0,0.0,0.00039174998754048606,15879,0.0,0.0,-0.3945436750672788,2026-05-15,GOLD
2026-05-15 14:00:00,4566.025,4570.360000000001,4549.925,4552.08,0.0,0.0,0.00039174998754048606,15879,0.0,0.0,-0.3945436750672788,2026-05-13,GOLD
2026-05-15 14:00:00,4566.025,4570.360000000001,4549.925,4552.08,0.0,0.0,0.00039174998754048606,15879,0.0,0.0,-0.3945436750672788,2026-05-14,GOLD
2026-05-15 15:00:00,4551.889999999999,4558.844999999999,4543.76,4546.0650000000005,0.0,0.0,0.00044161107620896374,18466,0.0,0.0,-0.34719920450776104,2026-05-15,GOLD
2026-05-15 15:00:00,4551.889999999999,4558.844999999999,4543.76,4546.0650000000005,0.0,0.0,0.00044161107620896374,18466,0.0,0.0,-0.34719920450776104,2026-05-13,GOLD
2026-05-15 15:00:00,4551.889999999999,4558.844999999999,4543.76,4546.0650000000005,0.0,0.0,0.00044161107620896374,18466,0.0,0.0,-0.34719920450776104,2026-05-14,GOLD
2026-05-15 16:00:00,4546.040000000001,4557.665,4511.83,4533.61,0.0,0.0,0.0006170807405717583,26765,0.0,0.0,-0.024817279371655225,2026-05-14,GOLD
2026-05-15 16:00:00,4546.040000000001,4557.665,4511.83,4533.61,0.0,0.0,0.0006170807405717583,26765,0.0,0.0,-0.024817279371655225,2026-05-13,GOLD
2026-05-15 16:00:00,4546.040000000001,4557.665,4511.83,4533.61,0.0,0.0,0.0006170807405717583,26765,0.0,0.0,-0.024817279371655225,2026-05-15,GOLD
2026-05-15 17:00:00,4533.3099999999995,4566.645,4525.555,4562.835,0.0,0.0,0.0005818110382592881,27651,0.0,0.0,0.40727670966170876,2026-05-14,GOLD
2026-05-15 17:00:00,4533.3099999999995,4566.645,4525.555,4562.835,0.0,0.0,0.0005818110382592881,27651,0.0,0.0,0.40727670966170876,2026-05-13,GOLD
2026-05-15 17:00:00,4533.3099999999995,4566.645,4525.555,4562.835,0.0,0.0,0.0005818110382592881,27651,0.0,0.0,0.40727670966170876,2026-05-15,GOLD
2026-05-15 18:00:00,4562.969999999999,4563.715,4533.895,4539.955,0.0,0.0,0.0003980853157273827,23009,0.0,0.0,-0.29678068410464287,2026-05-15,GOLD
2026-05-15 18:00:00,4562.969999999999,4563.715,4533.895,4539.955,0.0,0.0,0.0003980853157273827,23009,0.0,0.0,-0.29678068410464287,2026-05-14,GOLD
2026-05-15 18:00:00,4562.969999999999,4563.715,4533.895,4539.955,0.0,0.0,0.0003980853157273827,23009,0.0,0.0,-0.29678068410464287,2026-05-13,GOLD
2026-05-15 19:00:00,4540.0599999999995,4548.15,4529.45,4544.465,0.0,0.0,0.00036991410482389164,19408,0.0,0.0,0.3029411764706379,2026-05-15,GOLD
2026-05-15 19:00:00,4540.0599999999995,4548.15,4529.45,4544.465,0.0,0.0,0.00036991410482389164,19408,0.0,0.0,0.3029411764706379,2026-05-14,GOLD
2026-05-15 19:00:00,4540.0599999999995,4548.15,4529.45,4544.465,0.0,0.0,0.00036991410482389164,19408,0.0,0.0,0.3029411764706379,2026-05-13,GOLD
2026-05-15 20:00:00,4544.495,4564.59,4543.3,4559.62,0.0,0.0,0.0003741104455813785,16750,0.0,0.0,0.2665570690465097,2026-05-15,GOLD
2026-05-15 20:00:00,4544.495,4564.59,4543.3,4559.62,0.0,0.0,0.0003741104455813785,16750,0.0,0.0,0.2665570690465097,2026-05-14,GOLD
2026-05-15 20:00:00,4544.495,4564.59,4543.3,4559.62,0.0,0.0,0.0003741104455813785,16750,0.0,0.0,0.2665570690465097,2026-05-13,GOLD
2026-05-15 21:00:00,4559.719999999999,4563.1,4553.055,4558.445,0.0,0.0,0.0003105979330218772,7803,0.0,0.0,0.0365853658535967,2026-05-13,GOLD
2026-05-15 21:00:00,4559.719999999999,4563.1,4552.445,4559.389999999999,0.0,0.0,0.000300525661979154,14707,0.0,0.0,0.1518066635381776,2026-05-14,GOLD
2026-05-15 21:00:00,4559.719999999999,4563.1,4552.445,4559.389999999999,0.0,0.0,0.000300525661979154,14707,0.0,0.0,0.1518066635381776,2026-05-15,GOLD
2026-05-15 22:00:00,4559.38,4560.3,4545.110000000001,4545.9400000000005,0.0,0.0,0.0002859615296586666,14220,0.0,0.0,-0.44535878867673445,2026-05-15,GOLD
2026-05-15 22:00:00,4559.38,4560.3,4545.110000000001,4545.9400000000005,0.0,0.0,0.0002859615296586666,14220,0.0,0.0,-0.44535878867673445,2026-05-14,GOLD
2026-05-15 23:00:00,4545.99,4546.469999999999,4533.26,4539.795,0.0,0.0,0.0003530006569167033,9679,0.0,0.0,-0.00529901589702601,2026-05-15,GOLD
2026-05-15 23:00:00,4545.99,4546.469999999999,4533.26,4539.795,0.0,0.0,0.0003530006569167033,9679,0.0,0.0,-0.00529901589702601,2026-05-14,GOLD
2026-05-18 01:00:00,4531.09,4555.405,4528.450000000001,4546.27,0.0,0.0,0.000760392473770979,10061,0.0,0.0,0.16110183639402015,2026-05-15,GOLD
2026-05-18 01:00:00,4531.09,4555.405,4528.450000000001,4546.27,0.0,0.0,0.0007604680546020123,10061,0.0,0.0,0.16110183639402015,2026-05-17,GOLD
2026-05-18 01:00:00,4531.09,4555.405,4528.450000000001,4546.27,0.0,0.0,0.0007604680546020123,10061,0.0,0.0,0.16110183639402015,2026-05-16,GOLD
2026-05-18 01:00:00,4531.09,4555.405,4528.450000000001,4546.27,0.0,0.0,0.000760392473770979,10061,0.0,0.0,0.16110183639402015,2026-05-14,GOLD
2026-05-18 02:00:00,4546.225,4548.15,4532.165,4537.195,0.0,0.0,0.0005262566576826387,12939,0.0,0.0,-0.1853299968720486,2026-05-16,GOLD
2026-05-18 02:00:00,4546.225,4548.15,4532.165,4537.195,0.0,0.0,0.0005262566576826387,12939,0.0,0.0,-0.1853299968720486,2026-05-17,GOLD
2026-05-18 02:00:00,4546.225,4548.15,4532.165,4537.195,0.0,0.0,0.0005262566576826387,12939,0.0,0.0,-0.1853299968720486,2026-05-14,GOLD
2026-05-18 02:00:00,4546.225,4548.15,4532.165,4537.195,0.0,0.0,0.0005262566576826387,12939,0.0,0.0,-0.1853299968720486,2026-05-15,GOLD
2026-05-18 03:00:00,4537.25,4542.780000000001,4480.45,4516.1,0.0,0.0,0.0008489568863471216,25631,0.0,0.0,0.07195571955720395,2026-05-17,GOLD
2026-05-18 03:00:00,4537.25,4542.780000000001,4480.45,4516.1,0.0,0.0,0.0008489568863471216,25631,0.0,0.0,0.07195571955720395,2026-05-16,GOLD
2026-05-18 03:00:00,4537.25,4542.780000000001,4480.45,4516.1,0.0,0.0,0.0008489568863471216,25631,0.0,0.0,0.07195571955720395,2026-05-15,GOLD
2026-05-18 03:00:00,4537.25,4542.780000000001,4480.45,4516.1,0.0,0.0,0.0008489568863471216,25631,0.0,0.0,0.07195571955720395,2026-05-14,GOLD
2026-05-18 04:00:00,4514.92,4535.639999999999,4489.610000000001,4525.585,0.0,0.0,0.0009737791481155225,27017,0.0,0.0,0.28155550727787015,2026-05-17,GOLD
2026-05-18 04:00:00,4514.92,4535.639999999999,4489.610000000001,4525.585,0.0,0.0,0.0009737791481155225,27017,0.0,0.0,0.28155550727787015,2026-05-14,GOLD
2026-05-18 04:00:00,4514.92,4535.639999999999,4489.610000000001,4525.585,0.0,0.0,0.0009737791481155225,27017,0.0,0.0,0.28155550727787015,2026-05-16,GOLD
2026-05-18 04:00:00,4514.92,4535.639999999999,4489.610000000001,4525.585,0.0,0.0,0.0009737791481155225,27017,0.0,0.0,0.28155550727787015,2026-05-15,GOLD
2026-05-18 05:00:00,4525.325,4542.985000000001,4522.139999999999,4533.764999999999,0.0,0.0,0.0006136344207291125,17970,0.0,0.0,0.05768769489082997,2026-05-17,GOLD
2026-05-18 05:00:00,4525.325,4542.985000000001,4522.139999999999,4533.764999999999,0.0,0.0,0.0006136422144893824,17970,0.0,0.0,0.05768769489082997,2026-05-18,GOLD
2026-05-18 05:00:00,4525.325,4542.985000000001,4522.139999999999,4533.764999999999,0.0,0.0,0.0006136344207291125,17970,0.0,0.0,0.05768769489082997,2026-05-16,GOLD
2026-05-18 05:00:00,4525.325,4542.985000000001,4522.139999999999,4533.764999999999,0.0,0.0,0.0006136344207291125,17970,0.0,0.0,0.05768769489082997,2026-05-15,GOLD
2026-05-18 05:00:00,4525.325,4542.985000000001,4522.139999999999,4533.764999999999,0.0,0.0,0.0006136344207291125,17970,0.0,0.0,0.05768769489082997,2026-05-14,GOLD
2026-05-18 06:00:00,4533.790000000001,4548.0599999999995,4525.305,4541.335,0.0,0.0,0.0005620284126960308,17138,0.0,0.0,0.2044605581191083,2026-05-17,GOLD
2026-05-18 06:00:00,4533.790000000001,4548.0599999999995,4525.305,4541.335,0.0,0.0,0.0005620284126960308,17138,0.0,0.0,0.2044605581191083,2026-05-18,GOLD
2026-05-18 06:00:00,4533.790000000001,4548.0599999999995,4525.305,4541.335,0.0,0.0,0.0005620284126960308,17138,0.0,0.0,0.2044605581191083,2026-05-14,GOLD
2026-05-18 06:00:00,4533.790000000001,4548.0599999999995,4525.305,4541.335,0.0,0.0,0.0005620284126960308,17138,0.0,0.0,0.2044605581191083,2026-05-15,GOLD
2026-05-18 06:00:00,4533.790000000001,4548.0599999999995,4525.305,4541.335,0.0,0.0,0.0005620284126960308,17138,0.0,0.0,0.2044605581191083,2026-05-16,GOLD
2026-05-18 07:00:00,4541.295,4550.01,4530.174999999999,4540.835,0.0,0.0,0.0005470838906223612,14651,0.0,0.0,0.037433829090005324,2026-05-17,GOLD
2026-05-18 07:00:00,4541.295,4550.01,4530.174999999999,4540.835,0.0,0.0,0.0005470838906223612,14651,0.0,0.0,0.037433829090005324,2026-05-14,GOLD
2026-05-18 07:00:00,4541.295,4550.01,4530.174999999999,4540.835,0.0,0.0,0.0005470838906223612,14651,0.0,0.0,0.037433829090005324,2026-05-18,GOLD
2026-05-18 07:00:00,4541.295,4550.01,4530.174999999999,4540.835,0.0,0.0,0.0005470838906223612,14651,0.0,0.0,0.037433829090005324,2026-05-15,GOLD
2026-05-18 07:00:00,4541.295,4550.01,4530.174999999999,4540.835,0.0,0.0,0.0005470838906223612,14651,0.0,0.0,0.037433829090005324,2026-05-16,GOLD
2026-05-18 08:00:00,4540.83,4552.33,4530.105,4530.955,0.0,0.0,0.0005647163921115545,18104,0.0,0.0,-0.4617547806524027,2026-05-16,GOLD
2026-05-18 08:00:00,4540.83,4552.33,4530.105,4530.955,0.0,0.0,0.0005647163921115545,18104,0.0,0.0,-0.4617547806524027,2026-05-15,GOLD
2026-05-18 08:00:00,4540.83,4552.33,4530.105,4530.955,0.0,0.0,0.0005647163921115545,18104,0.0,0.0,-0.4617547806524027,2026-05-14,GOLD
2026-05-18 08:00:00,4540.83,4552.33,4530.105,4530.955,0.0,0.0,0.0005647163921115545,18104,0.0,0.0,-0.4617547806524027,2026-05-18,GOLD
2026-05-18 08:00:00,4540.83,4552.33,4530.105,4530.955,0.0,0.0,0.0005647163921115545,18104,0.0,0.0,-0.4617547806524027,2026-05-17,GOLD
2026-05-18 09:00:00,4530.709999999999,4548.175,4529.855,4546.79,0.0,0.0,0.0004061651742072214,19235,0.0,0.0,0.42439956331879275,2026-05-16,GOLD
2026-05-18 09:00:00,4530.709999999999,4548.175,4529.855,4546.79,0.0,0.0,0.0004061651742072214,19235,0.0,0.0,0.42439956331879275,2026-05-15,GOLD
2026-05-18 09:00:00,4530.709999999999,4548.175,4529.855,4546.79,0.0,0.0,0.0004061651742072214,19235,0.0,0.0,0.42439956331879275,2026-05-17,GOLD
2026-05-18 09:00:00,4530.709999999999,4548.175,4529.855,4546.79,0.0,0.0,0.0004061651742072214,19235,0.0,0.0,0.42439956331879275,2026-05-14,GOLD
2026-05-18 09:00:00,4530.709999999999,4548.175,4529.855,4546.79,0.0,0.0,0.0004061651742072214,19235,0.0,0.0,0.42439956331879275,2026-05-18,GOLD
2026-05-18 10:00:00,4546.77,4560.030000000001,4538.33,4546.305,0.0,0.0,0.00041207378254277407,18022,0.0,0.0,-0.13248847926266838,2026-05-18,GOLD
2026-05-18 10:00:00,4546.77,4560.030000000001,4538.33,4546.305,0.0,0.0,0.00041207378254277407,18022,0.0,0.0,-0.13248847926266838,2026-05-16,GOLD
2026-05-18 10:00:00,4546.77,4560.030000000001,4538.33,4546.305,0.0,0.0,0.00041207378254277407,18022,0.0,0.0,-0.13248847926266838,2026-05-17,GOLD
2026-05-18 10:00:00,4546.77,4560.030000000001,4538.33,4546.305,0.0,0.0,0.00041207378254277407,18022,0.0,0.0,-0.13248847926266838,2026-05-15,GOLD
2026-05-18 10:00:00,4546.77,4560.030000000001,4538.33,4546.305,0.0,0.0,0.00041207378254277407,18022,0.0,0.0,-0.13248847926266838,2026-05-14,GOLD
2026-05-18 11:00:00,4546.405,4557.115,4542.585,4550.07,0.0,0.0,0.0003026712564377525,14602,0.0,0.0,0.0151410874053234,2026-05-18,GOLD
2026-05-18 11:00:00,4546.405,4557.115,4542.585,4550.07,0.0,0.0,0.0003026712564377525,14602,0.0,0.0,0.0151410874053234,2026-05-17,GOLD
2026-05-18 11:00:00,4546.405,4557.115,4542.585,4550.07,0.0,0.0,0.0003026712564377525,14602,0.0,0.0,0.0151410874053234,2026-05-14,GOLD
2026-05-18 11:00:00,4546.405,4557.115,4542.585,4550.07,0.0,0.0,0.0003026712564377525,14602,0.0,0.0,0.0151410874053234,2026-05-15,GOLD
2026-05-18 11:00:00,4546.405,4557.115,4542.585,4550.07,0.0,0.0,0.0003026712564377525,14602,0.0,0.0,0.0151410874053234,2026-05-16,GOLD
2026-05-18 12:00:00,4549.9400000000005,4552.12,4540.389999999999,4543.09,0.0,0.0,0.00030294303305733325,13097,0.0,0.0,-0.26982097186691617,2026-05-16,GOLD
2026-05-18 12:00:00,4549.9400000000005,4552.12,4540.389999999999,4543.09,0.0,0.0,0.00030294303305733325,13097,0.0,0.0,-0.26982097186691617,2026-05-18,GOLD
2026-05-18 12:00:00,4549.9400000000005,4552.12,4540.389999999999,4543.09,0.0,0.0,0.00030294303305733325,13097,0.0,0.0,-0.26982097186691617,2026-05-17,GOLD
2026-05-18 12:00:00,4549.9400000000005,4552.12,4540.389999999999,4543.09,0.0,0.0,0.00030294303305733325,13097,0.0,0.0,-0.26982097186691617,2026-05-15,GOLD
2026-05-18 12:00:00,4549.9400000000005,4552.12,4540.389999999999,4543.09,0.0,0.0,0.00030294303305733325,13097,0.0,0.0,-0.26982097186691617,2026-05-14,GOLD
2026-05-18 13:00:00,4543.075,4547.855,4532.25,4540.42,0.0,0.0,0.00029670697464724295,13614,0.0,0.0,0.02355014418457554,2026-05-16,GOLD
2026-05-18 13:00:00,4543.075,4547.855,4532.25,4540.42,0.0,0.0,0.00029670697464724295,13614,0.0,0.0,0.02355014418457554,2026-05-14,GOLD
2026-05-18 13:00:00,4543.075,4547.855,4532.25,4540.42,0.0,0.0,0.00029670697464724295,13614,0.0,0.0,0.02355014418457554,2026-05-15,GOLD
2026-05-18 13:00:00,4543.075,4547.855,4532.25,4540.42,0.0,0.0,0.00029670697464724295,13614,0.0,0.0,0.02355014418457554,2026-05-18,GOLD
2026-05-18 13:00:00,4543.075,4547.855,4532.25,4540.42,0.0,0.0,0.00029670697464724295,13614,0.0,0.0,0.02355014418457554,2026-05-17,GOLD
2026-05-18 14:00:00,4540.415,4567.295,4530.075000000001,4550.7,0.0,0.0,0.0005286187996850733,18969,0.0,0.0,0.054137560451355544,2026-05-14,GOLD
2026-05-18 14:00:00,4540.415,4567.295,4530.075000000001,4550.7,0.0,0.0,0.0005286187996850733,18969,0.0,0.0,0.054137560451355544,2026-05-18,GOLD
2026-05-18 14:00:00,4540.415,4567.295,4530.075000000001,4550.7,0.0,0.0,0.0005286187996850733,18969,0.0,0.0,0.054137560451355544,2026-05-17,GOLD
2026-05-18 14:00:00,4540.415,4567.295,4530.075000000001,4550.7,0.0,0.0,0.0005286187996850733,18969,0.0,0.0,0.054137560451355544,2026-05-16,GOLD
2026-05-18 14:00:00,4540.415,4567.295,4530.075000000001,4550.7,0.0,0.0,0.0005286187996850733,18969,0.0,0.0,0.054137560451355544,2026-05-15,GOLD
2026-05-18 15:00:00,4550.805,4574.9,4545.35,4571.415,0.0,0.0,0.00044415582606277613,21131,0.0,0.0,0.38206429780034656,2026-05-16,GOLD
2026-05-18 15:00:00,4550.805,4574.9,4545.35,4571.415,0.0,0.0,0.00044415582606277613,21131,0.0,0.0,0.38206429780034656,2026-05-17,GOLD
2026-05-18 15:00:00,4550.805,4574.9,4545.35,4571.415,0.0,0.0,0.00044415582606277613,21131,0.0,0.0,0.38206429780034656,2026-05-15,GOLD
2026-05-18 15:00:00,4550.805,4574.9,4545.35,4571.415,0.0,0.0,0.00044415582606277613,21131,0.0,0.0,0.38206429780034656,2026-05-14,GOLD
2026-05-18 15:00:00,4550.805,4574.9,4545.35,4571.415,0.0,0.0,0.00044415582606277613,21131,0.0,0.0,0.38206429780034656,2026-05-18,GOLD
2026-05-18 16:00:00,4571.4349999999995,4584.3150000000005,4561.889999999999,4575.77,0.0,0.0,0.0005337724821463454,24129,0.0,0.0,0.1189520624303386,2026-05-15,GOLD
2026-05-18 16:00:00,4571.4349999999995,4580.015,4561.889999999999,4572.32,0.0,0.0,0.0005305655549213053,18701,0.0,0.0,0.07544827586208123,2026-05-14,GOLD
2026-05-18 16:00:00,4571.4349999999995,4584.3150000000005,4561.889999999999,4575.77,0.0,0.0,0.0005337724821463454,24129,0.0,0.0,0.1189520624303386,2026-05-18,GOLD
2026-05-18 16:00:00,4571.4349999999995,4584.3150000000005,4561.889999999999,4575.77,0.0,0.0,0.0005337724821463454,24129,0.0,0.0,0.1189520624303386,2026-05-17,GOLD
2026-05-18 16:00:00,4571.4349999999995,4584.3150000000005,4561.889999999999,4575.77,0.0,0.0,0.0005337724821463454,24129,0.0,0.0,0.1189520624303386,2026-05-16,GOLD
2026-05-18 17:00:00,4575.84,4575.84,4537.83,4546.6,0.0,0.0,0.0005015884732548782,27013,0.0,0.0,-0.2692712444093558,2026-05-18,GOLD
2026-05-18 17:00:00,4575.84,4575.84,4537.83,4546.6,0.0,0.0,0.0005015884732548782,27013,0.0,0.0,-0.2692712444093558,2026-05-15,GOLD
2026-05-18 17:00:00,4575.84,4575.84,4537.83,4546.6,0.0,0.0,0.0005015884732548782,27013,0.0,0.0,-0.2692712444093558,2026-05-16,GOLD
2026-05-18 17:00:00,4575.84,4575.84,4537.83,4546.6,0.0,0.0,0.0005015884732548782,27013,0.0,0.0,-0.2692712444093558,2026-05-17,GOLD
2026-05-18 18:00:00,4546.91,4548.030000000001,4531.835,4543.65,0.0,0.0,0.0004245256685584754,22683,0.0,0.0,0.22954615622097524,2026-05-15,GOLD
2026-05-18 18:00:00,4546.91,4548.030000000001,4531.835,4543.65,0.0,0.0,0.0004245256685584754,22683,0.0,0.0,0.22954615622097524,2026-05-17,GOLD
2026-05-18 18:00:00,4546.91,4548.030000000001,4531.835,4543.65,0.0,0.0,0.0004245256685584754,22683,0.0,0.0,0.22954615622097524,2026-05-16,GOLD
2026-05-18 18:00:00,4546.91,4548.030000000001,4531.835,4543.65,0.0,0.0,0.0004245256685584754,22683,0.0,0.0,0.22954615622097524,2026-05-18,GOLD
2026-05-18 19:00:00,4543.74,4554.63,4533.9349999999995,4550.26,0.0,0.0,0.00030943613753575835,21401,0.0,0.0,0.28883788354678397,2026-05-16,GOLD
2026-05-18 19:00:00,4543.74,4554.63,4533.9349999999995,4550.26,0.0,0.0,0.00030943613753575835,21401,0.0,0.0,0.28883788354678397,2026-05-18,GOLD
2026-05-18 19:00:00,4543.74,4554.63,4533.9349999999995,4550.26,0.0,0.0,0.00030943613753575835,21401,0.0,0.0,0.28883788354678397,2026-05-15,GOLD
2026-05-18 19:00:00,4543.74,4554.63,4533.9349999999995,4550.26,0.0,0.0,0.00030943613753575835,21401,0.0,0.0,0.28883788354678397,2026-05-17,GOLD
2026-05-18 20:00:00,4550.02,4558.360000000001,4545.715,4547.030000000001,0.0,0.0,0.00023947582104683434,16204,0.0,0.0,-0.3960063266112721,2026-05-16,GOLD
2026-05-18 20:00:00,4550.02,4558.360000000001,4545.715,4547.030000000001,0.0,0.0,0.00023947582104683434,16204,0.0,0.0,-0.3960063266112721,2026-05-17,GOLD
2026-05-18 20:00:00,4550.02,4558.360000000001,4545.715,4547.030000000001,0.0,0.0,0.00023947582104683434,16204,0.0,0.0,-0.3960063266112721,2026-05-18,GOLD
2026-05-18 20:00:00,4550.02,4558.360000000001,4545.715,4547.030000000001,0.0,0.0,0.00023947582104683434,16204,0.0,0.0,-0.3960063266112721,2026-05-15,GOLD
2026-05-18 21:00:00,4546.995,4547.85,4534.35,4535.87,0.0,0.0,0.00022943552789191356,16181,0.0,0.0,-0.38740740740744245,2026-05-15,GOLD
2026-05-18 21:00:00,4546.995,4547.85,4534.35,4535.87,0.0,0.0,0.00022943552789191356,16181,0.0,0.0,-0.38740740740744245,2026-05-17,GOLD
2026-05-18 21:00:00,4546.995,4547.85,4534.35,4535.87,0.0,0.0,0.00022943552789191356,16181,0.0,0.0,-0.38740740740744245,2026-05-16,GOLD
2026-05-18 21:00:00,4546.995,4547.85,4534.35,4535.87,0.0,0.0,0.00022943552789191356,16181,0.0,0.0,-0.38740740740744245,2026-05-18,GOLD
2026-05-18 22:00:00,4536.07,4565.045,4535.37,4558.530000000001,0.0,0.0,0.0004626983349273051,21384,0.0,0.0,0.2804549283909071,2026-05-15,GOLD
2026-05-18 22:00:00,4536.07,4565.045,4535.37,4558.530000000001,0.0,0.0,0.0004626983349273051,21384,0.0,0.0,0.2804549283909071,2026-05-18,GOLD
2026-05-18 22:00:00,4536.07,4565.045,4535.37,4558.530000000001,0.0,0.0,0.0004626983349273051,21384,0.0,0.0,0.2804549283909071,2026-05-16,GOLD
2026-05-18 22:00:00,4536.07,4565.045,4535.37,4558.530000000001,0.0,0.0,0.0004626983349273051,21384,0.0,0.0,0.2804549283909071,2026-05-17,GOLD
2026-05-18 23:00:00,4558.745,4566.76,4557.905,4566.215,0.0,0.0,0.0002193908070285358,7286,0.0,0.0,0.4384528514962735,2026-05-18,GOLD
2026-05-18 23:00:00,4558.745,4566.76,4557.905,4566.215,0.0,0.0,0.0002193908070285358,7286,0.0,0.0,0.4384528514962735,2026-05-15,GOLD
2026-05-18 23:00:00,4558.745,4566.76,4557.905,4566.215,0.0,0.0,0.0002193908070285358,7286,0.0,0.0,0.4384528514962735,2026-05-16,GOLD
2026-05-18 23:00:00,4558.745,4566.76,4557.905,4566.215,0.0,0.0,0.0002193908070285358,7286,0.0,0.0,0.4384528514962735,2026-05-17,GOLD
2026-05-19 01:00:00,4568.555,4578.415,4567.355,4574.014999999999,0.0,0.0,0.00040869618968683726,6980,0.0,0.0,0.1021699819167413,2026-05-17,GOLD
2026-05-19 01:00:00,4568.555,4578.415,4567.355,4574.014999999999,0.0,0.0,0.00040869618968683726,6980,0.0,0.0,0.1021699819167413,2026-05-15,GOLD
2026-05-19 01:00:00,4568.555,4578.415,4567.355,4574.014999999999,0.0,0.0,0.00040869618968683726,6980,0.0,0.0,0.1021699819167413,2026-05-16,GOLD
2026-05-19 01:00:00,4568.555,4578.415,4567.355,4574.014999999999,0.0,0.0,0.00040869618968683726,6980,0.0,0.0,0.1021699819167413,2026-05-18,GOLD
2026-05-19 02:00:00,4573.985000000001,4589.030000000001,4573.870000000001,4581.945,0.0,0.0,0.0003603748362511753,8373,0.0,0.0,0.032651715039510955,2026-05-16,GOLD
2026-05-19 02:00:00,4573.985000000001,4589.030000000001,4573.870000000001,4581.945,0.0,0.0,0.0003603748362511753,8373,0.0,0.0,0.032651715039510955,2026-05-18,GOLD
2026-05-19 02:00:00,4573.985000000001,4589.030000000001,4573.870000000001,4581.945,0.0,0.0,0.0003603748362511753,8373,0.0,0.0,0.032651715039510955,2026-05-15,GOLD
2026-05-19 02:00:00,4573.985000000001,4589.030000000001,4573.870000000001,4581.945,0.0,0.0,0.0003603748362511753,8373,0.0,0.0,0.032651715039510955,2026-05-17,GOLD
2026-05-19 03:00:00,4582.174999999999,4589.3099999999995,4561.4,4563.299999999999,0.0,0.0,0.0004991190291023761,17621,0.0,0.0,-0.4319240415621768,2026-05-17,GOLD
2026-05-19 03:00:00,4582.174999999999,4589.3099999999995,4561.4,4563.299999999999,0.0,0.0,0.0004991190291023761,17621,0.0,0.0,-0.4319240415621768,2026-05-18,GOLD
2026-05-19 03:00:00,4582.174999999999,4589.3099999999995,4561.4,4563.299999999999,0.0,0.0,0.0004991190291023761,17621,0.0,0.0,-0.4319240415621768,2026-05-16,GOLD
2026-05-19 03:00:00,4582.174999999999,4589.3099999999995,4561.4,4563.299999999999,0.0,0.0,0.0004991190291023761,17621,0.0,0.0,-0.4319240415621768,2026-05-15,GOLD
2026-05-19 04:00:00,4563.04,4572.514999999999,4554.275,4563.875,0.0,0.0,0.0005432457415249659,20052,0.0,0.0,0.026315789473710455,2026-05-17,GOLD
2026-05-19 04:00:00,4563.04,4572.514999999999,4554.275,4563.875,0.0,0.0,0.0005432457415249659,20052,0.0,0.0,0.026315789473710455,2026-05-18,GOLD
2026-05-19 04:00:00,4563.04,4572.514999999999,4554.275,4563.875,0.0,0.0,0.0005432457415249659,20052,0.0,0.0,0.026315789473710455,2026-05-15,GOLD
2026-05-19 04:00:00,4563.04,4572.514999999999,4554.275,4563.875,0.0,0.0,0.0005432457415249659,20052,0.0,0.0,0.026315789473710455,2026-05-16,GOLD
2026-05-19 05:00:00,4563.865,4563.865,4546.21,4547.25,0.0,0.0,0.0004997582837525717,16308,0.0,0.0,-0.44109317473806153,2026-05-17,GOLD
2026-05-19 05:00:00,4563.865,4563.865,4546.21,4547.25,0.0,0.0,0.0004997582837525717,16308,0.0,0.0,-0.44109317473806153,2026-05-16,GOLD
2026-05-19 05:00:00,4563.865,4563.865,4546.21,4547.25,0.0,0.0,0.0004997582837525717,16308,0.0,0.0,-0.44109317473806153,2026-05-18,GOLD
2026-05-19 05:00:00,4563.865,4563.865,4546.21,4547.25,0.0,0.0,0.0004997828589891426,16308,0.0,0.0,-0.44109317473806153,2026-05-19,GOLD
2026-05-19 05:00:00,4563.865,4563.865,4546.21,4547.25,0.0,0.0,0.0004997582837525717,16308,0.0,0.0,-0.44109317473806153,2026-05-15,GOLD
2026-05-19 06:00:00,4547.025,4555.195,4543.68,4545.09,0.0,0.0,0.00041672808894128495,12204,0.0,0.0,-0.37755102040816974,2026-05-18,GOLD
2026-05-19 06:00:00,4547.025,4555.195,4543.68,4545.09,0.0,0.0,0.00041672808894128495,12204,0.0,0.0,-0.37755102040816974,2026-05-15,GOLD
2026-05-19 06:00:00,4547.025,4555.195,4543.68,4545.09,0.0,0.0,0.00041672808894128495,12204,0.0,0.0,-0.37755102040816974,2026-05-19,GOLD
2026-05-19 06:00:00,4547.025,4555.195,4543.68,4545.09,0.0,0.0,0.00041672808894128495,12204,0.0,0.0,-0.37755102040816974,2026-05-16,GOLD
2026-05-19 06:00:00,4547.025,4555.195,4543.68,4545.09,0.0,0.0,0.00041672808894128495,12204,0.0,0.0,-0.37755102040816974,2026-05-17,GOLD
2026-05-19 07:00:00,4545.125,4545.8,4538.085,4542.575,0.0,0.0,0.00037138766725283966,10370,0.0,0.0,0.08198314970832107,2026-05-17,GOLD
2026-05-19 07:00:00,4545.125,4545.8,4538.085,4542.575,0.0,0.0,0.00037138766725283966,10370,0.0,0.0,0.08198314970832107,2026-05-18,GOLD
2026-05-19 07:00:00,4545.125,4545.8,4538.085,4542.575,0.0,0.0,0.00037138766725283966,10370,0.0,0.0,0.08198314970832107,2026-05-19,GOLD
2026-05-19 07:00:00,4545.125,4545.8,4538.085,4542.575,0.0,0.0,0.00037138766725283966,10370,0.0,0.0,0.08198314970832107,2026-05-15,GOLD
2026-05-19 07:00:00,4545.125,4545.8,4538.085,4542.575,0.0,0.0,0.00037138766725283966,10370,0.0,0.0,0.08198314970832107,2026-05-16,GOLD
2026-05-19 08:00:00,4542.605,4546.65,4531.045,4540.99,0.0,0.0,0.0004971529120805367,15808,0.0,0.0,0.13729573854533722,2026-05-18,GOLD
2026-05-19 08:00:00,4542.605,4546.65,4531.045,4540.99,0.0,0.0,0.0004971529120805367,15808,0.0,0.0,0.13729573854533722,2026-05-16,GOLD
2026-05-19 08:00:00,4542.605,4546.65,4531.045,4540.99,0.0,0.0,0.0004971529120805367,15808,0.0,0.0,0.13729573854533722,2026-05-17,GOLD
2026-05-19 08:00:00,4542.605,4546.65,4531.045,4540.99,0.0,0.0,0.0004971529120805367,15808,0.0,0.0,0.13729573854533722,2026-05-15,GOLD
2026-05-19 08:00:00,4542.605,4546.65,4531.045,4540.99,0.0,0.0,0.0004971529120805367,15808,0.0,0.0,0.13729573854533722,2026-05-19,GOLD
2026-05-19 09:00:00,4541.209999999999,4553.96,4533.674999999999,4548.16,0.0,0.0,0.0003738337786026172,17100,0.0,0.0,0.21407443924084255,2026-05-18,GOLD
2026-05-19 09:00:00,4541.209999999999,4553.96,4533.674999999999,4548.16,0.0,0.0,0.0003738337786026172,17100,0.0,0.0,0.21407443924084255,2026-05-17,GOLD
2026-05-19 09:00:00,4541.209999999999,4553.96,4533.674999999999,4548.16,0.0,0.0,0.0003738337786026172,17100,0.0,0.0,0.21407443924084255,2026-05-19,GOLD
2026-05-19 09:00:00,4541.209999999999,4553.96,4533.674999999999,4548.16,0.0,0.0,0.0003738337786026172,17100,0.0,0.0,0.21407443924084255,2026-05-16,GOLD
2026-05-19 09:00:00,4541.209999999999,4553.96,4533.674999999999,4548.16,0.0,0.0,0.0003738337786026172,17100,0.0,0.0,0.21407443924084255,2026-05-15,GOLD
2026-05-19 10:00:00,4548.105,4559.425,4541.52,4557.33,0.0,0.0,0.000396138238079127,15161,0.0,0.0,0.3829935772130785,2026-05-18,GOLD
2026-05-19 10:00:00,4548.105,4559.425,4541.52,4557.33,0.0,0.0,0.000396138238079127,15161,0.0,0.0,0.3829935772130785,2026-05-19,GOLD
2026-05-19 10:00:00,4548.105,4559.425,4541.52,4557.33,0.0,0.0,0.000396138238079127,15161,0.0,0.0,0.3829935772130785,2026-05-15,GOLD
2026-05-19 10:00:00,4548.105,4559.425,4541.52,4557.33,0.0,0.0,0.000396138238079127,15161,0.0,0.0,0.3829935772130785,2026-05-17,GOLD
2026-05-19 10:00:00,4548.105,4559.425,4541.52,4557.33,0.0,0.0,0.000396138238079127,15161,0.0,0.0,0.3829935772130785,2026-05-16,GOLD
2026-05-19 11:00:00,4557.514999999999,4559.23,4536.415,4542.865,0.0,0.0,0.00035214730329482353,14225,0.0,0.0,-0.21729125575281716,2026-05-19,GOLD
2026-05-19 11:00:00,4557.514999999999,4559.23,4536.415,4542.865,0.0,0.0,0.00035214730329482353,14225,0.0,0.0,-0.21729125575281716,2026-05-15,GOLD
2026-05-19 11:00:00,4557.514999999999,4559.23,4536.415,4542.865,0.0,0.0,0.00035214730329482353,14225,0.0,0.0,-0.21729125575281716,2026-05-18,GOLD
2026-05-19 11:00:00,4557.514999999999,4559.23,4536.415,4542.865,0.0,0.0,0.00035214730329482353,14225,0.0,0.0,-0.21729125575281716,2026-05-16,GOLD
2026-05-19 11:00:00,4557.514999999999,4559.23,4536.415,4542.865,0.0,0.0,0.00035214730329482353,14225,0.0,0.0,-0.21729125575281716,2026-05-17,GOLD
2026-05-19 12:00:00,4542.8,4546.865,4536.18,4541.885,0.0,0.0,0.00031976717473746944,13992,0.0,0.0,0.03392606457652777,2026-05-19,GOLD
2026-05-19 12:00:00,4542.8,4546.865,4536.18,4541.885,0.0,0.0,0.00031976717473746944,13992,0.0,0.0,0.03392606457652777,2026-05-15,GOLD
2026-05-19 12:00:00,4542.8,4546.865,4536.18,4541.885,0.0,0.0,0.00031976717473746944,13992,0.0,0.0,0.03392606457652777,2026-05-18,GOLD
2026-05-19 12:00:00,4542.8,4546.865,4536.18,4541.885,0.0,0.0,0.00031976717473746944,13992,0.0,0.0,0.03392606457652777,2026-05-16,GOLD
2026-05-19 12:00:00,4542.8,4546.865,4536.18,4541.885,0.0,0.0,0.00031976717473746944,13992,0.0,0.0,0.03392606457652777,2026-05-17,GOLD
2026-05-19 13:00:00,4541.89,4544.780000000001,4525.635,4544.780000000001,0.0,0.0,0.000365663667862929,13914,0.0,0.0,0.5,2026-05-15,GOLD
2026-05-19 13:00:00,4541.89,4544.780000000001,4525.635,4544.780000000001,0.0,0.0,0.000365663667862929,13914,0.0,0.0,0.5,2026-05-18,GOLD
2026-05-19 13:00:00,4541.89,4544.780000000001,4525.635,4544.780000000001,0.0,0.0,0.000365663667862929,13914,0.0,0.0,0.5,2026-05-19,GOLD
2026-05-19 13:00:00,4541.89,4544.780000000001,4525.635,4544.780000000001,0.0,0.0,0.000365663667862929,13914,0.0,0.0,0.5,2026-05-16,GOLD
2026-05-19 13:00:00,4541.89,4544.780000000001,4525.635,4544.780000000001,0.0,0.0,0.000365663667862929,13914,0.0,0.0,0.5,2026-05-17,GOLD
2026-05-19 14:00:00,4544.725,4548.055,4529.98,4530.889999999999,0.0,0.0,0.0003393985258276299,13796,0.0,0.0,-0.44965421853389664,2026-05-19,GOLD
2026-05-19 14:00:00,4544.725,4548.055,4529.98,4530.889999999999,0.0,0.0,0.0003393985258276299,13796,0.0,0.0,-0.44965421853389664,2026-05-16,GOLD
2026-05-19 14:00:00,4544.725,4548.055,4529.98,4530.889999999999,0.0,0.0,0.0003393985258276299,13796,0.0,0.0,-0.44965421853389664,2026-05-18,GOLD
2026-05-19 14:00:00,4544.725,4548.055,4529.98,4530.889999999999,0.0,0.0,0.0003393985258276299,13796,0.0,0.0,-0.44965421853389664,2026-05-15,GOLD
2026-05-19 14:00:00,4544.725,4548.055,4529.98,4530.889999999999,0.0,0.0,0.0003393985258276299,13796,0.0,0.0,-0.44965421853389664,2026-05-17,GOLD
2026-05-19 15:00:00,4530.8,4547.2,4527.54,4537.23,0.0,0.0,0.00037832252869811665,15226,0.0,0.0,-0.0071210579857745905,2026-05-16,GOLD
2026-05-19 15:00:00,4530.8,4547.2,4527.54,4537.23,0.0,0.0,0.00037832252869811665,15226,0.0,0.0,-0.0071210579857745905,2026-05-19,GOLD
2026-05-19 15:00:00,4530.8,4547.2,4527.54,4537.23,0.0,0.0,0.00037832252869811665,15226,0.0,0.0,-0.0071210579857745905,2026-05-15,GOLD
2026-05-19 15:00:00,4530.8,4547.2,4527.54,4537.23,0.0,0.0,0.00037832252869811665,15226,0.0,0.0,-0.0071210579857745905,2026-05-17,GOLD
2026-05-19 15:00:00,4530.8,4547.2,4527.54,4537.23,0.0,0.0,0.00037832252869811665,15226,0.0,0.0,-0.0071210579857745905,2026-05-18,GOLD
2026-05-19 16:00:00,4537.29,4537.49,4464.67,4504.639999999999,0.0,0.0,0.0008062163662582011,28637,0.0,0.0,0.04888766822300886,2026-05-17,GOLD
2026-05-19 16:00:00,4537.29,4537.49,4464.67,4504.639999999999,0.0,0.0,0.0008062163662582011,28637,0.0,0.0,0.04888766822300886,2026-05-18,GOLD
2026-05-19 16:00:00,4537.29,4537.49,4491.110000000001,4494.295,0.0,0.0,0.0006591953079072967,12786,0.0,0.0,-0.4313281586890999,2026-05-15,GOLD
2026-05-19 16:00:00,4537.29,4537.49,4464.67,4504.639999999999,0.0,0.0,0.0008062163662582011,28637,0.0,0.0,0.04888766822300886,2026-05-19,GOLD
2026-05-19 16:00:00,4537.29,4537.49,4464.67,4504.639999999999,0.0,0.0,0.0008062163662582011,28637,0.0,0.0,0.04888766822300886,2026-05-16,GOLD
2026-05-19 17:00:00,4504.55,4514.34,4484.615,4494.1849999999995,0.0,0.0,0.0006267699139150276,27683,0.0,0.0,-0.1780487804878186,2026-05-18,GOLD
2026-05-19 17:00:00,4504.55,4514.34,4484.615,4494.1849999999995,0.0,0.0,0.0006267699139150276,27683,0.0,0.0,-0.1780487804878186,2026-05-19,GOLD
2026-05-19 17:00:00,4504.55,4514.34,4484.615,4494.1849999999995,0.0,0.0,0.0006267699139150276,27683,0.0,0.0,-0.1780487804878186,2026-05-17,GOLD
2026-05-19 17:00:00,4504.55,4514.34,4484.615,4494.1849999999995,0.0,0.0,0.0006267699139150276,27683,0.0,0.0,-0.1780487804878186,2026-05-16,GOLD
2026-05-19 18:00:00,4494.18,4509.355,4489.975,4508.475,0.0,0.0,0.0003951869925037813,21221,0.0,0.0,0.45459236326113334,2026-05-18,GOLD
2026-05-19 18:00:00,4494.18,4509.355,4489.975,4508.475,0.0,0.0,0.0003951869925037813,21221,0.0,0.0,0.45459236326113334,2026-05-17,GOLD
2026-05-19 18:00:00,4494.18,4509.355,4489.975,4508.475,0.0,0.0,0.0003951869925037813,21221,0.0,0.0,0.45459236326113334,2026-05-19,GOLD
2026-05-19 18:00:00,4494.18,4509.355,4489.975,4508.475,0.0,0.0,0.0003951869925037813,21221,0.0,0.0,0.45459236326113334,2026-05-16,GOLD
2026-05-19 19:00:00,4508.695,4512.495,4496.325,4507.75,0.0,0.0,0.0002910502719965509,16263,0.0,0.0,0.20655534941250034,2026-05-16,GOLD
2026-05-19 19:00:00,4508.695,4512.495,4496.325,4507.75,0.0,0.0,0.0002910502719965509,16263,0.0,0.0,0.20655534941250034,2026-05-19,GOLD
2026-05-19 19:00:00,4508.695,4512.495,4496.325,4507.75,0.0,0.0,0.0002910502719965509,16263,0.0,0.0,0.20655534941250034,2026-05-18,GOLD
2026-05-19 19:00:00,4508.695,4512.495,4496.325,4507.75,0.0,0.0,0.0002910502719965509,16263,0.0,0.0,0.20655534941250034,2026-05-17,GOLD
2026-05-19 20:00:00,4507.675,4511.145,4499.225,4500.91,0.0,0.0,0.0002324839871733595,14502,0.0,0.0,-0.35864093959735904,2026-05-18,GOLD
2026-05-19 20:00:00,4507.675,4511.145,4499.225,4500.91,0.0,0.0,0.0002324839871733595,14502,0.0,0.0,-0.35864093959735904,2026-05-19,GOLD
2026-05-19 20:00:00,4507.675,4511.145,4499.225,4500.91,0.0,0.0,0.0002324839871733595,14502,0.0,0.0,-0.35864093959735904,2026-05-17,GOLD
2026-05-19 20:00:00,4507.675,4511.145,4499.225,4500.91,0.0,0.0,0.0002324839871733595,14502,0.0,0.0,-0.35864093959735904,2026-05-16,GOLD
2026-05-19 21:00:00,4500.945,4503.75,4490.42,4493.695,0.0,0.0,0.0002240617515042826,14574,0.0,0.0,-0.2543135783946246,2026-05-16,GOLD
2026-05-19 21:00:00,4500.945,4503.75,4490.42,4493.695,0.0,0.0,0.0002240617515042826,14574,0.0,0.0,-0.2543135783946246,2026-05-18,GOLD
2026-05-19 21:00:00,4500.945,4503.75,4490.42,4493.695,0.0,0.0,0.0002240617515042826,14574,0.0,0.0,-0.2543135783946246,2026-05-19,GOLD
2026-05-19 21:00:00,4500.945,4503.75,4490.42,4493.695,0.0,0.0,0.0002240617515042826,14574,0.0,0.0,-0.2543135783946246,2026-05-17,GOLD
2026-05-19 22:00:00,4493.6,4497.68,4481.365,4483.469999999999,0.0,0.0,0.00021176416450302438,15202,0.0,0.0,-0.3709776279497703,2026-05-16,GOLD
2026-05-19 22:00:00,4493.6,4497.68,4481.365,4483.469999999999,0.0,0.0,0.00021176416450302438,15202,0.0,0.0,-0.3709776279497703,2026-05-18,GOLD
2026-05-19 22:00:00,4493.6,4497.68,4481.365,4483.469999999999,0.0,0.0,0.00021176416450302438,15202,0.0,0.0,-0.3709776279497703,2026-05-19,GOLD
2026-05-19 22:00:00,4493.6,4497.68,4481.365,4483.469999999999,0.0,0.0,0.00021176416450302438,15202,0.0,0.0,-0.3709776279497703,2026-05-17,GOLD
2026-05-19 23:00:00,4483.485,4488.25,4481.015,4482.125,0.0,0.0,0.0001788090900928641,7081,0.0,0.0,-0.3465791292328711,2026-05-16,GOLD
2026-05-19 23:00:00,4483.485,4488.25,4481.015,4482.125,0.0,0.0,0.0001788090900928641,7081,0.0,0.0,-0.3465791292328711,2026-05-18,GOLD
2026-05-19 23:00:00,4483.485,4488.25,4481.015,4482.125,0.0,0.0,0.0001788090900928641,7081,0.0,0.0,-0.3465791292328711,2026-05-19,GOLD
2026-05-19 23:00:00,4483.485,4488.25,4481.015,4482.125,0.0,0.0,0.0001788090900928641,7081,0.0,0.0,-0.3465791292328711,2026-05-17,GOLD
2026-05-20 01:00:00,4482.3150000000005,4485.865,4477.4400000000005,4484.4,0.0,0.0,0.00041787554411251785,8655,0.0,0.0,0.32611275964388464,2026-05-19,GOLD
2026-05-20 01:00:00,4482.3150000000005,4485.865,4477.4400000000005,4484.4,0.0,0.0,0.00041787554411251785,8655,0.0,0.0,0.32611275964388464,2026-05-17,GOLD
2026-05-20 01:00:00,4482.3150000000005,4485.865,4477.4400000000005,4484.4,0.0,0.0,0.00041787554411251785,8655,0.0,0.0,0.32611275964388464,2026-05-16,GOLD
2026-05-20 01:00:00,4482.3150000000005,4485.865,4477.4400000000005,4484.4,0.0,0.0,0.00041787554411251785,8655,0.0,0.0,0.32611275964388464,2026-05-18,GOLD
2026-05-20 02:00:00,4484.35,4496.41,4480.0,4489.379999999999,0.0,0.0,0.0003613297598731278,7793,0.0,0.0,0.07160268129185149,2026-05-19,GOLD
2026-05-20 02:00:00,4484.35,4496.41,4480.0,4489.379999999999,0.0,0.0,0.0003613297598731278,7793,0.0,0.0,0.07160268129185149,2026-05-16,GOLD
2026-05-20 02:00:00,4484.35,4496.41,4480.0,4489.379999999999,0.0,0.0,0.0003613297598731278,7793,0.0,0.0,0.07160268129185149,2026-05-18,GOLD
2026-05-20 02:00:00,4484.35,4496.41,4480.0,4489.379999999999,0.0,0.0,0.0003613297598731278,7793,0.0,0.0,0.07160268129185149,2026-05-17,GOLD
2026-05-20 03:00:00,4489.21,4508.945,4479.825000000001,4501.049999999999,0.0,0.0,0.0005911893644280059,18490,0.0,0.0,0.22888049450547002,2026-05-19,GOLD
2026-05-20 03:00:00,4489.21,4508.945,4479.825000000001,4501.049999999999,0.0,0.0,0.0005911893644280059,18490,0.0,0.0,0.22888049450547002,2026-05-18,GOLD
2026-05-20 03:00:00,4489.21,4508.945,4479.825000000001,4501.049999999999,0.0,0.0,0.0005911893644280059,18490,0.0,0.0,0.22888049450547002,2026-05-17,GOLD
2026-05-20 03:00:00,4489.21,4508.945,4479.825000000001,4501.049999999999,0.0,0.0,0.0005911893644280059,18490,0.0,0.0,0.22888049450547002,2026-05-16,GOLD
2026-05-20 04:00:00,4501.115,4506.395,4456.275,4481.4400000000005,0.0,0.0,0.0007349742440691568,22158,0.0,0.0,0.0020949720670485087,2026-05-16,GOLD
2026-05-20 04:00:00,4501.115,4506.395,4456.275,4481.4400000000005,0.0,0.0,0.0007349742440691568,22158,0.0,0.0,0.0020949720670485087,2026-05-19,GOLD
2026-05-20 04:00:00,4501.115,4506.395,4456.275,4481.4400000000005,0.0,0.0,0.0007349742440691568,22158,0.0,0.0,0.0020949720670485087,2026-05-17,GOLD
2026-05-20 04:00:00,4501.115,4506.395,4456.275,4481.4400000000005,0.0,0.0,0.0007349742440691568,22158,0.0,0.0,0.0020949720670485087,2026-05-18,GOLD
2026-05-20 05:00:00,4481.545,4487.155000000001,4458.594999999999,4465.370000000001,0.0,0.0,0.0005790242965055527,18818,0.0,0.0,-0.26278011204477786,2026-05-19,GOLD
2026-05-20 05:00:00,4481.545,4487.155000000001,4458.594999999999,4465.370000000001,0.0,0.0,0.0005790242965055527,18818,0.0,0.0,-0.26278011204477786,2026-05-17,GOLD
2026-05-20 05:00:00,4481.545,4487.155000000001,4458.594999999999,4465.370000000001,0.0,0.0,0.0005790242965055527,18818,0.0,0.0,-0.26278011204477786,2026-05-16,GOLD
2026-05-20 05:00:00,4481.545,4487.155000000001,4458.594999999999,4465.370000000001,0.0,0.0,0.0005790270273396683,18818,0.0,0.0,-0.26278011204477786,2026-05-20,GOLD
2026-05-20 05:00:00,4481.545,4487.155000000001,4458.594999999999,4465.370000000001,0.0,0.0,0.0005790242965055527,18818,0.0,0.0,-0.26278011204477786,2026-05-18,GOLD
2026-05-20 06:00:00,4465.385,4467.48,4453.725,4463.895,0.0,0.0,0.0005292166632646464,13311,0.0,0.0,0.23936750272632967,2026-05-17,GOLD
2026-05-20 06:00:00,4465.385,4467.48,4453.725,4463.895,0.0,0.0,0.0005292166632646464,13311,0.0,0.0,0.23936750272632967,2026-05-16,GOLD
2026-05-20 06:00:00,4465.385,4467.48,4453.725,4463.895,0.0,0.0,0.0005292166632646464,13311,0.0,0.0,0.23936750272632967,2026-05-19,GOLD
2026-05-20 06:00:00,4465.385,4467.48,4453.725,4463.895,0.0,0.0,0.0005292166632646464,13311,0.0,0.0,0.23936750272632967,2026-05-20,GOLD
2026-05-20 06:00:00,4465.385,4467.48,4453.725,4463.895,0.0,0.0,0.0005292166632646464,13311,0.0,0.0,0.23936750272632967,2026-05-18,GOLD
2026-05-20 07:00:00,4463.875,4470.785,4456.799999999999,4462.174999999999,0.0,0.0,0.0004205900654085613,11365,0.0,0.0,-0.11565963532357695,2026-05-16,GOLD
2026-05-20 07:00:00,4463.875,4470.785,4456.799999999999,4462.174999999999,0.0,0.0,0.0004205900654085613,11365,0.0,0.0,-0.11565963532357695,2026-05-20,GOLD
2026-05-20 07:00:00,4463.875,4470.785,4456.799999999999,4462.174999999999,0.0,0.0,0.0004205900654085613,11365,0.0,0.0,-0.11565963532357695,2026-05-19,GOLD
2026-05-20 07:00:00,4463.875,4470.785,4456.799999999999,4462.174999999999,0.0,0.0,0.0004205900654085613,11365,0.0,0.0,-0.11565963532357695,2026-05-18,GOLD
2026-05-20 07:00:00,4463.875,4470.785,4456.799999999999,4462.174999999999,0.0,0.0,0.0004205900654085613,11365,0.0,0.0,-0.11565963532357695,2026-05-17,GOLD
2026-05-20 08:00:00,4462.094999999999,4479.165,4461.755,4472.93,0.0,0.0,0.0004638958830350885,15519,0.0,0.0,0.1418724870764087,2026-05-16,GOLD
2026-05-20 08:00:00,4462.094999999999,4479.165,4461.755,4472.93,0.0,0.0,0.0004638958830350885,15519,0.0,0.0,0.1418724870764087,2026-05-20,GOLD
2026-05-20 08:00:00,4462.094999999999,4479.165,4461.755,4472.93,0.0,0.0,0.0004638958830350885,15519,0.0,0.0,0.1418724870764087,2026-05-17,GOLD
2026-05-20 08:00:00,4462.094999999999,4479.165,4461.755,4472.93,0.0,0.0,0.0004638958830350885,15519,0.0,0.0,0.1418724870764087,2026-05-18,GOLD
2026-05-20 08:00:00,4462.094999999999,4479.165,4461.755,4472.93,0.0,0.0,0.0004638958830350885,15519,0.0,0.0,0.1418724870764087,2026-05-19,GOLD
2026-05-20 09:00:00,4472.645,4478.515,4461.605,4474.465,0.0,0.0,0.0003676274958489886,18233,0.0,0.0,0.2604967474867212,2026-05-19,GOLD
2026-05-20 09:00:00,4472.645,4478.515,4461.605,4474.465,0.0,0.0,0.0003676274958489886,18233,0.0,0.0,0.2604967474867212,2026-05-18,GOLD
2026-05-20 09:00:00,4472.645,4478.515,4461.605,4474.465,0.0,0.0,0.0003676274958489886,18233,0.0,0.0,0.2604967474867212,2026-05-16,GOLD
2026-05-20 09:00:00,4472.645,4478.515,4461.605,4474.465,0.0,0.0,0.0003676274958489886,18233,0.0,0.0,0.2604967474867212,2026-05-20,GOLD
2026-05-20 09:00:00,4472.645,4478.515,4461.605,4474.465,0.0,0.0,0.0003676274958489886,18233,0.0,0.0,0.2604967474867212,2026-05-17,GOLD
2026-05-20 10:00:00,4474.389999999999,4486.01,4472.13,4478.655,0.0,0.0,0.0003456509233033558,14609,0.0,0.0,-0.029899135446683024,2026-05-18,GOLD
2026-05-20 10:00:00,4474.389999999999,4486.01,4472.13,4478.655,0.0,0.0,0.0003456509233033558,14609,0.0,0.0,-0.029899135446683024,2026-05-16,GOLD
2026-05-20 10:00:00,4474.389999999999,4486.01,4472.13,4478.655,0.0,0.0,0.0003456509233033558,14609,0.0,0.0,-0.029899135446683024,2026-05-20,GOLD
2026-05-20 10:00:00,4474.389999999999,4486.01,4472.13,4478.655,0.0,0.0,0.0003456509233033558,14609,0.0,0.0,-0.029899135446683024,2026-05-17,GOLD
2026-05-20 10:00:00,4474.389999999999,4486.01,4472.13,4478.655,0.0,0.0,0.0003456509233033558,14609,0.0,0.0,-0.029899135446683024,2026-05-19,GOLD
2026-05-20 11:00:00,4478.775,4490.215,4476.889999999999,4484.195,0.0,0.0,0.0003452496286085468,15638,0.0,0.0,0.04821763602250598,2026-05-16,GOLD
2026-05-20 11:00:00,4478.775,4490.215,4476.889999999999,4484.195,0.0,0.0,0.0003452496286085468,15638,0.0,0.0,0.04821763602250598,2026-05-19,GOLD
2026-05-20 11:00:00,4478.775,4490.215,4476.889999999999,4484.195,0.0,0.0,0.0003452496286085468,15638,0.0,0.0,0.04821763602250598,2026-05-18,GOLD
2026-05-20 11:00:00,4478.775,4490.215,4476.889999999999,4484.195,0.0,0.0,0.0003452496286085468,15638,0.0,0.0,0.04821763602250598,2026-05-17,GOLD
2026-05-20 11:00:00,4478.775,4490.215,4476.889999999999,4484.195,0.0,0.0,0.0003452496286085468,15638,0.0,0.0,0.04821763602250598,2026-05-20,GOLD
2026-05-20 12:00:00,4484.1849999999995,4491.110000000001,4472.875,4485.0650000000005,0.0,0.0,0.0003205228334144485,12253,0.0,0.0,0.16849465313957335,2026-05-19,GOLD
2026-05-20 12:00:00,4484.1849999999995,4491.110000000001,4472.875,4485.0650000000005,0.0,0.0,0.0003205228334144485,12253,0.0,0.0,0.16849465313957335,2026-05-20,GOLD
2026-05-20 12:00:00,4484.1849999999995,4491.110000000001,4472.875,4485.0650000000005,0.0,0.0,0.0003205228334144485,12253,0.0,0.0,0.16849465313957335,2026-05-16,GOLD
2026-05-20 12:00:00,4484.1849999999995,4491.110000000001,4472.875,4485.0650000000005,0.0,0.0,0.0003205228334144485,12253,0.0,0.0,0.16849465313957335,2026-05-17,GOLD
2026-05-20 12:00:00,4484.1849999999995,4491.110000000001,4472.875,4485.0650000000005,0.0,0.0,0.0003205228334144485,12253,0.0,0.0,0.16849465313957335,2026-05-18,GOLD
2026-05-20 13:00:00,4484.965,4497.174999999999,4484.879999999999,4494.75,0.0,0.0,0.0002904684062465286,10878,0.0,0.0,0.30276535176907216,2026-05-16,GOLD
2026-05-20 13:00:00,4484.965,4497.174999999999,4484.879999999999,4494.75,0.0,0.0,0.0002904684062465286,10878,0.0,0.0,0.30276535176907216,2026-05-17,GOLD
2026-05-20 13:00:00,4484.965,4497.174999999999,4484.879999999999,4494.75,0.0,0.0,0.0002904684062465286,10878,0.0,0.0,0.30276535176907216,2026-05-18,GOLD
2026-05-20 13:00:00,4484.965,4497.174999999999,4484.879999999999,4494.75,0.0,0.0,0.0002904684062465286,10878,0.0,0.0,0.30276535176907216,2026-05-20,GOLD
2026-05-20 13:00:00,4484.965,4497.174999999999,4484.879999999999,4494.75,0.0,0.0,0.0002904684062465286,10878,0.0,0.0,0.30276535176907216,2026-05-19,GOLD
2026-05-20 14:00:00,4494.73,4501.26,4491.025,4499.254999999999,0.0,0.0,0.00028398744333348,11660,0.0,0.0,0.3041035661943425,2026-05-16,GOLD
2026-05-20 14:00:00,4494.73,4501.26,4491.025,4499.254999999999,0.0,0.0,0.00028398744333348,11660,0.0,0.0,0.3041035661943425,2026-05-17,GOLD
2026-05-20 14:00:00,4494.73,4501.26,4491.025,4499.254999999999,0.0,0.0,0.00028398744333348,11660,0.0,0.0,0.3041035661943425,2026-05-18,GOLD
2026-05-20 14:00:00,4494.73,4501.26,4491.025,4499.254999999999,0.0,0.0,0.00028398744333348,11660,0.0,0.0,0.3041035661943425,2026-05-19,GOLD
2026-05-20 14:00:00,4494.73,4501.26,4491.025,4499.254999999999,0.0,0.0,0.00028398744333348,11660,0.0,0.0,0.3041035661943425,2026-05-20,GOLD
2026-05-20 15:00:00,4499.23,4505.450000000001,4493.075000000001,4496.3,0.0,0.0,0.00033694037016493325,15964,0.0,0.0,-0.23939393939398348,2026-05-20,GOLD
2026-05-20 15:00:00,4499.23,4505.450000000001,4493.075000000001,4496.3,0.0,0.0,0.00033694037016493325,15964,0.0,0.0,-0.23939393939398348,2026-05-17,GOLD
2026-05-20 15:00:00,4499.23,4505.450000000001,4493.075000000001,4496.3,0.0,0.0,0.00033694037016493325,15964,0.0,0.0,-0.23939393939398348,2026-05-19,GOLD
2026-05-20 15:00:00,4499.23,4505.450000000001,4493.075000000001,4496.3,0.0,0.0,0.00033694037016493325,15964,0.0,0.0,-0.23939393939398348,2026-05-18,GOLD
2026-05-20 15:00:00,4499.23,4505.450000000001,4493.075000000001,4496.3,0.0,0.0,0.00033694037016493325,15964,0.0,0.0,-0.23939393939398348,2026-05-16,GOLD
2026-05-20 16:00:00,4496.285,4506.219999999999,4491.305,4492.639999999999,0.0,0.0,0.00043124962146819535,9901,0.0,0.0,-0.410492792490834,2026-05-17,GOLD
2026-05-20 16:00:00,4496.285,4506.219999999999,4482.110000000001,4483.225,0.0,0.0,0.0004672796516571434,24936,0.0,0.0,-0.45375362919950896,2026-05-18,GOLD
2026-05-20 16:00:00,4496.285,4506.219999999999,4482.110000000001,4483.225,0.0,0.0,0.0004672796516571434,24936,0.0,0.0,-0.45375362919950896,2026-05-20,GOLD
2026-05-20 16:00:00,4496.285,4506.219999999999,4491.305,4492.639999999999,0.0,0.0,0.00043124962146819535,9901,0.0,0.0,-0.410492792490834,2026-05-16,GOLD
2026-05-20 16:00:00,4496.285,4506.219999999999,4482.110000000001,4483.225,0.0,0.0,0.0004672796516571434,24936,0.0,0.0,-0.45375362919950896,2026-05-19,GOLD
2026-05-20 17:00:00,4483.62,4537.26,4467.17,4531.38,0.0,0.0,0.0007167929919823311,31503,0.0,0.0,0.4161078613211571,2026-05-18,GOLD
2026-05-20 17:00:00,4483.62,4537.26,4467.17,4531.38,0.0,0.0,0.0007167929919823311,31503,0.0,0.0,0.4161078613211571,2026-05-20,GOLD
2026-05-20 17:00:00,4483.62,4537.26,4467.17,4531.38,0.0,0.0,0.0007167929919823311,31503,0.0,0.0,0.4161078613211571,2026-05-19,GOLD
2026-05-20 18:00:00,4531.360000000001,4552.915,4523.275,4529.21,0.0,0.0,0.0005706125209232103,26353,0.0,0.0,-0.2997638326585429,2026-05-20,GOLD
2026-05-20 18:00:00,4531.360000000001,4552.915,4523.275,4529.21,0.0,0.0,0.0005706125209232103,26353,0.0,0.0,-0.2997638326585429,2026-05-18,GOLD
2026-05-20 18:00:00,4531.360000000001,4552.915,4523.275,4529.21,0.0,0.0,0.0005706125209232103,26353,0.0,0.0,-0.2997638326585429,2026-05-19,GOLD
2026-05-20 19:00:00,4529.285,4535.540000000001,4524.145,4534.41,0.0,0.0,0.0003520970399991429,20744,0.0,0.0,0.4008336989906998,2026-05-19,GOLD
2026-05-20 19:00:00,4529.285,4535.389999999999,4528.445,4534.165,0.0,0.0,0.0003520084515031976,2757,0.0,0.0,0.3236141108712015,2026-05-18,GOLD
2026-05-20 19:00:00,4529.285,4535.540000000001,4524.145,4534.41,0.0,0.0,0.0003520970399991429,20744,0.0,0.0,0.4008336989906998,2026-05-20,GOLD
2026-05-20 20:00:00,4534.555,4538.23,4529.945,4531.629999999999,0.0,0.0,0.00030293513586646375,16588,0.0,0.0,-0.29662039831025705,2026-05-19,GOLD
2026-05-20 20:00:00,4534.555,4538.23,4529.945,4531.629999999999,0.0,0.0,0.00030293513586646375,16588,0.0,0.0,-0.29662039831025705,2026-05-20,GOLD
2026-05-20 21:00:00,4531.665,4545.135,4529.605,4542.43,0.0,0.0,0.00025653588294158395,15584,0.0,0.0,0.325820991629117,2026-05-20,GOLD
2026-05-20 21:00:00,4531.665,4545.135,4529.605,4542.43,0.0,0.0,0.00025653588294158395,15584,0.0,0.0,0.325820991629117,2026-05-19,GOLD
2026-05-20 22:00:00,4542.455,4550.37,4541.844999999999,4545.75,0.0,0.0,0.00024876631285922365,13763,0.0,0.0,-0.041935483870973594,2026-05-20,GOLD
2026-05-20 22:00:00,4542.455,4550.37,4541.844999999999,4545.75,0.0,0.0,0.00024876631285922365,13763,0.0,0.0,-0.041935483870973594,2026-05-19,GOLD
2026-05-20 23:00:00,4545.7,4550.455,4542.0599999999995,4543.75,0.0,0.0,0.000267637449564269,10071,0.0,0.0,-0.29868969624771635,2026-05-20,GOLD
2026-05-20 23:00:00,4545.7,4550.455,4542.0599999999995,4543.75,0.0,0.0,0.000267637449564269,10071,0.0,0.0,-0.29868969624771635,2026-05-19,GOLD
2026-05-21 01:00:00,4545.120000000001,4549.02,4535.45,4539.925,0.0,0.0,0.00043893416396048504,10306,0.0,0.0,-0.17022844509950588,2026-05-19,GOLD
2026-05-21 01:00:00,4545.120000000001,4549.02,4535.45,4539.925,0.0,0.0,0.00043893416396048504,10306,0.0,0.0,-0.17022844509950588,2026-05-20,GOLD
2026-05-21 02:00:00,4539.945,4546.94,4534.725,4546.575000000001,0.0,0.0,0.0002962579624128684,7663,0.0,0.0,0.47011870650844456,2026-05-19,GOLD
2026-05-21 02:00:00,4539.945,4546.94,4534.725,4546.575000000001,0.0,0.0,0.0002962579624128684,7663,0.0,0.0,0.47011870650844456,2026-05-20,GOLD
2026-05-21 03:00:00,4546.629999999999,4553.365,4537.51,4545.395,0.0,0.0,0.00046235158768833393,13849,0.0,0.0,-0.0026805424156142927,2026-05-19,GOLD
2026-05-21 03:00:00,4546.629999999999,4553.365,4537.51,4545.395,0.0,0.0,0.00046235158768833393,13849,0.0,0.0,-0.0026805424156142927,2026-05-20,GOLD
2026-05-21 04:00:00,4545.375,4570.924999999999,4539.9349999999995,4561.094999999999,0.0,0.0,0.0005338939822876927,18162,0.0,0.0,0.18280090351726375,2026-05-20,GOLD
2026-05-21 04:00:00,4545.375,4570.924999999999,4539.9349999999995,4561.094999999999,0.0,0.0,0.0005338939822876927,18162,0.0,0.0,0.18280090351726375,2026-05-19,GOLD
2026-05-21 05:00:00,4561.195,4564.975,4531.55,4533.295,0.0,0.0,0.0004516398072527437,16560,0.0,0.0,-0.4477935676888728,2026-05-20,GOLD
2026-05-21 05:00:00,4561.195,4564.975,4531.55,4533.295,0.0,0.0,0.00045165901906860133,16560,0.0,0.0,-0.4477935676888728,2026-05-21,GOLD
2026-05-21 05:00:00,4561.195,4564.975,4531.55,4533.295,0.0,0.0,0.0004516398072527437,16560,0.0,0.0,-0.4477935676888728,2026-05-19,GOLD
2026-05-21 06:00:00,4533.115,4540.355,4527.385,4528.355,0.0,0.0,0.0003761467067450459,10681,0.0,0.0,-0.42521202775640754,2026-05-19,GOLD
2026-05-21 06:00:00,4533.115,4540.355,4527.385,4528.355,0.0,0.0,0.0003761467067450459,10681,0.0,0.0,-0.42521202775640754,2026-05-21,GOLD
2026-05-21 06:00:00,4533.115,4540.355,4527.385,4528.355,0.0,0.0,0.0003761467067450459,10681,0.0,0.0,-0.42521202775640754,2026-05-20,GOLD
2026-05-21 07:00:00,4528.325,4540.53,4527.425,4538.555,0.0,0.0,0.0002864957297838206,7565,0.0,0.0,0.3492941625334208,2026-05-20,GOLD
2026-05-21 07:00:00,4528.325,4540.53,4527.425,4538.555,0.0,0.0,0.0002864957297838206,7565,0.0,0.0,0.3492941625334208,2026-05-21,GOLD
2026-05-21 07:00:00,4528.325,4540.53,4527.425,4538.555,0.0,0.0,0.0002864957297838206,7565,0.0,0.0,0.3492941625334208,2026-05-19,GOLD
2026-05-21 08:00:00,4538.5650000000005,4540.375,4518.5,4527.955,0.0,0.0,0.00041835024870536886,14518,0.0,0.0,-0.0677714285714319,2026-05-21,GOLD
2026-05-21 08:00:00,4538.5650000000005,4540.375,4518.5,4527.955,0.0,0.0,0.00041835024870536886,14518,0.0,0.0,-0.0677714285714319,2026-05-19,GOLD
2026-05-21 08:00:00,4538.5650000000005,4540.375,4518.5,4527.955,0.0,0.0,0.00041835024870536886,14518,0.0,0.0,-0.0677714285714319,2026-05-20,GOLD
2026-05-21 09:00:00,4527.855,4539.9,4519.025,4521.665,0.0,0.0,0.00038326126475272975,19848,0.0,0.0,-0.37353293413172084,2026-05-19,GOLD
2026-05-21 09:00:00,4527.855,4539.9,4519.025,4521.665,0.0,0.0,0.00038326126475272975,19848,0.0,0.0,-0.37353293413172084,2026-05-21,GOLD
2026-05-21 09:00:00,4527.855,4539.9,4519.025,4521.665,0.0,0.0,0.00038326126475272975,19848,0.0,0.0,-0.37353293413172084,2026-05-20,GOLD
2026-05-21 10:00:00,4521.695,4524.495,4512.110000000001,4519.725,0.0,0.0,0.0003557617623072367,18180,0.0,0.0,0.114856681469573,2026-05-19,GOLD
2026-05-21 10:00:00,4521.695,4524.495,4512.110000000001,4519.725,0.0,0.0,0.0003557617623072367,18180,0.0,0.0,0.114856681469573,2026-05-21,GOLD
2026-05-21 10:00:00,4521.695,4524.495,4512.110000000001,4519.725,0.0,0.0,0.0003557617623072367,18180,0.0,0.0,0.114856681469573,2026-05-20,GOLD
2026-05-21 11:00:00,4519.98,4536.860000000001,4518.469999999999,4532.58,0.0,0.0,0.0003804068965919278,18800,0.0,0.0,0.26726481783576034,2026-05-20,GOLD
2026-05-21 11:00:00,4519.98,4536.860000000001,4518.469999999999,4532.58,0.0,0.0,0.0003804068965919278,18800,0.0,0.0,0.26726481783576034,2026-05-19,GOLD
2026-05-21 11:00:00,4519.98,4536.860000000001,4518.469999999999,4532.58,0.0,0.0,0.0003804068965919278,18800,0.0,0.0,0.26726481783576034,2026-05-21,GOLD
2026-05-21 12:00:00,4532.535,4542.885,4527.91,4530.745,0.0,0.0,0.00031469919943897536,15479,0.0,0.0,-0.3106844741235414,2026-05-19,GOLD
2026-05-21 12:00:00,4532.535,4542.885,4527.91,4530.745,0.0,0.0,0.00031469919943897536,15479,0.0,0.0,-0.3106844741235414,2026-05-20,GOLD
2026-05-21 12:00:00,4532.535,4542.885,4527.91,4530.745,0.0,0.0,0.00031469919943897536,15479,0.0,0.0,-0.3106844741235414,2026-05-21,GOLD
2026-05-21 13:00:00,4530.75,4535.385,4505.200000000001,4511.645,0.0,0.0,0.0004985159077488461,21906,0.0,0.0,-0.2864833526586113,2026-05-21,GOLD
2026-05-21 13:00:00,4530.75,4535.385,4505.200000000001,4511.645,0.0,0.0,0.0004985159077488461,21906,0.0,0.0,-0.2864833526586113,2026-05-20,GOLD
2026-05-21 13:00:00,4530.75,4535.385,4505.200000000001,4511.645,0.0,0.0,0.0004985159077488461,21906,0.0,0.0,-0.2864833526586113,2026-05-19,GOLD
2026-05-21 14:00:00,4511.63,4521.299999999999,4508.264999999999,4514.175,0.0,0.0,0.0003547290233304638,17136,0.0,0.0,-0.04660529344067281,2026-05-21,GOLD
2026-05-21 14:00:00,4511.63,4521.299999999999,4508.264999999999,4514.175,0.0,0.0,0.0003547290233304638,17136,0.0,0.0,-0.04660529344067281,2026-05-20,GOLD
2026-05-21 14:00:00,4511.63,4521.299999999999,4508.264999999999,4514.175,0.0,0.0,0.0003547290233304638,17136,0.0,0.0,-0.04660529344067281,2026-05-19,GOLD
2026-05-21 15:00:00,4514.16,4519.405,4502.620000000001,4504.1849999999995,0.0,0.0,0.000444030019451908,20530,0.0,0.0,-0.4067619898720087,2026-05-20,GOLD
2026-05-21 15:00:00,4514.16,4519.405,4502.620000000001,4504.1849999999995,0.0,0.0,0.000444030019451908,20530,0.0,0.0,-0.4067619898720087,2026-05-19,GOLD
2026-05-21 15:00:00,4514.16,4519.405,4502.620000000001,4504.1849999999995,0.0,0.0,0.000444030019451908,20530,0.0,0.0,-0.4067619898720087,2026-05-21,GOLD
2026-05-21 16:00:00,4504.19,4521.1900000000005,4488.695,4513.35,0.0,0.0,0.000578404105338367,28756,0.0,0.0,0.2587321126327142,2026-05-21,GOLD
2026-05-21 16:00:00,4504.19,4521.1900000000005,4488.695,4513.35,0.0,0.0,0.000578404105338367,28756,0.0,0.0,0.2587321126327142,2026-05-20,GOLD
2026-05-21 16:00:00,4504.19,4521.1900000000005,4488.695,4513.35,0.0,0.0,0.000578404105338367,28756,0.0,0.0,0.2587321126327142,2026-05-19,GOLD
2026-05-21 17:00:00,4513.4400000000005,4515.55,4498.33,4508.83,0.0,0.0,0.0004624988967031647,28551,0.0,0.0,0.10975609756094018,2026-05-19,GOLD
2026-05-21 17:00:00,4513.4400000000005,4515.55,4498.33,4508.83,0.0,0.0,0.0004624988967031647,28551,0.0,0.0,0.10975609756094018,2026-05-21,GOLD
2026-05-21 17:00:00,4513.4400000000005,4515.55,4498.33,4508.83,0.0,0.0,0.0004624988967031647,28551,0.0,0.0,0.10975609756094018,2026-05-20,GOLD
2026-05-21 18:00:00,4509.014999999999,4515.52,4496.77,4512.0650000000005,0.0,0.0,0.0004015531843833934,23978,0.0,0.0,0.3157333333333372,2026-05-21,GOLD
2026-05-21 18:00:00,4509.014999999999,4515.52,4496.77,4512.0650000000005,0.0,0.0,0.0004015531843833934,23978,0.0,0.0,0.3157333333333372,2026-05-19,GOLD
2026-05-21 18:00:00,4509.014999999999,4515.52,4496.77,4512.0650000000005,0.0,0.0,0.0004015531843833934,23978,0.0,0.0,0.3157333333333372,2026-05-20,GOLD
2026-05-21 19:00:00,4512.0,4520.735000000001,4512.0,4519.54,0.0,0.0,0.00031554536197444237,20068,0.0,0.0,0.36319404693754564,2026-05-21,GOLD
2026-05-21 19:00:00,4512.0,4520.735000000001,4512.0,4519.54,0.0,0.0,0.00031554536197444237,20068,0.0,0.0,0.36319404693754564,2026-05-20,GOLD
2026-05-21 19:00:00,4512.0,4520.735000000001,4512.0,4516.805,0.0,0.0,0.00038318144367980683,9379,0.0,0.0,0.05008586147681406,2026-05-19,GOLD
2026-05-21 20:00:00,4519.700000000001,4559.425,4514.254999999999,4551.55,0.0,0.0,0.0005156989057309727,28278,0.0,0.0,0.3256586229798476,2026-05-20,GOLD
2026-05-21 20:00:00,4519.700000000001,4559.425,4514.254999999999,4551.55,0.0,0.0,0.0005156989057309727,28278,0.0,0.0,0.3256586229798476,2026-05-21,GOLD
2026-05-21 21:00:00,4551.5599999999995,4556.255,4527.375,4532.05,0.0,0.0,0.00047757802460191007,23652,0.0,0.0,-0.338123268698071,2026-05-20,GOLD
2026-05-21 21:00:00,4551.5599999999995,4556.255,4527.375,4532.05,0.0,0.0,0.00047757802460191007,23652,0.0,0.0,-0.338123268698071,2026-05-21,GOLD
2026-05-21 22:00:00,4532.07,4543.995000000001,4529.975,4543.1849999999995,0.0,0.0,0.00034647687213585184,18986,0.0,0.0,0.4422253922966274,2026-05-20,GOLD
2026-05-21 22:00:00,4532.07,4543.995000000001,4529.975,4543.1849999999995,0.0,0.0,0.00034647687213585184,18986,0.0,0.0,0.4422253922966274,2026-05-21,GOLD
2026-05-21 23:00:00,4543.1900000000005,4544.9400000000005,4539.92,4543.26,0.0,0.0,0.0002120040089994942,7120,0.0,0.0,0.16533864541829782,2026-05-20,GOLD
2026-05-21 23:00:00,4543.1900000000005,4544.9400000000005,4539.92,4543.26,0.0,0.0,0.0002120040089994942,7120,0.0,0.0,0.16533864541829782,2026-05-21,GOLD
2026-05-22 01:00:00,4545.120000000001,4546.145,4539.885,4543.385,0.0,0.0,0.00035962068644093063,6096,0.0,0.0,0.05910543130988466,2026-05-21,GOLD
2026-05-22 01:00:00,4545.120000000001,4546.145,4539.885,4543.385,0.0,0.0,0.00035962068644093063,6096,0.0,0.0,0.05910543130988466,2026-05-20,GOLD
2026-05-22 02:00:00,4543.395,4545.265,4532.605,4535.57,0.0,0.0,0.00033087382406906453,5096,0.0,0.0,-0.2657977883096034,2026-05-20,GOLD
2026-05-22 02:00:00,4543.395,4545.265,4532.605,4535.57,0.0,0.0,0.00033087382406906453,5096,0.0,0.0,-0.2657977883096034,2026-05-21,GOLD
2026-05-22 03:00:00,4535.54,4541.165,4525.74,4526.844999999999,0.0,0.0,0.00040947537131489107,10935,0.0,0.0,-0.4283630470016204,2026-05-20,GOLD
2026-05-22 03:00:00,4535.54,4541.165,4525.74,4526.844999999999,0.0,0.0,0.00040947537131489107,10935,0.0,0.0,-0.4283630470016204,2026-05-21,GOLD
2026-05-22 04:00:00,4526.805,4536.375,4521.085,4526.405,0.0,0.0,0.0005110228940599085,15668,0.0,0.0,-0.15206017004577002,2026-05-20,GOLD
2026-05-22 04:00:00,4526.805,4536.375,4521.085,4526.405,0.0,0.0,0.0005110228940599085,15668,0.0,0.0,-0.15206017004577002,2026-05-21,GOLD
2026-05-22 05:00:00,4526.33,4529.475,4518.6,4523.145,0.0,0.0,0.00038611755995464174,12809,0.0,0.0,-0.0820689655172347,2026-05-22,GOLD
2026-05-22 05:00:00,4526.33,4529.475,4518.6,4523.145,0.0,0.0,0.00038612106662360904,12809,0.0,0.0,-0.0820689655172347,2026-05-20,GOLD
2026-05-22 05:00:00,4526.33,4529.475,4518.6,4523.145,0.0,0.0,0.00038612106662360904,12809,0.0,0.0,-0.0820689655172347,2026-05-21,GOLD
2026-05-22 06:00:00,4523.18,4530.02,4519.33,4529.6,0.0,0.0,0.0003310012824745622,10089,0.0,0.0,0.46071094480822705,2026-05-22,GOLD
2026-05-22 06:00:00,4523.18,4530.02,4519.33,4529.6,0.0,0.0,0.0003310012824745622,10089,0.0,0.0,0.46071094480822705,2026-05-20,GOLD
2026-05-22 06:00:00,4523.18,4530.02,4519.33,4529.6,0.0,0.0,0.0003310012824745622,10089,0.0,0.0,0.46071094480822705,2026-05-21,GOLD
2026-05-22 07:00:00,4529.665,4533.08,4525.635,4527.370000000001,0.0,0.0,0.00027165267751764674,8487,0.0,0.0,-0.26695768972456013,2026-05-21,GOLD
2026-05-22 07:00:00,4529.665,4533.08,4525.635,4527.370000000001,0.0,0.0,0.00027165267751764674,8487,0.0,0.0,-0.26695768972456013,2026-05-20,GOLD
2026-05-22 07:00:00,4529.665,4533.08,4525.635,4527.370000000001,0.0,0.0,0.00027165267751764674,8487,0.0,0.0,-0.26695768972456013,2026-05-22,GOLD
2026-05-22 08:00:00,4527.33,4534.365,4507.41,4511.26,0.0,0.0,0.0004508674875120429,11204,0.0,0.0,-0.35716935633461794,2026-05-22,GOLD
2026-05-22 08:00:00,4527.33,4534.365,4507.41,4511.26,0.0,0.0,0.0004508674875120429,11204,0.0,0.0,-0.35716935633461794,2026-05-20,GOLD
2026-05-22 08:00:00,4527.33,4534.365,4507.41,4511.26,0.0,0.0,0.0004508674875120429,11204,0.0,0.0,-0.35716935633461794,2026-05-21,GOLD
2026-05-22 09:00:00,4511.235000000001,4528.9400000000005,4510.26,4526.99,0.0,0.0,0.00035634184651055787,19694,0.0,0.0,0.3956102783725537,2026-05-21,GOLD
2026-05-22 09:00:00,4511.235000000001,4528.9400000000005,4510.26,4526.99,0.0,0.0,0.00035634184651055787,19694,0.0,0.0,0.3956102783725537,2026-05-22,GOLD
2026-05-22 09:00:00,4511.235000000001,4528.9400000000005,4510.26,4526.99,0.0,0.0,0.00035634184651055787,19694,0.0,0.0,0.3956102783725537,2026-05-20,GOLD
2026-05-22 10:00:00,4526.985,4527.5599999999995,4516.29,4522.045,0.0,0.0,0.00030240538476397936,15760,0.0,0.0,0.010647737355883353,2026-05-22,GOLD
2026-05-22 10:00:00,4526.985,4527.5599999999995,4516.29,4522.045,0.0,0.0,0.00030240538476397936,15760,0.0,0.0,0.010647737355883353,2026-05-20,GOLD
2026-05-22 10:00:00,4526.985,4527.5599999999995,4516.29,4522.045,0.0,0.0,0.00030240538476397936,15760,0.0,0.0,0.010647737355883353,2026-05-21,GOLD
2026-05-22 11:00:00,4522.07,4531.32,4517.105,4522.004999999999,0.0,0.0,0.00032144830440285606,16998,0.0,0.0,-0.1552937038340073,2026-05-22,GOLD
2026-05-22 11:00:00,4522.07,4531.32,4517.105,4522.004999999999,0.0,0.0,0.00032144830440285606,16998,0.0,0.0,-0.1552937038340073,2026-05-20,GOLD
2026-05-22 11:00:00,4522.07,4531.32,4517.105,4522.004999999999,0.0,0.0,0.00032144830440285606,16998,0.0,0.0,-0.1552937038340073,2026-05-21,GOLD
2026-05-22 12:00:00,4521.955,4536.085,4514.959999999999,4532.305,0.0,0.0,0.00032308526635246534,14188,0.0,0.0,0.3210650887574377,2026-05-20,GOLD
2026-05-22 12:00:00,4521.955,4536.085,4514.959999999999,4532.305,0.0,0.0,0.00032308526635246534,14188,0.0,0.0,0.3210650887574377,2026-05-21,GOLD
2026-05-22 12:00:00,4521.955,4536.085,4514.959999999999,4532.305,0.0,0.0,0.00032308526635246534,14188,0.0,0.0,0.3210650887574377,2026-05-22,GOLD
2026-05-22 13:00:00,4532.45,4536.955,4510.3150000000005,4514.775,0.0,0.0,0.00034259482126988017,14331,0.0,0.0,-0.3325825825826117,2026-05-21,GOLD
2026-05-22 13:00:00,4532.45,4536.955,4510.3150000000005,4514.775,0.0,0.0,0.00034259482126988017,14331,0.0,0.0,-0.3325825825826117,2026-05-20,GOLD
2026-05-22 13:00:00,4532.45,4536.955,4510.3150000000005,4514.775,0.0,0.0,0.00034259482126988017,14331,0.0,0.0,-0.3325825825826117,2026-05-22,GOLD
2026-05-22 14:00:00,4514.605,4525.225,4511.6849999999995,4520.785,0.0,0.0,0.0002791161885747008,14002,0.0,0.0,0.1720827178729525,2026-05-22,GOLD
2026-05-22 14:00:00,4514.605,4525.225,4511.6849999999995,4520.785,0.0,0.0,0.0002791161885747008,14002,0.0,0.0,0.1720827178729525,2026-05-20,GOLD
2026-05-22 14:00:00,4514.605,4525.225,4511.6849999999995,4520.785,0.0,0.0,0.0002791161885747008,14002,0.0,0.0,0.1720827178729525,2026-05-21,GOLD
2026-05-22 15:00:00,4520.615,4535.83,4515.165,4528.275,0.0,0.0,0.00042104529219680483,20800,0.0,0.0,0.13440600048391727,2026-05-21,GOLD
2026-05-22 15:00:00,4520.615,4535.83,4515.165,4528.275,0.0,0.0,0.00042104529219680483,20800,0.0,0.0,0.13440600048391727,2026-05-22,GOLD
2026-05-22 15:00:00,4520.615,4535.83,4515.165,4528.275,0.0,0.0,0.00042104529219680483,20800,0.0,0.0,0.13440600048391727,2026-05-20,GOLD
2026-05-22 16:00:00,4528.59,4534.49,4510.45,4513.885,0.0,0.0,0.0004702888878722068,24971,0.0,0.0,-0.35711314475869965,2026-05-22,GOLD
2026-05-22 16:00:00,4528.59,4534.49,4510.45,4513.885,0.0,0.0,0.0004702888878722068,24971,0.0,0.0,-0.35711314475869965,2026-05-21,GOLD
2026-05-22 16:00:00,4528.59,4534.49,4510.45,4513.885,0.0,0.0,0.0004702888878722068,24971,0.0,0.0,-0.35711314475869965,2026-05-20,GOLD
2026-05-22 17:00:00,4514.075,4514.075,4492.01,4500.6849999999995,0.0,0.0,0.0005118417775068065,26064,0.0,0.0,-0.10684341717652915,2026-05-22,GOLD
2026-05-22 17:00:00,4514.075,4514.075,4492.01,4500.6849999999995,0.0,0.0,0.0005118417775068065,26064,0.0,0.0,-0.10684341717652915,2026-05-20,GOLD
2026-05-22 17:00:00,4514.075,4514.075,4492.01,4500.6849999999995,0.0,0.0,0.0005118417775068065,26064,0.0,0.0,-0.10684341717652915,2026-05-21,GOLD
2026-05-22 18:00:00,4500.855,4522.4349999999995,4500.389999999999,4520.175,0.0,0.0,0.0003219439648942308,21373,0.0,0.0,0.3974824223180176,2026-05-22,GOLD
2026-05-22 18:00:00,4500.855,4522.4349999999995,4500.389999999999,4520.175,0.0,0.0,0.0003219439648942308,21373,0.0,0.0,0.3974824223180176,2026-05-20,GOLD
2026-05-22 18:00:00,4500.855,4522.4349999999995,4500.389999999999,4520.175,0.0,0.0,0.0003219439648942308,21373,0.0,0.0,0.3974824223180176,2026-05-21,GOLD
2026-05-22 19:00:00,4520.155000000001,4526.85,4512.5,4515.05,0.0,0.0,0.0002980869062908415,15717,0.0,0.0,-0.3222996515679361,2026-05-22,GOLD
2026-05-22 19:00:00,4520.155000000001,4526.85,4512.5,4515.05,0.0,0.0,0.0002980869062908415,15717,0.0,0.0,-0.3222996515679361,2026-05-21,GOLD
2026-05-22 19:00:00,4520.155000000001,4520.535,4517.2,4518.335,0.0,0.0,0.0003127552753678776,3073,0.0,0.0,-0.15967016491761585,2026-05-20,GOLD
2026-05-22 20:00:00,4515.155000000001,4527.96,4513.21,4519.3150000000005,0.0,0.0,0.0003833029181135165,16793,0.0,0.0,-0.08610169491522217,2026-05-22,GOLD
2026-05-22 20:00:00,4515.155000000001,4527.96,4513.21,4519.3150000000005,0.0,0.0,0.0003833029181135165,16793,0.0,0.0,-0.08610169491522217,2026-05-21,GOLD
2026-05-22 21:00:00,4519.375,4520.219999999999,4511.965,4515.25,0.0,0.0,0.000265533312849892,13035,0.0,0.0,-0.10205935796484882,2026-05-22,GOLD
2026-05-22 21:00:00,4519.375,4520.219999999999,4511.965,4515.25,0.0,0.0,0.000265533312849892,13035,0.0,0.0,-0.10205935796484882,2026-05-21,GOLD
2026-05-22 22:00:00,4515.3099999999995,4515.96,4504.424999999999,4508.33,0.0,0.0,0.0002788860524742543,13129,0.0,0.0,-0.16146510619845245,2026-05-22,GOLD
2026-05-22 22:00:00,4515.3099999999995,4515.96,4504.424999999999,4508.33,0.0,0.0,0.0002788860524742543,13129,0.0,0.0,-0.16146510619845245,2026-05-21,GOLD
2026-05-22 23:00:00,4508.3099999999995,4510.52,4504.3099999999995,4507.860000000001,0.0,0.0,0.0003007236078395713,6418,0.0,0.0,0.07165861513696468,2026-05-22,GOLD
2026-05-22 23:00:00,4508.3099999999995,4510.52,4504.3099999999995,4507.860000000001,0.0,0.0,0.0003007236078395713,6418,0.0,0.0,0.07165861513696468,2026-05-21,GOLD
2026-05-25 01:00:00,4536.25,4565.635,4535.04,4565.1,0.0,0.0,0.0007163844647960822,15849,0.0,0.0,0.48251348259521504,2026-05-24,GOLD
2026-05-25 01:00:00,4536.25,4565.635,4535.04,4565.1,0.0,0.0,0.0007163392743337786,15849,0.0,0.0,0.48251348259521504,2026-05-21,GOLD
2026-05-25 01:00:00,4536.25,4565.635,4535.04,4565.1,0.0,0.0,0.0007163392743337786,15849,0.0,0.0,0.48251348259521504,2026-05-22,GOLD
2026-05-25 01:00:00,4536.25,4565.635,4535.04,4565.1,0.0,0.0,0.0007163844647960822,15849,0.0,0.0,0.48251348259521504,2026-05-23,GOLD
2026-05-25 02:00:00,4565.125,4580.045,4565.035,4567.285,0.0,0.0,0.0003723817999924314,12863,0.0,0.0,-0.35009993337775036,2026-05-22,GOLD
2026-05-25 02:00:00,4565.125,4580.045,4565.035,4567.285,0.0,0.0,0.0003723817999924314,12863,0.0,0.0,-0.35009993337775036,2026-05-23,GOLD
2026-05-25 02:00:00,4565.125,4580.045,4565.035,4567.285,0.0,0.0,0.0003723817999924314,12863,0.0,0.0,-0.35009993337775036,2026-05-24,GOLD
2026-05-25 02:00:00,4565.125,4580.045,4565.035,4567.285,0.0,0.0,0.0003723817999924314,12863,0.0,0.0,-0.35009993337775036,2026-05-21,GOLD
2026-05-25 03:00:00,4567.225,4579.66,4566.295,4569.51,0.0,0.0,0.0003971431053904271,18041,0.0,0.0,-0.2594463150018557,2026-05-24,GOLD
2026-05-25 03:00:00,4567.225,4579.66,4566.295,4569.51,0.0,0.0,0.0003971431053904271,18041,0.0,0.0,-0.2594463150018557,2026-05-22,GOLD
2026-05-25 03:00:00,4567.225,4579.66,4566.295,4569.51,0.0,0.0,0.0003971431053904271,18041,0.0,0.0,-0.2594463150018557,2026-05-23,GOLD
2026-05-25 03:00:00,4567.225,4579.66,4566.295,4569.51,0.0,0.0,0.0003971431053904271,18041,0.0,0.0,-0.2594463150018557,2026-05-21,GOLD
2026-05-25 04:00:00,4569.5,4576.514999999999,4560.325,4562.905,0.0,0.0,0.0005043985713643777,18330,0.0,0.0,-0.34064237183449436,2026-05-21,GOLD
2026-05-25 04:00:00,4569.5,4576.514999999999,4560.325,4562.905,0.0,0.0,0.0005043985713643777,18330,0.0,0.0,-0.34064237183449436,2026-05-22,GOLD
2026-05-25 04:00:00,4569.5,4576.514999999999,4560.325,4562.905,0.0,0.0,0.0005043985713643777,18330,0.0,0.0,-0.34064237183449436,2026-05-24,GOLD
2026-05-25 04:00:00,4569.5,4576.514999999999,4560.325,4562.905,0.0,0.0,0.0005043985713643777,18330,0.0,0.0,-0.34064237183449436,2026-05-23,GOLD
2026-05-25 05:00:00,4562.885,4570.33,4558.965,4561.485000000001,0.0,0.0,0.0003737177250659503,12838,0.0,0.0,-0.2782666080069965,2026-05-25,GOLD
2026-05-25 05:00:00,4562.885,4570.33,4558.965,4561.485000000001,0.0,0.0,0.00037369034001136036,12838,0.0,0.0,-0.2782666080069965,2026-05-24,GOLD
2026-05-25 05:00:00,4562.885,4570.33,4558.965,4561.485000000001,0.0,0.0,0.00037369034001136036,12838,0.0,0.0,-0.2782666080069965,2026-05-21,GOLD
2026-05-25 05:00:00,4562.885,4570.33,4558.965,4561.485000000001,0.0,0.0,0.00037369034001136036,12838,0.0,0.0,-0.2782666080069965,2026-05-23,GOLD
2026-05-25 05:00:00,4562.885,4570.33,4558.965,4561.485000000001,0.0,0.0,0.00037369034001136036,12838,0.0,0.0,-0.2782666080069965,2026-05-22,GOLD
2026-05-25 06:00:00,4561.505,4564.635,4556.795,4559.95,0.0,0.0,0.00032004591016727556,10284,0.0,0.0,-0.09757653061228484,2026-05-22,GOLD
2026-05-25 06:00:00,4561.505,4564.635,4556.795,4559.95,0.0,0.0,0.00032004591016727556,10284,0.0,0.0,-0.09757653061228484,2026-05-25,GOLD
2026-05-25 06:00:00,4561.505,4564.635,4556.795,4559.95,0.0,0.0,0.00032004591016727556,10284,0.0,0.0,-0.09757653061228484,2026-05-23,GOLD
2026-05-25 06:00:00,4561.505,4564.635,4556.795,4559.95,0.0,0.0,0.00032004591016727556,10284,0.0,0.0,-0.09757653061228484,2026-05-24,GOLD
2026-05-25 06:00:00,4561.505,4564.635,4556.795,4559.95,0.0,0.0,0.00032004591016727556,10284,0.0,0.0,-0.09757653061228484,2026-05-21,GOLD
2026-05-25 07:00:00,4559.875,4566.030000000001,4559.514999999999,4564.955,0.0,0.0,0.0002899297224736782,7169,0.0,0.0,0.33499616270137783,2026-05-23,GOLD
2026-05-25 07:00:00,4559.875,4566.030000000001,4559.514999999999,4564.955,0.0,0.0,0.0002899297224736782,7169,0.0,0.0,0.33499616270137783,2026-05-24,GOLD
2026-05-25 07:00:00,4559.875,4566.030000000001,4559.514999999999,4564.955,0.0,0.0,0.0002899297224736782,7169,0.0,0.0,0.33499616270137783,2026-05-22,GOLD
2026-05-25 07:00:00,4559.875,4566.030000000001,4559.514999999999,4564.955,0.0,0.0,0.0002899297224736782,7169,0.0,0.0,0.33499616270137783,2026-05-25,GOLD
2026-05-25 07:00:00,4559.875,4566.030000000001,4559.514999999999,4564.955,0.0,0.0,0.0002899297224736782,7169,0.0,0.0,0.33499616270137783,2026-05-21,GOLD
2026-05-25 08:00:00,4564.9349999999995,4566.13,4552.0599999999995,4553.405000000001,0.0,0.0,0.0003270221050053814,10378,0.0,0.0,-0.4044065387347861,2026-05-21,GOLD
2026-05-25 08:00:00,4564.9349999999995,4566.13,4552.0599999999995,4553.405000000001,0.0,0.0,0.0003270221050053814,10378,0.0,0.0,-0.4044065387347861,2026-05-25,GOLD
2026-05-25 08:00:00,4564.9349999999995,4566.13,4552.0599999999995,4553.405000000001,0.0,0.0,0.0003270221050053814,10378,0.0,0.0,-0.4044065387347861,2026-05-22,GOLD
2026-05-25 08:00:00,4564.9349999999995,4566.13,4552.0599999999995,4553.405000000001,0.0,0.0,0.0003270221050053814,10378,0.0,0.0,-0.4044065387347861,2026-05-24,GOLD
2026-05-25 08:00:00,4564.9349999999995,4566.13,4552.0599999999995,4553.405000000001,0.0,0.0,0.0003270221050053814,10378,0.0,0.0,-0.4044065387347861,2026-05-23,GOLD
2026-05-25 09:00:00,4553.36,4563.3150000000005,4550.615,4562.5650000000005,0.0,0.0,0.0002633066818348018,13616,0.0,0.0,0.44094488188976716,2026-05-21,GOLD
2026-05-25 09:00:00,4553.36,4563.3150000000005,4550.615,4562.5650000000005,0.0,0.0,0.0002633066818348018,13616,0.0,0.0,0.44094488188976716,2026-05-24,GOLD
2026-05-25 09:00:00,4553.36,4563.3150000000005,4550.615,4562.5650000000005,0.0,0.0,0.0002633066818348018,13616,0.0,0.0,0.44094488188976716,2026-05-22,GOLD
2026-05-25 09:00:00,4553.36,4563.3150000000005,4550.615,4562.5650000000005,0.0,0.0,0.0002633066818348018,13616,0.0,0.0,0.44094488188976716,2026-05-25,GOLD
2026-05-25 09:00:00,4553.36,4563.3150000000005,4550.615,4562.5650000000005,0.0,0.0,0.0002633066818348018,13616,0.0,0.0,0.44094488188976716,2026-05-23,GOLD
2026-05-25 10:00:00,4562.76,4565.235000000001,4552.665,4564.88,0.0,0.0,0.00034194338862645707,13565,0.0,0.0,0.47175815433564755,2026-05-24,GOLD
2026-05-25 10:00:00,4562.76,4565.235000000001,4552.665,4564.88,0.0,0.0,0.00034194338862645707,13565,0.0,0.0,0.47175815433564755,2026-05-25,GOLD
2026-05-25 10:00:00,4562.76,4565.235000000001,4552.665,4564.88,0.0,0.0,0.00034194338862645707,13565,0.0,0.0,0.47175815433564755,2026-05-23,GOLD
2026-05-25 10:00:00,4562.76,4565.235000000001,4552.665,4564.88,0.0,0.0,0.00034194338862645707,13565,0.0,0.0,0.47175815433564755,2026-05-22,GOLD
2026-05-25 10:00:00,4562.76,4565.235000000001,4552.665,4564.88,0.0,0.0,0.00034194338862645707,13565,0.0,0.0,0.47175815433564755,2026-05-21,GOLD
2026-05-25 11:00:00,4564.84,4565.165,4553.535,4556.125,0.0,0.0,0.00027697879431008303,11167,0.0,0.0,-0.27730008598455147,2026-05-24,GOLD
2026-05-25 11:00:00,4564.84,4565.165,4553.535,4556.125,0.0,0.0,0.00027697879431008303,11167,0.0,0.0,-0.27730008598455147,2026-05-21,GOLD
2026-05-25 11:00:00,4564.84,4565.165,4553.535,4556.125,0.0,0.0,0.00027697879431008303,11167,0.0,0.0,-0.27730008598455147,2026-05-22,GOLD
2026-05-25 11:00:00,4564.84,4565.165,4553.535,4556.125,0.0,0.0,0.00027697879431008303,11167,0.0,0.0,-0.27730008598455147,2026-05-23,GOLD
2026-05-25 11:00:00,4564.84,4565.165,4553.535,4556.125,0.0,0.0,0.00027697879431008303,11167,0.0,0.0,-0.27730008598455147,2026-05-25,GOLD
2026-05-25 12:00:00,4556.1849999999995,4569.25,4555.09,4567.719999999999,0.0,0.0,0.0002650596727623996,8488,0.0,0.0,0.39194915254232554,2026-05-23,GOLD
2026-05-25 12:00:00,4556.1849999999995,4569.25,4555.09,4567.719999999999,0.0,0.0,0.0002650596727623996,8488,0.0,0.0,0.39194915254232554,2026-05-24,GOLD
2026-05-25 12:00:00,4556.1849999999995,4569.25,4555.09,4567.719999999999,0.0,0.0,0.0002650596727623996,8488,0.0,0.0,0.39194915254232554,2026-05-21,GOLD
2026-05-25 12:00:00,4556.1849999999995,4569.25,4555.09,4567.719999999999,0.0,0.0,0.0002650596727623996,8488,0.0,0.0,0.39194915254232554,2026-05-22,GOLD
2026-05-25 12:00:00,4556.1849999999995,4569.25,4555.09,4567.719999999999,0.0,0.0,0.0002650596727623996,8488,0.0,0.0,0.39194915254232554,2026-05-25,GOLD
2026-05-25 13:00:00,4567.75,4573.74,4567.639999999999,4568.745000000001,0.0,0.0,0.00022259427745286345,8457,0.0,0.0,-0.3188524590161776,2026-05-25,GOLD
2026-05-25 13:00:00,4567.75,4573.74,4567.639999999999,4568.745000000001,0.0,0.0,0.00022259427745286345,8457,0.0,0.0,-0.3188524590161776,2026-05-21,GOLD
2026-05-25 13:00:00,4567.75,4573.74,4567.639999999999,4568.745000000001,0.0,0.0,0.00022259427745286345,8457,0.0,0.0,-0.3188524590161776,2026-05-22,GOLD
2026-05-25 13:00:00,4567.75,4573.74,4567.639999999999,4568.745000000001,0.0,0.0,0.00022259427745286345,8457,0.0,0.0,-0.3188524590161776,2026-05-23,GOLD
2026-05-25 13:00:00,4567.75,4573.74,4567.639999999999,4568.745000000001,0.0,0.0,0.00022259427745286345,8457,0.0,0.0,-0.3188524590161776,2026-05-24,GOLD
2026-05-25 14:00:00,4568.860000000001,4577.08,4567.73,4569.52,0.0,0.0,0.00023704368858636418,9064,0.0,0.0,-0.30855614973253437,2026-05-25,GOLD
2026-05-25 14:00:00,4568.860000000001,4577.08,4567.73,4569.52,0.0,0.0,0.00023704368858636418,9064,0.0,0.0,-0.30855614973253437,2026-05-23,GOLD
2026-05-25 14:00:00,4568.860000000001,4577.08,4567.73,4569.52,0.0,0.0,0.00023704368858636418,9064,0.0,0.0,-0.30855614973253437,2026-05-22,GOLD
2026-05-25 14:00:00,4568.860000000001,4577.08,4567.73,4569.52,0.0,0.0,0.00023704368858636418,9064,0.0,0.0,-0.30855614973253437,2026-05-24,GOLD
2026-05-25 14:00:00,4568.860000000001,4577.08,4567.73,4569.52,0.0,0.0,0.00023704368858636418,9064,0.0,0.0,-0.30855614973253437,2026-05-21,GOLD
2026-05-25 15:00:00,4569.445,4570.305,4552.965,4567.75,0.0,0.0,0.0003656624703110225,13826,0.0,0.0,0.3526528258362013,2026-05-25,GOLD
2026-05-25 15:00:00,4569.445,4570.305,4552.965,4567.75,0.0,0.0,0.0003656624703110225,13826,0.0,0.0,0.3526528258362013,2026-05-23,GOLD
2026-05-25 15:00:00,4569.445,4570.305,4552.965,4567.75,0.0,0.0,0.0003656624703110225,13826,0.0,0.0,0.3526528258362013,2026-05-24,GOLD
2026-05-25 15:00:00,4569.445,4570.305,4552.965,4567.75,0.0,0.0,0.0003656624703110225,13826,0.0,0.0,0.3526528258362013,2026-05-21,GOLD
2026-05-25 15:00:00,4569.445,4570.305,4552.965,4567.75,0.0,0.0,0.0003656624703110225,13826,0.0,0.0,0.3526528258362013,2026-05-22,GOLD
2026-05-25 16:00:00,4567.755,4571.44,4560.145,4563.145,0.0,0.0,0.00025087977640039224,15022,0.0,0.0,-0.23439575033194537,2026-05-23,GOLD
2026-05-25 16:00:00,4567.755,4571.44,4560.145,4563.145,0.0,0.0,0.00025087977640039224,15022,0.0,0.0,-0.23439575033194537,2026-05-21,GOLD
2026-05-25 16:00:00,4567.755,4571.44,4560.145,4563.145,0.0,0.0,0.00025087977640039224,15022,0.0,0.0,-0.23439575033194537,2026-05-24,GOLD
2026-05-25 16:00:00,4567.755,4571.44,4560.145,4563.145,0.0,0.0,0.00025087977640039224,15022,0.0,0.0,-0.23439575033194537,2026-05-22,GOLD
2026-05-25 16:00:00,4567.755,4571.44,4560.145,4563.145,0.0,0.0,0.00025087977640039224,15022,0.0,0.0,-0.23439575033194537,2026-05-25,GOLD
2026-05-25 17:00:00,4563.174999999999,4570.68,4562.51,4566.985000000001,0.0,0.0,0.00022801167425775816,10692,0.0,0.0,0.04773561811509473,2026-05-23,GOLD
2026-05-25 17:00:00,4563.174999999999,4570.68,4562.51,4566.985000000001,0.0,0.0,0.00022801167425775816,10692,0.0,0.0,0.04773561811509473,2026-05-21,GOLD
2026-05-25 17:00:00,4563.174999999999,4570.68,4562.51,4566.985000000001,0.0,0.0,0.00022801167425775816,10692,0.0,0.0,0.04773561811509473,2026-05-22,GOLD
2026-05-25 17:00:00,4563.174999999999,4570.68,4562.51,4566.985000000001,0.0,0.0,0.00022801167425775816,10692,0.0,0.0,0.04773561811509473,2026-05-25,GOLD
2026-05-25 17:00:00,4563.174999999999,4570.68,4562.51,4566.985000000001,0.0,0.0,0.00022801167425775816,10692,0.0,0.0,0.04773561811509473,2026-05-24,GOLD
2026-05-25 18:00:00,4566.88,4574.780000000001,4565.6849999999995,4570.945,0.0,0.0,0.000282282531127549,10927,0.0,0.0,0.07833974711374876,2026-05-25,GOLD
2026-05-25 18:00:00,4566.88,4574.780000000001,4565.6849999999995,4570.945,0.0,0.0,0.000282282531127549,10927,0.0,0.0,0.07833974711374876,2026-05-21,GOLD
2026-05-25 18:00:00,4566.88,4574.780000000001,4565.6849999999995,4570.945,0.0,0.0,0.000282282531127549,10927,0.0,0.0,0.07833974711374876,2026-05-23,GOLD
2026-05-25 18:00:00,4566.88,4574.780000000001,4565.6849999999995,4570.945,0.0,0.0,0.000282282531127549,10927,0.0,0.0,0.07833974711374876,2026-05-24,GOLD
2026-05-25 18:00:00,4566.88,4574.780000000001,4565.6849999999995,4570.945,0.0,0.0,0.000282282531127549,10927,0.0,0.0,0.07833974711374876,2026-05-22,GOLD
2026-05-25 19:00:00,4571.030000000001,4574.6900000000005,4568.05,4573.6849999999995,0.0,0.0,0.00017627483569919932,6223,0.0,0.0,0.3486445783130386,2026-05-25,GOLD
2026-05-25 19:00:00,4571.030000000001,4574.6900000000005,4568.05,4573.6849999999995,0.0,0.0,0.00017627483569919932,6223,0.0,0.0,0.3486445783130386,2026-05-21,GOLD
2026-05-25 19:00:00,4571.030000000001,4574.6900000000005,4568.05,4573.6849999999995,0.0,0.0,0.00017627483569919932,6223,0.0,0.0,0.3486445783130386,2026-05-23,GOLD
2026-05-25 19:00:00,4571.030000000001,4574.6900000000005,4568.05,4573.6849999999995,0.0,0.0,0.00017627483569919932,6223,0.0,0.0,0.3486445783130386,2026-05-24,GOLD
2026-05-25 19:00:00,4571.030000000001,4574.6900000000005,4568.05,4573.6849999999995,0.0,0.0,0.00017627483569919932,6223,0.0,0.0,0.3486445783130386,2026-05-22,GOLD
2026-05-25 20:00:00,4573.575000000001,4577.93,4563.39,4565.24,0.0,0.0,0.0002718656965027312,4941,0.0,0.0,-0.3727647867950541,2026-05-21,GOLD
2026-05-25 20:00:00,4573.575000000001,4577.93,4563.39,4565.24,0.0,0.0,0.0002718656965027312,4941,0.0,0.0,-0.3727647867950541,2026-05-25,GOLD
2026-05-25 20:00:00,4573.575000000001,4577.93,4563.39,4565.24,0.0,0.0,0.0002718656965027312,4941,0.0,0.0,-0.3727647867950541,2026-05-24,GOLD
2026-05-25 20:00:00,4573.575000000001,4577.93,4563.39,4565.24,0.0,0.0,0.0002718656965027312,4941,0.0,0.0,-0.3727647867950541,2026-05-23,GOLD
2026-05-25 20:00:00,4573.575000000001,4577.93,4563.39,4565.24,0.0,0.0,0.0002718656965027312,4941,0.0,0.0,-0.3727647867950541,2026-05-22,GOLD
2026-05-25 21:00:00,4565.295,4571.56,4564.525,4567.85,0.0,0.0,0.0002807836905623696,1469,0.0,0.0,-0.02736318407948525,2026-05-24,GOLD
2026-05-25 21:00:00,4565.295,4571.56,4564.525,4567.85,0.0,0.0,0.0002807836905623696,1469,0.0,0.0,-0.02736318407948525,2026-05-22,GOLD
2026-05-25 21:00:00,4565.295,4571.56,4564.525,4567.85,0.0,0.0,0.0002807836905623696,1469,0.0,0.0,-0.02736318407948525,2026-05-21,GOLD
2026-05-25 21:00:00,4565.295,4571.56,4564.525,4567.85,0.0,0.0,0.0002807836905623696,1469,0.0,0.0,-0.02736318407948525,2026-05-25,GOLD
2026-05-25 21:00:00,4565.295,4571.56,4564.525,4567.85,0.0,0.0,0.0002807836905623696,1469,0.0,0.0,-0.02736318407948525,2026-05-23,GOLD
2026-05-26 01:00:00,4570.030000000001,4576.645,4569.705,4574.995,0.0,0.0,0.0003852543000679756,9023,0.0,0.0,0.2622478386166535,2026-05-25,GOLD
2026-05-26 01:00:00,4570.030000000001,4576.645,4569.705,4574.995,0.0,0.0,0.0003852543000679756,9023,0.0,0.0,0.2622478386166535,2026-05-21,GOLD
2026-05-26 01:00:00,4570.030000000001,4576.645,4569.705,4574.995,0.0,0.0,0.0003852543000679756,9023,0.0,0.0,0.2622478386166535,2026-05-23,GOLD
2026-05-26 01:00:00,4570.030000000001,4576.645,4569.705,4574.995,0.0,0.0,0.0003852543000679756,9023,0.0,0.0,0.2622478386166535,2026-05-24,GOLD
2026-05-26 01:00:00,4570.030000000001,4576.645,4569.705,4574.995,0.0,0.0,0.0003852543000679756,9023,0.0,0.0,0.2622478386166535,2026-05-22,GOLD
2026-05-26 02:00:00,4574.985,4580.34,4555.195,4559.705,0.0,0.0,0.0004266365743938616,8935,0.0,0.0,-0.32064028633922687,2026-05-23,GOLD
2026-05-26 02:00:00,4574.985,4580.34,4555.195,4559.705,0.0,0.0,0.0004266365743938616,8935,0.0,0.0,-0.32064028633922687,2026-05-21,GOLD
2026-05-26 02:00:00,4574.985,4580.34,4555.195,4559.705,0.0,0.0,0.0004266365743938616,8935,0.0,0.0,-0.32064028633922687,2026-05-24,GOLD
2026-05-26 02:00:00,4574.985,4580.34,4555.195,4559.705,0.0,0.0,0.0004266365743938616,8935,0.0,0.0,-0.32064028633922687,2026-05-22,GOLD
2026-05-26 02:00:00,4574.985,4580.34,4555.195,4559.705,0.0,0.0,0.0004266365743938616,8935,0.0,0.0,-0.32064028633922687,2026-05-25,GOLD
2026-05-26 03:00:00,4559.7,4560.335,4539.735,4549.645,0.0,0.0,0.0004978341525145061,14898,0.0,0.0,-0.018932038834922865,2026-05-25,GOLD
2026-05-26 03:00:00,4559.7,4560.335,4539.735,4549.645,0.0,0.0,0.0004978341525145061,14898,0.0,0.0,-0.018932038834922865,2026-05-22,GOLD
2026-05-26 03:00:00,4559.7,4560.335,4539.735,4549.645,0.0,0.0,0.0004978341525145061,14898,0.0,0.0,-0.018932038834922865,2026-05-23,GOLD
2026-05-26 03:00:00,4559.7,4560.335,4539.735,4549.645,0.0,0.0,0.0004978341525145061,14898,0.0,0.0,-0.018932038834922865,2026-05-21,GOLD
2026-05-26 03:00:00,4559.7,4560.335,4539.735,4549.645,0.0,0.0,0.0004978341525145061,14898,0.0,0.0,-0.018932038834922865,2026-05-24,GOLD
2026-05-26 04:00:00,4549.68,4550.08,4527.915,4537.139999999999,0.0,0.0,0.0004898329551516308,18891,0.0,0.0,-0.08380329348071626,2026-05-21,GOLD
2026-05-26 04:00:00,4549.68,4550.08,4527.915,4537.139999999999,0.0,0.0,0.0004898329551516308,18891,0.0,0.0,-0.08380329348071626,2026-05-22,GOLD
2026-05-26 04:00:00,4549.68,4550.08,4527.915,4537.139999999999,0.0,0.0,0.0004898329551516308,18891,0.0,0.0,-0.08380329348071626,2026-05-24,GOLD
2026-05-26 04:00:00,4549.68,4550.08,4527.915,4537.139999999999,0.0,0.0,0.0004898329551516308,18891,0.0,0.0,-0.08380329348071626,2026-05-25,GOLD
2026-05-26 04:00:00,4549.68,4550.08,4527.915,4537.139999999999,0.0,0.0,0.0004898329551516308,18891,0.0,0.0,-0.08380329348071626,2026-05-23,GOLD
2026-05-26 05:00:00,4537.1,4539.595,4530.12,4532.405,0.0,0.0,0.0003136985995144203,11390,0.0,0.0,-0.25883905013195074,2026-05-26,GOLD
2026-05-26 05:00:00,4537.1,4539.595,4530.12,4532.405,0.0,0.0,0.00031368109179842103,11390,0.0,0.0,-0.25883905013195074,2026-05-21,GOLD
2026-05-26 05:00:00,4537.1,4539.595,4530.12,4532.405,0.0,0.0,0.00031368109179842103,11390,0.0,0.0,-0.25883905013195074,2026-05-24,GOLD
2026-05-26 05:00:00,4537.1,4539.595,4530.12,4532.405,0.0,0.0,0.00031368109179842103,11390,0.0,0.0,-0.25883905013195074,2026-05-25,GOLD
2026-05-26 05:00:00,4537.1,4539.595,4530.12,4532.405,0.0,0.0,0.00031368109179842103,11390,0.0,0.0,-0.25883905013195074,2026-05-23,GOLD
2026-05-26 05:00:00,4537.1,4539.595,4530.12,4532.405,0.0,0.0,0.00031368109179842103,11390,0.0,0.0,-0.25883905013195074,2026-05-22,GOLD
2026-05-26 06:00:00,4532.385,4545.535,4532.105,4542.41,0.0,0.0,0.00029090570091394065,8134,0.0,0.0,0.26731198808637885,2026-05-24,GOLD
2026-05-26 06:00:00,4532.385,4545.535,4532.105,4542.41,0.0,0.0,0.00029090570091394065,8134,0.0,0.0,0.26731198808637885,2026-05-21,GOLD
2026-05-26 06:00:00,4532.385,4545.535,4532.105,4542.41,0.0,0.0,0.00029090570091394065,8134,0.0,0.0,0.26731198808637885,2026-05-22,GOLD
2026-05-26 06:00:00,4532.385,4545.535,4532.105,4542.41,0.0,0.0,0.00029090570091394065,8134,0.0,0.0,0.26731198808637885,2026-05-26,GOLD
2026-05-26 06:00:00,4532.385,4545.535,4532.105,4542.41,0.0,0.0,0.00029090570091394065,8134,0.0,0.0,0.26731198808637885,2026-05-25,GOLD
2026-05-26 06:00:00,4532.385,4545.535,4532.105,4542.41,0.0,0.0,0.00029090570091394065,8134,0.0,0.0,0.26731198808637885,2026-05-23,GOLD
2026-05-26 07:00:00,4542.45,4543.29,4523.55,4525.6,0.0,0.0,0.0003485747695892172,7238,0.0,0.0,-0.39614994934142833,2026-05-23,GOLD
2026-05-26 07:00:00,4542.45,4543.29,4536.375,4537.155,0.0,0.0,0.00030561214235202966,1271,0.0,0.0,-0.38720173535801955,2026-05-21,GOLD
2026-05-26 07:00:00,4542.45,4543.29,4523.55,4525.6,0.0,0.0,0.0003485747695892172,7238,0.0,0.0,-0.39614994934142833,2026-05-24,GOLD
2026-05-26 07:00:00,4542.45,4543.29,4523.55,4525.6,0.0,0.0,0.0003485747695892172,7238,0.0,0.0,-0.39614994934142833,2026-05-22,GOLD
2026-05-26 07:00:00,4542.45,4543.29,4523.55,4525.6,0.0,0.0,0.0003485747695892172,7238,0.0,0.0,-0.39614994934142833,2026-05-25,GOLD
2026-05-26 07:00:00,4542.45,4543.29,4523.55,4525.6,0.0,0.0,0.0003485747695892172,7238,0.0,0.0,-0.39614994934142833,2026-05-26,GOLD
2026-05-26 08:00:00,4525.58,4535.215,4523.12,4527.4,0.0,0.0,0.0003528405192035318,10465,0.0,0.0,-0.146134766432401,2026-05-25,GOLD
2026-05-26 08:00:00,4525.58,4535.215,4523.12,4527.4,0.0,0.0,0.0003528405192035318,10465,0.0,0.0,-0.146134766432401,2026-05-26,GOLD
2026-05-26 08:00:00,4525.58,4535.215,4523.12,4527.4,0.0,0.0,0.0003528405192035318,10465,0.0,0.0,-0.146134766432401,2026-05-22,GOLD
2026-05-26 08:00:00,4525.58,4535.215,4523.12,4527.4,0.0,0.0,0.0003528405192035318,10465,0.0,0.0,-0.146134766432401,2026-05-24,GOLD
2026-05-26 08:00:00,4525.58,4535.215,4523.12,4527.4,0.0,0.0,0.0003528405192035318,10465,0.0,0.0,-0.146134766432401,2026-05-23,GOLD
2026-05-26 09:00:00,4527.280000000001,4536.3150000000005,4527.23,4531.139999999999,0.0,0.0,0.0002996817523838596,13438,0.0,0.0,-0.06962025316461778,2026-05-23,GOLD
2026-05-26 09:00:00,4527.280000000001,4536.3150000000005,4527.23,4531.139999999999,0.0,0.0,0.0002996817523838596,13438,0.0,0.0,-0.06962025316461778,2026-05-25,GOLD
2026-05-26 09:00:00,4527.280000000001,4536.3150000000005,4527.23,4531.139999999999,0.0,0.0,0.0002996817523838596,13438,0.0,0.0,-0.06962025316461778,2026-05-22,GOLD
2026-05-26 09:00:00,4527.280000000001,4536.3150000000005,4527.23,4531.139999999999,0.0,0.0,0.0002996817523838596,13438,0.0,0.0,-0.06962025316461778,2026-05-26,GOLD
2026-05-26 09:00:00,4527.280000000001,4536.3150000000005,4527.23,4531.139999999999,0.0,0.0,0.0002996817523838596,13438,0.0,0.0,-0.06962025316461778,2026-05-24,GOLD
2026-05-26 10:00:00,4531.34,4539.085,4521.844999999999,4538.3099999999995,0.0,0.0,0.0003609296350783415,16710,0.0,0.0,0.45504640371224075,2026-05-22,GOLD
2026-05-26 10:00:00,4531.34,4539.085,4521.844999999999,4538.3099999999995,0.0,0.0,0.0003609296350783415,16710,0.0,0.0,0.45504640371224075,2026-05-25,GOLD
2026-05-26 10:00:00,4531.34,4539.085,4521.844999999999,4538.3099999999995,0.0,0.0,0.0003609296350783415,16710,0.0,0.0,0.45504640371224075,2026-05-26,GOLD
2026-05-26 10:00:00,4531.34,4539.085,4521.844999999999,4538.3099999999995,0.0,0.0,0.0003609296350783415,16710,0.0,0.0,0.45504640371224075,2026-05-23,GOLD
2026-05-26 10:00:00,4531.34,4539.085,4521.844999999999,4538.3099999999995,0.0,0.0,0.0003609296350783415,16710,0.0,0.0,0.45504640371224075,2026-05-24,GOLD
2026-05-26 11:00:00,4538.68,4539.0,4520.215,4523.825000000001,0.0,0.0,0.0003100270168278837,14393,0.0,0.0,-0.3078253926004466,2026-05-26,GOLD
2026-05-26 11:00:00,4538.68,4539.0,4520.215,4523.825000000001,0.0,0.0,0.0003100270168278837,14393,0.0,0.0,-0.3078253926004466,2026-05-22,GOLD
2026-05-26 11:00:00,4538.68,4539.0,4520.215,4523.825000000001,0.0,0.0,0.0003100270168278837,14393,0.0,0.0,-0.3078253926004466,2026-05-25,GOLD
2026-05-26 11:00:00,4538.68,4539.0,4520.215,4523.825000000001,0.0,0.0,0.0003100270168278837,14393,0.0,0.0,-0.3078253926004466,2026-05-23,GOLD
2026-05-26 11:00:00,4538.68,4539.0,4520.215,4523.825000000001,0.0,0.0,0.0003100270168278837,14393,0.0,0.0,-0.3078253926004466,2026-05-24,GOLD
2026-05-26 12:00:00,4523.9349999999995,4526.530000000001,4512.295,4522.790000000001,0.0,0.0,0.0003412312143809434,13338,0.0,0.0,0.2372672989111606,2026-05-26,GOLD
2026-05-26 12:00:00,4523.9349999999995,4526.530000000001,4512.295,4522.790000000001,0.0,0.0,0.0003412312143809434,13338,0.0,0.0,0.2372672989111606,2026-05-25,GOLD
2026-05-26 12:00:00,4523.9349999999995,4526.530000000001,4512.295,4522.790000000001,0.0,0.0,0.0003412312143809434,13338,0.0,0.0,0.2372672989111606,2026-05-24,GOLD
2026-05-26 12:00:00,4523.9349999999995,4526.530000000001,4512.295,4522.790000000001,0.0,0.0,0.0003412312143809434,13338,0.0,0.0,0.2372672989111606,2026-05-23,GOLD
2026-05-26 12:00:00,4523.9349999999995,4526.530000000001,4512.295,4522.790000000001,0.0,0.0,0.0003412312143809434,13338,0.0,0.0,0.2372672989111606,2026-05-22,GOLD
2026-05-26 13:00:00,4522.8150000000005,4540.63,4519.594999999999,4534.555,0.0,0.0,0.0003749058455155731,15247,0.0,0.0,0.21119562633709804,2026-05-22,GOLD
2026-05-26 13:00:00,4522.8150000000005,4540.63,4519.594999999999,4534.555,0.0,0.0,0.0003749058455155731,15247,0.0,0.0,0.21119562633709804,2026-05-26,GOLD
2026-05-26 13:00:00,4522.8150000000005,4540.63,4519.594999999999,4534.555,0.0,0.0,0.0003749058455155731,15247,0.0,0.0,0.21119562633709804,2026-05-25,GOLD
2026-05-26 13:00:00,4522.8150000000005,4540.63,4519.594999999999,4534.555,0.0,0.0,0.0003749058455155731,15247,0.0,0.0,0.21119562633709804,2026-05-24,GOLD
2026-05-26 13:00:00,4522.8150000000005,4540.63,4519.594999999999,4534.555,0.0,0.0,0.0003749058455155731,15247,0.0,0.0,0.21119562633709804,2026-05-23,GOLD
2026-05-26 14:00:00,4534.5599999999995,4536.43,4503.91,4507.335,0.0,0.0,0.0004774877028365146,16714,0.0,0.0,-0.39468019680196387,2026-05-23,GOLD
2026-05-26 14:00:00,4534.5599999999995,4536.43,4503.91,4507.335,0.0,0.0,0.0004774877028365146,16714,0.0,0.0,-0.39468019680196387,2026-05-25,GOLD
2026-05-26 14:00:00,4534.5599999999995,4536.43,4503.91,4507.335,0.0,0.0,0.0004774877028365146,16714,0.0,0.0,-0.39468019680196387,2026-05-22,GOLD
2026-05-26 14:00:00,4534.5599999999995,4536.43,4503.91,4507.335,0.0,0.0,0.0004774877028365146,16714,0.0,0.0,-0.39468019680196387,2026-05-24,GOLD
2026-05-26 14:00:00,4534.5599999999995,4536.43,4503.91,4507.335,0.0,0.0,0.0004774877028365146,16714,0.0,0.0,-0.39468019680196387,2026-05-26,GOLD
2026-05-26 15:00:00,4507.325000000001,4523.860000000001,4500.655000000001,4520.504999999999,0.0,0.0,0.0004608066422848064,18324,0.0,0.0,0.3554190907131483,2026-05-25,GOLD
2026-05-26 15:00:00,4507.325000000001,4523.860000000001,4500.655000000001,4520.504999999999,0.0,0.0,0.0004608066422848064,18324,0.0,0.0,0.3554190907131483,2026-05-23,GOLD
2026-05-26 15:00:00,4507.325000000001,4523.860000000001,4500.655000000001,4520.504999999999,0.0,0.0,0.0004608066422848064,18324,0.0,0.0,0.3554190907131483,2026-05-22,GOLD
2026-05-26 15:00:00,4507.325000000001,4523.860000000001,4500.655000000001,4520.504999999999,0.0,0.0,0.0004608066422848064,18324,0.0,0.0,0.3554190907131483,2026-05-24,GOLD
2026-05-26 15:00:00,4507.325000000001,4523.860000000001,4500.655000000001,4520.504999999999,0.0,0.0,0.0004608066422848064,18324,0.0,0.0,0.3554190907131483,2026-05-26,GOLD
2026-05-26 16:00:00,4520.485000000001,4531.485000000001,4512.4400000000005,4513.639999999999,0.0,0.0,0.0004405613002633929,21351,0.0,0.0,-0.4369913363088,2026-05-22,GOLD
2026-05-26 16:00:00,4520.485000000001,4531.485000000001,4512.4400000000005,4513.639999999999,0.0,0.0,0.0004405613002633929,21351,0.0,0.0,-0.4369913363088,2026-05-24,GOLD
2026-05-26 16:00:00,4520.485000000001,4531.485000000001,4512.4400000000005,4513.639999999999,0.0,0.0,0.0004405613002633929,21351,0.0,0.0,-0.4369913363088,2026-05-26,GOLD
2026-05-26 16:00:00,4520.485000000001,4531.485000000001,4512.4400000000005,4513.639999999999,0.0,0.0,0.0004405613002633929,21351,0.0,0.0,-0.4369913363088,2026-05-25,GOLD
2026-05-26 16:00:00,4520.485000000001,4531.485000000001,4512.4400000000005,4513.639999999999,0.0,0.0,0.0004405613002633929,21351,0.0,0.0,-0.4369913363088,2026-05-23,GOLD
2026-05-26 17:00:00,4513.870000000001,4525.135,4507.905,4515.405000000001,0.0,0.0,0.00038316745979476786,20605,0.0,0.0,-0.0647127103888422,2026-05-25,GOLD
2026-05-26 17:00:00,4513.870000000001,4525.135,4507.905,4515.405000000001,0.0,0.0,0.00038316745979476786,20605,0.0,0.0,-0.0647127103888422,2026-05-22,GOLD
2026-05-26 17:00:00,4513.870000000001,4525.135,4507.905,4515.405000000001,0.0,0.0,0.00038316745979476786,20605,0.0,0.0,-0.0647127103888422,2026-05-24,GOLD
2026-05-26 17:00:00,4513.870000000001,4525.135,4507.905,4515.405000000001,0.0,0.0,0.00038316745979476786,20605,0.0,0.0,-0.0647127103888422,2026-05-26,GOLD
2026-05-26 17:00:00,4513.870000000001,4525.135,4507.905,4515.405000000001,0.0,0.0,0.00038316745979476786,20605,0.0,0.0,-0.0647127103888422,2026-05-23,GOLD
2026-05-26 18:00:00,4515.424999999999,4515.615,4502.43,4506.540000000001,0.0,0.0,0.00036928116195696596,20540,0.0,0.0,-0.188282138794028,2026-05-24,GOLD
2026-05-26 18:00:00,4515.424999999999,4515.615,4502.43,4506.540000000001,0.0,0.0,0.00036928116195696596,20540,0.0,0.0,-0.188282138794028,2026-05-23,GOLD
2026-05-26 18:00:00,4515.424999999999,4515.615,4502.43,4506.540000000001,0.0,0.0,0.00036928116195696596,20540,0.0,0.0,-0.188282138794028,2026-05-25,GOLD
2026-05-26 18:00:00,4515.424999999999,4515.615,4502.43,4506.540000000001,0.0,0.0,0.00036928116195696596,20540,0.0,0.0,-0.188282138794028,2026-05-22,GOLD
2026-05-26 18:00:00,4515.424999999999,4515.615,4502.43,4506.540000000001,0.0,0.0,0.00036928116195696596,20540,0.0,0.0,-0.188282138794028,2026-05-26,GOLD
2026-05-26 19:00:00,4506.955,4511.3,4500.0,4504.995,0.0,0.0,0.00027855897317446423,16078,0.0,0.0,-0.05796460176988803,2026-05-23,GOLD
2026-05-26 19:00:00,4506.955,4511.3,4500.0,4504.995,0.0,0.0,0.00027855897317446423,16078,0.0,0.0,-0.05796460176988803,2026-05-25,GOLD
2026-05-26 19:00:00,4506.955,4511.3,4500.0,4504.995,0.0,0.0,0.00027855897317446423,16078,0.0,0.0,-0.05796460176988803,2026-05-24,GOLD
2026-05-26 19:00:00,4506.955,4511.3,4500.0,4504.995,0.0,0.0,0.00027855897317446423,16078,0.0,0.0,-0.05796460176988803,2026-05-26,GOLD
2026-05-26 19:00:00,4506.955,4511.3,4500.0,4504.995,0.0,0.0,0.00027855897317446423,16078,0.0,0.0,-0.05796460176988803,2026-05-22,GOLD
2026-05-26 20:00:00,4505.015,4507.6,4490.195,4491.13,0.0,0.0,0.00027639327527469084,14686,0.0,0.0,-0.4462798046538141,2026-05-26,GOLD
2026-05-26 20:00:00,4505.015,4507.6,4490.195,4491.13,0.0,0.0,0.00027639327527469084,14686,0.0,0.0,-0.4462798046538141,2026-05-23,GOLD
2026-05-26 20:00:00,4505.015,4507.6,4490.195,4491.13,0.0,0.0,0.00027639327527469084,14686,0.0,0.0,-0.4462798046538141,2026-05-24,GOLD
2026-05-26 20:00:00,4505.015,4507.6,4490.195,4491.13,0.0,0.0,0.00027639327527469084,14686,0.0,0.0,-0.4462798046538141,2026-05-25,GOLD
2026-05-26 20:00:00,4505.015,4507.6,4490.195,4491.13,0.0,0.0,0.00027639327527469084,14686,0.0,0.0,-0.4462798046538141,2026-05-22,GOLD
2026-05-26 21:00:00,4490.924999999999,4499.6849999999995,4482.7,4499.344999999999,0.0,0.0,0.00026857470821314513,14116,0.0,0.0,0.47998233735650886,2026-05-26,GOLD
2026-05-26 21:00:00,4490.924999999999,4499.6849999999995,4482.7,4499.344999999999,0.0,0.0,0.00026857470821314513,14116,0.0,0.0,0.47998233735650886,2026-05-24,GOLD
2026-05-26 21:00:00,4490.924999999999,4499.6849999999995,4482.7,4499.344999999999,0.0,0.0,0.00026857470821314513,14116,0.0,0.0,0.47998233735650886,2026-05-23,GOLD
2026-05-26 21:00:00,4490.924999999999,4499.6849999999995,4482.7,4499.344999999999,0.0,0.0,0.00026857470821314513,14116,0.0,0.0,0.47998233735650886,2026-05-22,GOLD
2026-05-26 21:00:00,4490.924999999999,4499.6849999999995,4482.7,4499.344999999999,0.0,0.0,0.00026857470821314513,14116,0.0,0.0,0.47998233735650886,2026-05-25,GOLD
2026-05-26 22:00:00,4499.465,4510.075000000001,4497.77,4509.02,0.0,0.0,0.00023330031078945443,11484,0.0,0.0,0.4142624949207423,2026-05-22,GOLD
2026-05-26 22:00:00,4499.465,4510.075000000001,4497.77,4509.02,0.0,0.0,0.00023330031078945443,11484,0.0,0.0,0.4142624949207423,2026-05-26,GOLD
2026-05-26 22:00:00,4499.465,4510.075000000001,4497.77,4509.02,0.0,0.0,0.00023330031078945443,11484,0.0,0.0,0.4142624949207423,2026-05-23,GOLD
2026-05-26 22:00:00,4499.465,4510.075000000001,4497.77,4509.02,0.0,0.0,0.00023330031078945443,11484,0.0,0.0,0.4142624949207423,2026-05-24,GOLD
2026-05-26 22:00:00,4499.465,4510.075000000001,4497.77,4509.02,0.0,0.0,0.00023330031078945443,11484,0.0,0.0,0.4142624949207423,2026-05-25,GOLD
2026-05-26 23:00:00,4509.09,4510.71,4504.23,4507.5650000000005,0.0,0.0,0.00027588810906774237,4413,0.0,0.0,0.014660493827339078,2026-05-25,GOLD
2026-05-26 23:00:00,4509.09,4510.71,4504.23,4507.5650000000005,0.0,0.0,0.00027588810906774237,4413,0.0,0.0,0.014660493827339078,2026-05-23,GOLD
2026-05-26 23:00:00,4509.09,4510.71,4504.23,4507.5650000000005,0.0,0.0,0.00027588810906774237,4413,0.0,0.0,0.014660493827339078,2026-05-22,GOLD
2026-05-26 23:00:00,4509.09,4510.71,4504.23,4507.5650000000005,0.0,0.0,0.00027588810906774237,4413,0.0,0.0,0.014660493827339078,2026-05-24,GOLD
2026-05-26 23:00:00,4509.09,4510.71,4504.23,4507.5650000000005,0.0,0.0,0.00027588810906774237,4413,0.0,0.0,0.014660493827339078,2026-05-26,GOLD
2026-05-27 01:00:00,4510.4,4539.23,4496.29,4511.0650000000005,0.0,0.0,0.0009004255367940026,8435,0.0,0.0,-0.15591523055425643,2026-05-22,GOLD
2026-05-27 01:00:00,4510.4,4539.23,4496.29,4511.0650000000005,0.0,0.0,0.0009004255367940026,8435,0.0,0.0,-0.15591523055425643,2026-05-24,GOLD
2026-05-27 01:00:00,4510.4,4539.23,4496.29,4511.0650000000005,0.0,0.0,0.0009004255367940026,8435,0.0,0.0,-0.15591523055425643,2026-05-23,GOLD
2026-05-27 01:00:00,4510.4,4539.23,4496.29,4511.0650000000005,0.0,0.0,0.0009004255367940026,8435,0.0,0.0,-0.15591523055425643,2026-05-26,GOLD
2026-05-27 01:00:00,4510.4,4539.23,4496.29,4511.0650000000005,0.0,0.0,0.0009004255367940026,8435,0.0,0.0,-0.15591523055425643,2026-05-25,GOLD
2026-05-27 02:00:00,4511.045,4528.1,4504.615,4519.84,0.0,0.0,0.0004360971340589581,11962,0.0,0.0,0.1482861400894182,2026-05-24,GOLD
2026-05-27 02:00:00,4511.045,4528.1,4504.615,4519.84,0.0,0.0,0.0004360971340589581,11962,0.0,0.0,0.1482861400894182,2026-05-25,GOLD
2026-05-27 02:00:00,4511.045,4528.1,4504.615,4519.84,0.0,0.0,0.0004360971340589581,11962,0.0,0.0,0.1482861400894182,2026-05-26,GOLD
2026-05-27 02:00:00,4511.045,4528.1,4504.615,4519.84,0.0,0.0,0.0004360971340589581,11962,0.0,0.0,0.1482861400894182,2026-05-23,GOLD
2026-05-27 02:00:00,4511.045,4528.1,4504.615,4519.84,0.0,0.0,0.0004360971340589581,11962,0.0,0.0,0.1482861400894182,2026-05-22,GOLD
2026-05-27 03:00:00,4519.54,4525.975,4514.205,4515.264999999999,0.0,0.0,0.000397761080219459,14429,0.0,0.0,-0.4099405267630033,2026-05-25,GOLD
2026-05-27 03:00:00,4519.54,4525.975,4514.205,4515.264999999999,0.0,0.0,0.000397761080219459,14429,0.0,0.0,-0.4099405267630033,2026-05-22,GOLD
2026-05-27 03:00:00,4519.54,4525.975,4514.205,4515.264999999999,0.0,0.0,0.000397761080219459,14429,0.0,0.0,-0.4099405267630033,2026-05-24,GOLD
2026-05-27 03:00:00,4519.54,4525.975,4514.205,4515.264999999999,0.0,0.0,0.000397761080219459,14429,0.0,0.0,-0.4099405267630033,2026-05-26,GOLD
2026-05-27 03:00:00,4519.54,4525.975,4514.205,4515.264999999999,0.0,0.0,0.000397761080219459,14429,0.0,0.0,-0.4099405267630033,2026-05-23,GOLD
2026-05-27 04:00:00,4515.255,4521.27,4507.005,4508.07,0.0,0.0,0.00043962604919479123,15571,0.0,0.0,-0.4253417455310816,2026-05-22,GOLD
2026-05-27 04:00:00,4515.255,4521.27,4507.005,4508.07,0.0,0.0,0.00043962604919479123,15571,0.0,0.0,-0.4253417455310816,2026-05-26,GOLD
2026-05-27 04:00:00,4515.255,4521.27,4507.005,4508.07,0.0,0.0,0.00043962604919479123,15571,0.0,0.0,-0.4253417455310816,2026-05-24,GOLD
2026-05-27 04:00:00,4515.255,4521.27,4507.005,4508.07,0.0,0.0,0.00043962604919479123,15571,0.0,0.0,-0.4253417455310816,2026-05-25,GOLD
2026-05-27 04:00:00,4515.255,4521.27,4507.005,4508.07,0.0,0.0,0.00043962604919479123,15571,0.0,0.0,-0.4253417455310816,2026-05-23,GOLD
2026-05-27 05:00:00,4508.14,4509.655,4498.215,4505.835,0.0,0.0,0.0003571200654118129,12533,0.0,0.0,0.1660839160839696,2026-05-22,GOLD
2026-05-27 05:00:00,4508.14,4509.655,4498.215,4505.835,0.0,0.0,0.0003571200654118129,12533,0.0,0.0,0.1660839160839696,2026-05-26,GOLD
2026-05-27 05:00:00,4508.14,4509.655,4498.215,4505.835,0.0,0.0,0.0003571200654118129,12533,0.0,0.0,0.1660839160839696,2026-05-25,GOLD
2026-05-27 05:00:00,4508.14,4509.655,4498.215,4505.835,0.0,0.0,0.00035709586677687156,12533,0.0,0.0,0.1660839160839696,2026-05-27,GOLD
2026-05-27 05:00:00,4508.14,4509.655,4498.215,4505.835,0.0,0.0,0.0003571200654118129,12533,0.0,0.0,0.1660839160839696,2026-05-24,GOLD
2026-05-27 05:00:00,4508.14,4509.655,4498.215,4505.835,0.0,0.0,0.0003571200654118129,12533,0.0,0.0,0.1660839160839696,2026-05-23,GOLD
2026-05-27 06:00:00,4505.83,4512.04,4496.73,4497.2,0.0,0.0,0.0003331615210146017,9172,0.0,0.0,-0.4693011103853829,2026-05-24,GOLD
2026-05-27 06:00:00,4505.83,4512.04,4496.73,4497.2,0.0,0.0,0.0003331615210146017,9172,0.0,0.0,-0.4693011103853829,2026-05-27,GOLD
2026-05-27 06:00:00,4505.83,4512.04,4496.73,4497.2,0.0,0.0,0.0003331615210146017,9172,0.0,0.0,-0.4693011103853829,2026-05-23,GOLD
2026-05-27 06:00:00,4505.83,4512.04,4496.73,4497.2,0.0,0.0,0.0003331615210146017,9172,0.0,0.0,-0.4693011103853829,2026-05-25,GOLD
2026-05-27 06:00:00,4505.83,4512.04,4496.73,4497.2,0.0,0.0,0.0003331615210146017,9172,0.0,0.0,-0.4693011103853829,2026-05-26,GOLD
2026-05-27 06:00:00,4505.83,4512.04,4496.73,4497.2,0.0,0.0,0.0003331615210146017,9172,0.0,0.0,-0.4693011103853829,2026-05-22,GOLD
2026-05-27 07:00:00,4497.205,4517.405,4495.915,4510.3150000000005,0.0,0.0,0.00035564865679299756,10081,0.0,0.0,0.17007910656122346,2026-05-26,GOLD
2026-05-27 07:00:00,4497.205,4517.405,4495.915,4510.3150000000005,0.0,0.0,0.00035564865679299756,10081,0.0,0.0,0.17007910656122346,2026-05-23,GOLD
2026-05-27 07:00:00,4497.205,4517.405,4495.915,4510.3150000000005,0.0,0.0,0.00035564865679299756,10081,0.0,0.0,0.17007910656122346,2026-05-25,GOLD
2026-05-27 07:00:00,4497.205,4517.405,4495.915,4510.3150000000005,0.0,0.0,0.00035564865679299756,10081,0.0,0.0,0.17007910656122346,2026-05-24,GOLD
2026-05-27 07:00:00,4497.205,4517.405,4495.915,4510.3150000000005,0.0,0.0,0.00035564865679299756,10081,0.0,0.0,0.17007910656122346,2026-05-22,GOLD
2026-05-27 07:00:00,4497.205,4517.405,4495.915,4510.3150000000005,0.0,0.0,0.00035564865679299756,10081,0.0,0.0,0.17007910656122346,2026-05-27,GOLD
2026-05-27 08:00:00,4510.295,4514.04,4491.77,4497.66,0.0,0.0,0.0004745828726697663,16733,0.0,0.0,-0.23551863493493091,2026-05-26,GOLD
2026-05-27 08:00:00,4510.295,4514.04,4491.77,4497.66,0.0,0.0,0.0004745828726697663,16733,0.0,0.0,-0.23551863493493091,2026-05-24,GOLD
2026-05-27 08:00:00,4510.295,4514.04,4491.77,4497.66,0.0,0.0,0.0004745828726697663,16733,0.0,0.0,-0.23551863493493091,2026-05-25,GOLD
2026-05-27 08:00:00,4510.295,4514.04,4491.77,4497.66,0.0,0.0,0.0004745828726697663,16733,0.0,0.0,-0.23551863493493091,2026-05-22,GOLD
2026-05-27 08:00:00,4510.295,4514.04,4491.77,4497.66,0.0,0.0,0.0004745828726697663,16733,0.0,0.0,-0.23551863493493091,2026-05-23,GOLD
2026-05-27 08:00:00,4510.295,4514.04,4491.77,4497.66,0.0,0.0,0.0004745828726697663,16733,0.0,0.0,-0.23551863493493091,2026-05-27,GOLD
2026-05-27 09:00:00,4497.610000000001,4499.3,4480.219999999999,4485.34,0.0,0.0,0.0004395449688581916,15729,0.0,0.0,-0.23165618448636682,2026-05-23,GOLD
2026-05-27 09:00:00,4497.610000000001,4499.3,4480.219999999999,4485.34,0.0,0.0,0.0004395449688581916,15729,0.0,0.0,-0.23165618448636682,2026-05-24,GOLD
2026-05-27 09:00:00,4497.610000000001,4499.3,4480.219999999999,4485.34,0.0,0.0,0.0004395449688581916,15729,0.0,0.0,-0.23165618448636682,2026-05-26,GOLD
2026-05-27 09:00:00,4497.610000000001,4499.3,4480.219999999999,4485.34,0.0,0.0,0.0004395449688581916,15729,0.0,0.0,-0.23165618448636682,2026-05-22,GOLD
2026-05-27 09:00:00,4497.610000000001,4499.3,4480.219999999999,4485.34,0.0,0.0,0.0004395449688581916,15729,0.0,0.0,-0.23165618448636682,2026-05-27,GOLD
2026-05-27 09:00:00,4497.610000000001,4499.3,4480.219999999999,4485.34,0.0,0.0,0.0004395449688581916,15729,0.0,0.0,-0.23165618448636682,2026-05-25,GOLD
2026-05-27 10:00:00,4485.6849999999995,4489.32,4475.895,4482.0599999999995,0.0,0.0,0.0003696614436170972,12428,0.0,0.0,-0.0407821229050735,2026-05-24,GOLD
2026-05-27 10:00:00,4485.6849999999995,4489.32,4475.895,4482.0599999999995,0.0,0.0,0.0003696614436170972,12428,0.0,0.0,-0.0407821229050735,2026-05-27,GOLD
2026-05-27 10:00:00,4485.6849999999995,4489.32,4475.895,4482.0599999999995,0.0,0.0,0.0003696614436170972,12428,0.0,0.0,-0.0407821229050735,2026-05-25,GOLD
2026-05-27 10:00:00,4485.6849999999995,4489.32,4475.895,4482.0599999999995,0.0,0.0,0.0003696614436170972,12428,0.0,0.0,-0.0407821229050735,2026-05-23,GOLD
2026-05-27 10:00:00,4485.6849999999995,4489.32,4475.895,4482.0599999999995,0.0,0.0,0.0003696614436170972,12428,0.0,0.0,-0.0407821229050735,2026-05-26,GOLD
2026-05-27 10:00:00,4485.6849999999995,4489.32,4475.895,4482.0599999999995,0.0,0.0,0.0003696614436170972,12428,0.0,0.0,-0.0407821229050735,2026-05-22,GOLD
2026-05-27 11:00:00,4482.09,4498.855,4481.345,4497.995000000001,0.0,0.0,0.00036292306529344277,12138,0.0,0.0,0.4508852084523557,2026-05-25,GOLD
2026-05-27 11:00:00,4482.09,4498.855,4481.345,4497.995000000001,0.0,0.0,0.00036292306529344277,12138,0.0,0.0,0.4508852084523557,2026-05-27,GOLD
2026-05-27 11:00:00,4482.09,4498.855,4481.345,4497.995000000001,0.0,0.0,0.00036292306529344277,12138,0.0,0.0,0.4508852084523557,2026-05-23,GOLD
2026-05-27 11:00:00,4482.09,4498.855,4481.345,4497.995000000001,0.0,0.0,0.00036292306529344277,12138,0.0,0.0,0.4508852084523557,2026-05-22,GOLD
2026-05-27 11:00:00,4482.09,4498.855,4481.345,4497.995000000001,0.0,0.0,0.00036292306529344277,12138,0.0,0.0,0.4508852084523557,2026-05-26,GOLD
2026-05-27 11:00:00,4482.09,4498.855,4481.345,4497.995000000001,0.0,0.0,0.00036292306529344277,12138,0.0,0.0,0.4508852084523557,2026-05-24,GOLD
2026-05-27 12:00:00,4497.905000000001,4497.905000000001,4487.085,4490.305,0.0,0.0,0.000335292666968528,9566,0.0,0.0,-0.2024029574861723,2026-05-24,GOLD
2026-05-27 12:00:00,4497.905000000001,4497.905000000001,4487.085,4490.305,0.0,0.0,0.000335292666968528,9566,0.0,0.0,-0.2024029574861723,2026-05-27,GOLD
2026-05-27 12:00:00,4497.905000000001,4497.905000000001,4487.085,4490.305,0.0,0.0,0.000335292666968528,9566,0.0,0.0,-0.2024029574861723,2026-05-23,GOLD
2026-05-27 12:00:00,4497.905000000001,4497.905000000001,4487.085,4490.305,0.0,0.0,0.000335292666968528,9566,0.0,0.0,-0.2024029574861723,2026-05-22,GOLD
2026-05-27 12:00:00,4497.905000000001,4497.905000000001,4487.085,4490.305,0.0,0.0,0.000335292666968528,9566,0.0,0.0,-0.2024029574861723,2026-05-25,GOLD
2026-05-27 12:00:00,4497.905000000001,4497.905000000001,4487.085,4490.305,0.0,0.0,0.000335292666968528,9566,0.0,0.0,-0.2024029574861723,2026-05-26,GOLD
2026-05-27 13:00:00,4490.23,4490.735000000001,4442.725,4445.85,0.0,0.0,0.0006196670089729876,15366,0.0,0.0,-0.4349093938762761,2026-05-27,GOLD
2026-05-27 13:00:00,4490.23,4490.735000000001,4442.725,4445.85,0.0,0.0,0.0006196670089729876,15366,0.0,0.0,-0.4349093938762761,2026-05-23,GOLD
2026-05-27 13:00:00,4490.23,4490.735000000001,4442.725,4445.85,0.0,0.0,0.0006196670089729876,15366,0.0,0.0,-0.4349093938762761,2026-05-26,GOLD
2026-05-27 13:00:00,4490.23,4490.735000000001,4485.125,4486.835,0.0,0.0,0.00034641625008468186,1741,0.0,0.0,-0.19518716577542622,2026-05-22,GOLD
2026-05-27 13:00:00,4490.23,4490.735000000001,4442.725,4445.85,0.0,0.0,0.0006196670089729876,15366,0.0,0.0,-0.4349093938762761,2026-05-25,GOLD
2026-05-27 13:00:00,4490.23,4490.735000000001,4442.725,4445.85,0.0,0.0,0.0006196670089729876,15366,0.0,0.0,-0.4349093938762761,2026-05-24,GOLD
2026-05-27 14:00:00,4445.9400000000005,4453.424999999999,4425.07,4428.715,0.0,0.0,0.0005368375582188127,17575,0.0,0.0,-0.3714512431669726,2026-05-27,GOLD
2026-05-27 14:00:00,4445.9400000000005,4453.424999999999,4425.07,4428.715,0.0,0.0,0.0005368375582188127,17575,0.0,0.0,-0.3714512431669726,2026-05-25,GOLD
2026-05-27 14:00:00,4445.9400000000005,4453.424999999999,4425.07,4428.715,0.0,0.0,0.0005368375582188127,17575,0.0,0.0,-0.3714512431669726,2026-05-26,GOLD
2026-05-27 14:00:00,4445.9400000000005,4453.424999999999,4425.07,4428.715,0.0,0.0,0.0005368375582188127,17575,0.0,0.0,-0.3714512431669726,2026-05-24,GOLD
2026-05-27 14:00:00,4445.9400000000005,4453.424999999999,4425.07,4428.715,0.0,0.0,0.0005368375582188127,17575,0.0,0.0,-0.3714512431669726,2026-05-23,GOLD
2026-05-27 15:00:00,4428.6849999999995,4466.6900000000005,4427.645,4438.955,0.0,0.0,0.0006816277689146183,21504,0.0,0.0,-0.21033422973493482,2026-05-24,GOLD
2026-05-27 15:00:00,4428.6849999999995,4466.6900000000005,4427.645,4438.955,0.0,0.0,0.0006816277689146183,21504,0.0,0.0,-0.21033422973493482,2026-05-26,GOLD
2026-05-27 15:00:00,4428.6849999999995,4466.6900000000005,4427.645,4438.955,0.0,0.0,0.0006816277689146183,21504,0.0,0.0,-0.21033422973493482,2026-05-25,GOLD
2026-05-27 15:00:00,4428.6849999999995,4466.6900000000005,4427.645,4438.955,0.0,0.0,0.0006816277689146183,21504,0.0,0.0,-0.21033422973493482,2026-05-23,GOLD
2026-05-27 15:00:00,4428.6849999999995,4466.6900000000005,4427.645,4438.955,0.0,0.0,0.0006816277689146183,21504,0.0,0.0,-0.21033422973493482,2026-05-27,GOLD
2026-05-27 16:00:00,4438.9349999999995,4439.09,4401.415,4427.51,0.0,0.0,0.0007659027879852422,28144,0.0,0.0,0.19263437292633506,2026-05-23,GOLD
2026-05-27 16:00:00,4438.9349999999995,4439.09,4401.415,4427.51,0.0,0.0,0.0007659027879852422,28144,0.0,0.0,0.19263437292633506,2026-05-25,GOLD
2026-05-27 16:00:00,4438.9349999999995,4439.09,4401.415,4427.51,0.0,0.0,0.0007659027879852422,28144,0.0,0.0,0.19263437292633506,2026-05-24,GOLD
2026-05-27 16:00:00,4438.9349999999995,4439.09,4401.415,4427.51,0.0,0.0,0.0007659027879852422,28144,0.0,0.0,0.19263437292633506,2026-05-26,GOLD
2026-05-27 16:00:00,4438.9349999999995,4439.09,4401.415,4427.51,0.0,0.0,0.0007659027879852422,28144,0.0,0.0,0.19263437292633506,2026-05-27,GOLD
2026-05-27 17:00:00,4427.54,4455.635,4426.23,4434.045,0.0,0.0,0.0006036119196459659,24713,0.0,0.0,-0.23422887264069597,2026-05-27,GOLD
2026-05-27 17:00:00,4427.54,4455.635,4426.23,4434.045,0.0,0.0,0.0006036119196459659,24713,0.0,0.0,-0.23422887264069597,2026-05-23,GOLD
2026-05-27 17:00:00,4427.54,4455.635,4426.23,4434.045,0.0,0.0,0.0006036119196459659,24713,0.0,0.0,-0.23422887264069597,2026-05-26,GOLD
2026-05-27 17:00:00,4427.54,4455.635,4426.23,4434.045,0.0,0.0,0.0006036119196459659,24713,0.0,0.0,-0.23422887264069597,2026-05-25,GOLD
2026-05-27 17:00:00,4427.54,4455.635,4426.23,4434.045,0.0,0.0,0.0006036119196459659,24713,0.0,0.0,-0.23422887264069597,2026-05-24,GOLD
2026-05-27 18:00:00,4433.924999999999,4441.674999999999,4428.299999999999,4436.535,0.0,0.0,0.0004309447959711448,18029,0.0,0.0,0.11570093457948277,2026-05-23,GOLD
2026-05-27 18:00:00,4433.924999999999,4441.674999999999,4428.299999999999,4436.535,0.0,0.0,0.0004309447959711448,18029,0.0,0.0,0.11570093457948277,2026-05-26,GOLD
2026-05-27 18:00:00,4433.924999999999,4441.674999999999,4428.299999999999,4436.535,0.0,0.0,0.0004309447959711448,18029,0.0,0.0,0.11570093457948277,2026-05-25,GOLD
2026-05-27 18:00:00,4433.924999999999,4441.674999999999,4428.299999999999,4436.535,0.0,0.0,0.0004309447959711448,18029,0.0,0.0,0.11570093457948277,2026-05-24,GOLD
2026-05-27 18:00:00,4433.924999999999,4441.674999999999,4428.299999999999,4436.535,0.0,0.0,0.0004309447959711448,18029,0.0,0.0,0.11570093457948277,2026-05-27,GOLD
2026-05-27 19:00:00,4436.585,4453.42,4434.235000000001,4450.915,0.0,0.0,0.000317239651273067,13270,0.0,0.0,0.3694292415949869,2026-05-26,GOLD
2026-05-27 19:00:00,4436.585,4453.42,4434.235000000001,4450.915,0.0,0.0,0.000317239651273067,13270,0.0,0.0,0.3694292415949869,2026-05-25,GOLD
2026-05-27 19:00:00,4436.585,4453.42,4434.235000000001,4450.915,0.0,0.0,0.000317239651273067,13270,0.0,0.0,0.3694292415949869,2026-05-23,GOLD
2026-05-27 19:00:00,4436.585,4453.42,4434.235000000001,4450.915,0.0,0.0,0.000317239651273067,13270,0.0,0.0,0.3694292415949869,2026-05-24,GOLD
2026-05-27 19:00:00,4436.585,4453.42,4434.235000000001,4450.915,0.0,0.0,0.000317239651273067,13270,0.0,0.0,0.3694292415949869,2026-05-27,GOLD
2026-05-27 20:00:00,4450.955,4454.389999999999,4441.585,4450.485000000001,0.0,0.0,0.00031002716264441903,13199,0.0,0.0,0.19504099960963922,2026-05-26,GOLD
2026-05-27 20:00:00,4450.955,4454.389999999999,4441.585,4450.485000000001,0.0,0.0,0.00031002716264441903,13199,0.0,0.0,0.19504099960963922,2026-05-24,GOLD
2026-05-27 20:00:00,4450.955,4454.389999999999,4441.585,4450.485000000001,0.0,0.0,0.00031002716264441903,13199,0.0,0.0,0.19504099960963922,2026-05-27,GOLD
2026-05-27 20:00:00,4450.955,4454.389999999999,4441.585,4450.485000000001,0.0,0.0,0.00031002716264441903,13199,0.0,0.0,0.19504099960963922,2026-05-23,GOLD
2026-05-27 20:00:00,4450.955,4454.389999999999,4441.585,4450.485000000001,0.0,0.0,0.00031002716264441903,13199,0.0,0.0,0.19504099960963922,2026-05-25,GOLD
2026-05-27 21:00:00,4450.285,4458.415,4447.795,4454.455,0.0,0.0,0.0002271257527124361,9178,0.0,0.0,0.12711864406783216,2026-05-23,GOLD
2026-05-27 21:00:00,4450.285,4458.415,4447.795,4454.455,0.0,0.0,0.0002271257527124361,9178,0.0,0.0,0.12711864406783216,2026-05-27,GOLD
2026-05-27 21:00:00,4450.285,4458.415,4447.795,4454.455,0.0,0.0,0.0002271257527124361,9178,0.0,0.0,0.12711864406783216,2026-05-25,GOLD
2026-05-27 21:00:00,4450.285,4458.415,4447.795,4454.455,0.0,0.0,0.0002271257527124361,9178,0.0,0.0,0.12711864406783216,2026-05-24,GOLD
2026-05-27 21:00:00,4450.285,4458.415,4447.795,4454.455,0.0,0.0,0.0002271257527124361,9178,0.0,0.0,0.12711864406783216,2026-05-26,GOLD
2026-05-27 22:00:00,4454.445,4454.855,4448.924999999999,4451.0,0.0,0.0,0.0002464207583656346,8115,0.0,0.0,-0.15008431703193495,2026-05-23,GOLD
2026-05-27 22:00:00,4454.445,4454.855,4448.924999999999,4451.0,0.0,0.0,0.0002464207583656346,8115,0.0,0.0,-0.15008431703193495,2026-05-26,GOLD
2026-05-27 22:00:00,4454.445,4454.855,4448.924999999999,4451.0,0.0,0.0,0.0002464207583656346,8115,0.0,0.0,-0.15008431703193495,2026-05-25,GOLD
2026-05-27 22:00:00,4454.445,4454.855,4448.924999999999,4451.0,0.0,0.0,0.0002464207583656346,8115,0.0,0.0,-0.15008431703193495,2026-05-27,GOLD
2026-05-27 22:00:00,4454.445,4454.855,4448.924999999999,4451.0,0.0,0.0,0.0002464207583656346,8115,0.0,0.0,-0.15008431703193495,2026-05-24,GOLD
2026-05-27 23:00:00,4451.040000000001,4458.915,4450.1900000000005,4456.405000000001,0.0,0.0,0.00022792781483203816,4174,0.0,0.0,0.2123209169055575,2026-05-27,GOLD
2026-05-27 23:00:00,4451.040000000001,4458.915,4450.1900000000005,4456.405000000001,0.0,0.0,0.00022792781483203816,4174,0.0,0.0,0.2123209169055575,2026-05-23,GOLD
2026-05-27 23:00:00,4451.040000000001,4458.915,4450.1900000000005,4456.405000000001,0.0,0.0,0.00022792781483203816,4174,0.0,0.0,0.2123209169055575,2026-05-26,GOLD
2026-05-27 23:00:00,4451.040000000001,4458.915,4450.1900000000005,4456.405000000001,0.0,0.0,0.00022792781483203816,4174,0.0,0.0,0.2123209169055575,2026-05-24,GOLD
2026-05-27 23:00:00,4451.040000000001,4458.915,4450.1900000000005,4456.405000000001,0.0,0.0,0.00022792781483203816,4174,0.0,0.0,0.2123209169055575,2026-05-25,GOLD
2026-05-28 01:00:00,4457.0,4465.875,4455.345,4457.49,0.0,0.0,0.0004466336941097188,7397,0.0,0.0,-0.2962962962963795,2026-05-25,GOLD
2026-05-28 01:00:00,4457.0,4465.875,4455.345,4457.49,0.0,0.0,0.0004466336941097188,7397,0.0,0.0,-0.2962962962963795,2026-05-23,GOLD
2026-05-28 01:00:00,4457.0,4465.875,4455.345,4457.49,0.0,0.0,0.0004466336941097188,7397,0.0,0.0,-0.2962962962963795,2026-05-27,GOLD
2026-05-28 01:00:00,4457.0,4465.875,4455.345,4457.49,0.0,0.0,0.0004466336941097188,7397,0.0,0.0,-0.2962962962963795,2026-05-24,GOLD
2026-05-28 01:00:00,4457.0,4465.875,4455.345,4457.49,0.0,0.0,0.0004466336941097188,7397,0.0,0.0,-0.2962962962963795,2026-05-26,GOLD
2026-05-28 02:00:00,4457.51,4457.88,4444.145,4447.245,0.0,0.0,0.00036497883829597036,10750,0.0,0.0,-0.2742992355297362,2026-05-23,GOLD
2026-05-28 02:00:00,4457.51,4457.88,4444.145,4447.245,0.0,0.0,0.00036497883829597036,10750,0.0,0.0,-0.2742992355297362,2026-05-27,GOLD
2026-05-28 02:00:00,4457.51,4457.88,4444.145,4447.245,0.0,0.0,0.00036497883829597036,10750,0.0,0.0,-0.2742992355297362,2026-05-25,GOLD
2026-05-28 02:00:00,4457.51,4457.88,4444.145,4447.245,0.0,0.0,0.00036497883829597036,10750,0.0,0.0,-0.2742992355297362,2026-05-24,GOLD
2026-05-28 02:00:00,4457.51,4457.88,4444.145,4447.245,0.0,0.0,0.00036497883829597036,10750,0.0,0.0,-0.2742992355297362,2026-05-26,GOLD
2026-05-28 03:00:00,4447.255,4457.905,4444.0,4457.1849999999995,0.0,0.0,0.00044787276666698596,15115,0.0,0.0,0.44822006472493253,2026-05-26,GOLD
2026-05-28 03:00:00,4447.255,4457.905,4444.0,4457.1849999999995,0.0,0.0,0.00044787276666698596,15115,0.0,0.0,0.44822006472493253,2026-05-27,GOLD
2026-05-28 03:00:00,4447.255,4457.905,4444.0,4457.1849999999995,0.0,0.0,0.00044787276666698596,15115,0.0,0.0,0.44822006472493253,2026-05-23,GOLD
2026-05-28 03:00:00,4447.255,4457.905,4444.0,4457.1849999999995,0.0,0.0,0.00044787276666698596,15115,0.0,0.0,0.44822006472493253,2026-05-24,GOLD
2026-05-28 03:00:00,4447.255,4457.905,4444.0,4457.1849999999995,0.0,0.0,0.00044787276666698596,15115,0.0,0.0,0.44822006472493253,2026-05-25,GOLD
2026-05-28 04:00:00,4457.19,4458.845,4407.08,4410.18,0.0,0.0,0.0005950768082152752,23345,0.0,0.0,-0.44011397662511736,2026-05-26,GOLD
2026-05-28 04:00:00,4457.19,4458.845,4407.08,4410.18,0.0,0.0,0.0005950768082152752,23345,0.0,0.0,-0.44011397662511736,2026-05-24,GOLD
2026-05-28 04:00:00,4457.19,4458.845,4407.08,4410.18,0.0,0.0,0.0005950768082152752,23345,0.0,0.0,-0.44011397662511736,2026-05-23,GOLD
2026-05-28 04:00:00,4457.19,4458.845,4407.08,4410.18,0.0,0.0,0.0005950768082152752,23345,0.0,0.0,-0.44011397662511736,2026-05-27,GOLD
2026-05-28 04:00:00,4457.19,4458.845,4407.08,4410.18,0.0,0.0,0.0005950768082152752,23345,0.0,0.0,-0.44011397662511736,2026-05-25,GOLD
2026-05-28 05:00:00,4410.19,4412.780000000001,4392.735000000001,4394.455,0.0,0.0,0.0005314756040009444,18071,0.0,0.0,-0.4141930656024276,2026-05-23,GOLD
2026-05-28 05:00:00,4410.19,4412.780000000001,4392.735000000001,4394.455,0.0,0.0,0.0005314756040009444,18071,0.0,0.0,-0.4141930656024276,2026-05-26,GOLD
2026-05-28 05:00:00,4410.19,4412.780000000001,4392.735000000001,4394.455,0.0,0.0,0.0005314756040009444,18071,0.0,0.0,-0.4141930656024276,2026-05-27,GOLD
2026-05-28 05:00:00,4410.19,4412.780000000001,4392.735000000001,4394.455,0.0,0.0,0.0005314756040009444,18071,0.0,0.0,-0.4141930656024276,2026-05-24,GOLD
2026-05-28 05:00:00,4410.19,4412.780000000001,4392.735000000001,4394.455,0.0,0.0,0.0005314993690694382,18071,0.0,0.0,-0.4141930656024276,2026-05-28,GOLD
2026-05-28 05:00:00,4410.19,4412.780000000001,4392.735000000001,4394.455,0.0,0.0,0.0005314756040009444,18071,0.0,0.0,-0.4141930656024276,2026-05-25,GOLD
2026-05-28 06:00:00,4394.48,4397.98,4368.535,4374.88,0.0,0.0,0.0005186970950891222,21791,0.0,0.0,-0.28451349974527707,2026-05-27,GOLD
2026-05-28 06:00:00,4394.48,4397.98,4368.535,4374.88,0.0,0.0,0.0005186970950891222,21791,0.0,0.0,-0.28451349974527707,2026-05-23,GOLD
2026-05-28 06:00:00,4394.48,4397.98,4368.535,4374.88,0.0,0.0,0.0005186970950891222,21791,0.0,0.0,-0.28451349974527707,2026-05-28,GOLD
2026-05-28 06:00:00,4394.48,4397.98,4368.535,4374.88,0.0,0.0,0.0005186970950891222,21791,0.0,0.0,-0.28451349974527707,2026-05-26,GOLD
2026-05-28 06:00:00,4394.48,4397.98,4368.535,4374.88,0.0,0.0,0.0005186970950891222,21791,0.0,0.0,-0.28451349974527707,2026-05-25,GOLD
2026-05-28 06:00:00,4394.48,4397.98,4368.535,4374.88,0.0,0.0,0.0005186970950891222,21791,0.0,0.0,-0.28451349974527707,2026-05-24,GOLD
2026-05-28 07:00:00,4374.86,4382.1849999999995,4366.56,4373.105,0.0,0.0,0.0004635905384616113,17485,0.0,0.0,-0.08112000000000007,2026-05-27,GOLD
2026-05-28 07:00:00,4374.86,4382.1849999999995,4366.56,4373.105,0.0,0.0,0.0004635905384616113,17485,0.0,0.0,-0.08112000000000007,2026-05-28,GOLD
2026-05-28 07:00:00,4374.86,4382.1849999999995,4366.56,4373.105,0.0,0.0,0.0004635905384616113,17485,0.0,0.0,-0.08112000000000007,2026-05-23,GOLD
2026-05-28 07:00:00,4374.86,4382.1849999999995,4366.56,4373.105,0.0,0.0,0.0004635905384616113,17485,0.0,0.0,-0.08112000000000007,2026-05-25,GOLD
2026-05-28 07:00:00,4374.86,4382.1849999999995,4366.56,4373.105,0.0,0.0,0.0004635905384616113,17485,0.0,0.0,-0.08112000000000007,2026-05-24,GOLD
2026-05-28 07:00:00,4374.86,4382.1849999999995,4366.56,4373.105,0.0,0.0,0.0004635905384616113,17485,0.0,0.0,-0.08112000000000007,2026-05-26,GOLD
2026-05-28 08:00:00,4373.125,4395.955,4367.355,4388.115,0.0,0.0,0.0004862071277712601,18858,0.0,0.0,0.22587412587412428,2026-05-26,GOLD
2026-05-28 08:00:00,4373.125,4395.955,4367.355,4388.115,0.0,0.0,0.0004862071277712601,18858,0.0,0.0,0.22587412587412428,2026-05-25,GOLD
2026-05-28 08:00:00,4373.125,4389.21,4367.355,4387.04,0.0,0.0,0.0005117077740123749,10382,0.0,0.0,0.40070921985817565,2026-05-24,GOLD
2026-05-28 08:00:00,4373.125,4389.21,4367.355,4387.04,0.0,0.0,0.0005117077740123749,10382,0.0,0.0,0.40070921985817565,2026-05-23,GOLD
2026-05-28 08:00:00,4373.125,4395.955,4367.355,4388.115,0.0,0.0,0.0004862071277712601,18858,0.0,0.0,0.22587412587412428,2026-05-27,GOLD
2026-05-28 08:00:00,4373.125,4395.955,4367.355,4388.115,0.0,0.0,0.0004862071277712601,18858,0.0,0.0,0.22587412587412428,2026-05-28,GOLD
2026-05-28 09:00:00,4388.18,4390.66,4374.4349999999995,4383.63,0.0,0.0,0.000404171128003516,13520,0.0,0.0,0.0667180277350023,2026-05-25,GOLD
2026-05-28 09:00:00,4388.18,4390.66,4374.4349999999995,4383.63,0.0,0.0,0.000404171128003516,13520,0.0,0.0,0.0667180277350023,2026-05-27,GOLD
2026-05-28 09:00:00,4388.18,4390.66,4374.4349999999995,4383.63,0.0,0.0,0.000404171128003516,13520,0.0,0.0,0.0667180277350023,2026-05-28,GOLD
2026-05-28 09:00:00,4388.18,4390.66,4374.4349999999995,4383.63,0.0,0.0,0.000404171128003516,13520,0.0,0.0,0.0667180277350023,2026-05-26,GOLD
2026-05-28 10:00:00,4383.875,4396.205,4382.96,4387.585,0.0,0.0,0.0003963800578186337,12634,0.0,0.0,-0.15081162702909903,2026-05-26,GOLD
2026-05-28 10:00:00,4383.875,4396.205,4382.96,4387.585,0.0,0.0,0.0003963800578186337,12634,0.0,0.0,-0.15081162702909903,2026-05-25,GOLD
2026-05-28 10:00:00,4383.875,4396.205,4382.96,4387.585,0.0,0.0,0.0003963800578186337,12634,0.0,0.0,-0.15081162702909903,2026-05-27,GOLD
2026-05-28 10:00:00,4383.875,4396.205,4382.96,4387.585,0.0,0.0,0.0003963800578186337,12634,0.0,0.0,-0.15081162702909903,2026-05-28,GOLD
2026-05-28 11:00:00,4388.139999999999,4395.075000000001,4386.035,4387.035,0.0,0.0,0.0003753095906511011,11215,0.0,0.0,-0.38938053097346204,2026-05-26,GOLD
2026-05-28 11:00:00,4388.139999999999,4395.075000000001,4386.035,4387.035,0.0,0.0,0.0003753095906511011,11215,0.0,0.0,-0.38938053097346204,2026-05-27,GOLD
2026-05-28 11:00:00,4388.139999999999,4395.075000000001,4386.035,4387.035,0.0,0.0,0.0003753095906511011,11215,0.0,0.0,-0.38938053097346204,2026-05-25,GOLD
2026-05-28 11:00:00,4388.139999999999,4395.075000000001,4386.035,4387.035,0.0,0.0,0.0003753095906511011,11215,0.0,0.0,-0.38938053097346204,2026-05-28,GOLD
2026-05-28 12:00:00,4386.905000000001,4399.145,4386.555,4393.645,0.0,0.0,0.00037578745209922073,11130,0.0,0.0,0.06314535345512816,2026-05-26,GOLD
2026-05-28 12:00:00,4386.905000000001,4399.145,4386.555,4393.645,0.0,0.0,0.00037578745209922073,11130,0.0,0.0,0.06314535345512816,2026-05-27,GOLD
2026-05-28 12:00:00,4386.905000000001,4399.145,4386.555,4393.645,0.0,0.0,0.00037578745209922073,11130,0.0,0.0,0.06314535345512816,2026-05-25,GOLD
2026-05-28 12:00:00,4386.905000000001,4399.145,4386.555,4393.645,0.0,0.0,0.00037578745209922073,11130,0.0,0.0,0.06314535345512816,2026-05-28,GOLD
2026-05-28 13:00:00,4393.764999999999,4404.235000000001,4375.41,4383.075000000001,0.0,0.0,0.0004434318361597946,13061,0.0,0.0,-0.23408499566346297,2026-05-28,GOLD
2026-05-28 13:00:00,4393.764999999999,4404.235000000001,4375.41,4383.075000000001,0.0,0.0,0.0004434318361597946,13061,0.0,0.0,-0.23408499566346297,2026-05-27,GOLD
2026-05-28 13:00:00,4393.764999999999,4404.235000000001,4391.335,4391.8150000000005,0.0,0.0,0.00035102377607265954,8108,0.0,0.0,-0.4627906976743483,2026-05-25,GOLD
2026-05-28 13:00:00,4393.764999999999,4404.235000000001,4375.41,4383.075000000001,0.0,0.0,0.0004434318361597946,13061,0.0,0.0,-0.23408499566346297,2026-05-26,GOLD
2026-05-28 14:00:00,4382.695,4390.585,4381.040000000001,4388.055,0.0,0.0,0.0003821070832917586,12215,0.0,0.0,0.23493975903619566,2026-05-28,GOLD
2026-05-28 14:00:00,4382.695,4390.585,4381.040000000001,4388.055,0.0,0.0,0.0003821070832917586,12215,0.0,0.0,0.23493975903619566,2026-05-27,GOLD
2026-05-28 14:00:00,4382.695,4390.585,4381.040000000001,4388.055,0.0,0.0,0.0003821070832917586,12215,0.0,0.0,0.23493975903619566,2026-05-26,GOLD
2026-05-28 15:00:00,4388.325000000001,4433.795,4379.715,4432.225,0.0,0.0,0.0005194014374506556,17622,0.0,0.0,0.47096893491124797,2026-05-26,GOLD
2026-05-28 15:00:00,4388.325000000001,4433.795,4379.715,4432.225,0.0,0.0,0.0005194014374506556,17622,0.0,0.0,0.47096893491124797,2026-05-27,GOLD
2026-05-28 15:00:00,4388.325000000001,4433.795,4379.715,4432.225,0.0,0.0,0.0005194014374506556,17622,0.0,0.0,0.47096893491124797,2026-05-28,GOLD
2026-05-28 16:00:00,4432.725,4439.165,4418.225,4430.705,0.0,0.0,0.0005745983400830731,22501,0.0,0.0,0.09598853868196068,2026-05-26,GOLD
2026-05-28 16:00:00,4432.725,4439.165,4418.225,4430.705,0.0,0.0,0.0005745983400830731,22501,0.0,0.0,0.09598853868196068,2026-05-27,GOLD
2026-05-28 16:00:00,4432.725,4439.165,4418.225,4430.705,0.0,0.0,0.0005745983400830731,22501,0.0,0.0,0.09598853868196068,2026-05-28,GOLD
2026-05-28 17:00:00,4430.67,4480.535,4420.709999999999,4469.42,0.0,0.0,0.0008468851659808192,29778,0.0,0.0,0.3142081069786937,2026-05-26,GOLD
2026-05-28 17:00:00,4430.67,4480.535,4420.709999999999,4469.42,0.0,0.0,0.0008468851659808192,29778,0.0,0.0,0.3142081069786937,2026-05-27,GOLD
2026-05-28 17:00:00,4430.67,4480.535,4420.709999999999,4469.42,0.0,0.0,0.0008468851659808192,29778,0.0,0.0,0.3142081069786937,2026-05-28,GOLD
2026-05-28 18:00:00,4470.125,4485.004999999999,4468.735000000001,4482.280000000001,0.0,0.0,0.00045278286318956826,19872,0.0,0.0,0.3325138291334495,2026-05-26,GOLD
2026-05-28 18:00:00,4470.125,4485.004999999999,4468.735000000001,4482.280000000001,0.0,0.0,0.00045278286318956826,19872,0.0,0.0,0.3325138291334495,2026-05-27,GOLD
2026-05-28 18:00:00,4470.125,4485.004999999999,4468.735000000001,4482.280000000001,0.0,0.0,0.00045278286318956826,19872,0.0,0.0,0.3325138291334495,2026-05-28,GOLD
2026-05-28 19:00:00,4482.275,4511.135,4477.825000000001,4511.115,0.0,0.0,0.0004243440864321751,18626,0.0,0.0,0.4993995797057809,2026-05-28,GOLD
2026-05-28 19:00:00,4482.275,4511.135,4477.825000000001,4511.115,0.0,0.0,0.0004243440864321751,18626,0.0,0.0,0.4993995797057809,2026-05-26,GOLD
2026-05-28 19:00:00,4482.275,4511.135,4477.825000000001,4511.115,0.0,0.0,0.0004243440864321751,18626,0.0,0.0,0.4993995797057809,2026-05-27,GOLD
2026-05-28 20:00:00,4511.205,4514.635,4501.344999999999,4509.030000000001,0.0,0.0,0.00031114448281103303,14768,0.0,0.0,0.07825432656138485,2026-05-27,GOLD
2026-05-28 20:00:00,4511.205,4514.635,4501.344999999999,4509.030000000001,0.0,0.0,0.00031114448281103303,14768,0.0,0.0,0.07825432656138485,2026-05-26,GOLD
2026-05-28 20:00:00,4511.205,4514.635,4501.344999999999,4509.030000000001,0.0,0.0,0.00031114448281103303,14768,0.0,0.0,0.07825432656138485,2026-05-28,GOLD
2026-05-28 21:00:00,4509.025,4516.635,4498.665,4501.155000000001,0.0,0.0,0.00031715906369236124,13567,0.0,0.0,-0.3614357262102888,2026-05-26,GOLD
2026-05-28 21:00:00,4509.025,4516.635,4498.665,4501.155000000001,0.0,0.0,0.00031715906369236124,13567,0.0,0.0,-0.3614357262102888,2026-05-27,GOLD
2026-05-28 21:00:00,4509.025,4516.635,4498.665,4501.155000000001,0.0,0.0,0.00031715906369236124,13567,0.0,0.0,-0.3614357262102888,2026-05-28,GOLD
2026-05-28 22:00:00,4501.389999999999,4503.855,4497.264999999999,4497.92,0.0,0.0,0.00026627529615284477,10116,0.0,0.0,-0.4006069802730439,2026-05-28,GOLD
2026-05-28 22:00:00,4501.389999999999,4503.855,4497.264999999999,4497.92,0.0,0.0,0.00026627529615284477,10116,0.0,0.0,-0.4006069802730439,2026-05-26,GOLD
2026-05-28 22:00:00,4501.389999999999,4503.855,4497.264999999999,4497.92,0.0,0.0,0.00026627529615284477,10116,0.0,0.0,-0.4006069802730439,2026-05-27,GOLD
2026-05-28 23:00:00,4497.8150000000005,4500.905000000001,4495.0,4495.825000000001,0.0,0.0,0.0002576364005143016,5368,0.0,0.0,-0.3602878916171658,2026-05-27,GOLD
2026-05-28 23:00:00,4497.8150000000005,4500.905000000001,4495.0,4495.825000000001,0.0,0.0,0.0002576364005143016,5368,0.0,0.0,-0.3602878916171658,2026-05-28,GOLD
2026-05-28 23:00:00,4497.8150000000005,4500.905000000001,4495.0,4495.825000000001,0.0,0.0,0.0002576364005143016,5368,0.0,0.0,-0.3602878916171658,2026-05-26,GOLD
2026-05-29 01:00:00,4496.16,4499.805,4491.145,4491.275,0.0,0.0,0.0003524516822776335,6250,0.0,0.0,-0.48498845265598134,2026-05-28,GOLD
2026-05-29 01:00:00,4496.16,4499.805,4491.145,4491.275,0.0,0.0,0.0003524516822776335,6250,0.0,0.0,-0.48498845265598134,2026-05-26,GOLD
2026-05-29 01:00:00,4496.16,4499.805,4491.145,4491.275,0.0,0.0,0.0003524516822776335,6250,0.0,0.0,-0.48498845265598134,2026-05-27,GOLD
2026-05-29 02:00:00,4491.355,4497.0650000000005,4489.19,4495.245,0.0,0.0,0.00037005285505227795,6546,0.0,0.0,0.2688888888887793,2026-05-26,GOLD
2026-05-29 02:00:00,4491.355,4497.0650000000005,4489.19,4495.245,0.0,0.0,0.00037005285505227795,6546,0.0,0.0,0.2688888888887793,2026-05-28,GOLD
2026-05-29 02:00:00,4491.355,4497.0650000000005,4489.19,4495.245,0.0,0.0,0.00037005285505227795,6546,0.0,0.0,0.2688888888887793,2026-05-27,GOLD
2026-05-29 03:00:00,4495.375,4500.665,4492.295,4496.23,0.0,0.0,0.0004020989182136009,12443,0.0,0.0,-0.029868578255675418,2026-05-28,GOLD
2026-05-29 03:00:00,4495.375,4500.665,4492.295,4496.23,0.0,0.0,0.0004020989182136009,12443,0.0,0.0,-0.029868578255675418,2026-05-27,GOLD
2026-05-29 03:00:00,4495.375,4500.665,4492.295,4496.23,0.0,0.0,0.0004020989182136009,12443,0.0,0.0,-0.029868578255675418,2026-05-26,GOLD
2026-05-29 04:00:00,4496.26,4520.785,4492.57,4506.6,0.0,0.0,0.00047961742644315016,19383,0.0,0.0,-0.0027467659046399974,2026-05-28,GOLD
2026-05-29 04:00:00,4496.26,4520.785,4492.57,4506.6,0.0,0.0,0.00047961742644315016,19383,0.0,0.0,-0.0027467659046399974,2026-05-27,GOLD
2026-05-29 04:00:00,4496.26,4520.785,4492.57,4506.6,0.0,0.0,0.00047961742644315016,19383,0.0,0.0,-0.0027467659046399974,2026-05-26,GOLD
2026-05-29 05:00:00,4506.62,4511.3150000000005,4498.530000000001,4501.88,0.0,0.0,0.00035358126459943834,14302,0.0,0.0,-0.23797418850219065,2026-05-28,GOLD
2026-05-29 05:00:00,4506.62,4511.3150000000005,4498.530000000001,4501.88,0.0,0.0,0.0003535920037970192,14302,0.0,0.0,-0.23797418850219065,2026-05-29,GOLD
2026-05-29 05:00:00,4506.62,4511.3150000000005,4503.13,4505.495,0.0,0.0,0.00037960001271851077,5865,0.0,0.0,-0.21105681124005854,2026-05-26,GOLD
2026-05-29 05:00:00,4506.62,4511.3150000000005,4498.530000000001,4501.88,0.0,0.0,0.00035358126459943834,14302,0.0,0.0,-0.23797418850219065,2026-05-27,GOLD
2026-05-29 06:00:00,4501.91,4502.16,4494.924999999999,4501.37,0.0,0.0,0.000365340703948856,11394,0.0,0.0,0.3908085694540567,2026-05-27,GOLD
2026-05-29 06:00:00,4501.91,4502.16,4494.924999999999,4501.37,0.0,0.0,0.000365340703948856,11394,0.0,0.0,0.3908085694540567,2026-05-29,GOLD
2026-05-29 06:00:00,4501.91,4502.16,4494.924999999999,4501.37,0.0,0.0,0.000365340703948856,11394,0.0,0.0,0.3908085694540567,2026-05-28,GOLD
2026-05-29 07:00:00,4501.38,4514.985000000001,4501.125,4514.1900000000005,0.0,0.0,0.00032460492620248817,10515,0.0,0.0,0.4426406926406898,2026-05-29,GOLD
2026-05-29 07:00:00,4501.38,4514.985000000001,4501.125,4514.1900000000005,0.0,0.0,0.00032460492620248817,10515,0.0,0.0,0.4426406926406898,2026-05-27,GOLD
2026-05-29 07:00:00,4501.38,4514.985000000001,4501.125,4514.1900000000005,0.0,0.0,0.00032460492620248817,10515,0.0,0.0,0.4426406926406898,2026-05-28,GOLD
2026-05-29 08:00:00,4514.2,4515.865,4502.785,4514.995000000001,0.0,0.0,0.0003763463183668215,11153,0.0,0.0,0.4334862385321876,2026-05-28,GOLD
2026-05-29 08:00:00,4514.2,4515.865,4502.785,4514.995000000001,0.0,0.0,0.0003763463183668215,11153,0.0,0.0,0.4334862385321876,2026-05-27,GOLD
2026-05-29 08:00:00,4514.2,4515.865,4502.785,4514.995000000001,0.0,0.0,0.0003763463183668215,11153,0.0,0.0,0.4334862385321876,2026-05-29,GOLD
2026-05-29 09:00:00,4515.094999999999,4524.17,4510.215,4523.754999999999,0.0,0.0,0.0004050211567276311,13345,0.0,0.0,0.4702615549981458,2026-05-27,GOLD
2026-05-29 09:00:00,4515.094999999999,4524.17,4510.215,4523.754999999999,0.0,0.0,0.0004050211567276311,13345,0.0,0.0,0.4702615549981458,2026-05-29,GOLD
2026-05-29 09:00:00,4515.094999999999,4524.17,4510.215,4523.754999999999,0.0,0.0,0.0004050211567276311,13345,0.0,0.0,0.4702615549981458,2026-05-28,GOLD
2026-05-29 10:00:00,4523.245000000001,4526.205,4510.875,4524.835,0.0,0.0,0.00039437963878410215,11894,0.0,0.0,0.4106327462491913,2026-05-29,GOLD
2026-05-29 10:00:00,4523.245000000001,4526.205,4510.875,4524.835,0.0,0.0,0.00039437963878410215,11894,0.0,0.0,0.4106327462491913,2026-05-27,GOLD
2026-05-29 10:00:00,4523.245000000001,4526.205,4510.875,4524.835,0.0,0.0,0.00039437963878410215,11894,0.0,0.0,0.4106327462491913,2026-05-28,GOLD
2026-05-29 11:00:00,4524.83,4524.844999999999,4509.985000000001,4514.965,0.0,0.0,0.00035887839419641306,10757,0.0,0.0,-0.1648721399730836,2026-05-28,GOLD
2026-05-29 11:00:00,4524.83,4524.844999999999,4509.985000000001,4514.965,0.0,0.0,0.00035887839419641306,10757,0.0,0.0,-0.1648721399730836,2026-05-29,GOLD
2026-05-29 11:00:00,4524.83,4524.844999999999,4509.985000000001,4514.965,0.0,0.0,0.00035887839419641306,10757,0.0,0.0,-0.1648721399730836,2026-05-27,GOLD
2026-05-29 12:00:00,4515.014999999999,4539.705,4513.415,4531.285,0.0,0.0,0.0004026337517650964,12730,0.0,0.0,0.1797261316089909,2026-05-29,GOLD
2026-05-29 12:00:00,4515.014999999999,4539.705,4513.415,4531.285,0.0,0.0,0.0004026337517650964,12730,0.0,0.0,0.1797261316089909,2026-05-28,GOLD
2026-05-29 12:00:00,4515.014999999999,4539.705,4513.415,4531.285,0.0,0.0,0.0004026337517650964,12730,0.0,0.0,0.1797261316089909,2026-05-27,GOLD
2026-05-29 13:00:00,4531.275,4543.375,4525.6849999999995,4538.705,0.0,0.0,0.0003438113183903158,10665,0.0,0.0,0.23600904465800235,2026-05-27,GOLD
2026-05-29 13:00:00,4531.275,4543.375,4525.6849999999995,4538.705,0.0,0.0,0.0003438113183903158,10665,0.0,0.0,0.23600904465800235,2026-05-28,GOLD
2026-05-29 13:00:00,4531.275,4543.375,4525.6849999999995,4538.705,0.0,0.0,0.0003438113183903158,10665,0.0,0.0,0.23600904465800235,2026-05-29,GOLD
2026-05-29 14:00:00,4538.695,4540.535,4526.045,4538.514999999999,0.0,0.0,0.00037578858938142534,11271,0.0,0.0,0.3605935127673936,2026-05-29,GOLD
2026-05-29 14:00:00,4538.695,4540.535,4526.045,4538.514999999999,0.0,0.0,0.00037578858938142534,11271,0.0,0.0,0.3605935127673936,2026-05-28,GOLD
2026-05-29 14:00:00,4538.695,4540.535,4526.045,4538.514999999999,0.0,0.0,0.00037578858938142534,11271,0.0,0.0,0.3605935127673936,2026-05-27,GOLD
2026-05-29 15:00:00,4538.535,4538.6849999999995,4512.855,4523.075000000001,0.0,0.0,0.0004544867954529827,14363,0.0,0.0,-0.10433604336038742,2026-05-29,GOLD
2026-05-29 15:00:00,4538.535,4538.6849999999995,4512.855,4523.075000000001,0.0,0.0,0.0004544867954529827,14363,0.0,0.0,-0.10433604336038742,2026-05-27,GOLD
2026-05-29 15:00:00,4538.535,4538.6849999999995,4512.855,4523.075000000001,0.0,0.0,0.0004544867954529827,14363,0.0,0.0,-0.10433604336038742,2026-05-28,GOLD
2026-05-29 16:00:00,4523.225,4540.785,4517.174999999999,4536.885,0.0,0.0,0.0004896976964456439,19430,0.0,0.0,0.3348157560355976,2026-05-29,GOLD
2026-05-29 16:00:00,4523.225,4540.785,4517.174999999999,4536.885,0.0,0.0,0.0004896976964456439,19430,0.0,0.0,0.3348157560355976,2026-05-28,GOLD
2026-05-29 16:00:00,4523.225,4540.785,4517.174999999999,4536.885,0.0,0.0,0.0004896976964456439,19430,0.0,0.0,0.3348157560355976,2026-05-27,GOLD
2026-05-29 17:00:00,4536.875,4570.605,4525.375,4564.325000000001,0.0,0.0,0.0006263088401366812,26545,0.0,0.0,0.36115410126024994,2026-05-27,GOLD
2026-05-29 17:00:00,4536.875,4570.605,4525.375,4564.325000000001,0.0,0.0,0.0006263088401366812,26545,0.0,0.0,0.36115410126024994,2026-05-29,GOLD
2026-05-29 17:00:00,4536.875,4570.605,4525.375,4564.325000000001,0.0,0.0,0.0006263088401366812,26545,0.0,0.0,0.36115410126024994,2026-05-28,GOLD
2026-05-29 18:00:00,4564.2,4595.33,4557.885,4571.24,0.0,0.0,0.0006370470690366684,25712,0.0,0.0,-0.14334357057017846,2026-05-27,GOLD
2026-05-29 18:00:00,4564.2,4595.33,4557.885,4571.24,0.0,0.0,0.0006370470690366684,25712,0.0,0.0,-0.14334357057017846,2026-05-28,GOLD
2026-05-29 18:00:00,4564.2,4595.33,4557.885,4571.24,0.0,0.0,0.0006370470690366684,25712,0.0,0.0,-0.14334357057017846,2026-05-29,GOLD
2026-05-29 19:00:00,4571.23,4573.504999999999,4560.16,4567.049999999999,0.0,0.0,0.00037337077558666443,15952,0.0,0.0,0.01629823904082098,2026-05-29,GOLD
2026-05-29 19:00:00,4571.23,4573.504999999999,4560.16,4567.049999999999,0.0,0.0,0.00037337077558666443,15952,0.0,0.0,0.01629823904082098,2026-05-28,GOLD
2026-05-29 19:00:00,4571.23,4573.504999999999,4560.16,4567.049999999999,0.0,0.0,0.00037337077558666443,15952,0.0,0.0,0.01629823904082098,2026-05-27,GOLD
2026-05-29 20:00:00,4567.08,4568.629999999999,4551.764999999999,4553.51,0.0,0.0,0.00032056724677398624,13561,0.0,0.0,-0.39653127779419967,2026-05-29,GOLD
2026-05-29 20:00:00,4567.08,4568.629999999999,4551.764999999999,4553.51,0.0,0.0,0.00032056724677398624,13561,0.0,0.0,-0.39653127779419967,2026-05-28,GOLD
2026-05-29 20:00:00,4567.08,4568.629999999999,4551.764999999999,4553.51,0.0,0.0,0.00032056724677398624,13561,0.0,0.0,-0.39653127779419967,2026-05-27,GOLD
2026-05-29 21:00:00,4553.540000000001,4561.76,4550.945,4553.365,0.0,0.0,0.00029982145640376187,12395,0.0,0.0,-0.276236708275547,2026-05-29,GOLD
2026-05-29 21:00:00,4553.540000000001,4561.76,4550.945,4553.365,0.0,0.0,0.00029982145640376187,12395,0.0,0.0,-0.276236708275547,2026-05-27,GOLD
2026-05-29 21:00:00,4553.540000000001,4561.76,4550.945,4553.365,0.0,0.0,0.00029982145640376187,12395,0.0,0.0,-0.276236708275547,2026-05-28,GOLD
2026-05-29 22:00:00,4553.375,4560.305,4543.045,4545.545,0.0,0.0,0.00027047392489058705,11527,0.0,0.0,-0.35515643105446304,2026-05-27,GOLD
2026-05-29 22:00:00,4553.375,4560.305,4543.045,4545.545,0.0,0.0,0.00027047392489058705,11527,0.0,0.0,-0.35515643105446304,2026-05-29,GOLD
2026-05-29 22:00:00,4553.375,4560.305,4543.045,4545.545,0.0,0.0,0.00027047392489058705,11527,0.0,0.0,-0.35515643105446304,2026-05-28,GOLD
2026-05-29 23:00:00,4545.575000000001,4549.285,4539.74,4540.6849999999995,0.0,0.0,0.00028188180465393235,6239,0.0,0.0,-0.4009952854898165,2026-05-27,GOLD
2026-05-29 23:00:00,4545.575000000001,4549.285,4539.74,4540.6849999999995,0.0,0.0,0.00028188180465393235,6239,0.0,0.0,-0.4009952854898165,2026-05-29,GOLD
2026-05-29 23:00:00,4545.575000000001,4549.285,4539.74,4540.6849999999995,0.0,0.0,0.00028188180465393235,6239,0.0,0.0,-0.4009952854898165,2026-05-28,GOLD
2026-06-01 01:00:00,4524.52,4540.49,4518.12,4535.455,0.0,0.0,0.0005834497336138219,9260,0.0,0.0,0.274921770227969,2026-05-29,GOLD
2026-06-01 01:00:00,4524.52,4540.49,4518.12,4535.455,0.0,0.0,0.0005835127380590974,9260,0.0,0.0,0.274921770227969,2026-05-31,GOLD
2026-06-01 01:00:00,4524.52,4540.49,4518.12,4535.455,0.0,0.0,0.0005835127380590974,9260,0.0,0.0,0.274921770227969,2026-05-30,GOLD
2026-06-01 01:00:00,4524.52,4540.49,4518.12,4535.455,0.0,0.0,0.0005834497336138219,9260,0.0,0.0,0.274921770227969,2026-05-28,GOLD
2026-06-01 01:00:00,4524.52,4540.49,4518.12,4535.455,0.0,0.0,0.0005834497336138219,9260,0.0,0.0,0.274921770227969,2026-05-27,GOLD
2026-06-01 02:00:00,4535.51,4545.835,4535.205,4539.68,0.0,0.0,0.0003725677268570497,7084,0.0,0.0,-0.07902163687677675,2026-05-29,GOLD
2026-06-01 02:00:00,4535.51,4545.835,4535.205,4539.68,0.0,0.0,0.0003725677268570497,7084,0.0,0.0,-0.07902163687677675,2026-05-31,GOLD
2026-06-01 02:00:00,4535.51,4545.835,4535.205,4539.68,0.0,0.0,0.0003725677268570497,7084,0.0,0.0,-0.07902163687677675,2026-05-30,GOLD
2026-06-01 02:00:00,4535.51,4545.835,4535.205,4539.68,0.0,0.0,0.0003725677268570497,7084,0.0,0.0,-0.07902163687677675,2026-05-28,GOLD
2026-06-01 02:00:00,4535.51,4545.835,4535.205,4539.68,0.0,0.0,0.0003725677268570497,7084,0.0,0.0,-0.07902163687677675,2026-05-27,GOLD
2026-06-01 03:00:00,4539.735000000001,4545.975,4535.43,4540.9349999999995,0.0,0.0,0.0004042853806549682,11366,0.0,0.0,0.02204836415354781,2026-05-27,GOLD
2026-06-01 03:00:00,4539.735000000001,4545.975,4535.43,4540.9349999999995,0.0,0.0,0.0004042853806549682,11366,0.0,0.0,0.02204836415354781,2026-05-28,GOLD
2026-06-01 03:00:00,4539.735000000001,4545.975,4535.43,4540.9349999999995,0.0,0.0,0.0004042853806549682,11366,0.0,0.0,0.02204836415354781,2026-05-31,GOLD
2026-06-01 03:00:00,4539.735000000001,4545.975,4535.43,4540.9349999999995,0.0,0.0,0.0004042853806549682,11366,0.0,0.0,0.02204836415354781,2026-05-29,GOLD
2026-06-01 03:00:00,4539.735000000001,4545.975,4535.43,4540.9349999999995,0.0,0.0,0.0004042853806549682,11366,0.0,0.0,0.02204836415354781,2026-05-30,GOLD
2026-06-01 04:00:00,4540.9,4541.59,4523.885,4525.62,0.0,0.0,0.00043698379317451093,15139,0.0,0.0,-0.4020050833098176,2026-05-27,GOLD
2026-06-01 04:00:00,4540.9,4541.59,4523.885,4525.62,0.0,0.0,0.00043698379317451093,15139,0.0,0.0,-0.4020050833098176,2026-05-31,GOLD
2026-06-01 04:00:00,4540.9,4541.59,4523.885,4525.62,0.0,0.0,0.00043698379317451093,15139,0.0,0.0,-0.4020050833098176,2026-05-29,GOLD
2026-06-01 04:00:00,4540.9,4541.59,4523.885,4525.62,0.0,0.0,0.00043698379317451093,15139,0.0,0.0,-0.4020050833098176,2026-05-30,GOLD
2026-06-01 04:00:00,4540.9,4541.59,4523.885,4525.62,0.0,0.0,0.00043698379317451093,15139,0.0,0.0,-0.4020050833098176,2026-05-28,GOLD
2026-06-01 05:00:00,4525.57,4534.71,4521.285,4521.585,0.0,0.0,0.000357196756363501,10499,0.0,0.0,-0.4776536312848691,2026-05-30,GOLD
2026-06-01 05:00:00,4525.57,4534.71,4521.285,4521.585,0.0,0.0,0.000357196756363501,10499,0.0,0.0,-0.4776536312848691,2026-05-31,GOLD
2026-06-01 05:00:00,4525.57,4534.71,4521.285,4521.585,0.0,0.0,0.000357196756363501,10499,0.0,0.0,-0.4776536312848691,2026-05-29,GOLD
2026-06-01 05:00:00,4525.57,4534.71,4521.285,4521.585,0.0,0.0,0.000357196756363501,10499,0.0,0.0,-0.4776536312848691,2026-05-27,GOLD
2026-06-01 05:00:00,4525.57,4534.71,4521.285,4521.585,0.0,0.0,0.000357196756363501,10499,0.0,0.0,-0.4776536312848691,2026-05-28,GOLD
2026-06-01 06:00:00,4521.555,4525.51,4509.975,4516.38,0.0,0.0,0.00038590863608267104,9531,0.0,0.0,-0.0877051818474538,2026-05-30,GOLD
2026-06-01 06:00:00,4521.555,4525.51,4509.975,4510.530000000001,0.0,0.0,0.00040273002699294186,7828,0.0,0.0,-0.46427421950432596,2026-05-27,GOLD
2026-06-01 06:00:00,4521.555,4525.51,4509.975,4516.38,0.0,0.0,0.00038590863608267104,9531,0.0,0.0,-0.0877051818474538,2026-05-29,GOLD
2026-06-01 06:00:00,4521.555,4525.51,4509.975,4516.38,0.0,0.0,0.00038590863608267104,9531,0.0,0.0,-0.0877051818474538,2026-05-31,GOLD
2026-06-01 06:00:00,4521.555,4525.51,4509.975,4516.38,0.0,0.0,0.00038590863608267104,9531,0.0,0.0,-0.0877051818474538,2026-05-28,GOLD
2026-06-01 07:00:00,4516.35,4519.745000000001,4508.795,4514.525,0.0,0.0,0.0003228455259011332,6463,0.0,0.0,0.023287671232802072,2026-05-28,GOLD
2026-06-01 07:00:00,4516.35,4519.745000000001,4508.795,4514.525,0.0,0.0,0.0003228455259011332,6463,0.0,0.0,0.023287671232802072,2026-05-31,GOLD
2026-06-01 07:00:00,4516.35,4519.745000000001,4508.795,4514.525,0.0,0.0,0.0003228455259011332,6463,0.0,0.0,0.023287671232802072,2026-05-30,GOLD
2026-06-01 07:00:00,4516.35,4519.745000000001,4508.795,4514.525,0.0,0.0,0.0003228455259011332,6463,0.0,0.0,0.023287671232802072,2026-05-29,GOLD
2026-06-01 08:00:00,4514.555,4525.3150000000005,4512.845,4518.379999999999,0.0,0.0,0.00034951510477173296,9852,0.0,0.0,-0.05613472333606362,2026-05-30,GOLD
2026-06-01 08:00:00,4514.555,4525.3150000000005,4512.845,4518.379999999999,0.0,0.0,0.00034951510477173296,9852,0.0,0.0,-0.05613472333606362,2026-05-29,GOLD
2026-06-01 08:00:00,4514.555,4525.3150000000005,4512.845,4518.379999999999,0.0,0.0,0.00034951510477173296,9852,0.0,0.0,-0.05613472333606362,2026-05-31,GOLD
2026-06-01 08:00:00,4514.555,4525.3150000000005,4512.845,4518.379999999999,0.0,0.0,0.00034951510477173296,9852,0.0,0.0,-0.05613472333606362,2026-05-28,GOLD
2026-06-01 09:00:00,4518.385,4518.825000000001,4500.455,4501.799999999999,0.0,0.0,0.00037562345829258585,14364,0.0,0.0,-0.42678279804032193,2026-05-30,GOLD
2026-06-01 09:00:00,4518.385,4518.825000000001,4500.455,4501.799999999999,0.0,0.0,0.00037562345829258585,14364,0.0,0.0,-0.42678279804032193,2026-05-31,GOLD
2026-06-01 09:00:00,4518.385,4518.825000000001,4500.455,4501.799999999999,0.0,0.0,0.00037562345829258585,14364,0.0,0.0,-0.42678279804032193,2026-05-28,GOLD
2026-06-01 09:00:00,4518.385,4518.825000000001,4500.455,4501.799999999999,0.0,0.0,0.00037562345829258585,14364,0.0,0.0,-0.42678279804032193,2026-05-29,GOLD
2026-06-01 10:00:00,4501.79,4510.025,4492.52,4503.175,0.0,0.0,0.00036626882751875507,12872,0.0,0.0,0.10868323336190988,2026-05-28,GOLD
2026-06-01 10:00:00,4501.79,4510.025,4492.52,4503.175,0.0,0.0,0.00036626882751875507,12872,0.0,0.0,0.10868323336190988,2026-05-30,GOLD
2026-06-01 10:00:00,4501.79,4510.025,4492.52,4503.175,0.0,0.0,0.00036626882751875507,12872,0.0,0.0,0.10868323336190988,2026-05-31,GOLD
2026-06-01 10:00:00,4501.79,4510.025,4492.52,4503.175,0.0,0.0,0.00036626882751875507,12872,0.0,0.0,0.10868323336190988,2026-05-29,GOLD
2026-06-01 11:00:00,4503.2,4504.55,4490.8150000000005,4498.14,0.0,0.0,0.0004060306824386572,11703,0.0,0.0,0.03330906443389428,2026-05-29,GOLD
2026-06-01 11:00:00,4503.2,4504.55,4490.8150000000005,4498.14,0.0,0.0,0.0004060306824386572,11703,0.0,0.0,0.03330906443389428,2026-05-28,GOLD
2026-06-01 11:00:00,4503.2,4504.55,4490.8150000000005,4498.14,0.0,0.0,0.0004060306824386572,11703,0.0,0.0,0.03330906443389428,2026-05-31,GOLD
2026-06-01 11:00:00,4503.2,4504.55,4490.8150000000005,4498.14,0.0,0.0,0.0004060306824386572,11703,0.0,0.0,0.03330906443389428,2026-05-30,GOLD
2026-06-01 12:00:00,4498.1849999999995,4506.395,4489.29,4496.09,0.0,0.0,0.00035431527184403525,11885,0.0,0.0,-0.10245542239114065,2026-05-29,GOLD
2026-06-01 12:00:00,4498.1849999999995,4506.395,4489.29,4496.09,0.0,0.0,0.00035431527184403525,11885,0.0,0.0,-0.10245542239114065,2026-05-31,GOLD
2026-06-01 12:00:00,4498.1849999999995,4506.395,4489.29,4496.09,0.0,0.0,0.00035431527184403525,11885,0.0,0.0,-0.10245542239114065,2026-05-28,GOLD
2026-06-01 12:00:00,4498.1849999999995,4506.395,4489.29,4496.09,0.0,0.0,0.00035431527184403525,11885,0.0,0.0,-0.10245542239114065,2026-05-30,GOLD
2026-06-01 13:00:00,4496.110000000001,4511.025,4496.110000000001,4504.09,0.0,0.0,0.0003000229410942861,9852,0.0,0.0,0.035031847133762624,2026-05-28,GOLD
2026-06-01 13:00:00,4496.110000000001,4511.025,4496.110000000001,4504.09,0.0,0.0,0.0003000229410942861,9852,0.0,0.0,0.035031847133762624,2026-05-30,GOLD
2026-06-01 13:00:00,4496.110000000001,4511.025,4496.110000000001,4504.09,0.0,0.0,0.0003000229410942861,9852,0.0,0.0,0.035031847133762624,2026-05-31,GOLD
2026-06-01 13:00:00,4496.110000000001,4511.025,4496.110000000001,4504.09,0.0,0.0,0.0003000229410942861,9852,0.0,0.0,0.035031847133762624,2026-05-29,GOLD
2026-06-01 14:00:00,4504.030000000001,4513.014999999999,4499.9349999999995,4505.93,0.0,0.0,0.00030120151784027925,10192,0.0,0.0,-0.04166666666660293,2026-05-30,GOLD
2026-06-01 14:00:00,4504.030000000001,4513.014999999999,4499.9349999999995,4505.93,0.0,0.0,0.00030120151784027925,10192,0.0,0.0,-0.04166666666660293,2026-05-31,GOLD
2026-06-01 14:00:00,4504.030000000001,4513.014999999999,4499.9349999999995,4505.93,0.0,0.0,0.00030120151784027925,10192,0.0,0.0,-0.04166666666660293,2026-05-28,GOLD
2026-06-01 14:00:00,4504.030000000001,4513.014999999999,4499.9349999999995,4505.93,0.0,0.0,0.00030120151784027925,10192,0.0,0.0,-0.04166666666660293,2026-05-29,GOLD
2026-06-01 15:00:00,4505.950000000001,4510.6,4497.51,4502.32,0.0,0.0,0.0003875536492896001,14735,0.0,0.0,-0.1325439266616167,2026-05-28,GOLD
2026-06-01 15:00:00,4505.950000000001,4510.6,4497.51,4502.32,0.0,0.0,0.0003875536492896001,14735,0.0,0.0,-0.1325439266616167,2026-05-31,GOLD
2026-06-01 15:00:00,4505.950000000001,4510.6,4497.51,4502.32,0.0,0.0,0.0003875536492896001,14735,0.0,0.0,-0.1325439266616167,2026-05-29,GOLD
2026-06-01 15:00:00,4505.950000000001,4510.6,4497.51,4502.32,0.0,0.0,0.0003875536492896001,14735,0.0,0.0,-0.1325439266616167,2026-05-30,GOLD
2026-06-01 16:00:00,4502.9,4503.9400000000005,4448.965,4450.475,0.0,0.0,0.0007642997703056868,28737,0.0,0.0,-0.4725329695316015,2026-05-31,GOLD
2026-06-01 16:00:00,4502.9,4503.9400000000005,4448.965,4450.475,0.0,0.0,0.0007642997703056868,28737,0.0,0.0,-0.4725329695316015,2026-05-29,GOLD
2026-06-01 16:00:00,4502.9,4503.9400000000005,4448.965,4450.475,0.0,0.0,0.0007642997703056868,28737,0.0,0.0,-0.4725329695316015,2026-05-30,GOLD
2026-06-01 16:00:00,4502.9,4503.9400000000005,4448.965,4450.475,0.0,0.0,0.0007642997703056868,28737,0.0,0.0,-0.4725329695316015,2026-05-28,GOLD
2026-06-01 17:00:00,4449.09,4464.945,4447.780000000001,4458.735000000001,0.0,0.0,0.0005233337952433993,22986,0.0,0.0,0.13821730265077373,2026-05-28,GOLD
2026-06-01 17:00:00,4449.09,4464.945,4447.780000000001,4458.735000000001,0.0,0.0,0.0005233337952433993,22986,0.0,0.0,0.13821730265077373,2026-05-31,GOLD
2026-06-01 17:00:00,4449.09,4464.945,4447.780000000001,4458.735000000001,0.0,0.0,0.0005233337952433993,22986,0.0,0.0,0.13821730265077373,2026-05-29,GOLD
2026-06-01 17:00:00,4449.09,4464.945,4447.780000000001,4458.735000000001,0.0,0.0,0.0005233337952433993,22986,0.0,0.0,0.13821730265077373,2026-05-30,GOLD
2026-06-01 18:00:00,4459.025,4479.945,4455.615,4474.245,0.0,0.0,0.00041321245971830497,19330,0.0,0.0,0.2657213316892793,2026-05-31,GOLD
2026-06-01 18:00:00,4459.025,4479.945,4455.615,4474.245,0.0,0.0,0.00041321245971830497,19330,0.0,0.0,0.2657213316892793,2026-05-28,GOLD
2026-06-01 18:00:00,4459.025,4479.945,4455.615,4474.245,0.0,0.0,0.00041321245971830497,19330,0.0,0.0,0.2657213316892793,2026-05-30,GOLD
2026-06-01 18:00:00,4459.025,4479.945,4455.615,4474.245,0.0,0.0,0.00041321245971830497,19330,0.0,0.0,0.2657213316892793,2026-05-29,GOLD
2026-06-01 19:00:00,4474.290000000001,4482.275,4463.1849999999995,4480.155000000001,0.0,0.0,0.000321625526817119,15841,0.0,0.0,0.3889470927187551,2026-05-30,GOLD
2026-06-01 19:00:00,4474.290000000001,4482.275,4463.1849999999995,4480.155000000001,0.0,0.0,0.000321625526817119,15841,0.0,0.0,0.3889470927187551,2026-05-29,GOLD
2026-06-01 19:00:00,4474.290000000001,4482.275,4463.1849999999995,4480.155000000001,0.0,0.0,0.000321625526817119,15841,0.0,0.0,0.3889470927187551,2026-05-28,GOLD
2026-06-01 19:00:00,4474.290000000001,4482.275,4463.1849999999995,4480.155000000001,0.0,0.0,0.000321625526817119,15841,0.0,0.0,0.3889470927187551,2026-05-31,GOLD
2026-06-01 20:00:00,4480.110000000001,4495.594999999999,4471.5599999999995,4487.585,0.0,0.0,0.00036525594356836584,17054,0.0,0.0,0.16673600998546464,2026-05-30,GOLD
2026-06-01 20:00:00,4480.110000000001,4495.594999999999,4471.5599999999995,4487.585,0.0,0.0,0.00036525594356836584,17054,0.0,0.0,0.16673600998546464,2026-05-29,GOLD
2026-06-01 20:00:00,4480.110000000001,4495.594999999999,4471.5599999999995,4487.585,0.0,0.0,0.00036525594356836584,17054,0.0,0.0,0.16673600998546464,2026-05-28,GOLD
2026-06-01 20:00:00,4480.110000000001,4495.594999999999,4471.5599999999995,4487.585,0.0,0.0,0.00036525594356836584,17054,0.0,0.0,0.16673600998546464,2026-05-31,GOLD
2026-06-01 21:00:00,4487.610000000001,4490.285,4485.0,4486.785,0.0,0.0,0.00018830482616695508,10374,0.0,0.0,-0.1622516556291573,2026-05-28,GOLD
2026-06-01 21:00:00,4487.610000000001,4490.285,4485.0,4486.785,0.0,0.0,0.00018830482616695508,10374,0.0,0.0,-0.1622516556291573,2026-05-29,GOLD
2026-06-01 21:00:00,4487.610000000001,4490.285,4485.0,4486.785,0.0,0.0,0.00018830482616695508,10374,0.0,0.0,-0.1622516556291573,2026-05-30,GOLD
2026-06-01 21:00:00,4487.610000000001,4490.285,4485.0,4486.785,0.0,0.0,0.00018830482616695508,10374,0.0,0.0,-0.1622516556291573,2026-05-31,GOLD
2026-06-01 22:00:00,4486.75,4488.33,4479.245,4481.27,0.0,0.0,0.00021145963685750342,10574,0.0,0.0,-0.2771051183269034,2026-05-29,GOLD
2026-06-01 22:00:00,4486.75,4488.33,4479.245,4481.27,0.0,0.0,0.00021145963685750342,10574,0.0,0.0,-0.2771051183269034,2026-05-31,GOLD
2026-06-01 22:00:00,4486.75,4488.33,4479.245,4481.27,0.0,0.0,0.00021145963685750342,10574,0.0,0.0,-0.2771051183269034,2026-05-28,GOLD
2026-06-01 22:00:00,4486.75,4488.33,4479.245,4481.27,0.0,0.0,0.00021145963685750342,10574,0.0,0.0,-0.2771051183269034,2026-05-30,GOLD
2026-06-01 23:00:00,4481.305,4486.025,4480.264999999999,4484.889999999999,0.0,0.0,0.0002123084306073564,5639,0.0,0.0,0.3029513888888585,2026-05-31,GOLD
2026-06-01 23:00:00,4481.305,4486.025,4480.264999999999,4484.889999999999,0.0,0.0,0.0002123084306073564,5639,0.0,0.0,0.3029513888888585,2026-05-28,GOLD
2026-06-01 23:00:00,4481.305,4486.025,4480.264999999999,4484.889999999999,0.0,0.0,0.0002123084306073564,5639,0.0,0.0,0.3029513888888585,2026-05-30,GOLD
2026-06-01 23:00:00,4481.305,4486.025,4480.264999999999,4484.889999999999,0.0,0.0,0.0002123084306073564,5639,0.0,0.0,0.3029513888888585,2026-05-29,GOLD
2026-06-02 01:00:00,4486.6,4488.59,4479.9349999999995,4485.805,0.0,0.0,0.00040400361258872736,4873,0.0,0.0,0.17822068168692734,2026-05-30,GOLD
2026-06-02 01:00:00,4486.6,4488.59,4479.9349999999995,4485.805,0.0,0.0,0.00040400361258872736,4873,0.0,0.0,0.17822068168692734,2026-05-29,GOLD
2026-06-02 01:00:00,4486.6,4488.59,4479.9349999999995,4485.805,0.0,0.0,0.00040400361258872736,4873,0.0,0.0,0.17822068168692734,2026-05-28,GOLD
2026-06-02 01:00:00,4486.6,4488.59,4479.9349999999995,4485.805,0.0,0.0,0.00040400361258872736,4873,0.0,0.0,0.17822068168692734,2026-05-31,GOLD
2026-06-02 02:00:00,4485.695,4487.85,4481.835,4485.57,0.0,0.0,0.00036506444144378226,907,0.0,0.0,0.12094763092252943,2026-05-30,GOLD
2026-06-02 02:00:00,4485.695,4487.85,4481.835,4485.57,0.0,0.0,0.00036506444144378226,907,0.0,0.0,0.12094763092252943,2026-05-29,GOLD
2026-06-02 02:00:00,4485.695,4487.85,4481.835,4485.57,0.0,0.0,0.00036506444144378226,907,0.0,0.0,0.12094763092252943,2026-05-28,GOLD
2026-06-02 02:00:00,4485.695,4487.85,4481.835,4485.57,0.0,0.0,0.00036506444144378226,907,0.0,0.0,0.12094763092252943,2026-05-31,GOLD
